date,ticker,open,high,low,close,volume,source
2022-08-29,0050.TW,26.146359599800792,26.30379935831695,26.09013086947864,26.21383476257324,63102952.0,yahoo
2022-08-30,0050.TW,26.21383727789005,26.36003061798372,26.135115675113664,26.258819580078125,48621412.0,yahoo
2022-08-31,0050.TW,26.07888882976183,26.44999885559082,26.0451529586578,26.44999885559082,28183656.0,yahoo
2022-09-01,0050.TW,25.977674273357326,26.000165423041743,25.808988076777084,25.89895439147949,84246316.0,yahoo
2022-09-02,0050.TW,25.887708436123365,25.887708436123365,25.60656476997093,25.61781120300293,55976232.0,yahoo
2022-09-05,0050.TW,25.662795314221214,25.8089903741304,25.572828991510573,25.674041748046875,35512716.0,yahoo
2022-09-06,0050.TW,25.820236509706167,25.9551851342309,25.69653260291233,25.84272766113281,25904464.0,yahoo
2022-09-07,0050.TW,25.437882185615443,25.44912862024584,25.21296722072766,25.23545837402344,61955568.0,yahoo
2022-09-08,0050.TW,25.426636448828503,25.426636448828503,25.280441384312315,25.41539001464844,28468684.0,yahoo
2022-09-12,0050.TW,25.93269569096396,26.011415584124844,25.865220516274643,25.95518684387207,30181272.0,yahoo
2022-09-13,0050.TW,26.11262481833973,26.1800999883472,26.03390493064091,26.090133666992188,18161944.0,yahoo
2022-09-14,0050.TW,25.42663774280117,25.629059840624222,25.3704090009692,25.561586380004883,43782264.0,yahoo
2022-09-15,0050.TW,25.527843688480257,25.69652988025436,25.460368525384744,25.606563568115234,14736400.0,yahoo
2022-09-16,0050.TW,25.33667152778748,25.3816538350714,25.25795163205808,25.314180374145508,51803628.0,yahoo
2022-09-19,0050.TW,25.40414327650597,25.40414327650597,25.16798360523466,25.20172119140625,28709272.0,yahoo
2022-09-20,0050.TW,25.31417826737193,25.44912689395764,25.246703096096624,25.4266357421875,23028824.0,yahoo
2022-09-21,0050.TW,25.37040650280229,25.37040650280229,25.14549155762129,25.21296501159668,44046172.0,yahoo
2022-09-22,0050.TW,24.830608578502627,24.90932846069336,24.628184798608785,24.90932846069336,59646724.0,yahoo
2022-09-23,0050.TW,24.79687208551209,24.81936323627425,24.594448296723115,24.673168182373047,58395944.0,yahoo
2022-09-26,0050.TW,24.30205967142061,24.30205967142061,24.09963588457628,24.212093353271484,79683304.0,yahoo
2022-09-27,0050.TW,24.245833252048456,24.279569123106263,24.06590059857036,24.17835807800293,35851112.0,yahoo
2022-09-28,0050.TW,24.20084821945084,24.212094653310142,23.672298431396484,23.672298431396484,75593876.0,yahoo
2022-09-29,0050.TW,23.94219547770873,23.94219547770873,23.526103167979432,23.593578338623047,41608432.0,yahoo
2022-09-30,0050.TW,23.233714463723253,23.3686630872912,23.166239293956856,23.2674503326416,50705712.0,yahoo
2022-10-03,0050.TW,23.053782315376484,23.30118841654365,22.9525712745242,22.98630714416504,43969468.0,yahoo
2022-10-04,0050.TW,23.51485814738757,23.57108688354492,23.41364539272545,23.57108688354492,30114732.0,yahoo
2022-10-05,0050.TW,23.953441326434795,24.25707615498537,23.919703741936992,24.122127532958984,42787184.0,yahoo
2022-10-06,0050.TW,24.24582924075124,24.29081153869629,24.178354077868992,24.29081153869629,33828044.0,yahoo
2022-10-07,0050.TW,24.15586429815337,24.15586429815337,23.86347419704262,23.88596534729004,34802512.0,yahoo
2022-10-11,0050.TW,22.94132544634232,22.97506303283875,22.60395301330788,22.648935317993164,125921740.0,yahoo
2022-10-12,0050.TW,22.58146015250073,22.648933604423764,22.390282798104927,22.536476135253903,53397184.0,yahoo
2022-10-13,0050.TW,22.61519751166384,22.61519751166384,22.266578674316406,22.266578674316406,83371040.0,yahoo
2022-10-14,0050.TW,22.88509589984272,23.008799807308893,22.73890084082765,22.9075870513916,45731032.0,yahoo
2022-10-17,0050.TW,22.4802474975586,22.51398508164792,22.27782542495225,22.4802474975586,78771904.0,yahoo
2022-10-18,0050.TW,22.82886937653809,22.840115811385456,22.480250487850267,22.738903045654297,25608136.0,yahoo
2022-10-19,0050.TW,22.671425953655643,22.716408253911144,22.39028228714684,22.435264587402344,62496316.0,yahoo
2022-10-20,0050.TW,22.0866466422261,22.36779032003429,21.89546928450949,22.311561584472656,75939888.0,yahoo
2022-10-21,0050.TW,22.33405545070363,22.457757644894823,22.1991051065461,22.24408912658692,48662404.0,yahoo
2022-10-24,0050.TW,22.66017837172624,22.671424804202296,22.17661094665528,22.17661094665528,67982140.0,yahoo
2022-10-25,0050.TW,22.176613960210137,22.176613960210137,21.70429290343206,21.74927520751953,80259668.0,yahoo
2022-10-26,0050.TW,21.783013987053632,22.04166653964037,21.70429409260506,21.95170021057129,43837832.0,yahoo
2022-10-27,0050.TW,22.154121206264303,22.34529855875992,22.154121206264303,22.266578674316406,32068688.0,yahoo
2022-10-28,0050.TW,22.176610918589503,22.176610918589503,21.872976117731664,21.98543357849121,45962880.0,yahoo
2022-10-31,0050.TW,22.23284228997789,22.345299764096104,22.06415607880057,22.2778263092041,40352320.0,yahoo
2022-11-01,0050.TW,22.23283930887757,22.48024537557111,22.221594592552425,22.401525497436523,32777216.0,yahoo
2022-11-02,0050.TW,22.401528808723526,22.50274156639848,22.35654650484459,22.49149513244629,28021220.0,yahoo
2022-11-03,0050.TW,22.154123910105785,22.23284380415682,22.12038632237963,22.199106216430664,54132456.0,yahoo
2022-11-04,0050.TW,22.06415528657864,22.255332642522333,21.929206665675142,22.23284149169922,25730140.0,yahoo
2022-11-07,0050.TW,22.4465157148891,22.682675414567825,22.39028696982772,22.61520195007324,48426144.0,yahoo
2022-11-08,0050.TW,22.817620828244127,22.930078302441416,22.77263852495116,22.85135841369629,41625688.0,yahoo
2022-11-09,0050.TW,23.06502717589925,23.50361061096192,23.06502717589925,23.50361061096192,75645316.0,yahoo
2022-11-10,0050.TW,23.26745153333292,23.357417859009114,23.21122279428092,23.278697967529297,58931616.0,yahoo
2022-11-11,0050.TW,24.41451696212427,24.51572799682617,24.245830760311247,24.51572799682617,137249556.0,yahoo
2022-11-14,0050.TW,24.695662151423907,24.830610777985235,24.60569582839473,24.74064445495605,72667064.0,yahoo
2022-11-15,0050.TW,25.010540556312773,25.853971578436155,25.010540556312773,25.79774284362793,135373028.0,yahoo
2022-11-16,0050.TW,25.865219316107737,26.03390552903888,25.60656677975368,25.752761840820312,94684964.0,yahoo
2022-11-17,0050.TW,25.629057228942504,25.78649871960724,25.38165113328632,25.76400756835937,53409672.0,yahoo
2022-11-18,0050.TW,25.842728264760268,26.056396782251493,25.651550899221025,25.696533203125,42624300.0,yahoo
2022-11-21,0050.TW,25.719021029297966,25.786496192393475,25.57282598656748,25.606563568115234,34742276.0,yahoo
2022-11-22,0050.TW,25.505354941890147,25.865218508378973,25.426635054840222,25.820236206054688,22178072.0,yahoo
2022-11-23,0050.TW,26.01141428055261,26.067643017987457,25.87646565390196,26.000167846679688,31755848.0,yahoo
2022-11-24,0050.TW,26.09013407468125,26.281311438069988,26.06764292298226,26.247573852539062,60955344.0,yahoo
2022-11-25,0050.TW,26.236329134672008,26.30380258976897,26.16885396361016,26.247573852539062,64081944.0,yahoo
2022-11-28,0050.TW,25.77525339672826,25.932694894177587,25.61781361524385,25.719024658203125,60178952.0,yahoo
2022-11-29,0050.TW,25.606567967918902,25.95518684387207,25.43788174716059,25.95518684387207,42685868.0,yahoo
2022-11-30,0050.TW,25.8877081889489,26.18009828534161,25.83147945625528,26.168851852416992,37184264.0,yahoo
2022-12-01,0050.TW,26.80986021753392,26.877335386060583,26.539962975356893,26.618682861328125,98737356.0,yahoo
2022-12-02,0050.TW,26.38252639770508,26.528719753938663,26.31505122100879,26.38252639770508,29920608.0,yahoo
2022-12-05,0050.TW,26.382523896440297,26.652421145707084,26.360031029030683,26.416259765625,47951016.0,yahoo
2022-12-06,0050.TW,26.27006589421712,26.27006589421712,25.910200614488662,25.932693481445312,39880032.0,yahoo
2022-12-07,0050.TW,25.752760238085045,26.056395059271257,25.685285070725985,25.775251388549805,32901556.0,yahoo
2022-12-08,0050.TW,25.651553223542017,25.66279794255446,25.29168789584275,25.471620559692383,36475576.0,yahoo
2022-12-09,0050.TW,25.64030416737432,25.92144785342009,25.62905773354653,25.865219116210938,24947356.0,yahoo
2022-12-12,0050.TW,25.68528465330066,25.68528465330066,25.47161615341071,25.61781120300293,33456200.0,yahoo
2022-12-13,0050.TW,25.75276001248692,25.75276001248692,25.47161634422832,25.505353927612305,26088568.0,yahoo
2022-12-14,0050.TW,25.66279471599,25.865218508378973,25.640303564827853,25.820236206054688,31534172.0,yahoo
2022-12-15,0050.TW,25.707779036608084,25.87646524625521,25.617812714936644,25.84272766113281,31236764.0,yahoo
2022-12-16,0050.TW,25.302932536707512,25.482865187798964,25.24670379773705,25.41539001464844,47527104.0,yahoo
2022-12-19,0050.TW,25.269193649291992,25.40414227268105,25.190473761978776,25.269193649291992,24526112.0,yahoo
2022-12-20,0050.TW,25.224209180881346,25.30292906143509,24.75188818159416,24.8081169128418,49743932.0,yahoo
2022-12-21,0050.TW,24.92057489356264,25.055523508170285,24.808117428728806,24.90932846069336,47612612.0,yahoo
2022-12-22,0050.TW,25.13424492826506,25.35915987169472,25.13424492826506,25.325422286987305,20092604.0,yahoo
2022-12-23,0050.TW,24.898082733154297,24.97680433353985,24.830609281921404,24.898082733154297,23941448.0,yahoo
2022-12-26,0050.TW,24.92057700577508,25.010541612495548,24.89808413813008,24.98805046081543,16120680.0,yahoo
2022-12-27,0050.TW,25.0555254332024,25.24670279491524,25.0555254332024,25.10050773620605,16508700.0,yahoo
2022-12-28,0050.TW,24.85310192975131,24.85310192975131,24.60569582839473,24.74064445495605,48701404.0,yahoo
2022-12-29,0050.TW,24.560712007756003,24.650678331513603,24.380781076205697,24.62818717956543,55414224.0,yahoo
2022-12-30,0050.TW,24.8755936903434,24.90933127680067,24.785627365112305,24.785627365112305,34572648.0,yahoo
2023-01-03,0050.TW,24.6506759483826,24.94306604333645,24.39202343607185,24.90932846069336,59242536.0,yahoo
2023-01-04,0050.TW,24.80812133107192,24.92057881359542,24.763137308483508,24.853103637695312,55019412.0,yahoo
2023-01-05,0050.TW,25.02178693764749,25.122997973705985,24.95431176963196,25.03303337097168,48283616.0,yahoo
2023-01-06,0050.TW,25.01054220848466,25.235457162575223,24.999297490359087,25.145492553710938,46347120.0,yahoo
2023-01-09,0050.TW,25.640303178163222,26.045150756835938,25.617812027340253,26.045150756835938,59992304.0,yahoo
2023-01-10,0050.TW,26.07888523250823,26.180097979754184,26.03390293326429,26.146360397338867,47897080.0,yahoo
2023-01-11,0050.TW,26.23632701803523,26.258818167919728,26.067640819954377,26.168851852416992,62409904.0,yahoo
2023-01-12,0050.TW,26.20259154433897,26.22508269603384,26.011414180985263,26.056396484375,39816908.0,yahoo
2023-01-13,0050.TW,26.65242124570309,26.67491239723224,26.303802391124407,26.360031127929688,113933548.0,yahoo
2023-01-16,0050.TW,26.562456130981445,26.66366889141036,26.539964978430003,26.562456130981445,110397484.0,yahoo
2023-01-17,0050.TW,26.618684870342527,26.618684870342527,26.494982673327115,26.562456130981445,56226344.0,yahoo
2023-01-30,0050.TW,27.78134003670809,27.827334929796297,27.59735695516988,27.75834083557129,173329284.0,yahoo
2023-01-31,0050.TW,27.73534052242336,27.73534052242336,27.206392288208008,27.206392288208008,86450304.0,yahoo
2023-02-01,0050.TW,27.390371862877927,27.470863789665817,27.2408858533619,27.367374420166016,26163640.0,yahoo
2023-02-02,0050.TW,27.666351474789337,27.85033280456372,27.65485187404412,27.827335357666016,62178044.0,yahoo
2023-02-03,0050.TW,27.8158357569208,27.87333025146143,27.6433522732989,27.827335357666016,38029112.0,yahoo
2023-02-06,0050.TW,27.62035427869403,27.62035427869403,27.42487335205078,27.42487335205078,53519476.0,yahoo
2023-02-07,0050.TW,27.390371862877927,27.424868904242,27.26388505066621,27.367374420166016,33203448.0,yahoo
2023-02-08,0050.TW,27.62034987554228,27.81583077102256,27.59735243276679,27.79283332824707,35659720.0,yahoo
2023-02-09,0050.TW,27.71234501017726,27.827333993621977,27.66635011863643,27.80433654785156,19396980.0,yahoo
2023-02-10,0050.TW,27.804337910768307,27.85033280456372,27.73534381548246,27.827335357666016,24871900.0,yahoo
2023-02-13,0050.TW,27.758338733432343,27.80433537762992,27.574357420419737,27.769838333129883,15322364.0,yahoo
2023-02-14,0050.TW,27.88482655341589,28.011315128278703,27.88482655341589,27.9768180847168,30469028.0,yahoo
2023-02-15,0050.TW,27.585857348605767,27.654851442815776,27.32138408151703,27.332881927490234,49084992.0,yahoo
2023-02-16,0050.TW,27.436373341497177,27.71234621189473,27.436373341497177,27.66635131835937,44040076.0,yahoo
2023-02-17,0050.TW,27.436371699215744,27.436371699215744,27.22939118151063,27.30988311767578,31532096.0,yahoo
2023-02-20,0050.TW,27.26388505066621,27.447866346953905,27.16039392657401,27.367374420166016,23364440.0,yahoo
2023-02-21,0050.TW,27.367378430293243,27.39037587637496,27.2638890456292,27.35587882995605,17772152.0,yahoo
2023-02-22,0050.TW,27.022410608496244,27.079905099152622,26.930419072527524,27.0569076538086,43550488.0,yahoo
2023-02-23,0050.TW,27.125898669741144,27.551359283567088,27.125898669741144,27.459367752075195,24790780.0,yahoo
2023-02-24,0050.TW,27.574356004254746,27.620350891497544,27.32138061523437,27.32138061523437,21990924.0,yahoo
2023-03-01,0050.TW,26.97641459614404,27.470865791555774,26.8729234645101,27.44786834716797,29869272.0,yahoo
2023-03-02,0050.TW,27.447870798492453,27.447870798492453,27.20639497896586,27.42487335205078,13924924.0,yahoo
2023-03-03,0050.TW,27.551359478801903,27.620351811965328,27.41337130328999,27.44786834716797,12403748.0,yahoo
2023-03-06,0050.TW,27.63185318546969,27.8043366613408,27.57435869351266,27.712345123291016,37364848.0,yahoo
2023-03-07,0050.TW,27.72384639349988,27.919327327010304,27.64335269623727,27.896329879760746,29874380.0,yahoo
2023-03-08,0050.TW,27.71234621189473,27.7353436586624,27.55136232992828,27.66635131835937,24727856.0,yahoo
2023-03-09,0050.TW,27.769841099447827,27.781340700290905,27.64335250854492,27.64335250854492,13108684.0,yahoo
2023-03-10,0050.TW,27.33287910842379,27.35587655259097,27.13739820111393,27.206392288208008,52548684.0,yahoo
2023-03-13,0050.TW,27.12589795797127,27.390372946098577,26.999411140757324,27.32138061523437,74943036.0,yahoo
2023-03-14,0050.TW,27.033909038557585,27.125898815952787,26.941917506569844,27.02240943908692,44186128.0,yahoo
2023-03-15,0050.TW,27.22939132216576,27.29838365869544,27.01091120334021,27.045408248901367,48857440.0,yahoo
2023-03-16,0050.TW,26.953419626363058,26.99941627694844,26.792435735796257,26.91892433166504,62425580.0,yahoo
2023-03-17,0050.TW,27.102903413871875,27.35587882995605,27.09140556812736,27.35587882995605,43399212.0,yahoo
2023-03-20,0050.TW,27.355879411012065,27.37887861217496,27.10290398955453,27.160398483276367,28429916.0,yahoo
2023-03-21,0050.TW,27.25238916914062,27.30988366105864,27.183395077001936,27.28688621520996,14367480.0,yahoo
2023-03-22,0050.TW,27.470867443106293,27.80433654785156,27.470867443106293,27.80433654785156,56968508.0,yahoo
2023-03-23,0050.TW,27.746839061007943,28.12630301633296,27.70084241983956,28.02281188964844,62131916.0,yahoo
2023-03-24,0050.TW,28.05731092680413,28.126305016166096,27.953821547353776,28.10330581665039,53829576.0,yahoo
2023-03-27,0050.TW,27.99981454979912,28.03431159215474,27.87332597935935,27.93082046508789,42578380.0,yahoo
2023-03-28,0050.TW,27.815835052857363,27.861831700081257,27.6433515736013,27.689348220825195,38965956.0,yahoo
2023-03-29,0050.TW,27.74684162576,27.83883316200746,27.631852644098824,27.73534202575684,12297708.0,yahoo
2023-03-30,0050.TW,27.91932389869281,27.98831623196968,27.769837878037453,27.873327255249023,45522456.0,yahoo
2023-03-31,0050.TW,27.98831803306375,28.137804063338773,27.919325695347112,27.965320587158203,59806560.0,yahoo
2023-04-06,0050.TW,27.79283831002309,27.827335357666016,27.6433522732989,27.827335357666016,30005676.0,yahoo
2023-04-07,0050.TW,27.884829852206646,27.93082474600206,27.7813404638706,27.827335357666016,17655436.0,yahoo
2023-04-10,0050.TW,27.884829852206646,27.976821394390203,27.804337910768307,27.827335357666016,15124112.0,yahoo
2023-04-11,0050.TW,27.827330369706512,27.861827411165955,27.68934395846116,27.79283332824707,23765992.0,yahoo
2023-04-12,0050.TW,27.792836865305027,27.792836865305027,27.63185299079656,27.72384452819824,11568680.0,yahoo
2023-04-13,0050.TW,27.60885322717297,27.631850670944463,27.482364654541016,27.482364654541016,26200016.0,yahoo
2023-04-14,0050.TW,27.59735540463709,27.80433592109039,27.562858359462776,27.746841430664062,12363216.0,yahoo
2023-04-17,0050.TW,27.677845001220703,27.712342043479627,27.55135818572793,27.677845001220703,22756672.0,yahoo
2023-04-18,0050.TW,27.677848932249105,27.689348532832824,27.53986249820793,27.585857391357425,19338552.0,yahoo
2023-04-19,0050.TW,27.59735408374787,27.60885368311977,27.3213812447474,27.378875732421875,31139140.0,yahoo
2023-04-20,0050.TW,27.33287791882084,27.459366488124004,27.229388547276383,27.344377517700195,25631852.0,yahoo
2023-04-21,0050.TW,27.47086581228679,27.49386501128449,27.25238745854894,27.2753849029541,19224952.0,yahoo
2023-04-24,0050.TW,27.091405948471213,27.25238982789597,27.068406747473944,27.1718978881836,26235392.0,yahoo
2023-04-25,0050.TW,27.20639327083284,27.20639327083284,26.803931842297395,26.8154296875,74111004.0,yahoo
2023-04-26,0050.TW,26.803932497381894,26.815430342865504,26.596951978158,26.70044136047364,51812420.0,yahoo
2023-04-27,0050.TW,26.68894215014734,26.826928571042583,26.56245357414772,26.67744255065918,37843400.0,yahoo
2023-04-28,0050.TW,26.8729258566882,27.03391149091857,26.8729258566882,26.999414443969727,22563740.0,yahoo
2023-05-02,0050.TW,27.01090875815225,27.137397328895105,26.93041682885792,27.068403244018555,20658196.0,yahoo
2023-05-03,0050.TW,26.987911960255605,26.987911960255605,26.861425141079746,26.953414916992188,16713728.0,yahoo
2023-05-04,0050.TW,26.907420462750377,27.02240943908692,26.83842637511144,27.02240943908692,14828800.0,yahoo
2023-05-05,0050.TW,27.06840476187148,27.14889845027193,26.999412427718664,27.09140396118164,8875004.0,yahoo
2023-05-08,0050.TW,27.25238780575015,27.34437933913533,27.21789076140664,27.263887405395508,24044836.0,yahoo
2023-05-09,0050.TW,27.275383433608933,27.367374960866467,27.206391104110114,27.344377517700195,18544840.0,yahoo
2023-05-10,0050.TW,27.3213819175428,27.3213819175428,27.05690691680896,27.09140396118164,16300476.0,yahoo
2023-05-11,0050.TW,27.19489462657636,27.24088951818805,27.033910751342773,27.033910751342773,14739856.0,yahoo
2023-05-12,0050.TW,26.941917072299383,27.022409003519027,26.84992554179444,26.953414916992188,15253396.0,yahoo
2023-05-15,0050.TW,26.895920429750657,26.987911960255605,26.826928097816324,26.953414916992188,16478796.0,yahoo
2023-05-16,0050.TW,27.11440103752543,27.36737643516729,27.10290143802657,27.2753849029541,31605876.0,yahoo
2023-05-17,0050.TW,27.286886041484724,27.758339819455315,27.286886041484724,27.72384452819824,104119624.0,yahoo
2023-05-18,0050.TW,28.011314481685083,28.149300898155,27.965317839800125,28.091806411743164,87894220.0,yahoo
2023-05-19,0050.TW,28.19529969292712,28.2527941873069,28.10330815100092,28.17230224609375,136498504.0,yahoo
2023-05-22,0050.TW,28.172301426141537,28.20679847268392,28.080309886892746,28.12630653381348,71936104.0,yahoo
2023-05-23,0050.TW,28.126305016166096,28.20679695069333,28.011316036957883,28.10330581665039,49062812.0,yahoo
2023-05-24,0050.TW,27.976820187407306,28.011317233561947,27.850331603037823,27.965320587158203,43519312.0,yahoo
2023-05-25,0050.TW,28.28728847108921,28.379280004027525,28.160799893974964,28.29878807067871,45771436.0,yahoo
2023-05-26,0050.TW,28.74724467998884,28.98872223713777,28.74724467998884,28.965723037719727,95122080.0,yahoo
2023-05-29,0050.TW,29.310689754004105,29.33368895324962,29.09221139791214,29.14970588684082,57995472.0,yahoo
2023-05-30,0050.TW,29.14970588684082,29.218699975392266,29.080711798289386,29.14970588684082,48495216.0,yahoo
2023-05-31,0050.TW,29.13820748543758,29.13820748543758,28.78174269217677,29.01172065734864,35461188.0,yahoo
2023-06-01,0050.TW,28.827738896588464,28.885233390500524,28.72424950938384,28.7817440032959,15517372.0,yahoo
2023-06-02,0050.TW,28.93122753074886,29.207200375769503,28.93122753074886,29.14970588684082,31771276.0,yahoo
2023-06-05,0050.TW,29.149705995828626,29.161205595494376,29.03471701754133,29.05771446228028,25440488.0,yahoo
2023-06-06,0050.TW,29.057714547814065,29.26469506025897,29.011719658200786,29.1382064819336,26369656.0,yahoo
2023-06-07,0050.TW,29.20719932206192,29.494671756334185,29.20719932206192,29.460176467895508,48306172.0,yahoo
2023-06-08,0050.TW,29.4141822632929,29.48317460048034,29.10371235946784,29.17270469665528,20562940.0,yahoo
2023-06-09,0050.TW,29.322187860762003,29.4831717197292,29.2991904172799,29.39118194580078,22207812.0,yahoo
2023-06-12,0050.TW,29.552165341931723,29.73614839609201,29.552165341931723,29.66715431213379,54885148.0,yahoo
2023-06-13,0050.TW,29.94312753949569,30.345588940588872,29.94312753949569,30.25359916687012,93752808.0,yahoo
2023-06-14,0050.TW,30.219104375589296,30.265102777731013,30.12711458967665,30.24210357666016,26707972.0,yahoo
2023-06-15,0050.TW,30.25360290920785,30.3570922947392,30.24210330877428,30.33409309387207,44164476.0,yahoo
2023-06-16,0050.TW,30.31109365274057,30.31109365274057,30.150109794140285,30.25359916687012,28808864.0,yahoo
2023-06-19,0050.TW,30.11561436687108,30.242102951776413,30.0236245828592,30.184608459472656,23915984.0,yahoo
2023-06-20,0050.TW,30.15011300438593,30.184608295907125,29.97762952840932,30.023624420166016,26115876.0,yahoo
2023-06-21,0050.TW,30.023624420166016,30.138613404150423,29.95463032793831,30.023624420166016,106262060.0,yahoo
2023-06-26,0050.TW,29.97763167271931,29.97763167271931,29.75914978017261,29.839643478393555,29573612.0,yahoo
2023-06-27,0050.TW,29.701653810268525,29.793647104982824,29.59816442425214,29.6441593170166,26296196.0,yahoo
2023-06-28,0050.TW,29.74765142838248,29.828141611303064,29.621162844724086,29.690156936645508,22783412.0,yahoo
2023-06-29,0050.TW,29.83964332551849,30.01212681294924,29.644160636089445,29.67865943908692,22786068.0,yahoo
2023-06-30,0050.TW,29.621162844724086,29.690156936645508,29.506173861250147,29.690156936645508,28116752.0,yahoo
2023-07-03,0050.TW,29.805145168438884,30.05811882019043,29.805145168438884,30.05811882019043,26491300.0,yahoo
2023-07-04,0050.TW,30.069618851173924,30.1616086332778,30.023623960121988,30.12711334228516,22718680.0,yahoo
2023-07-05,0050.TW,30.12711060953612,30.17310549641597,29.9891224397116,30.08111572265625,20003768.0,yahoo
2023-07-06,0050.TW,29.82814195549116,29.82814195549116,29.36818601628795,29.414182662963867,65609104.0,yahoo
2023-07-07,0050.TW,29.333689752711663,29.506173224198577,29.23019861706395,29.36818504333496,32081608.0,yahoo
2023-07-10,0050.TW,29.460175786674725,29.55216555984073,29.20719864669084,29.310688018798828,31486556.0,yahoo
2023-07-11,0050.TW,29.437180969360657,29.713153839111328,29.437180969360657,29.713153839111328,18161736.0,yahoo
2023-07-12,0050.TW,29.73615175766395,29.770647048950195,29.632662374619937,29.770647048950195,13757804.0,yahoo
2023-07-13,0050.TW,30.19610782495253,30.334092499897327,30.09261844144761,30.104114532470703,62665236.0,yahoo
2023-07-14,0050.TW,30.2306001484612,30.47207769238881,30.2306001484612,30.41458320617676,58928984.0,yahoo
2023-07-17,0050.TW,30.35709381103516,30.40308870588144,30.299599315180924,30.35709381103516,61113608.0,yahoo
2023-07-18,0050.TW,30.5670951309365,30.5670951309365,30.263756833580864,30.29875946044922,43350244.0,yahoo
2023-07-19,0050.TW,30.36875544598516,30.45042467580258,30.042085647583008,30.042085647583008,57198712.0,yahoo
2023-07-20,0050.TW,30.112087163975502,30.263754520846,30.100419622577675,30.18208885192871,14887776.0,yahoo
2023-07-21,0050.TW,29.72708258700316,29.72708258700316,29.517079295262253,29.6804141998291,51028788.0,yahoo
2023-07-24,0050.TW,29.63374730318141,29.785416444634777,29.540412309962647,29.692081451416016,38900724.0,yahoo
2023-07-25,0050.TW,29.79708094398384,30.14708581856572,29.79708094398384,30.06542015075684,27691160.0,yahoo
2023-07-26,0050.TW,30.12375467275188,30.14708619508852,29.94875223327524,29.98375129699707,17586968.0,yahoo
2023-07-27,0050.TW,30.13541756567822,30.217086791992188,30.10041850322002,30.217086791992188,16027612.0,yahoo
2023-07-28,0050.TW,30.19375171006431,30.31041999883648,30.10041850322002,30.217086791992188,10722548.0,yahoo
2023-07-31,0050.TW,30.40375584756353,30.485421510976625,29.925415165962427,30.05375099182129,28994208.0,yahoo
2023-08-01,0050.TW,30.10042069230937,30.22875653137886,30.065421627305817,30.205421447753903,17791060.0,yahoo
2023-08-02,0050.TW,30.19375339566744,30.20542093728273,29.73874775614145,29.83208274841309,48022884.0,yahoo
2023-08-04,0050.TW,29.692081451416016,29.750415599650623,29.610413999930948,29.692081451416016,26939664.0,yahoo
2023-08-07,0050.TW,29.785415554966924,30.03041790210409,29.76208225241341,29.98375129699707,18407492.0,yahoo
2023-08-08,0050.TW,29.89041877548324,29.913750298357453,29.49374550206639,29.63374710083008,42070044.0,yahoo
2023-08-09,0050.TW,29.58708098591487,29.785416735808028,29.55208014058856,29.6804141998291,14657596.0,yahoo
2023-08-10,0050.TW,29.610414100699263,29.63374740402913,29.470412500503144,29.493745803833008,43583592.0,yahoo
2023-08-11,0050.TW,29.633746197535228,29.715413645973253,29.43541045698092,29.47041130065918,30991408.0,yahoo
2023-08-14,0050.TW,29.318741012333067,29.330406772956,28.957068608903345,29.050403594970703,90266740.0,yahoo
2023-08-15,0050.TW,29.22540844028864,29.27207504706859,29.073739297928384,29.09707260131836,29644352.0,yahoo
2023-08-16,0050.TW,28.96873926405412,29.027073414090385,28.840403421887537,28.945405960083008,72292252.0,yahoo
2023-08-17,0050.TW,28.840399621399115,29.08540373135244,28.677064734908065,29.0737361907959,38535436.0,yahoo
2023-08-18,0050.TW,28.98040631873452,29.12040970924064,28.863738013457457,28.898738861083984,30402880.0,yahoo
2023-08-21,0050.TW,28.980406435204404,29.03874058807737,28.700403213500977,28.700403213500977,40236924.0,yahoo
2023-08-22,0050.TW,28.933734893798828,29.01540233785894,28.863733210194862,28.933734893798828,14564580.0,yahoo
2023-08-23,0050.TW,28.93373670638331,29.20207413671976,28.93373670638331,29.13207244873047,27136280.0,yahoo
2023-08-24,0050.TW,29.49374550206639,29.657080403921206,29.45874465732124,29.63374710083008,26694756.0,yahoo
2023-08-25,0050.TW,29.28374372236527,29.28374372236527,29.050407118999807,29.062074661254883,28754872.0,yahoo
2023-08-28,0050.TW,29.132072855104,29.330408600217805,29.108739552187707,29.248741149902344,17258996.0,yahoo
2023-08-29,0050.TW,29.400409408856003,29.41207695007324,29.097071139376308,29.41207695007324,25960364.0,yahoo
2023-08-30,0050.TW,29.57541183891009,29.64541352576348,29.423742704205644,29.5404109954834,22997780.0,yahoo
2023-08-31,0050.TW,29.52874561823669,29.52874561823669,29.283741491282644,29.33040809631348,17424156.0,yahoo
2023-09-01,0050.TW,29.283744011698,29.47041400832153,29.19040901338624,29.37707901000977,12327708.0,yahoo
2023-09-04,0050.TW,29.37707700500384,29.58708029181818,29.30707531599342,29.57541275024414,13690652.0,yahoo
2023-09-05,0050.TW,29.52874432243093,29.54041008306828,29.41207603475672,29.505409240722656,14489636.0,yahoo
2023-09-06,0050.TW,29.54041320981935,29.563746513780583,29.36541075978462,29.40041160583496,29338084.0,yahoo
2023-09-07,0050.TW,29.237074980714404,29.283741585896014,29.097071604735824,29.13207244873047,22600776.0,yahoo
2023-09-08,0050.TW,28.95706811362781,29.05040309809879,28.898733970860544,29.00373649597168,22110532.0,yahoo
2023-09-11,0050.TW,29.03873705700193,29.0504045982446,28.79373471285769,28.88706970214844,33026528.0,yahoo
2023-09-12,0050.TW,28.95707251806445,29.17874336242676,28.898738366424425,29.17874336242676,10398692.0,yahoo
2023-09-13,0050.TW,29.213741302490234,29.307076297557835,29.097073003709976,29.213741302490234,12823132.0,yahoo
2023-09-14,0050.TW,29.377075602488738,29.62207794189453,29.29540815602014,29.62207794189453,28711600.0,yahoo
2023-09-15,0050.TW,29.633746597700377,29.71541404724121,29.575412450854508,29.71541404724121,22933528.0,yahoo
2023-09-18,0050.TW,29.54041320981935,29.54041320981935,29.36541075978462,29.40041160583496,28383636.0,yahoo
2023-09-19,0050.TW,29.36540873535501,29.41207712027718,29.248740443374885,29.27207374572754,16069368.0,yahoo
2023-09-20,0050.TW,29.178741542594217,29.213740607221773,29.05040570490346,29.10873985290528,23793164.0,yahoo
2023-09-21,0050.TW,28.88707109171301,28.89873685329999,28.618733652175525,28.642066955566406,84682840.0,yahoo
2023-09-22,0050.TW,28.572067875827017,28.653737115482688,28.478734653735565,28.618736267089844,38237532.0,yahoo
2023-09-25,0050.TW,28.64206537430716,28.87540195576792,28.64206537430716,28.8287353515625,15972528.0,yahoo
2023-09-26,0050.TW,28.61873233269205,28.70039978090328,28.467063197318705,28.49039649963379,40307016.0,yahoo
2023-09-27,0050.TW,28.432062064770047,28.53706459444604,28.362062158536222,28.502063751220703,26110120.0,yahoo
2023-09-28,0050.TW,28.64206957261271,28.73540457492126,28.478734653735565,28.618736267089844,22157308.0,yahoo
2023-10-02,0050.TW,28.840400115634367,29.050403387733628,28.840400115634367,28.99206924438477,25845048.0,yahoo
2023-10-03,0050.TW,28.922068850601303,28.968737235492515,28.80540055869857,28.817068099975582,20273816.0,yahoo
2023-10-04,0050.TW,28.4903979149318,28.513731218406,28.315395468549887,28.4437313079834,44900108.0,yahoo
2023-10-05,0050.TW,28.560399115768547,28.852069854736328,28.560399115768547,28.852069854736328,16421960.0,yahoo
2023-10-06,0050.TW,28.88706949067967,29.00373778138481,28.88706949067967,28.957069396972656,19539980.0,yahoo
2023-10-11,0050.TW,29.377074697770126,29.493742983479923,29.365407157112443,29.45874214172364,53988076.0,yahoo
2023-10-12,0050.TW,29.51707871838881,29.715414464405743,29.470412112343727,29.70374870300293,57188056.0,yahoo
2023-10-13,0050.TW,29.63374548291154,29.727080470397144,29.51707719360874,29.62207794189453,25451284.0,yahoo
2023-10-16,0050.TW,29.47040968238132,29.47040968238132,29.33040631535615,29.45874214172364,30968164.0,yahoo
2023-10-17,0050.TW,29.56374471494893,29.6337464027903,29.49374480732443,29.52874565124512,27344148.0,yahoo
2023-10-18,0050.TW,29.4587444474454,29.4587444474454,29.120407104492188,29.120407104492188,38264128.0,yahoo
2023-10-19,0050.TW,29.027071696963407,29.213739897906724,29.027071696963407,29.13207244873047,31304980.0,yahoo
2023-10-20,0050.TW,29.10874116117315,29.27207607083241,28.91040540509633,29.26041030883789,17549164.0,yahoo
2023-10-23,0050.TW,29.132075471638103,29.132075471638103,28.828738946047988,28.898738861083984,32149280.0,yahoo
2023-10-24,0050.TW,28.887070485317388,28.922069549560547,28.630398812754905,28.922069549560547,28788744.0,yahoo
2023-10-25,0050.TW,28.980403900146484,29.14374058203318,28.980403900146484,28.980403900146484,15920360.0,yahoo
2023-10-26,0050.TW,28.432060947034675,28.5603967737434,28.373726804024667,28.408727645874023,87896488.0,yahoo
2023-10-27,0050.TW,28.50206466163812,28.642066258794543,28.49039712011804,28.537065505981445,16275748.0,yahoo
2023-10-30,0050.TW,28.560400809204424,28.665401569371888,28.408731659904856,28.467065811157227,36553408.0,yahoo
2023-10-31,0050.TW,28.56039706692105,28.57206282751274,28.257058808068475,28.26872634887696,43123508.0,yahoo
2023-11-01,0050.TW,28.46706178888403,28.50206263073339,28.292059359854008,28.408727645874023,17689308.0,yahoo
2023-11-02,0050.TW,28.73539957468305,29.050403594970703,28.73539957468305,29.050403594970703,39232848.0,yahoo
2023-11-03,0050.TW,29.167072995032168,29.307074589364948,29.097071307757343,29.27207374572754,34794272.0,yahoo
2023-11-06,0050.TW,29.52874565124512,29.6804130078733,29.482077265945243,29.52874565124512,63692796.0,yahoo
2023-11-07,0050.TW,29.51708030700684,29.58708200005887,29.42374530967645,29.51708030700684,26172452.0,yahoo
2023-11-08,0050.TW,29.55208014058856,29.73874834863397,29.517079295262253,29.6804141998291,44402716.0,yahoo
2023-11-09,0050.TW,29.610413999930948,29.72708229640017,29.55207985169634,29.692081451416016,24907492.0,yahoo
2023-11-10,0050.TW,29.563745208670102,29.59874605317531,29.49374529987659,29.57541275024414,17006284.0,yahoo
2023-11-13,0050.TW,30.15875423247637,30.24042346308213,29.983751790121573,30.030418395996094,101550224.0,yahoo
2023-11-14,0050.TW,30.14708278329737,30.240419543382096,30.088748643406923,30.10041618347168,80377828.0,yahoo
2023-11-15,0050.TW,30.543759025700645,30.56709410949978,30.34542505514362,30.462093353271484,91164196.0,yahoo
2023-11-16,0050.TW,30.520427211578184,30.61376042501776,30.40375891456178,30.4737606048584,73317344.0,yahoo
2023-11-17,0050.TW,30.47375968488588,30.68376118900212,30.46209214344969,30.56709289550781,108590352.0,yahoo
2023-11-20,0050.TW,30.578760727014625,30.578760727014625,30.43875734931988,30.5554256439209,34641500.0,yahoo
2023-11-21,0050.TW,30.672094573005072,30.963765315541128,30.672094573005072,30.92876625061035,113513384.0,yahoo
2023-11-22,0050.TW,30.62542666668138,30.75376250003803,30.602091584095184,30.64876174926757,24548288.0,yahoo
2023-11-23,0050.TW,30.6487639471591,30.672095470984736,30.5087605624694,30.637096405029297,24937264.0,yahoo
2023-11-24,0050.TW,30.637096986558003,30.7187626621488,30.578762835235704,30.61376190185547,53237608.0,yahoo
2023-11-27,0050.TW,30.61375830183617,30.765429213698862,30.357090202461325,30.415424346923828,37727104.0,yahoo
2023-11-28,0050.TW,30.42709161665601,30.7537649972198,30.40376009260903,30.625429153442383,38275884.0,yahoo
2023-11-29,0050.TW,30.637093458594425,30.84709495499871,30.578759313989497,30.60209083557129,26470308.0,yahoo
2023-11-30,0050.TW,30.63709420797448,30.68376081271316,30.48542329203164,30.64876174926757,43669324.0,yahoo
2023-12-01,0050.TW,30.567093215222435,30.75376319885254,30.52042660942336,30.75376319885254,21198560.0,yahoo
2023-12-04,0050.TW,30.7537647054594,30.800431313544635,30.54375962842484,30.637096405029297,17596136.0,yahoo
2023-12-05,0050.TW,30.47375849138633,30.47375849138633,30.31042003854442,30.415424346923828,19111864.0,yahoo
2023-12-06,0050.TW,30.427087125447244,30.660423694079302,30.427087125447244,30.52042388916016,28548196.0,yahoo
2023-12-07,0050.TW,30.47375886576752,30.48542284645642,30.333755493164062,30.333755493164062,10954636.0,yahoo
2023-12-08,0050.TW,30.602091669312177,30.707095980808745,30.54375752311796,30.578760147094727,52095808.0,yahoo
2023-12-11,0050.TW,30.578762835235704,30.648764528909272,30.4854260568596,30.61376190185547,12519352.0,yahoo
2023-12-12,0050.TW,30.77709480854169,30.81209743331529,30.648762532339887,30.683761596679688,21902040.0,yahoo
2023-12-13,0050.TW,30.70709448167394,30.753761084264283,30.660424318650048,30.69542694091797,11761744.0,yahoo
2023-12-14,0050.TW,30.95209354448854,31.138763506291987,30.91709448434,31.068761825561523,128026068.0,yahoo
2023-12-15,0050.TW,31.18543214471245,31.31376797436661,31.18543214471245,31.197099685668945,73515340.0,yahoo
2023-12-18,0050.TW,31.18543073560632,31.243764877319336,30.940430188758405,31.243764877319336,26607988.0,yahoo
2023-12-19,0050.TW,31.220440590167527,31.220440590167527,30.97543642612264,31.127103805541992,22424988.0,yahoo
2023-12-20,0050.TW,31.162104143289344,31.232105836502026,31.127101516465995,31.208770751953125,26463340.0,yahoo
2023-12-21,0050.TW,30.847100532390467,30.963768842694844,30.812101463472864,30.94043731689453,21419804.0,yahoo
2023-12-22,0050.TW,30.94043287203923,31.057101165583223,30.94043287203923,31.02209854125977,24816776.0,yahoo
2023-12-25,0050.TW,31.03376620003347,31.220436182496364,31.0220986585482,31.150434494018555,32321648.0,yahoo
2023-12-26,0050.TW,31.1504332046935,31.36043470100113,31.1504332046935,31.32543563842773,67267856.0,yahoo
2023-12-27,0050.TW,31.360439701516928,31.710444624794725,31.34877571908836,31.675445556640625,119800140.0,yahoo
2023-12-28,0050.TW,31.675445556640625,31.733779710520256,31.605443859898227,31.675445556640625,59393184.0,yahoo
2023-12-29,0050.TW,31.66377237591488,31.73377406019319,31.58210671128481,31.605438232421875,52446432.0,yahoo
2024-01-02,0050.TW,31.64044264638786,31.722108315642167,31.4187700402156,31.47710418701172,23688304.0,yahoo
2024-01-03,0050.TW,31.197101909569977,31.24376851628897,30.870432102103138,30.92876625061035,54189900.0,yahoo
2024-01-04,0050.TW,30.928762724784303,30.97542932618339,30.870428582927087,30.91709518432617,18270372.0,yahoo
2024-01-05,0050.TW,30.928763094915016,31.02209629883012,30.82376235040215,30.835426330566406,15998684.0,yahoo
2024-01-08,0050.TW,31.03376367716241,31.17376704273654,30.97542953491211,30.97542953491211,37578880.0,yahoo
2024-01-09,0050.TW,31.232105233731044,31.255436757395632,30.97543355038292,31.033767700195312,22804060.0,yahoo
2024-01-10,0050.TW,30.89376342301425,30.952097571139603,30.80043021018722,30.87043190002441,27125880.0,yahoo
2024-01-11,0050.TW,30.905429177571044,31.09209915286446,30.88209765593039,30.99876594543457,22504312.0,yahoo
2024-01-12,0050.TW,30.84709808757041,31.045435623542105,30.78876393704156,30.952098846435547,25937588.0,yahoo
2024-01-15,0050.TW,30.952098846435547,30.952098846435547,30.952098846435547,30.952098846435547,0.0,yahoo
2024-01-16,0050.TW,30.812094392478965,30.87042853424419,30.5904253658578,30.71875762939453,87905184.0,yahoo
2024-01-17,0050.TW,31.04111022568761,31.04111022568761,30.396410972769104,30.43222618103028,145373216.0,yahoo
2024-01-18,0050.TW,30.53967948409109,30.69488541081264,30.53967948409109,30.63519096374512,28368372.0,yahoo
2024-01-19,0050.TW,31.447031779706144,31.781322845901578,31.30376730287352,31.73356437683105,104149832.0,yahoo
2024-01-22,0050.TW,31.948469161987305,32.079797675719,31.841019884737715,31.948469161987305,51769732.0,yahoo
2024-01-23,0050.TW,31.97234840803004,32.055922101806225,31.876838738108987,32.0081672668457,27609740.0,yahoo
2024-01-24,0050.TW,32.03204056984743,32.09173502014045,31.98428573830504,31.996225357055664,56681432.0,yahoo
2024-01-25,0050.TW,32.24694089702573,32.40214500135534,32.21112204286205,32.39020538330078,104278032.0,yahoo
2024-01-26,0050.TW,32.39020538330078,32.46183944816825,32.30663534383864,32.39020538330078,63300248.0,yahoo
2024-01-29,0050.TW,32.39020757572964,32.62898537914367,32.37827160032705,32.593170166015625,106544936.0,yahoo
2024-01-30,0050.TW,32.5573562556823,32.62898668480472,32.4857221830996,32.50959777832031,38244096.0,yahoo
2024-01-31,0050.TW,32.294694379586865,32.30663399714372,32.079795837402344,32.079795837402344,27139568.0,yahoo
2024-02-01,0050.TW,32.079795837402344,32.11561104661318,31.900712504428665,32.079795837402344,33583900.0,yahoo
2024-02-02,0050.TW,32.23500137905112,32.28275620795773,32.15142769586962,32.258880615234375,35616952.0,yahoo
2024-02-05,0050.TW,32.25887884596806,32.52153221227894,32.23499961109448,32.46183776855469,68850940.0,yahoo
2024-02-15,0050.TW,33.95420189644131,34.07359079456063,33.76317893075841,33.990020751953125,166902248.0,yahoo
2024-02-16,0050.TW,33.990017162435464,33.990017162435464,33.71542053968382,33.73929977416992,70613876.0,yahoo
2024-02-19,0050.TW,33.667668157579705,33.72736260466761,33.572158499623015,33.69154739379883,35994992.0,yahoo
2024-02-20,0050.TW,33.56021878153683,33.9064458449233,33.52439992731485,33.822872161865234,53273328.0,yahoo
2024-02-21,0050.TW,33.76317841380892,33.787057650451175,33.67960837248096,33.715423583984375,41419940.0,yahoo
2024-02-22,0050.TW,34.133280722444546,34.15715995628946,33.87062736744822,34.09746551513672,49482432.0,yahoo
2024-02-23,0050.TW,34.25267242406576,34.40788016991366,34.21685721381,34.32430648803711,76632740.0,yahoo
2024-02-26,0050.TW,34.31236823466539,34.38400230148548,34.14522450772517,34.37206268310547,39179224.0,yahoo
2024-02-27,0050.TW,34.37205857094088,34.431753012239305,34.06164674749716,34.22879409790039,23922688.0,yahoo
2024-02-29,0050.TW,34.145227651438155,34.3720658477032,34.073593578022795,34.21686172485352,27390448.0,yahoo
2024-03-01,0050.TW,34.27654883859494,34.372058487055504,34.09746551513672,34.09746551513672,34647028.0,yahoo
2024-03-04,0050.TW,34.6227782211024,35.14808861024786,34.58696301136104,35.08839416503906,97571592.0,yahoo
2024-03-05,0050.TW,35.27942166818173,35.470444646176965,35.18391200091424,35.37493133544922,65483708.0,yahoo
2024-03-06,0050.TW,35.10033573435008,35.58983094097009,34.95706760049935,35.542076110839844,66132768.0,yahoo
2024-03-07,0050.TW,36.05544433182085,36.5329998858847,35.995749887562866,36.3658561706543,118461268.0,yahoo
2024-03-08,0050.TW,37.15382715547735,37.35678609950014,36.53300341779099,36.87923049926758,115837004.0,yahoo
2024-03-11,0050.TW,36.73596658431344,36.81953662959533,36.42555471057748,36.509124755859375,52057640.0,yahoo
2024-03-12,0050.TW,36.34197706912801,36.915045922186565,36.31810147741291,36.89116668701172,58684560.0,yahoo
2024-03-13,0050.TW,37.14188552969968,37.28515001595164,36.99861739998782,37.07025146484375,51296604.0,yahoo
2024-03-14,0050.TW,36.98667680127252,37.2015789901424,36.843412318819055,37.0344352722168,33274472.0,yahoo
2024-03-15,0050.TW,36.84341664099609,36.95086592630623,36.53300476074219,36.53300476074219,34403816.0,yahoo
2024-03-18,0050.TW,36.53300303752694,36.89116973397328,36.53300303752694,36.86729049682617,71751072.0,yahoo
2024-03-19,0050.TW,36.62851036448772,36.90310700033644,36.53300070890718,36.78371810913086,34279156.0,yahoo
2024-03-20,0050.TW,36.819534933997126,37.08219196355335,36.53300231122851,36.58075714111328,40321616.0,yahoo
2024-03-21,0050.TW,37.14188149181751,37.65525222113072,37.14188149181751,37.5836181640625,79843224.0,yahoo
2024-03-22,0050.TW,37.607499845422254,37.7865831780195,37.36872206862592,37.535865783691406,27109996.0,yahoo
2024-03-25,0050.TW,37.535864110407786,37.726887052021326,37.47616966886978,37.60749816894531,34332452.0,yahoo
2024-03-26,0050.TW,37.79852571650724,38.01342427484676,37.34484571945935,37.63138198852539,26127772.0,yahoo
2024-03-27,0050.TW,37.58362372712006,37.691076650357125,37.464234828821134,37.64331817626953,17547948.0,yahoo
2024-03-28,0050.TW,37.55975052392863,37.55975052392863,37.22545940134051,37.464237213134766,12641392.0,yahoo
2024-03-29,0050.TW,37.46422838813019,37.71494576014769,37.46422838813019,37.67913055419922,20572000.0,yahoo
2024-04-01,0050.TW,37.774641101757936,37.905969599139766,37.547802957258135,37.5836181640625,21344696.0,yahoo
2024-04-02,0050.TW,37.83433987989335,38.120872497558594,37.822400261769815,38.120872497558594,29364088.0,yahoo
2024-04-03,0050.TW,37.88209092243193,37.94178536362293,37.67913200845821,37.85821533203125,18550252.0,yahoo
2024-04-08,0050.TW,37.8820971453051,38.16863342485877,37.8582215509824,38.0731201171875,22629184.0,yahoo
2024-04-09,0050.TW,38.204444780101454,39.00435180006874,38.18056554472998,38.98047256469727,32581692.0,yahoo
2024-04-10,0050.TW,38.86108573375304,38.99241424833483,38.78945166730298,38.920780181884766,21203720.0,yahoo
2024-04-11,0050.TW,38.69394232274248,38.8013916015625,38.59842901887802,38.8013916015625,17270700.0,yahoo
2024-04-12,0050.TW,38.82526810024146,38.87302292707578,38.67006035870524,38.70587921142578,23321576.0,yahoo
2024-04-15,0050.TW,38.26414315104484,38.33577722104928,38.10893903558535,38.20444869995117,31563124.0,yahoo
2024-04-16,0050.TW,37.798523344051446,37.798523344051446,36.95086149543197,37.1657600402832,66621548.0,yahoo
2024-04-17,0050.TW,37.237391138935486,37.65525222113072,37.22545152218086,37.5836181640625,30823556.0,yahoo
2024-04-18,0050.TW,37.33290392271263,37.9537239074707,37.2015754271136,37.9537239074707,26278092.0,yahoo
2024-04-19,0050.TW,36.79565845344296,36.80759442803133,35.697279175281125,36.03156661987305,121590104.0,yahoo
2024-04-22,0050.TW,35.91217461028264,36.2345260523164,35.745030902489404,35.92411422729492,37041220.0,yahoo
2024-04-23,0050.TW,36.33003440529234,36.40166846135066,36.12707549716311,36.27033996582031,21648704.0,yahoo
2024-04-24,0050.TW,36.77177937089874,37.36872384120554,36.77177937089874,37.33290863037109,30701016.0,yahoo
2024-04-25,0050.TW,36.79566148251784,36.87923152881549,36.59269888936891,36.65239334106445,18805640.0,yahoo
2024-04-26,0050.TW,37.24933242797852,37.44035537424983,37.12994354199141,37.24933242797852,23018032.0,yahoo
2024-04-29,0050.TW,37.5597410871408,37.989541769076205,37.5597410871408,37.91790771484375,30810776.0,yahoo
2024-04-30,0050.TW,37.87015662552851,38.04923995702982,37.786582946777344,37.786582946777344,17931740.0,yahoo
2024-05-02,0050.TW,37.57168486930595,37.57168486930595,37.24933341124779,37.28514862060547,24868108.0,yahoo
2024-05-03,0050.TW,37.85821932215146,37.88209491506854,37.35678450591372,37.476173400878906,22758784.0,yahoo
2024-05-06,0050.TW,37.96566908976625,38.24026209435227,37.96566908976625,38.01342391967773,34385032.0,yahoo
2024-05-07,0050.TW,38.2641401005536,38.33577416484724,38.08505676154946,38.22832489013672,24914944.0,yahoo
2024-05-08,0050.TW,38.2044459383562,38.39546889673996,38.12087225548209,38.37158966064453,23909068.0,yahoo
2024-05-09,0050.TW,38.38353173086576,38.50292063205042,38.299958042652456,38.32383728027344,20302276.0,yahoo
2024-05-10,0050.TW,38.50291335862904,38.7058759096862,38.33576965723695,38.59842300415039,38735812.0,yahoo
2024-05-13,0050.TW,39.00435600080756,39.13568087911493,38.90884269249474,38.99241638183594,36463372.0,yahoo
2024-05-14,0050.TW,38.96853330815448,39.267005535765136,38.849144417110224,39.25506591796875,30997876.0,yahoo
2024-05-15,0050.TW,39.541606467797415,40.07885653587368,39.517727229609946,39.79232025146485,58324000.0,yahoo
2024-05-16,0050.TW,40.34150791109058,40.53253087660902,39.89977117450547,39.983341217041016,48239680.0,yahoo
2024-05-17,0050.TW,40.00721526548708,40.04303047286314,39.80425270779722,39.93558120727539,18716540.0,yahoo
2024-05-20,0050.TW,39.935584637502,39.97139984795438,39.46996868432175,39.92364501953125,27022924.0,yahoo
2024-05-21,0050.TW,39.73262450163543,39.9117078518113,39.601299626274525,39.87589263916016,17396092.0,yahoo
2024-05-22,0050.TW,39.92364183148157,40.59222030639648,39.92364183148157,40.59222030639648,25594296.0,yahoo
2024-05-23,0050.TW,40.6638558915205,40.93844887592906,40.59222183018705,40.90263366699219,24008260.0,yahoo
2024-05-24,0050.TW,40.42507706288336,40.78324371675984,40.42507706288336,40.73548889160156,14620304.0,yahoo
2024-05-27,0050.TW,41.0100829982855,41.40406487101614,41.0100829982855,41.29661560058594,22741680.0,yahoo
2024-05-28,0050.TW,41.29662116079891,41.40407044569618,41.18917187590164,41.35631561279297,22098816.0,yahoo
2024-05-29,0050.TW,41.17723120069582,41.18917081948045,40.72355483456095,40.795188903808594,27187816.0,yahoo
2024-05-30,0050.TW,40.11466521452186,40.35344298365592,40.04303115508972,40.09078598022461,37110048.0,yahoo
2024-05-31,0050.TW,40.174365537712376,40.32956965298516,39.637115478515625,39.637115478515625,33146844.0,yahoo
2024-06-03,0050.TW,40.26987334337655,40.53253037313431,39.94752550881199,40.48477554321289,35980328.0,yahoo
2024-06-04,0050.TW,40.29375279843529,40.29375279843529,39.756502761122825,39.8400764465332,31950448.0,yahoo
2024-06-05,0050.TW,39.9713971762004,40.30568823973745,39.672924964181405,40.22211456298828,18128396.0,yahoo
2024-06-06,0050.TW,41.24886190300753,41.69060225776086,41.22498266738742,41.59508895874024,68229592.0,yahoo
2024-06-07,0050.TW,41.380192503900425,41.40406809726771,41.16529030283488,41.272743225097656,27000588.0,yahoo
2024-06-11,0050.TW,41.34436913694906,41.60702613954669,41.28467469485503,41.38018798828125,43428272.0,yahoo
2024-06-12,0050.TW,41.38019053367529,42.132339092942814,41.38019053367529,42.120399475097656,30368844.0,yahoo
2024-06-13,0050.TW,42.71734276163256,43.09938866144477,42.45468939353893,42.72928237915039,64426456.0,yahoo
2024-06-14,0050.TW,42.729285941992806,42.9800033569336,42.4546929334853,42.9800033569336,25992432.0,yahoo
2024-06-17,0050.TW,42.788980391099656,43.08745263663392,42.693470729912704,42.9800033569336,32511172.0,yahoo
2024-06-18,0050.TW,43.57694594586482,43.7082744568594,43.45755705286245,43.69633483886719,26253244.0,yahoo
2024-06-19,0050.TW,44.11419626265609,45.10512262389201,44.11419626265609,44.8782844543457,101354688.0,yahoo
2024-06-20,0050.TW,44.87828185901534,45.308082580566406,44.84246665032762,45.308082580566406,45286572.0,yahoo
2024-06-21,0050.TW,44.67532635388555,45.17675753115887,44.63950749899891,45.03349304199219,40956144.0,yahoo
2024-06-24,0050.TW,44.53205258949944,44.53205258949944,43.82765892066306,43.93510818481445,52787124.0,yahoo
2024-06-25,0050.TW,43.44561605539576,43.911231994628906,43.17102306759307,43.911231994628906,52138524.0,yahoo
2024-06-26,0050.TW,44.16194825286728,44.43654487705496,43.994804540969376,44.25746154785156,35664104.0,yahoo
2024-06-27,0050.TW,43.8396038444745,44.24552536010742,43.79184537155067,44.24552536010742,24876244.0,yahoo
2024-06-28,0050.TW,44.24552570920011,44.74695688771704,44.090317957892985,44.520118713378906,16587884.0,yahoo
2024-07-01,0050.TW,44.54399528839413,44.90216195598755,44.47236122618349,44.55593490600586,29279212.0,yahoo
2024-07-02,0050.TW,44.40072602513849,44.59174897164738,44.05449898403717,44.25746154785156,21777344.0,yahoo
2024-07-03,0050.TW,44.794715881347656,44.794715881347656,44.50817961205536,44.794715881347656,25915028.0,yahoo
2024-07-04,0050.TW,45.51104914169432,46.000540706217166,45.51104914169432,45.964725494384766,50576828.0,yahoo
2024-07-05,0050.TW,45.98860750974528,46.048301962045855,45.73789008139083,45.797584533691406,38933332.0,yahoo
2024-07-08,0050.TW,45.82145302600068,47.39738777984279,45.80951705215888,47.242183685302734,69409868.0,yahoo
2024-07-09,0050.TW,47.14667266218704,47.76749635718194,46.66911709479398,47.194427490234375,61955156.0,yahoo
2024-07-10,0050.TW,47.02728498841261,47.37351205504838,46.56166902683624,47.361576080322266,28674444.0,yahoo
2024-07-11,0050.TW,47.91075474430742,48.424129099999966,47.75555066203954,48.41218948364258,39186920.0,yahoo
2024-07-12,0050.TW,47.32575464545573,47.36157349806094,46.800444265050174,46.88401794433594,56633068.0,yahoo
2024-07-15,0050.TW,47.19442850271744,47.30188142245398,46.82432584481572,46.96759033203125,39160740.0,yahoo
2024-07-16,0050.TW,47.17158739237399,47.75958150766599,47.03958781659564,47.24358749389648,53022152.0,yahoo
2024-07-17,0050.TW,47.13558367315623,47.15958492675389,46.463592517347664,46.58359146118164,57959112.0,yahoo
2024-07-18,0050.TW,45.26360316177467,45.8155953747586,45.16760180928565,45.74359893798828,71520052.0,yahoo
2024-07-19,0050.TW,45.2996025853509,45.35960205897389,44.68760722198105,44.69960784912109,65815640.0,yahoo
2024-07-22,0050.TW,44.49560792620662,44.49560792620662,43.21162139507081,43.367618560791016,84847384.0,yahoo
2024-07-23,0050.TW,44.08761289048049,44.71160888671875,44.08761289048049,44.71160888671875,50108316.0,yahoo
2024-07-26,0050.TW,42.73162796548385,43.06762356960147,42.50363068682709,42.95962524414063,103626472.0,yahoo
2024-07-29,0050.TW,43.631620875266826,43.67961972496668,43.18762327586886,43.34362411499024,39785056.0,yahoo
2024-07-30,0050.TW,43.01962547088064,43.51162191997845,42.599629127371344,43.34362411499024,52429524.0,yahoo
2024-07-31,0050.TW,42.923625873653066,43.47561811391176,42.8636263986617,43.403621673583984,36314216.0,yahoo
2024-08-01,0050.TW,44.3996086327926,44.42360988607359,43.84761276602354,44.159610748291016,56246796.0,yahoo
2024-08-02,0050.TW,42.755619490596544,42.93561789484336,41.92762756347656,41.92762756347656,118827260.0,yahoo
2024-08-05,0050.TW,39.99564853915798,39.99564853915798,38.01566586569319,38.09966659545898,222308816.0,yahoo
2024-08-06,0050.TW,40.15165096134288,40.89564228298268,38.59166455077487,40.199649810791016,252563844.0,yahoo
2024-08-07,0050.TW,40.76364712371195,41.93963543649952,40.55964743215118,41.79563522338867,127298960.0,yahoo
2024-08-08,0050.TW,41.05163956927612,41.37563452157535,40.5596431653286,40.931640625,103364420.0,yahoo
2024-08-09,0050.TW,41.99963267405995,42.45562722111881,41.87963372356264,42.20363235473633,93415024.0,yahoo
2024-08-12,0050.TW,42.53962935840671,43.15162475860182,42.53962935840671,42.73162841796875,70286956.0,yahoo
2024-08-13,0050.TW,43.03162536988034,43.0796242187671,42.71962735900024,42.83962631225586,43433840.0,yahoo
2024-08-14,0050.TW,43.28362571130433,43.64362258610173,43.18762434744514,43.37962341308594,74857276.0,yahoo
2024-08-15,0050.TW,43.34362225326492,43.43961994854126,42.97162477543377,43.04362487792969,45926588.0,yahoo
2024-08-16,0050.TW,43.91961586038856,44.07561303112731,43.76361868964982,44.0156135559082,52823660.0,yahoo
2024-08-19,0050.TW,44.03961670734847,44.32761346838701,43.95561597359336,44.07561492919922,37122372.0,yahoo
2024-08-20,0050.TW,44.3036128652016,44.44760940490119,44.08761256253632,44.09961318969727,43139504.0,yahoo
2024-08-21,0050.TW,43.91961524435255,43.93161587164352,43.5476177707964,43.63161849975586,46736568.0,yahoo
2024-08-22,0050.TW,43.70361904854081,43.82361799852353,43.283622723601255,43.403621673583984,20872828.0,yahoo
2024-08-23,0050.TW,42.95962475436891,43.52362129279074,42.93562349917239,43.42761993408203,31773940.0,yahoo
2024-08-26,0050.TW,43.77561848398362,44.01561640036967,43.391624015012496,43.4996223449707,45593952.0,yahoo
2024-08-27,0050.TW,43.29561656095328,43.41561550226643,43.13961940207701,43.3076171875,21167864.0,yahoo
2024-08-28,0050.TW,43.31962193556822,43.91961669921875,43.163624761850045,43.91961669921875,21989684.0,yahoo
2024-08-29,0050.TW,43.07962034019407,43.47561538545415,42.99561961564697,43.319618225097656,43063780.0,yahoo
2024-08-30,0050.TW,43.42761924827609,43.69161840295925,43.35561914590093,43.52362060546875,32202952.0,yahoo
2024-09-02,0050.TW,43.65561653888585,43.78761611628232,43.31962094376514,43.403621673583984,32057896.0,yahoo
2024-09-03,0050.TW,43.43962142610225,43.559620380318,43.12762341272581,43.21162414550781,38411312.0,yahoo
2024-09-04,0050.TW,41.03964041828239,41.71163526281008,40.79964252109945,41.099639892578125,119635984.0,yahoo
2024-09-05,0050.TW,41.48363837101453,41.915631660219496,41.2196392168761,41.35163879394531,35275304.0,yahoo
2024-09-06,0050.TW,41.51963609687248,41.97563063541763,41.24363998071262,41.93963241577149,34331020.0,yahoo
2024-09-09,0050.TW,40.89564248576654,41.30364186329248,40.87164489196221,41.29164123535156,60735940.0,yahoo
2024-09-10,0050.TW,41.61563469871919,41.61563469871919,41.0756394197804,41.36363983154297,37207812.0,yahoo
2024-09-11,0050.TW,41.36363985058875,41.39963807103697,41.15964016917588,41.2436408996582,20056236.0,yahoo
2024-09-12,0050.TW,42.263631332998585,42.87562304367648,42.263631332998585,42.7916259765625,62978008.0,yahoo
2024-09-13,0050.TW,42.959620615514254,43.04362133853183,42.68362451773143,42.81562042236328,18047504.0,yahoo
2024-09-16,0050.TW,42.86362565131337,43.0076221915356,42.79162555016362,42.89962387084961,23507632.0,yahoo
2024-09-18,0050.TW,42.83962525281886,42.98362545799541,42.3716300791111,42.68362808227539,36769256.0,yahoo
2024-09-19,0050.TW,42.71962835975,43.24762303402803,42.47963044761657,43.23562240600586,32440304.0,yahoo
2024-09-20,0050.TW,43.94361373585804,44.18361161827762,43.78761291503906,43.78761291503906,54531520.0,yahoo
2024-09-23,0050.TW,43.811612663606034,44.07560812795565,43.811612663606034,43.979610443115234,31601992.0,yahoo
2024-09-24,0050.TW,43.96761546532523,44.39961242675781,43.70361996706122,44.39961242675781,39809384.0,yahoo
2024-09-25,0050.TW,45.047607831328925,45.11960793811377,44.96361075847791,45.059608459472656,46692004.0,yahoo
2024-09-26,0050.TW,45.5036064000376,45.59960410173655,45.29960670633038,45.43160629272461,66903724.0,yahoo
2024-09-27,0050.TW,45.647603649740816,45.89960219814617,45.26360917500291,45.33560562133789,45613256.0,yahoo
2024-09-30,0050.TW,44.77160566941971,44.92760282806277,44.14760971069336,44.14760971069336,52747800.0,yahoo
2024-10-01,0050.TW,44.135610328650245,44.30361178063626,44.00361441934289,44.06361389160156,37640876.0,yahoo
2024-10-04,0050.TW,44.15961158238458,44.47160957054512,43.91961369334988,44.06361389160156,35462652.0,yahoo
2024-10-07,0050.TW,44.59160865767584,45.16760212837039,44.59160865767584,45.15560150146485,53806008.0,yahoo
2024-10-08,0050.TW,44.86760561217682,44.96360696715431,44.519609397816886,44.93960571289063,37917328.0,yahoo
2024-10-09,0050.TW,45.35960388183594,45.647600634384496,45.35960388183594,45.35960388183594,45188240.0,yahoo
2024-10-11,0050.TW,45.37160169708222,46.27159378180848,45.37160169708222,46.11559295654297,49226984.0,yahoo
2024-10-14,0050.TW,46.10359341188795,46.29558878289085,45.82759365743659,46.15159225463867,40439036.0,yahoo
2024-10-15,0050.TW,46.31959439511408,47.183588294258016,46.31959439511408,47.13558578491211,59070828.0,yahoo
2024-10-16,0050.TW,46.18759195385724,46.87158738676226,45.99559291461398,46.3195915222168,71201552.0,yahoo
2024-10-17,0050.TW,46.55959172754197,46.583592981923154,46.0555946821552,46.39159393310547,38164820.0,yahoo
2024-10-18,0050.TW,47.83158348627174,48.04758013723841,47.33958704565051,47.54358673095703,129283608.0,yahoo
2024-10-21,0050.TW,47.77158359773173,47.98758024683588,47.51958506572528,47.531585693359375,52918584.0,yahoo
2024-10-22,0050.TW,47.327587946630445,47.35158920288086,46.883594002618175,47.35158920288086,33857660.0,yahoo
2024-10-23,0050.TW,47.207586727693695,47.25558557581722,46.955588197448456,47.039588928222656,37794896.0,yahoo
2024-10-24,0050.TW,47.039587470654446,47.2075852649199,46.67959062776678,46.751590728759766,32493848.0,yahoo
2024-10-25,0050.TW,46.79959019195464,47.17158766692154,46.79959019195464,47.13558578491211,50566572.0,yahoo
2024-10-28,0050.TW,47.495583892429,47.55558336862564,46.787590805724136,47.05158996582031,45978476.0,yahoo
2024-10-29,0050.TW,46.37959102301934,46.37959102301934,45.647596745350576,45.9595947265625,96980096.0,yahoo
2024-10-30,0050.TW,46.30759709030329,46.57159626233821,45.95960084504095,46.03160095214844,56626752.0,yahoo
2024-11-01,0050.TW,44.67560833104729,45.73160130509665,44.627609482699,45.71960067749024,78483628.0,yahoo
2024-11-04,0050.TW,45.851595974781056,46.36758995497031,45.79159650442988,46.30759048461914,29118288.0,yahoo
2024-11-05,0050.TW,45.9715963824115,46.72758826812873,45.93559450180577,46.47558975219727,40432828.0,yahoo
2024-11-06,0050.TW,46.57159526788503,47.53158690994572,46.43959568468618,46.84759140014648,66825504.0,yahoo
2024-11-07,0050.TW,46.77559307347291,47.53158871759305,46.67959537044701,47.38758850097656,53994208.0,yahoo
2024-11-08,0050.TW,47.85558021554358,47.99958042163945,47.68758241648332,47.75958251953125,51800604.0,yahoo
2024-11-11,0050.TW,47.72358130826235,47.7835807800293,47.23158490735794,47.7835807800293,49456052.0,yahoo
2024-11-12,0050.TW,46.847589951983686,47.00359078624272,46.5595932006836,46.5595932006836,105088348.0,yahoo
2024-11-13,0050.TW,46.523593111255416,46.55959133044291,46.199594490259074,46.25959396362305,36778360.0,yahoo
2024-11-14,0050.TW,46.15159761661868,46.199596464946005,45.62360296086335,45.839599609375,48586460.0,yahoo
2024-11-15,0050.TW,46.0915970051777,46.2835960558343,45.80360026023146,46.1635971069336,29542324.0,yahoo
2024-11-18,0050.TW,45.94759908171129,46.00759855913898,45.50360514599286,45.515602111816406,53578064.0,yahoo
2024-11-19,0050.TW,45.76759756434653,46.307592824796,45.64759861757998,46.13959503173828,30473284.0,yahoo
2024-11-20,0050.TW,45.94759750366211,45.94759750366211,45.94759750366211,45.94759750366211,312000.0,yahoo
2024-11-21,0050.TW,45.59960068471548,45.63559890463564,45.26360509186954,45.443603515625,63506468.0,yahoo
2024-11-22,0050.TW,45.86360119135048,46.367594595494346,45.86360119135048,46.33159637451172,31862348.0,yahoo
2024-11-25,0050.TW,46.727589969520544,46.73959059682608,46.13959585232253,46.1635971069336,31306652.0,yahoo
2024-11-26,0050.TW,45.62359810235159,45.67159694556746,45.31160012833294,45.5635986328125,45563288.0,yahoo
2024-11-27,0050.TW,45.39559915668545,45.46759925566951,44.879605161107854,44.90360641479492,56290744.0,yahoo
2024-11-28,0050.TW,44.87961048429092,44.90361174082479,44.50761298048155,44.83161163330078,52436456.0,yahoo
2024-11-29,0050.TW,44.38760982352112,45.119604133636514,44.27961150348903,44.93960571289063,32512880.0,yahoo
2024-12-02,0050.TW,45.239606292988974,46.007598876953125,45.239606292988974,46.007598876953125,42176312.0,yahoo
2024-12-03,0050.TW,46.631591796875,46.763591371727166,46.49959222202284,46.631591796875,39812424.0,yahoo
2024-12-04,0050.TW,46.72758673315863,46.90758514404297,46.57158957522302,46.90758514404297,25820996.0,yahoo
2024-12-05,0050.TW,46.9795856330231,47.18358529855927,46.95558437987399,47.15958404541016,29784812.0,yahoo
2024-12-06,0050.TW,47.15958597468234,47.20758482086708,46.79958913518095,46.97958755493164,27238024.0,yahoo
2024-12-09,0050.TW,47.07558714879596,47.09958840389641,46.96758882499868,47.039588928222656,18559456.0,yahoo
2024-12-10,0050.TW,46.97959033622341,47.147588138854445,46.69159357998772,46.70359420776367,17909228.0,yahoo
2024-12-11,0050.TW,46.31959069977964,46.61958804887148,46.223593012901055,46.29558944702149,26858756.0,yahoo
2024-12-12,0050.TW,46.77559088544483,46.9795905724294,46.66759255907313,46.83559036254883,20108964.0,yahoo
2024-12-13,0050.TW,46.715592633533554,46.94359358217041,46.58359671010492,46.8715934753418,18081708.0,yahoo
2024-12-16,0050.TW,47.27958765477633,47.43558482941543,46.97959027118003,47.06359100341797,29374368.0,yahoo
2024-12-17,0050.TW,47.3035888671875,47.53158614609743,47.21958813502612,47.3035888671875,37176916.0,yahoo
2024-12-18,0050.TW,47.231588762774514,47.483587297181245,46.94359200720001,47.3035888671875,26215508.0,yahoo
2024-12-19,0050.TW,46.6435892783797,46.75158759158352,46.45159024264122,46.65558624267578,52180188.0,yahoo
2024-12-20,0050.TW,46.49959460920309,46.49959460920309,46.07959827079739,46.22359848022461,44493576.0,yahoo
2024-12-23,0050.TW,46.7275927569667,47.35158879330461,46.679593906958594,47.3395881652832,44704264.0,yahoo
2024-12-24,0050.TW,47.6395821139995,47.78358231569892,47.39958421921865,47.47158432006836,32783608.0,yahoo
2024-12-25,0050.TW,47.6395827670892,47.6395827670892,47.3875842416992,47.61558151245117,23624492.0,yahoo
2024-12-26,0050.TW,47.615580433419424,47.63958168751355,47.51958274119739,47.57958221435547,19214244.0,yahoo
2024-12-27,0050.TW,47.4235861066176,47.771582326280026,47.35158600480671,47.73558044433594,27949668.0,yahoo
2024-12-30,0050.TW,47.5555813859953,47.67558033338573,47.43558243860488,47.47158432006836,34709064.0,yahoo
2024-12-31,0050.TW,47.20758482086708,47.255583667051816,46.94358933581239,46.97958755493164,31346136.0,yahoo
2025-01-02,0050.TW,46.95558484321929,46.95558484321929,46.379591382727774,46.571590423583984,51190808.0,yahoo
2025-01-03,0050.TW,47.039588928222656,47.26758620336744,46.84758987365117,47.039588928222656,28453484.0,yahoo
2025-01-06,0050.TW,47.67558273489062,48.55157729221251,47.66358576920906,48.51557540893555,98511172.0,yahoo
2025-01-07,0050.TW,49.187568270869065,49.43956679520181,49.01957047533966,49.05556869506836,63775376.0,yahoo
2025-01-08,0050.TW,48.63556837703556,48.803569820831406,48.25157397054632,48.32357406616211,47422868.0,yahoo
2025-01-09,0050.TW,48.04757968209157,48.27557695863605,47.75958292950501,47.771583557128906,33722620.0,yahoo
2025-01-10,0050.TW,47.75958251953125,47.89158209810624,47.51958461742306,47.75958251953125,33285296.0,yahoo
2025-01-13,0050.TW,47.759577951614254,47.759577951614254,46.58358980859124,46.65558624267578,83504716.0,yahoo
2025-01-14,0050.TW,46.72758796085344,47.01558469341963,46.57159079881925,46.94358825683594,43511100.0,yahoo
2025-01-15,0050.TW,47.03958598291991,47.03958598291991,46.499590735667,46.58359146118164,69536468.0,yahoo
2025-01-16,0050.TW,47.49558381045709,47.879581922283805,47.375584858270905,47.531585693359375,62348392.0,yahoo
2025-01-17,0050.TW,47.93304938227557,48.01821110737157,47.30042897134139,47.76272964477539,60550264.0,yahoo
2025-01-20,0050.TW,47.96954848126226,48.33452096388721,47.96954848126226,48.24936294555664,29670284.0,yahoo
2025-01-21,0050.TW,48.0060516069869,48.4683486350496,47.86006111776059,48.3466911315918,42450952.0,yahoo
2025-01-22,0050.TW,48.73599029204936,49.07662977237108,48.73599029204936,48.979305267333984,51457596.0,yahoo
2025-02-03,0050.TW,46.78947053880622,46.95979027914557,46.38799860155073,46.88679504394531,223159112.0,yahoo
2025-02-04,0050.TW,47.11794856201005,47.33693429100615,46.97196178870493,47.1666145324707,77136476.0,yahoo
2025-02-05,0050.TW,47.628910297240125,48.12770677980075,47.628910297240125,47.88439178466797,60958500.0,yahoo
2025-02-06,0050.TW,48.17636732727614,48.27369183679987,47.9573853245017,48.09120559692383,44838828.0,yahoo
2025-02-07,0050.TW,48.09120638908068,48.32235860021818,47.95738611445427,48.3101921081543,22434376.0,yahoo
2025-02-10,0050.TW,48.22502660551756,48.22502660551756,47.71406739301703,47.76272964477539,65528040.0,yahoo
2025-02-11,0050.TW,48.0547103881836,48.29802537749085,47.93305289352996,48.0547103881836,19842444.0,yahoo
2025-02-12,0050.TW,48.17636506390315,48.33451831262204,47.93305008883293,47.981712341308594,27301116.0,yahoo
2025-02-13,0050.TW,48.00604702100263,48.03037629175461,47.580245799576815,47.774898529052734,56673980.0,yahoo
2025-02-14,0050.TW,47.48292050459998,47.48292050459998,47.08145224187792,47.20310974121094,92217264.0,yahoo
2025-02-17,0050.TW,47.385594752859134,47.9208869934082,47.385594752859134,47.9208869934082,46591960.0,yahoo
2025-02-18,0050.TW,48.152034343549175,48.152034343549175,47.835727831251006,48.09120559692383,32278676.0,yahoo
2025-02-19,0050.TW,48.09120813201257,48.15203688184446,47.933054867526565,48.00605010986328,47313232.0,yahoo
2025-02-20,0050.TW,47.920887134204406,47.920887134204406,47.47075662471904,47.82356262207031,55359052.0,yahoo
2025-02-21,0050.TW,47.8113976353386,48.16420364379883,47.66540714984845,48.16420364379883,33879192.0,yahoo
2025-02-24,0050.TW,47.72623301377811,47.78706176027168,47.568079757971645,47.738399505615234,49672024.0,yahoo
2025-02-25,0050.TW,47.2031083568683,47.21527484898324,46.8624688538028,47.11794662475586,106710684.0,yahoo
2025-02-26,0050.TW,46.93546061524886,47.37342834472656,46.69214562250482,47.37342834472656,73176320.0,yahoo
2025-02-27,0050.TW,47.43425573828546,47.43425573828546,46.8016390028325,46.838134765625,74694820.0,yahoo
2025-03-03,0050.TW,45.93786877206927,45.98653102532488,45.45123881412933,45.7553825378418,221959024.0,yahoo
2025-03-04,0050.TW,45.013272818240296,45.56073154170538,44.92811108729112,45.45124053955078,114655652.0,yahoo
2025-03-05,0050.TW,45.74321574484499,46.10818821089428,45.74321574484499,46.047359466552734,51369564.0,yahoo
2025-03-06,0050.TW,46.071695161732656,46.071695161732656,45.58506517835103,45.76755142211914,56890884.0,yahoo
2025-03-07,0050.TW,45.45124210455748,45.49990436133598,45.20792710797279,45.34175109863281,68483412.0,yahoo
2025-03-10,0050.TW,45.34174846012997,45.34174846012997,44.85511849527832,45.074100494384766,79006576.0,yahoo
2025-03-11,0050.TW,43.97918526680915,44.30766199454269,43.57771701086121,44.283329010009766,134191768.0,yahoo
2025-03-12,0050.TW,44.307661814421294,44.86728332948169,44.186004317635614,44.47798156738281,51035508.0,yahoo
2025-03-13,0050.TW,45.06193554801722,45.22009251963282,44.05217982139965,44.06434631347656,52268912.0,yahoo
2025-03-14,0050.TW,44.06434450798069,44.07650728686713,43.6872055452021,43.91835403442383,49198232.0,yahoo
2025-03-17,0050.TW,44.41715157296269,44.64830006783267,44.186003078092696,44.29549407958984,43897376.0,yahoo
2025-03-18,0050.TW,44.550976807992654,44.73346305317117,44.36849056281413,44.47798156738281,30603120.0,yahoo
2025-03-19,0050.TW,44.429319399047046,44.44148217859593,43.821031913916016,43.93052291870117,46763368.0,yahoo
2025-03-20,0050.TW,44.39281797030475,44.87944793701172,44.39281797030475,44.87944793701172,30658212.0,yahoo
2025-03-21,0050.TW,44.76995825872484,44.76995825872484,44.40498577292002,44.51447677612305,28538176.0,yahoo
2025-03-24,0050.TW,44.86728091582416,44.86728091582416,44.35632168442691,44.46581268310547,29239460.0,yahoo
2025-03-25,0050.TW,44.92810821533203,45.134927427163966,44.76995496818421,44.92810821533203,31256652.0,yahoo
2025-03-26,0050.TW,45.06193274700526,45.110594999595975,44.73345975749898,44.8916130065918,26915048.0,yahoo
2025-03-27,0050.TW,44.16166985232527,44.18600283594331,43.90618837510399,44.04001235961914,69966552.0,yahoo
2025-03-28,0050.TW,43.58988047409546,43.62637995146729,43.31006971103923,43.602046966552734,78993236.0,yahoo
2025-03-31,0050.TW,42.239484482855225,42.39763774402579,41.89884126332235,42.03266525268555,146065632.0,yahoo
2025-04-01,0050.TW,42.239481277221415,42.95725971317858,42.239481277221415,42.89643096923828,47284600.0,yahoo
2025-04-02,0050.TW,43.03025595637882,43.15191344710911,42.82343673706055,42.82343673706055,41725300.0,yahoo
2025-04-07,0050.TW,38.54109191894531,38.54109191894531,38.54109191894531,38.54109191894531,92658524.0,yahoo
2025-04-08,0050.TW,36.789224630721954,38.30994327214309,36.63107137709095,37.28802108764648,321307308.0,yahoo
2025-04-09,0050.TW,37.10553609387307,37.5070043435824,35.28067366302685,35.57265090942383,300494796.0,yahoo
2025-04-10,0050.TW,39.12504959106445,39.12504959106445,39.12504959106445,39.12504959106445,22371068.0,yahoo
2025-04-11,0050.TW,38.26128300727313,40.03748321533203,37.79898600132413,40.03748321533203,189919436.0,yahoo
2025-04-14,0050.TW,40.998574428729846,41.04723668254603,39.781999519865465,39.83066177368164,175434800.0,yahoo
2025-04-15,0050.TW,39.91582553773292,40.26863153675518,39.73333929209808,40.23213577270508,73965868.0,yahoo
2025-04-16,0050.TW,39.85499177617911,39.85499177617911,39.27103363598327,39.5021858215332,98068248.0,yahoo
2025-04-17,0050.TW,39.24671049433484,39.24671049433484,38.79657625637,39.06422424316406,72955972.0,yahoo
2025-04-18,0050.TW,39.271037223124864,39.36836544506029,39.07638820463809,39.14937973022461,44335540.0,yahoo
2025-04-21,0050.TW,39.1128855826577,39.1128855826577,38.565426841998416,38.58975982666016,62867512.0,yahoo
2025-04-22,0050.TW,38.33427461789612,38.41943263056268,37.944969177246094,37.944969177246094,75640860.0,yahoo
2025-04-23,0050.TW,39.00339023386648,39.68467288891711,39.00339023386648,39.62384414672852,63235952.0,yahoo
2025-04-24,0050.TW,39.87932637277944,39.91582584980707,39.2467096105813,39.392696380615234,53776468.0,yahoo
2025-04-25,0050.TW,40.438951148501936,40.62143739349761,40.26863139571108,40.32946014404297,70563724.0,yahoo
2025-04-28,0050.TW,40.58493933583775,40.75525907900265,40.58493933583775,40.67009735107422,48371852.0,yahoo
2025-04-29,0050.TW,40.670097733878734,40.8769169535419,40.51194448074242,40.82825469970703,43388416.0,yahoo
2025-04-30,0050.TW,40.840417223711526,41.12022794059752,40.755255503254936,41.02290344238281,37552524.0,yahoo
2025-05-02,0050.TW,41.85017645668228,42.21514892578125,41.72851896698262,42.21514892578125,57160960.0,yahoo
2025-05-05,0050.TW,42.4827957869239,42.4827957869239,41.33921244323845,41.838008880615234,127935288.0,yahoo
2025-05-06,0050.TW,41.35138343709551,41.87451291382067,41.20539666495929,41.60686492919922,116316784.0,yahoo
2025-05-07,0050.TW,41.801513552665305,41.97183329305527,41.35137936270651,41.448707580566406,53137384.0,yahoo
2025-05-08,0050.TW,41.86234225027112,42.14215298683861,41.75285125390523,41.99616622924805,39311228.0,yahoo
2025-05-09,0050.TW,42.0204944940126,42.567953175438426,41.93533648229477,42.519290924072266,51888384.0,yahoo
2025-05-12,0050.TW,42.70178190190144,43.06675439678949,42.70178190190144,42.99375915527344,53767756.0,yahoo
2025-05-13,0050.TW,44.00351764723516,44.06434639504019,43.51688766479492,43.51688766479492,79922716.0,yahoo
2025-05-14,0050.TW,44.24683013566918,44.5023078918457,44.12517264694058,44.5023078918457,90203212.0,yahoo
2025-05-15,0050.TW,44.50230802670887,44.50230802670887,44.28332603141053,44.40498352050781,45677800.0,yahoo
2025-05-16,0050.TW,44.34415560863057,44.57530409971741,44.21033162557229,44.526641845703125,37815732.0,yahoo
2025-05-19,0050.TW,44.44147733619725,44.44147733619725,43.881855881007496,43.90618515014648,37940744.0,yahoo
2025-05-20,0050.TW,44.24682973314584,44.38064999937637,43.91835303149007,43.99134826660156,21364336.0,yahoo
2025-05-21,0050.TW,44.01567691600834,44.733459053012,44.01567691600834,44.672630310058594,54450212.0,yahoo
2025-05-22,0050.TW,44.29549564403607,44.29549564403607,43.9426896433327,44.18600463867188,33358772.0,yahoo
2025-05-23,0050.TW,44.4658141439056,44.4779806358678,43.84536018075456,44.003517150878906,26094416.0,yahoo
2025-05-26,0050.TW,43.95484924316406,44.161668459317525,43.86969122857116,43.95484924316406,55195720.0,yahoo
2025-05-27,0050.TW,43.95484583499683,43.95484583499683,43.31006267906493,43.56554412841797,48275072.0,yahoo
2025-05-28,0050.TW,44.0156812633972,44.12517598168149,43.38306450181389,43.63854598999024,32309448.0,yahoo
2025-05-29,0050.TW,44.16166775084007,44.21033000306846,43.62637555094401,43.73586654663086,36265824.0,yahoo
2025-06-02,0050.TW,43.31006957799861,43.32223607041852,42.6409533345183,42.79910659790039,70595756.0,yahoo
2025-06-03,0050.TW,43.188410326983416,43.50472055360678,43.06675283310459,43.103248596191406,28229464.0,yahoo
2025-06-04,0050.TW,43.62638040468547,44.11301040649414,43.589880926934455,44.11301040649414,45804932.0,yahoo
2025-06-05,0050.TW,44.2833276240624,44.44148088050008,44.1616701305897,44.19816589355469,40696376.0,yahoo
2025-06-06,0050.TW,44.25899744777225,44.38065494896205,44.16167293189733,44.27116394042969,32768028.0,yahoo
2025-06-09,0050.TW,44.62396902218358,44.78212599805256,44.53881100073925,44.696964263916016,52629020.0,yahoo
2025-06-10,0050.TW,44.98893605830751,45.96219592944616,44.98893605830751,45.9013671875,116037804.0,yahoo
2025-06-11,0050.TW,45.9013671875,45.9013671875,45.9013671875,45.9013671875,0.0,yahoo
2025-06-12,0050.TW,45.9013671875,45.9013671875,45.9013671875,45.9013671875,0.0,yahoo
2025-06-13,0050.TW,45.9013671875,45.9013671875,45.9013671875,45.9013671875,0.0,yahoo
2025-06-16,0050.TW,45.9013671875,45.9013671875,45.9013671875,45.9013671875,0.0,yahoo
2025-06-17,0050.TW,45.9013671875,45.9013671875,45.9013671875,45.9013671875,0.0,yahoo
2025-06-18,0050.TW,46.229849545195385,46.44396793115043,45.87947535461157,46.297977447509766,244697327.0,yahoo
2025-06-19,0050.TW,46.229847301956056,46.2785095565776,45.76268297474354,45.84054183959961,166284920.0,yahoo
2025-06-20,0050.TW,45.84053924158297,45.89893617143439,45.44150283599445,45.77241134643555,80561608.0,yahoo
2025-06-23,0050.TW,45.29552064028376,45.412310799052,45.04247096481167,45.392845153808594,101938627.0,yahoo
2025-06-24,0050.TW,46.03519389898892,46.22011566162109,46.03519389898892,46.22011566162109,54574616.0,yahoo
2025-06-25,0050.TW,46.61915480439396,46.89166641235352,46.60942012542843,46.89166641235352,77814637.0,yahoo
2025-06-26,0050.TW,47.00845501919231,47.154445497318,46.88193018566285,46.9500617980957,77281242.0,yahoo
2025-06-27,0050.TW,47.02791868573628,47.07658093883401,46.71647581068043,46.998722076416016,94190611.0,yahoo
2025-06-30,0050.TW,47.07658353565963,47.125245791441664,46.950062413164765,47.06685256958008,59086358.0,yahoo
2025-07-01,0050.TW,47.08631335189709,47.83572389416472,47.08631335189709,47.33935928344727,74674904.0,yahoo
2025-07-02,0050.TW,47.27123562722263,47.44642271580405,47.08631757269429,47.349098205566406,75071035.0,yahoo
2025-07-03,0050.TW,48.03037916787986,48.273694166121786,47.94278562000508,48.00118255615234,61179330.0,yahoo
2025-07-04,0050.TW,48.07904332307697,48.166636867645785,47.52428544503849,47.55348205566406,73712387.0,yahoo
2025-07-07,0050.TW,47.51454757771052,47.51454757771052,47.14470777960712,47.27123260498047,78503277.0,yahoo
2025-07-08,0050.TW,47.15444568552783,47.21283890685751,46.92086166213283,47.0571174621582,50214875.0,yahoo
2025-07-09,0050.TW,47.05711697451324,47.68000645954763,46.97925810931647,47.54374694824219,38540142.0,yahoo
2025-07-10,0050.TW,47.689739190050446,48.147172570343045,47.68000822380031,48.088775634765625,53089295.0,yahoo
2025-07-11,0050.TW,48.04011352198779,48.302894163834765,47.96225094098474,48.29315948486328,44752569.0,yahoo
2025-07-14,0050.TW,48.2639597956161,48.2639597956161,47.89411998482014,48.01091384887695,62300823.0,yahoo
2025-07-15,0050.TW,48.03037773779303,48.76032271078497,48.01091580568231,48.66299819946289,68008041.0,yahoo
2025-07-16,0050.TW,48.80898832497718,49.344280558748736,48.80898832497718,49.05230331420898,90231230.0,yahoo
2025-07-17,0050.TW,49.24695202023489,49.44160475291288,48.95497477756395,49.34428024291992,88235423.0,yahoo
2025-07-18,0050.TW,50.02556412325769,50.220213147805055,49.928235898291845,50.07422637939453,105861549.0,yahoo
2025-07-21,0050.TW,50.08402489856565,50.08402489856565,49.74098511743497,49.88800430297852,75792981.0,yahoo
2025-07-22,0050.TW,49.888003536687314,50.28004846069288,49.44694972568455,49.544960021972656,88841474.0,yahoo
2025-07-23,0050.TW,49.59396822810227,49.83899772278431,49.54496307693654,49.69198226928711,63766890.0,yahoo
2025-07-24,0050.TW,49.98601531982422,50.08402561902767,49.789990982564056,49.98601531982422,79659820.0,yahoo
2025-07-25,0050.TW,49.98601460077208,50.08402489856565,49.78999026633175,49.88800430297852,38620389.0,yahoo
2025-07-28,0050.TW,50.18203810400679,50.37806243520021,49.88800347664322,50.03501892089844,52312766.0,yahoo
2025-07-29,0050.TW,50.035018251992334,50.035018251992334,49.250924676554135,49.44694900512695,102624231.0,yahoo
2025-07-30,0050.TW,49.789990982564056,50.08402561902767,49.64297553375888,49.98601531982422,82807206.0,yahoo
2025-07-31,0050.TW,50.08402779127008,50.57408678624866,50.08402779127008,50.52508163452149,81565859.0,yahoo
2025-08-01,0050.TW,49.789987903691326,50.18203655396845,49.642972463977166,50.084022521972656,98235777.0,yahoo
2025-08-04,0050.TW,49.64297402709229,49.78998947143555,49.397944547667066,49.78998947143555,85556033.0,yahoo
2025-08-05,0050.TW,50.231042474818366,50.42706680297852,50.03501814665822,50.42706680297852,46655329.0,yahoo
2025-08-06,0050.TW,50.08402561902767,50.08402561902767,49.83899613216578,49.98601531982422,48326240.0,yahoo
2025-08-07,0050.TW,50.62309478514348,51.55420386811931,50.62309478514348,51.407188415527344,125733157.0,yahoo
2025-08-08,0050.TW,51.50519871725532,51.55420386811931,51.26016922408203,51.407188415527344,59604000.0,yahoo
2025-08-11,0050.TW,51.30917350487372,52.04426197192838,51.015138865822514,51.79923248291016,71600855.0,yahoo
2025-08-12,0050.TW,51.79923101118781,51.94625019596294,51.50519638049073,51.84823989868164,57519835.0,yahoo
2025-08-13,0050.TW,52.09326698160372,52.33829645237542,51.89724265721576,52.28928756713867,75956144.0,yahoo
2025-08-14,0050.TW,52.14227449675453,52.240284793974496,51.8972450148514,52.09326934814453,57038858.0,yahoo
2025-08-15,0050.TW,52.09326934814453,52.240284793974496,51.75022583016826,52.09326934814453,52736409.0,yahoo
2025-08-18,0050.TW,51.89724798202566,52.28929293217353,51.75022878893684,52.24028778076172,46297216.0,yahoo
2025-08-19,0050.TW,52.24028706539751,52.24028706539751,51.99525757284044,52.142276763916016,29425841.0,yahoo
2025-08-20,0050.TW,51.50519497312784,51.55420012042944,50.47607192438193,50.672096252441406,223798736.0,yahoo
2025-08-21,0050.TW,50.72110363153311,51.06414341659156,50.72110363153311,50.96613311767578,73508730.0,yahoo
2025-08-22,0050.TW,51.01513830402609,51.06414345351941,50.62309336922624,50.72110366821289,44549133.0,yahoo
2025-08-25,0050.TW,51.40718837202429,51.89724735795617,51.30917433152591,51.65221786499024,62750061.0,yahoo
2025-08-26,0050.TW,51.50519332956298,51.79922794284281,51.26016386202095,51.70121765136719,40863870.0,yahoo
2025-08-27,0050.TW,51.946250915527344,52.093270102339,51.8482406168884,51.946250915527344,90133682.0,yahoo
2025-08-28,0050.TW,51.75022665178293,51.8482406894122,51.45619201660156,51.45619201660156,59176066.0,yahoo
2025-08-29,0050.TW,51.75022665178293,51.897245838800224,51.45619201660156,51.45619201660156,36369305.0,yahoo
2025-09-01,0050.TW,51.11315230490269,51.40718694050324,50.72110363153311,50.96613311767578,76529981.0,yahoo
2025-09-02,0050.TW,51.26016775327634,51.45619208996113,50.9171279682179,50.96613311767578,33217612.0,yahoo
2025-09-03,0050.TW,50.86812055462762,51.16215517714074,50.72110137394452,50.9171257019043,39472404.0,yahoo
2025-09-04,0050.TW,51.50519564677877,51.65221482945956,51.21116102027034,51.26016616821289,37461241.0,yahoo
2025-09-05,0050.TW,51.6522170328112,51.84824137179643,51.60321188277821,51.79923248291016,37395300.0,yahoo
2025-09-08,0050.TW,52.33829645237542,52.48531189152663,52.1912772743712,52.28928756713867,59980892.0,yahoo
2025-09-09,0050.TW,52.48531417918889,52.87736284505292,52.43630903066918,52.8283576965332,56315324.0,yahoo
2025-09-10,0050.TW,53.31841877732069,53.90648806062252,53.31841877732069,53.85748291015625,73272121.0,yahoo
2025-09-11,0050.TW,54.44555210986408,54.78859564030788,54.15151746866462,54.34754180908203,84750243.0,yahoo
2025-09-12,0050.TW,54.64157482555935,54.88660430908203,54.592569676625445,54.88660430908203,57457218.0,yahoo
2025-09-15,0050.TW,54.88660430908203,54.935609458015925,54.69057997449324,54.88660430908203,52544684.0,yahoo
2025-09-16,0050.TW,55.033627168003605,55.71970677657754,55.033627168003605,55.62169647216797,63314427.0,yahoo
2025-09-17,0050.TW,55.474674261952,55.474674261952,55.13163447630738,55.22964477539063,66204045.0,yahoo
2025-09-18,0050.TW,55.37666467659372,55.817718505859375,55.13163518687428,55.817718505859375,44089588.0,yahoo
2025-09-19,0050.TW,55.8667221069336,55.964732404562376,55.47467343871208,55.8667221069336,71674519.0,yahoo
2025-09-22,0050.TW,55.86672132627052,56.25876998901367,55.62169184676933,56.25876998901367,56355369.0,yahoo
2025-09-23,0050.TW,56.69982218647754,57.43491065253656,56.69982218647754,57.28789520263672,89181458.0,yahoo
2025-09-24,0050.TW,57.53292624817207,57.77795574348894,56.944853216099546,57.2388916015625,90579906.0,yahoo
2025-09-25,0050.TW,57.18987737864594,57.2388862642221,56.84683761273102,57.04286193847656,56318217.0,yahoo
2025-09-26,0050.TW,56.748829707163225,56.748829707163225,55.71970288840877,56.11175155639648,158564436.0,yahoo
2025-09-30,0050.TW,56.40578837879762,56.7488319113242,56.40578837879762,56.65081787109375,62389962.0,yahoo
2025-10-01,0050.TW,56.74883032435829,57.5819290793264,56.74883032435829,56.94485092163086,74531798.0,yahoo
2025-10-02,0050.TW,57.8269592127032,58.07198870089262,57.67994002424824,58.02298355102539,72057003.0,yahoo
2025-10-03,0050.TW,58.02298414345095,58.90508806662734,57.87596495349489,58.856082916259766,73601535.0,yahoo
2025-10-07,0050.TW,59.78719473534688,60.4732780456543,59.68918443624007,60.4732780456543,132381054.0,yahoo
2025-10-08,0050.TW,59.78719254882032,59.93421173095703,59.39514388902452,59.93421173095703,112448112.0,yahoo
2025-10-09,0050.TW,60.62029269751089,60.71830673418264,60.27725291629278,60.37526321411133,72911291.0,yahoo
2025-10-13,0050.TW,58.70906507866514,59.78719329833984,58.41502671070553,59.78719329833984,261787970.0,yahoo
2025-10-14,0050.TW,60.62029364575992,60.91433202152144,59.444155098126906,59.493160247802734,157148588.0,yahoo
2025-10-15,0050.TW,59.787195443794666,60.5712890625,59.39514676501535,60.5712890625,97216134.0,yahoo
2025-10-16,0050.TW,60.86532127144395,61.74742889404297,60.86532127144395,61.74742889404297,112923095.0,yahoo
2025-10-17,0050.TW,60.81631851196289,61.06134800132524,60.66930306165746,60.81631851196289,157583768.0,yahoo
2025-10-20,0050.TW,61.110351463110185,61.94345394723772,60.91433086811848,61.84543991088867,102880277.0,yahoo
2025-10-21,0050.TW,62.13947907879299,62.384508564531366,61.79643555544733,61.94345474243164,124931191.0,yahoo
2025-10-22,0050.TW,61.35538180578285,61.6004112918105,61.01234202088544,61.45339584350586,116660310.0,yahoo
2025-10-23,0050.TW,60.86532207950865,61.15936045018082,60.52228229886205,61.1103515625,161355781.0,yahoo
2025-10-27,0050.TW,62.4825195083202,62.62953869682226,62.18848487016935,62.531524658203125,102297434.0,yahoo
2025-10-28,0050.TW,62.28649752083243,62.433516714883474,61.94345771985119,62.09047317504883,93730892.0,yahoo
2025-10-29,0050.TW,62.43351506597588,63.16859980025684,62.43351506597588,63.11959838867188,65206490.0,yahoo
2025-10-30,0050.TW,63.31561899042503,63.511647069884816,62.72754970745893,63.11959838867188,91073965.0,yahoo
2025-10-31,0050.TW,63.31561966324998,63.51164774479287,63.11959905941381,63.46263885498047,53629924.0,yahoo
2025-11-03,0050.TW,63.16859984203317,63.51164711188802,62.62953944800217,62.87456893920898,130638786.0,yahoo
2025-11-04,0050.TW,63.217603363232726,63.560643126251705,62.5805252446512,62.67853927612305,83118781.0,yahoo
2025-11-05,0050.TW,61.69842299747665,61.89444732666016,61.06134486234353,61.89444732666016,210997899.0,yahoo
2025-11-06,0050.TW,62.09047090922158,62.23749009790755,61.89445030944465,62.041465759277344,65559913.0,yahoo
2025-11-07,0050.TW,61.40438762902196,61.50239792299946,61.15935815522515,61.306373596191406,102458588.0,yahoo
2025-11-10,0050.TW,61.551409028284,62.09047317504883,61.3553846825004,62.09047317504883,80256746.0,yahoo
2025-11-11,0050.TW,62.38450630782114,62.433511455425446,61.60040899073986,61.64941787719727,75382949.0,yahoo
2025-11-12,0050.TW,61.69842525669327,62.041465041185695,61.50240092033192,61.94345474243164,59822193.0,yahoo
2025-11-13,0050.TW,61.55140384313555,61.69842302480157,61.35537951386523,61.64941787719727,74963633.0,yahoo
2025-11-14,0050.TW,60.424272896100895,60.66930238272117,60.17924340948062,60.4732780456543,204108022.0,yahoo
2025-11-17,0050.TW,60.7673141955913,60.96333853754129,60.5712898536413,60.66930389404297,86927813.0,yahoo
2025-11-18,0050.TW,60.08122955991986,60.08122955991986,59.101111610365365,59.24813079833984,240526230.0,yahoo
2025-11-19,0050.TW,58.95409695584824,59.29713674727462,58.70906746515702,58.856082916259766,138705085.0,yahoo
2025-11-20,0050.TW,60.32626036091714,60.71830904481713,60.130236018967146,60.66930389404297,81330710.0,yahoo
2025-11-21,0050.TW,58.90508655226296,58.95409544022391,58.31701728526377,58.66005706787109,299502200.0,yahoo
2025-11-24,0050.TW,58.90508814984557,58.90508814984557,58.26801371646036,58.366024017333984,153617414.0,yahoo
2025-11-25,0050.TW,59.493159487852274,59.54216463690212,58.9050864826944,59.15011596679688,61913501.0,yahoo
2025-11-26,0050.TW,59.88520428111058,60.27725295031243,59.78719398323672,60.13023376464844,73622900.0,yahoo
2025-11-27,0050.TW,60.5712898536413,60.86532449713962,60.42427440131881,60.66930389404297,52209933.0,yahoo
2025-11-28,0050.TW,60.71830663302576,61.15936045018082,60.62029259651731,61.1103515625,66700125.0,yahoo
2025-12-01,0050.TW,60.57128682606702,60.7183060098943,60.17924190061621,60.277252197265625,96548521.0,yahoo
2025-12-02,0050.TW,60.57128834476111,60.96333701889485,60.424272896100895,60.4732780456543,41397425.0,yahoo
2025-12-03,0050.TW,61.15935817959814,61.2573684736147,60.86531981984234,61.06134414672852,44855416.0,yahoo
2025-12-04,0050.TW,61.159361281408,61.25737158039533,60.76731260775217,60.96333694458008,38785824.0,yahoo
2025-12-05,0050.TW,61.20836861297976,61.502403259277344,61.11035457164498,61.502403259277344,45051403.0,yahoo
2025-12-08,0050.TW,61.74743033431659,62.43351364135742,61.69842518499651,62.43351364135742,76124318.0,yahoo
2025-12-09,0050.TW,62.53152314345099,62.58052829214683,62.28649366111862,62.33549880981445,48271330.0,yahoo
2025-12-10,0050.TW,62.43351439527383,62.92356963324553,62.38450924536198,62.77655792236328,64151249.0,yahoo
2025-12-11,0050.TW,63.02158975223426,63.217610359164446,61.94345771985119,62.09047317504883,94638653.0,yahoo
2025-12-12,0050.TW,62.286494490591416,62.53152397618686,62.04146500499597,62.18848419189453,57687594.0,yahoo
2025-12-15,0050.TW,61.257368424984975,61.60040819262368,61.15935813104623,61.5514030456543,105905436.0,yahoo
2025-12-16,0050.TW,60.86532136205122,61.0123405456543,60.47327643719826,61.0123405456543,155552766.0,yahoo
2025-12-17,0050.TW,60.914333386767126,61.20836803026545,60.62029500441546,60.66930389404297,89657544.0,yahoo
2025-12-18,0050.TW,60.5712898536413,60.86532449713962,60.32626036091714,60.66930389404297,112535790.0,yahoo
2025-12-19,0050.TW,61.1593635072601,61.50240330505371,61.110354617129545,61.25737380981445,79433169.0,yahoo
2025-12-22,0050.TW,62.04146274214781,62.18848192368412,61.79643326548936,62.13947677612305,91596850.0,yahoo
2025-12-23,0050.TW,62.23748930522386,62.531523939997584,62.23748930522386,62.43351364135742,100327038.0,yahoo
2025-12-24,0050.TW,62.67854229547073,62.7765563316641,62.48251796193715,62.580528259277344,62393202.0,yahoo
2025-12-26,0050.TW,62.92357030921208,63.21760868954845,62.82556000833551,63.11959838867188,68362335.0,yahoo
2025-12-29,0050.TW,63.364624685883946,64.05070423514545,63.31561579906258,63.95269393920898,83563905.0,yahoo
2025-12-30,0050.TW,63.60965724649447,64.00170592694151,63.4626380566135,63.85468673706055,58116367.0,yahoo
2025-12-31,0050.TW,63.805679228478894,64.54076771608281,63.60965862286723,64.29573822021484,69494353.0,yahoo
2026-01-02,0050.TW,64.68778738431979,65.6679053749913,64.49176677726823,65.618896484375,77878570.0,yahoo
2026-01-05,0050.TW,66.74602801385905,68.65726242035547,66.69702660510141,68.11819458007812,225924687.0,yahoo
2026-01-06,0050.TW,68.06918863665409,69.00030517578125,67.57912966165239,69.00030517578125,125256215.0,yahoo
2026-01-07,0050.TW,69.00030289213008,69.04930430138457,68.31421586321069,68.46123504638672,113869755.0,yahoo
2026-01-08,0050.TW,68.26521821442927,68.95129780343592,68.02018872154022,68.70626831054688,71394567.0,yahoo
2026-01-09,0050.TW,68.41223363713223,68.85328370895405,67.53012601578232,68.46123504638672,106682469.0,yahoo
2026-01-12,0050.TW,69.09832077402297,69.14732966636399,68.65727065378226,68.95130157470703,80365400.0,yahoo
2026-01-13,0050.TW,69.68638307775757,69.7843933748651,68.90229322319097,69.2943344116211,99445355.0,yahoo
2026-01-14,0050.TW,69.53936624292831,69.68638543241045,69.24533534167061,69.34334564208984,82266008.0,yahoo
2026-01-15,0050.TW,69.29433221869674,69.29433221869674,68.75527186281151,69.24533081054688,89452635.0,yahoo
2026-01-16,0050.TW,70.32346720165677,70.66650700953808,69.78439930519542,70.56849670410156,97268614.0,yahoo
2026-01-19,0050.TW,70.27445514061729,71.35259088491469,70.02942564922364,71.15656280517578,116848644.0,yahoo
2026-01-20,0050.TW,70.47048322035621,71.20557169453717,70.42147433099481,71.15656280517578,104977401.0,yahoo
2026-01-21,0050.TW,70.37246923300195,71.05854878188245,70.27445145941367,70.42147064208984,161269608.0,yahoo
2026-01-22,0050.TW,71.4651239322988,71.61421819390478,71.16693540908683,71.36573028564453,96360058.0,yahoo
2026-01-23,0050.TW,71.6639092824757,71.86270415364316,71.36572835059792,71.81300354003906,68701320.0,yahoo
2026-01-26,0050.TW,71.81300354003906,72.21058569912505,71.76330292643496,71.81300354003906,84082813.0,yahoo
2026-01-27,0050.TW,71.96209947995145,72.70756320194697,71.91239886518542,72.60816955566406,70421120.0,yahoo
2026-01-28,0050.TW,73.10514297305818,73.75120544433594,73.05544235992194,73.75120544433594,87294077.0,yahoo
2026-01-29,0050.TW,73.95000226148562,74.04939590712725,73.05544428421278,73.3039321899414,111905919.0,yahoo
2026-01-30,0050.TW,72.70756511569385,72.75725814851873,71.8627077251778,72.160888671875,159055585.0,yahoo
2026-02-02,0050.TW,71.11724364562318,71.31603094247671,70.47117355597527,71.06754302978516,211262670.0,yahoo
2026-02-03,0050.TW,72.55846678760747,72.60816740089855,71.96209734435911,72.5087661743164,70926930.0,yahoo
2026-02-04,0050.TW,71.96210010872831,72.70756383723742,71.86270646157693,72.45907592773438,56597222.0,yahoo
2026-02-05,0050.TW,71.61421477273365,71.81300205654568,71.31602626376682,71.56451416015625,95746290.0,yahoo
2026-02-06,0050.TW,70.96815020643669,71.81300760276046,70.3717807256934,71.46512603759766,102980565.0,yahoo
2026-02-09,0050.TW,73.60211728872316,73.70151092974449,73.30392878241048,73.50271606445312,118533745.0,yahoo
2026-02-10,0050.TW,74.19849282661792,75.04335021972656,74.1487922103912,75.04335021972656,98559015.0,yahoo
2026-02-11,0050.TW,75.44093017607621,76.98155065145099,75.44093017607621,76.73306274414062,114028587.0,yahoo
2026-02-23,0050.TW,77.9754988630584,77.9754988630584,76.7330593809622,76.93185424804688,212974781.0,yahoo
2026-02-24,0050.TW,77.47852723113378,79.1682495674789,77.379133583878,78.91976165771484,143721014.0,yahoo
2026-02-25,0050.TW,79.86401047344724,81.3052448601812,79.76461682893948,80.6094741821289,158561421.0,yahoo
2026-02-26,0050.TW,80.7585656992394,81.0070535936986,80.31129052251234,80.65917205810547,123812672.0,yahoo
2026-03-02,0050.TW,79.01915628485037,80.31129646494638,78.6712747235166,79.864013671875,204278933.0,yahoo
2026-03-03,0050.TW,79.56582939603055,79.91371094280306,78.17429562569153,78.27368927001953,288356288.0,yahoo
2026-03-04,0050.TW,76.93185422936884,76.98154725869135,75.04334470039134,75.14273834228516,455564304.0,yahoo
2026-03-05,0050.TW,77.8264121918059,78.37308101397896,76.23608358812372,76.93185424804688,194777972.0,yahoo
2026-03-06,0050.TW,76.33548458311995,76.83246037445993,75.83850879177997,76.38517761230469,139697065.0,yahoo
2026-03-09,0050.TW,72.70756336113477,73.15483856201172,71.21663591387944,73.15483856201172,493890200.0,yahoo
2026-03-10,0050.TW,75.44092598624954,75.78880752051363,73.85060498443605,74.74515533447266,164247105.0,yahoo
2026-03-11,0050.TW,75.8385106475722,78.0252011496776,75.63971577622239,77.72701263427734,147508364.0,yahoo
2026-03-12,0050.TW,76.63367169326854,77.13064752472066,75.88820794609033,76.1366958618164,120680192.0,yahoo
2026-03-13,0050.TW,74.69546671786998,76.08700052037088,74.54637245630752,75.4906234741211,105970280.0,yahoo
2026-03-16,0050.TW,75.83850900203939,76.2360835696146,74.99364408782004,75.14273834228516,97649824.0,yahoo
2026-03-17,0050.TW,75.98759886241325,76.53427529064608,75.83851218493986,76.18639373779297,61503521.0,yahoo
2026-03-18,0050.TW,77.27973664272527,77.57792515503212,76.98154813041842,77.32943725585938,72305179.0,yahoo
2026-03-19,0050.TW,76.13669079147496,76.33548566076665,75.49062073696251,75.54032135009766,128778782.0,yahoo
2026-03-20,0050.TW,75.73910651887319,75.9379013826076,75.04334345392434,75.44092559814453,67265037.0,yahoo
2026-03-23,0050.TW,73.0554472027403,73.99969824893175,72.85665990351558,73.80091094970703,210502502.0,yahoo
2026-03-24,0050.TW,75.04334988043692,75.14274352919162,73.35363510185927,73.95000457763672,83942753.0,yahoo
2026-03-25,0050.TW,75.88820711846343,76.18639564738245,75.54032555689076,75.7391128540039,91456088.0,yahoo
2026-03-26,0050.TW,75.83851329644534,76.38518214944116,75.14274259729265,75.34153747558594,76157584.0,yahoo
2026-03-27,0050.TW,73.99969503595494,74.64576510525774,73.65181348579159,74.54637145996094,106078935.0,yahoo
2026-03-30,0050.TW,72.85665636590475,73.60212007667492,72.35968055872463,73.4530258178711,158608942.0,yahoo
2026-03-31,0050.TW,72.90635092721875,73.00574457409158,71.71361199824655,71.91239929199219,231400782.0,yahoo
2026-04-01,0050.TW,74.54636953047218,75.14273897006619,74.14878737632655,74.99364471435547,126562159.0,yahoo
2026-04-02,0050.TW,75.44092618898813,75.59002044214446,73.35362939454551,73.50271606445312,105707506.0,yahoo
2026-04-07,0050.TW,74.6954644587671,74.9936453896246,74.19848865742235,74.84455871582031,76885542.0,yahoo
2026-04-08,0050.TW,77.6276172972067,78.77066313697982,77.6276172972067,78.72096252441406,227364928.0,yahoo
2026-04-09,0050.TW,78.82036653755421,78.91976018295263,78.323390727313,78.67127227783203,92049631.0,yahoo
2026-04-10,0050.TW,79.51613293343654,80.31129729607065,79.46643231705339,80.2615966796875,115520077.0,yahoo
2026-04-13,0050.TW,80.11249542236328,80.5100775689833,79.91370814067761,80.11249542236328,87581345.0,yahoo
2026-04-14,0050.TW,81.25554836480772,82.69677524134248,81.25554836480772,82.59738159179688,123920345.0,yahoo
2026-04-15,0050.TW,83.5913287441939,84.58528035252736,83.29314781164324,83.64102935791016,122414906.0,yahoo
2026-04-16,0050.TW,84.23739772123449,84.5852792630205,83.64102828056579,84.48588562011719,76987129.0,yahoo
2026-04-17,0050.TW,83.69072238837745,83.98891090417708,83.49193510001035,83.64102935791016,93304532.0,yahoo
2026-04-20,0050.TW,84.03861236572266,84.58528120587178,83.93921113728732,84.03861236572266,95994589.0,yahoo
2026-04-21,0050.TW,84.9828597224036,85.57922915117423,84.48588393455329,85.4798355102539,71987659.0,yahoo
2026-04-22,0050.TW,85.2313511883257,86.07620854642899,85.03256389815401,85.82772064208984,64147874.0,yahoo
2026-04-23,0050.TW,87.119860777953,88.26290665456285,84.63498173456158,85.82772064208984,148310644.0,yahoo
2026-04-24,0050.TW,87.0701600433125,89.40594482421875,87.02046701246284,89.40594482421875,125117290.0,yahoo
2026-04-27,0050.TW,92.13931148282944,93.67993951612902,92.13931148282944,92.4375,183173507.0,yahoo
2026-04-28,0050.TW,91.99022654055888,93.08357181870088,91.34415646335022,91.44355010986328,114706934.0,yahoo
2026-04-29,0050.TW,90.15141022481414,90.94657456579289,89.45564711389463,90.20111083984376,93857452.0,yahoo
2026-04-30,0050.TW,90.69808517371752,91.3441552422897,89.75383416959212,89.95262145996094,82229228.0,yahoo
2026-05-04,0050.TW,91.94052745731229,94.07752501756454,91.84113380914344,94.02782440185548,120393477.0,yahoo
2026-05-05,0050.TW,93.82903710551774,94.1769186657334,93.43145492959304,94.02782440185548,76579608.0,yahoo
2026-05-06,0050.TW,95.46905644017689,96.31391380323392,94.12721568227845,95.17086791992188,105507530.0,yahoo
2026-05-07,0050.TW,97.35755772815304,97.80484050518416,96.810888889447,97.10906982421876,110289613.0,yahoo
2026-05-08,0050.TW,96.7611887404718,97.10907029100218,95.2702613096995,96.4133071899414,117639791.0,yahoo
2026-05-11,0050.TW,96.06542353829444,96.56239933768214,95.91632928182834,96.31391143798828,88544547.0,yahoo
2026-05-12,0050.TW,96.26421356201172,96.76118937553088,94.9223803821598,96.26421356201172,94676481.0,yahoo
2026-05-13,0050.TW,94.27630847835236,95.22056705566338,94.1272142205402,94.92237854003906,113598688.0,yahoo
2026-05-14,0050.TW,96.31391252764898,96.6120934607058,95.17086665947546,95.46905517578124,53565899.0,yahoo
2026-05-15,0050.TW,97.05937385580847,97.6557432905514,94.62418792100576,94.82298278808594,90487261.0,yahoo
2026-05-18,0050.TW,93.4314536697588,94.62419259820076,92.7356905587092,94.32601165771484,105172915.0,yahoo
2026-05-19,0050.TW,93.77933529637582,94.12721685216437,92.53689575195312,92.53689575195312,116385289.0,yahoo
2026-05-20,0050.TW,92.43749703072211,92.93447282120988,91.8908206278861,91.94052124023438,108931614.0,yahoo
2026-05-21,0050.TW,94.22661899440722,95.46905855085642,94.12721776329188,95.270263671875,59494294.0,yahoo
2026-05-22,0050.TW,95.71754283827252,96.71149444580078,95.41935432271444,96.71149444580078,60917271.0,yahoo
2026-05-25,0050.TW,98.94788339380052,100.38911015982522,98.94788339380052,100.19032287597656,124114624.0,yahoo
2026-05-26,0050.TW,100.98547999685444,101.18427486474371,99.49455261230467,99.49455261230467,87695026.0,yahoo
2026-05-27,0050.TW,101.78064664722145,103.27157406612628,101.38306448553034,101.92974090576172,90102044.0,yahoo
2026-05-28,0050.TW,103.3709662138526,103.61945411340514,99.49455346418335,99.8921356201172,140421329.0,yahoo
2026-05-29,0050.TW,102.57580641540852,104.76250457763672,102.0788305944361,104.76250457763672,98892043.0,yahoo
2026-06-01,0050.TW,104.61340480280148,106.05463157438616,103.86794111062,104.86189270019533,127067000.0,yahoo
2026-06-02,0050.TW,105.65706124839662,105.65706124839662,103.5697567598622,105.06068420410156,107794552.0,yahoo
2026-06-03,0050.TW,106.65101491721634,107.1976837739411,106.45222003756705,106.9491958618164,75111550.0,yahoo
2026-06-04,0050.TW,106.1043372928765,106.35282520222748,105.40857417999338,105.45826721191406,108491104.0,yahoo
2026-06-05,0050.TW,104.3649226889253,104.7128042479052,102.17823210398086,103.5200653076172,164564140.0,yahoo
2026-06-08,0050.TW,97.45696277201242,100.6873056496342,97.45696277201242,100.33941650390624,320685641.0,yahoo
2026-06-09,0050.TW,101.48245913189147,102.97338656551354,100.73699541508044,102.87399291992188,89392847.0,yahoo
2026-06-10,0050.TW,101.9794309446774,102.32731248223295,99.59394562776268,99.64364624023438,166445287.0,yahoo
2026-06-11,0050.TW,99.39516512615548,99.94184156764906,97.0096796464779,99.2460708618164,248828975.0,yahoo
2026-06-12,0050.TW,102.6255065558914,103.122482374564,100.93579180570424,101.33336639404295,73401960.0,yahoo
2026-06-15,0050.TW,104.46431668586044,104.8618988617016,103.66915991742744,104.61341094970705,95906242.0,yahoo
2026-06-16,0050.TW,105.4085699643054,105.4085699643054,104.21582349717356,105.2594757080078,67088029.0,yahoo
2026-06-17,0050.TW,104.36491984241414,105.35887145996094,103.86794403364074,105.35887145996094,75416209.0,yahoo
2026-06-18,0050.TW,106.35282009575351,106.80009527780996,106.0049385560153,106.65100860595705,74587200.0,yahoo
2026-06-22,0050.TW,108.78799989325788,110.52741519815945,108.78799989325788,110.47772216796876,110460961.0,yahoo
2026-06-23,0050.TW,111.32258404062304,111.62077256688868,109.384381369644,109.43407440185548,120564830.0,yahoo
2026-06-24,0050.TW,107.34677231758076,107.4461659604843,105.5079633824942,106.50191497802734,208531754.0,yahoo
2026-06-25,0050.TW,107.3467771998954,107.39647781523207,105.70675547602494,106.5516128540039,89454929.0,yahoo
2026-06-26,0050.TW,104.7625016581747,105.20977685128578,102.17822897778498,102.47640991210938,251693794.0,yahoo
2026-06-29,0050.TW,102.7248996554794,104.71280291957478,102.67520662382653,103.81824493408205,101519378.0,yahoo
2026-06-30,0050.TW,106.20372877944854,107.5952625601558,106.10433513437997,107.14798736572266,103816325.0,yahoo
2026-07-01,0050.TW,109.13588903346854,109.2849757073068,107.94314256002008,108.68860626220705,72216950.0,yahoo
2026-07-02,0050.TW,106.55160862716376,108.29102392945678,106.25342769672004,108.14193725585938,67727796.0,yahoo
2026-07-03,0050.TW,105.50796584417763,108.14193915044544,105.45826522994184,107.69465637207033,76733905.0,yahoo
2026-07-06,0050.TW,108.3904249328264,108.93709376247118,107.0485842072235,107.5952606201172,70136815.0,yahoo
2026-07-07,0050.TW,107.8934476267239,108.39042341941588,105.20977379623804,105.55765533447266,111060971.0,yahoo
2026-07-08,0050.TW,105.75645087639217,105.955238161438,104.4146177442106,105.4085693359375,86877553.0,yahoo
2026-07-09,0050.TW,105.70675644290688,106.35282653194704,104.81219844140884,105.16008758544922,51733962.0,yahoo
2026-07-10,0050.TW,105.16008758544922,105.16008758544922,105.16008758544922,105.16008758544922,0.0,yahoo
2026-07-13,0050.TW,106.35282307750774,106.89949950045808,105.06068294139727,105.35887145996094,65558453.0,yahoo
2026-07-14,0050.TW,104.86189228566646,104.86189228566646,101.63154963231652,103.76854705810548,225466504.0,yahoo
2026-07-15,0050.TW,104.6631071101522,105.80614539007138,104.01703704981811,105.65705871582033,106147811.0,yahoo
2026-07-16,0050.TW,104.71280222771928,106.1043360200418,103.91764547728437,105.75645446777344,68042614.0,yahoo
2026-07-17,0050.TW,102.27762512369496,102.42671938612769,99.39516385524308,99.54425811767578,443467989.0,yahoo
2026-07-20,0050.TW,99.59395010222008,99.99153227010952,97.70544807543128,98.5999984741211,335645366.0,yahoo
2026-07-21,0050.TW,100.0,102.5,99.8499984741211,102.5,91004977.0,yahoo
2026-07-22,0050.TW,104.5,104.8000030517578,103.3000030517578,103.8499984741211,103568792.0,yahoo
2026-07-23,0050.TW,104.25,104.8000030517578,102.9000015258789,103.9000015258789,51221177.0,yahoo
2026-07-24,0050.TW,102.5500030517578,103.0500030517578,101.3000030517578,101.6999969482422,94377095.0,yahoo
2026-07-27,0050.TW,101.3000030517578,101.5999984741211,100.0500030517578,101.4499969482422,100975462.0,yahoo
2026-07-28,0050.TW,98.3499984741211,98.3499984741211,96.9000015258789,97.1500015258789,403103877.0,yahoo
2026-07-29,0050.TW,96.9499969482422,97.0,91.8000030517578,93.6999969482422,481594751.0,yahoo
2026-07-30,0050.TW,93.4000015258789,96.0,92.0,93.5,277813661.0,yahoo
2026-07-31,0050.TW,100.0,102.8499984741211,99.8000030517578,102.8499984741211,335230300.0,yahoo
2026-08-03,0050.TW,102.0,102.6999969482422,101.0,102.0,162020882.0,yahoo
2026-08-04,0050.TW,100.6500015258789,102.25,99.75,100.6500015258789,114567629.0,yahoo
2026-08-05,0050.TW,103.75,104.75,102.9000015258789,103.8000030517578,162326921.0,yahoo
2026-08-06,0050.TW,103.25,103.6999969482422,102.5500030517578,103.3000030517578,75072269.0,yahoo
2026-08-07,0050.TW,103.8000030517578,104.0,102.0500030517578,102.8499984741211,64762811.0,yahoo
2026-08-10,0050.TW,103.9000015258789,104.75,103.5,104.25,77669272.0,yahoo
2026-08-11,0050.TW,104.0500030517578,104.8499984741211,103.4000015258789,104.5999984741211,64953565.0,yahoo
2026-08-12,0050.TW,105.0,105.25,104.4499969482422,105.1999969482422,58197041.0,yahoo
2026-08-13,0050.TW,106.5500030517578,107.0,106.1500015258789,106.6999969482422,84987116.0,yahoo
2026-08-14,0050.TW,107.0999984741211,107.5,106.0500030517578,106.4000015258789,77523902.0,yahoo
2026-08-17,0050.TW,106.4000015258789,106.9499969482422,106.0,106.4499969482422,54027248.0,yahoo
2026-08-18,0050.TW,106.4499969482422,106.4499969482422,104.8499984741211,104.9000015258789,58726823.0,yahoo
2026-08-19,0050.TW,103.0500030517578,103.8499984741211,102.6999969482422,103.0999984741211,90920782.0,yahoo
2026-08-20,0050.TW,104.1999969482422,104.25,102.9499969482422,103.8000030517578,40117137.0,yahoo
2026-08-21,0050.TW,103.8000030517578,104.8000030517578,103.1999969482422,104.6500015258789,39048145.0,yahoo
2026-08-24,0050.TW,104.6500015258789,104.8000030517578,103.8000030517578,103.8000030517578,40662714.0,yahoo
2026-08-25,0050.TW,102.9000015258789,104.4000015258789,102.4000015258789,104.4000015258789,55019407.0,yahoo
2026-08-26,0050.TW,104.0999984741211,106.0500030517578,103.5,105.9000015258789,84991710.0,yahoo
2026-08-27,0050.TW,106.5,107.0,105.9000015258789,106.0500030517578,64989695.0,yahoo
2026-08-28,0050.TW,107.0999984741211,107.3499984741211,106.6999969482422,106.9499969482422,74083764.0,yahoo
2026-08-31,0050.TW,105.5999984741211,106.25,105.0,106.25,63750315.0,yahoo
2026-09-01,0050.TW,106.5,108.6999969482422,106.5,108.4499969482422,105037149.0,yahoo
2026-09-02,0050.TW,107.5,107.8499984741211,106.6500015258789,106.8000030517578,61574987.0,yahoo
2026-09-03,0050.TW,106.9000015258789,107.4000015258789,106.1500015258789,106.1999969482422,45432677.0,yahoo
2026-09-04,0050.TW,107.6999969482422,108.0,106.8499984741211,107.9000015258789,44288868.0,yahoo
2026-09-07,0050.TW,109.0500030517578,110.0,108.8499984741211,109.9000015258789,102774668.0,yahoo
2026-09-08,0050.TW,110.0,110.75,109.5500030517578,109.6500015258789,70633942.0,yahoo
2026-09-09,0050.TW,109.9499969482422,110.5999984741211,109.5,109.6500015258789,43057835.0,yahoo
2026-09-10,0050.TW,108.5999984741211,109.1500015258789,108.4000015258789,109.1500015258789,40733536.0,yahoo
2026-09-11,0050.TW,107.4000015258789,108.0,106.9000015258789,107.6999969482422,90140839.0,yahoo
2026-09-14,0050.TW,106.3000030517578,107.1500015258789,105.8499984741211,106.9000015258789,82639330.0,yahoo
2026-09-15,0050.TW,106.75,106.9499969482422,106.1500015258789,106.25,55674721.0,yahoo
2026-09-16,0050.TW,106.1500015258789,107.4000015258789,106.1500015258789,106.9000015258789,69357559.0,yahoo
2026-09-17,0050.TW,107.9000015258789,109.1999969482422,107.8499984741211,108.0500030517578,47371508.0,yahoo
2026-09-18,0050.TW,109.5999984741211,109.9499969482422,108.8499984741211,109.8499984741211,79772537.0,yahoo
2026-09-21,0050.TW,109.9000015258789,111.44999694824219,109.8499984741211,111.3499984741211,114373545.0,yahoo
2026-09-22,0050.TW,113.3499984741211,113.75,111.8499984741211,111.8499984741211,80283889.0,yahoo
2026-09-23,0050.TW,112.80000305175781,113.1500015258789,112.30000305175781,112.44999694824219,55410585.0,yahoo
2026-09-24,0050.TW,112.0,112.44999694824219,111.75,112.4000015258789,66490792.0,yahoo
2026-09-29,0050.TW,111.80000305175781,112.25,111.05000305175781,111.30000305175781,101008614.0,yahoo
2026-09-30,0050.TW,112.5,113.0500030517578,112.0500030517578,112.0500030517578,60595590.0,yahoo
2026-10-01,0050.TW,112.19999694824219,112.9000015258789,111.69999694824219,112.9000015258789,55154167.0,yahoo
2022-08-29,00850.TW,24.64035492414234,24.743684777727168,24.544972238016346,24.672149658203125,703198.0,yahoo
2022-08-30,00850.TW,24.68804930626654,24.83907128417014,24.6165126596836,24.743688583374023,570625.0,yahoo
2022-08-31,00850.TW,24.58471904006454,24.918556213378903,24.56087298623617,24.918556213378903,380808.0,yahoo
2022-09-01,00850.TW,24.42574958832299,24.47344169833905,24.30652234539613,24.417800903320312,803604.0,yahoo
2022-09-02,00850.TW,24.425748866854352,24.425748866854352,24.163448333740234,24.163448333740234,476670.0,yahoo
2022-09-05,00850.TW,24.26677665524799,24.322415925540504,24.147547914842423,24.250879287719727,409188.0,yahoo
2022-09-06,00850.TW,24.33831443027119,24.465490344326746,24.242931736701284,24.37010765075684,624941.0,yahoo
2022-09-07,00850.TW,24.12370686417284,24.12370686417284,23.845508956469374,23.861406326293945,1007092.0,yahoo
2022-09-08,00850.TW,24.044221104658604,24.10780906677246,23.90909649565958,24.10780906677246,202121.0,yahoo
2022-09-12,00850.TW,24.47343978055888,24.57676964538328,24.40985030552044,24.513181686401367,255646.0,yahoo
2022-09-13,00850.TW,24.67215423762892,24.71189614652507,24.584720218789386,24.624462127685547,218247.0,yahoo
2022-09-14,00850.TW,24.028324483797007,24.195243837082177,24.028324483797007,24.155500411987305,301641.0,yahoo
2022-09-15,00850.TW,24.30651817883129,24.346260080975565,24.099856952357005,24.27472496032715,229480.0,yahoo
2022-09-16,00850.TW,24.044218828987468,24.07601356506348,23.980630872891908,24.07601356506348,640174.0,yahoo
2022-09-19,00850.TW,24.23498192425589,24.23498192425589,23.90909347015389,23.948835372924805,606693.0,yahoo
2022-09-20,00850.TW,24.107809817930104,24.17139778202525,23.988582574758784,24.155500411987305,213553.0,yahoo
2022-09-21,00850.TW,23.988581093384774,24.01242563091257,23.86140517304801,23.90909576416016,247813.0,yahoo
2022-09-22,00850.TW,23.726279077683955,23.726279077683955,23.39244192875766,23.607051849365234,560564.0,yahoo
2022-09-23,00850.TW,23.495772941318307,23.5752582694478,23.360648338315137,23.424236297607425,615140.0,yahoo
2022-09-26,00850.TW,23.06655197342251,23.06655197342251,22.883736800742582,22.947324752807617,1767086.0,yahoo
2022-09-27,00850.TW,22.97912140882028,23.04270937039899,22.87579153977609,22.93143081665039,578658.0,yahoo
2022-09-28,00850.TW,22.955272697753145,22.97117006532193,22.46246643157205,22.470415115356445,935250.0,yahoo
2022-09-29,00850.TW,22.6373317724262,22.692971040023604,22.390928651899262,22.462465286254883,1143876.0,yahoo
2022-09-30,00850.TW,22.22401391187667,22.3034992459878,22.096837983721525,22.19222068786621,2053225.0,yahoo
2022-10-03,00850.TW,21.99350471134928,22.216063309250945,21.914019389523222,21.96170997619629,635585.0,yahoo
2022-10-04,00850.TW,22.16837006545332,22.49425850371497,22.16837006545332,22.462465286254883,345230.0,yahoo
2022-10-05,00850.TW,22.748614858758515,22.98706932772053,22.748614858758515,22.899635314941406,632902.0,yahoo
2022-10-06,00850.TW,22.93143269507063,23.0506599432901,22.93143269507063,23.04271125793457,685517.0,yahoo
2022-10-07,00850.TW,22.812203224931263,22.85989381636262,22.700923156849345,22.708871841430664,260909.0,yahoo
2022-10-11,00850.TW,22.224010096566182,22.224010096566182,21.74710120588612,21.77889442443848,2567499.0,yahoo
2022-10-12,00850.TW,21.778897104362592,21.79479447362316,21.54839131431068,21.75505256652832,2034888.0,yahoo
2022-10-13,00850.TW,21.755050284719413,21.77889482005272,21.33377913983947,21.3814697265625,1660205.0,yahoo
2022-10-14,00850.TW,21.818642791084383,22.00940669383221,21.778899363809792,21.882230758666992,480424.0,yahoo
2022-10-17,00850.TW,21.68351632257464,21.68351632257464,21.38147236525516,21.58018493652344,2579354.0,yahoo
2022-10-18,00850.TW,22.00940170218272,22.05709228803944,21.59607924860736,21.77889442443848,897084.0,yahoo
2022-10-19,00850.TW,21.76300168957645,21.826589656272795,21.54839324951172,21.54839324951172,210793.0,yahoo
2022-10-20,00850.TW,21.389418029299392,21.476852033447628,21.007890310199368,21.46095466613769,1644148.0,yahoo
2022-10-21,00850.TW,21.46095658857568,21.54839060055611,21.34967803955078,21.34967803955078,323776.0,yahoo
2022-10-24,00850.TW,21.65966759162823,21.73915291352439,21.43710899353028,21.43710899353028,451834.0,yahoo
2022-10-25,00850.TW,21.46890684419225,21.46890684419225,21.0396869533002,21.127120971679688,992387.0,yahoo
2022-10-26,00850.TW,21.13506735764117,21.357625963826905,21.063530716940623,21.262243270874023,847833.0,yahoo
2022-10-27,00850.TW,21.46095809866348,21.59608271029733,21.46095809866348,21.484804153442383,299069.0,yahoo
2022-10-28,00850.TW,21.389420719036355,21.45300868021593,21.18275946618859,21.246347427368164,271284.0,yahoo
2022-10-31,00850.TW,21.32583348702963,21.572236655518427,21.32583348702963,21.484804153442383,275998.0,yahoo
2022-11-01,00850.TW,21.48480147486541,21.723255928699047,21.460955423059467,21.604028701782227,276920.0,yahoo
2022-11-02,00850.TW,21.604029460157744,21.69941063861683,21.604029460157744,21.691463470458984,368114.0,yahoo
2022-11-03,00850.TW,21.45300598248273,21.49274940075756,21.35762481073592,21.46095466613769,1629676.0,yahoo
2022-11-04,00850.TW,21.38147086080977,21.540441513061523,21.25429494543097,21.540441513061523,1195292.0,yahoo
2022-11-07,00850.TW,21.75505215959636,21.929918670021955,21.659669461873687,21.90607261657715,2618877.0,yahoo
2022-11-08,00850.TW,22.17631988783621,22.17631988783621,22.03324661177656,22.11273193359375,1884294.0,yahoo
2022-11-09,00850.TW,22.21606441803937,22.589643478393555,22.21606441803937,22.589643478393555,1683814.0,yahoo
2022-11-10,00850.TW,22.494261568244248,22.494261568244248,22.32734374271181,22.414777755737305,2073232.0,yahoo
2022-11-11,00850.TW,23.28116530396438,23.392443857429072,23.122194642394888,23.34475326538086,3737555.0,yahoo
2022-11-14,00850.TW,23.45603026841795,23.662691508375488,23.44808158425922,23.52756690979004,3521486.0,yahoo
2022-11-15,00850.TW,23.75807188202898,24.29062157418685,23.75012319813929,24.26677703857422,3843457.0,yahoo
2022-11-16,00850.TW,24.542439552339943,24.559146837557964,24.074646719296343,24.24171638488769,4098084.0,yahoo
2022-11-17,00850.TW,24.22501373291016,24.23336737711687,23.93264255885402,24.22501373291016,1920937.0,yahoo
2022-11-18,00850.TW,24.383725997860523,24.467260833654525,24.074647583411053,24.13312149047852,1839543.0,yahoo
2022-11-21,00850.TW,24.13312322595548,24.174891443503377,24.00782175990095,24.032882690429688,1385866.0,yahoo
2022-11-22,00850.TW,24.016173130063777,24.199948489994792,23.899225318589,24.18324279785156,1415426.0,yahoo
2022-11-23,00850.TW,24.308544658299123,24.408785186011507,24.24171710872605,24.350311279296875,1710654.0,yahoo
2022-11-24,00850.TW,24.450556560303205,24.575858032784925,24.392082646031383,24.52573776245117,1339111.0,yahoo
2022-11-25,00850.TW,24.575858032784925,24.575858032784925,24.45891020424128,24.52573776245117,1819173.0,yahoo
2022-11-28,00850.TW,24.40878912557372,24.40878912557372,24.02453105183316,24.22501373291016,1983859.0,yahoo
2022-11-29,00850.TW,24.183242885286813,24.42549215183108,24.016173216894984,24.408784866333008,1349536.0,yahoo
2022-11-30,00850.TW,24.40878580310848,24.642683029174805,24.37537282412444,24.642683029174805,1301850.0,yahoo
2022-12-01,00850.TW,25.010236252493456,25.160598646537043,24.851520215081383,24.90999412536621,1089674.0,yahoo
2022-12-02,00850.TW,24.70950939618342,24.85987177764145,24.64268184812368,24.75127601623535,692824.0,yahoo
2022-12-05,00850.TW,24.751278190669627,24.943408802352955,24.71786521035159,24.784692764282227,878221.0,yahoo
2022-12-06,00850.TW,24.69280261908977,24.7095099047722,24.44219970703125,24.44219970703125,1405656.0,yahoo
2022-12-07,00850.TW,24.36701856501376,24.575854856591423,24.258424394442933,24.350311279296875,714742.0,yahoo
2022-12-08,00850.TW,24.28348667080329,24.33360694072977,23.96605617020941,24.08300399780273,1469953.0,yahoo
2022-12-09,00850.TW,24.300193725957552,24.45055612759246,24.22501252514009,24.39208221435547,822310.0,yahoo
2022-12-12,00850.TW,24.35031466362062,24.35031466362062,24.057943496117844,24.21665954589844,1042242.0,yahoo
2022-12-13,00850.TW,24.30854402465633,24.383725215128123,24.099707738522333,24.11641502380371,1611941.0,yahoo
2022-12-14,00850.TW,24.25842326351109,24.43384497547681,24.22500869363512,24.42549133300781,879396.0,yahoo
2022-12-15,00850.TW,24.31689798268249,24.42549215183108,24.22500950573755,24.408784866333008,756563.0,yahoo
2022-12-16,00850.TW,24.091356601702163,24.13312322595548,23.890873937356,24.032882690429688,1593271.0,yahoo
2022-12-19,00850.TW,24.02452746684786,24.032881109808027,23.84910415127329,23.91593170166016,1213878.0,yahoo
2022-12-20,00850.TW,23.94099596977657,23.94099596977657,23.48991034007245,23.55673789978028,1239013.0,yahoo
2022-12-21,00850.TW,23.56508522968536,23.74886217703584,23.56508522968536,23.64026641845703,709949.0,yahoo
2022-12-22,00850.TW,23.81569008477485,24.00781908419841,23.81569008477485,23.957698822021484,606987.0,yahoo
2022-12-23,00850.TW,23.6820338116204,23.74050771346605,23.59014534112333,23.65697288513184,934724.0,yahoo
2022-12-26,00850.TW,23.76556991723533,23.77392196655273,23.65697415657607,23.77392196655273,1034777.0,yahoo
2022-12-27,00850.TW,23.90757947284149,23.95769973693244,23.807337351365128,23.81569099426269,728157.0,yahoo
2022-12-28,00850.TW,23.69874611696836,23.69874611696836,23.45649522280319,23.548383712768555,1040010.0,yahoo
2022-12-29,00850.TW,23.381310597881125,23.431430860845666,23.25600914382256,23.39801788330078,455246.0,yahoo
2022-12-30,00850.TW,23.548381261471352,23.64862179164012,23.540027618408203,23.540027618408203,1316829.0,yahoo
2023-01-03,00850.TW,23.398020171143912,23.69039132139805,23.2225968436736,23.62356376647949,794522.0,yahoo
2023-01-04,00850.TW,23.623562410039725,23.673682675027138,23.540027572864368,23.57344055175781,387606.0,yahoo
2023-01-05,00850.TW,23.790631531285467,23.82404610493438,23.64862277986672,23.682037353515625,218457.0,yahoo
2023-01-06,00850.TW,23.68203638998813,23.899226329985787,23.68203638998813,23.857458114624023,609379.0,yahoo
2023-01-09,00850.TW,24.14983153860086,24.45890998840332,24.14983153860086,24.45890998840332,768465.0,yahoo
2023-01-10,00850.TW,24.57585140033906,24.61761801546292,24.47560929342988,24.609264373779297,535715.0,yahoo
2023-01-11,00850.TW,24.72621709489596,24.734570737704885,24.50902716174719,24.567501068115234,477662.0,yahoo
2023-01-12,00850.TW,24.66774597640477,24.66774597640477,24.47561535667429,24.517383575439453,509626.0,yahoo
2023-01-13,00850.TW,24.84316562999392,24.96011344613048,24.684449598598224,24.73457145690918,524235.0,yahoo
2023-01-16,00850.TW,24.834811843611963,24.976820588084426,24.834811843611963,24.893285751342773,766633.0,yahoo
2023-01-17,00850.TW,24.89328798463204,24.89328798463204,24.79304744618462,24.83481407165528,494564.0,yahoo
2023-01-30,00850.TW,25.720279425625385,25.73698511869092,25.49473583964821,25.68686485290528,1313435.0,yahoo
2023-01-31,00850.TW,25.68686676199851,25.72863338770829,25.36943626403809,25.36943626403809,896171.0,yahoo
2023-02-01,00850.TW,25.478027612961377,25.519794234025493,25.37778549179524,25.51144218444824,401103.0,yahoo
2023-02-02,00850.TW,25.6868628985963,25.80381070763001,25.636742636623907,25.778751373291016,674435.0,yahoo
2023-02-03,00850.TW,25.81216948588135,25.87064340203244,25.645101381634618,25.803815841674805,770289.0,yahoo
2023-02-06,00850.TW,25.678509350279047,25.678509350279047,25.519793327940604,25.594974517822266,873124.0,yahoo
2023-02-07,00850.TW,25.47802784267064,25.594975657340143,25.47802784267064,25.519794464111328,437186.0,yahoo
2023-02-08,00850.TW,25.795454843852827,25.84557669480365,25.695214328539706,25.83722305297852,558834.0,yahoo
2023-02-09,00850.TW,25.753692847706645,25.845581330971807,25.72863191773581,25.820520401000977,241079.0,yahoo
2023-02-10,00850.TW,25.82051576932824,25.83722305297852,25.745334586196268,25.83722305297852,274301.0,yahoo
2023-02-13,00850.TW,25.837229052632694,25.837229052632694,25.63674638215817,25.81216812133789,569438.0,yahoo
2023-02-14,00850.TW,25.895703122076323,26.02100459271777,25.895703122076323,25.97088432312012,640343.0,yahoo
2023-02-15,00850.TW,25.7202798042114,25.77040007073478,25.528149194831776,25.53650283813477,908975.0,yahoo
2023-02-16,00850.TW,25.594976811147152,25.853934974295417,25.594976811147152,25.820520401000977,691110.0,yahoo
2023-02-17,00850.TW,25.65344842255369,25.65344842255369,25.519793327940604,25.594974517822266,431611.0,yahoo
2023-02-20,00850.TW,25.79545957360984,25.79545957360984,25.50309002259357,25.695219039916992,517441.0,yahoo
2023-02-21,00850.TW,25.69521440676261,25.69521440676261,25.57826660744319,25.65344619750977,236136.0,yahoo
2023-02-22,00850.TW,25.41955561670836,25.46967588441128,25.294254150803784,25.45296859741211,498963.0,yahoo
2023-02-23,00850.TW,25.50308754250127,25.828871635263404,25.50308754250127,25.778751373291016,447288.0,yahoo
2023-02-24,00850.TW,25.85393677881379,25.85393677881379,25.628393173217773,25.628393173217773,775524.0,yahoo
2023-03-01,00850.TW,25.503092404964587,25.74534171176414,25.29425608141907,25.73698806762696,836121.0,yahoo
2023-03-02,00850.TW,25.73698429794013,25.74533794085376,25.544855290810048,25.70357131958008,892750.0,yahoo
2023-03-03,00850.TW,25.77039827952975,25.862285162886806,25.695217088322973,25.72863006591797,649910.0,yahoo
2023-03-06,00850.TW,25.895701174278543,26.09618383088407,25.878993887904457,26.004295349121094,746305.0,yahoo
2023-03-07,00850.TW,26.0042965961753,26.21313290598276,25.895702416125044,26.17971992492676,609372.0,yahoo
2023-03-08,00850.TW,26.0627730288228,26.0627730288228,25.92076426936807,26.03771209716797,631158.0,yahoo
2023-03-09,00850.TW,26.054418622860435,26.11289253505005,25.9625301361084,25.9625301361084,401226.0,yahoo
2023-03-10,00850.TW,25.787102873824587,25.787102873824587,25.586618655999487,25.65344619750977,1036377.0,yahoo
2023-03-13,00850.TW,25.519798099944254,25.76204900003851,25.41955755688744,25.73698806762696,571501.0,yahoo
2023-03-14,00850.TW,25.494736814910027,25.620038280814605,25.41120197320878,25.45296859741211,417872.0,yahoo
2023-03-15,00850.TW,25.52814733222253,25.69521699950329,25.47802706935608,25.503087997436523,399585.0,yahoo
2023-03-16,00850.TW,25.41120098711516,25.427908273465988,25.235777667020464,25.310958862304688,938568.0,yahoo
2023-03-17,00850.TW,25.49473399350965,25.603328160397385,25.48638035093453,25.594974517822266,264433.0,yahoo
2023-03-20,00850.TW,25.60332930028717,25.62839022912827,25.46967419972361,25.519794464111328,533921.0,yahoo
2023-03-21,00850.TW,25.594977235570195,25.711926650745475,25.58662359210806,25.63674545288086,661873.0,yahoo
2023-03-22,00850.TW,25.72028159601339,26.03771209716797,25.72028159601339,26.03771209716797,902150.0,yahoo
2023-03-23,00850.TW,26.02935855813752,26.27996150251671,26.012651270300328,26.229841232299805,575880.0,yahoo
2023-03-24,00850.TW,26.26325438526329,26.330081939697266,26.18807318736326,26.330081939697266,836123.0,yahoo
2023-03-27,00850.TW,26.33008254225238,26.33008254225238,26.171366499354075,26.24654769897461,498272.0,yahoo
2023-03-28,00850.TW,26.229840031666228,26.229840031666228,25.979237098758027,26.02100372314453,432819.0,yahoo
2023-03-29,00850.TW,26.03770687772575,26.137948990956176,25.94581840670572,26.0794734954834,666246.0,yahoo
2023-03-30,00850.TW,25.979235860117456,26.27160699676705,25.979235860117456,26.221485137939453,820399.0,yahoo
2023-03-31,00850.TW,26.23819019877432,26.43867283719685,26.22983655634492,26.27995681762696,602209.0,yahoo
2023-04-06,00850.TW,26.279958045267225,26.279958045267225,26.02100149103636,26.1379508972168,984274.0,yahoo
2023-04-07,00850.TW,26.146302946741976,26.313372616545763,26.12959725439716,26.1379508972168,295241.0,yahoo
2023-04-10,00850.TW,26.14630535057616,26.30502139215232,26.14630535057616,26.17971992492676,837054.0,yahoo
2023-04-11,00850.TW,26.2966687903539,26.30502243427249,26.14630638640852,26.229841232299805,393864.0,yahoo
2023-04-12,00850.TW,26.229841232299805,26.2381948762184,26.163013674245708,26.229841232299805,142852.0,yahoo
2023-04-13,00850.TW,26.20478096244383,26.22984030001427,26.029357632977728,26.054418563842773,501581.0,yahoo
2023-04-14,00850.TW,26.104538667868933,26.32172862078096,26.104538667868933,26.271608352661133,469142.0,yahoo
2023-04-17,00850.TW,26.188073520853624,26.22148650184881,26.104538678423747,26.213132858276367,605555.0,yahoo
2023-04-18,00850.TW,26.21313268650221,26.21313268650221,26.03771095251414,26.112892150878903,597944.0,yahoo
2023-04-19,00850.TW,26.112892862824904,26.112892862824904,25.887349261581345,25.904056549072266,541358.0,yahoo
2023-04-20,00850.TW,26.03771194166245,26.03771194166245,25.80381469416491,25.878995895385746,511478.0,yahoo
2023-04-21,00850.TW,25.87899627193327,25.97923840611781,25.7704020870868,25.787109375,363285.0,yahoo
2023-04-24,00850.TW,25.71192817268526,25.80381506961853,25.63674697037052,25.787109375,342588.0,yahoo
2023-04-25,00850.TW,26.01264662350965,26.01264662350965,25.419552350889266,25.46131896972656,659490.0,yahoo
2023-04-26,00850.TW,25.44461855754548,25.44461855754548,25.30261137782433,25.386144638061523,681464.0,yahoo
2023-04-27,00850.TW,25.352728385639484,25.486383496749784,25.27754718647812,25.394495010375977,365189.0,yahoo
2023-04-28,00850.TW,25.544854481373942,25.720277790412624,25.544854481373942,25.66180229187012,450804.0,yahoo
2023-05-02,00850.TW,25.65344832841844,25.80381070763001,25.64509627916837,25.778751373291016,354399.0,yahoo
2023-05-03,00850.TW,25.7286306550265,25.7286306550265,25.59497555499736,25.70357131958008,515818.0,yahoo
2023-05-04,00850.TW,25.62839121096036,25.72863174357604,25.561563658118388,25.72027969360352,557650.0,yahoo
2023-05-05,00850.TW,25.812167081240226,25.845581654953527,25.65345104269118,25.762046813964844,745168.0,yahoo
2023-05-08,00850.TW,25.77875101096334,25.979233649329466,25.77875101096334,25.929113388061523,903789.0,yahoo
2023-05-09,00850.TW,25.895702580278176,25.970883779749,25.812167737166742,25.9625301361084,750994.0,yahoo
2023-05-10,00850.TW,25.93747018633481,25.93747018633481,25.695220884772056,25.787109375,1066919.0,yahoo
2023-05-11,00850.TW,25.787109932450065,25.86228954309532,25.70357508437292,25.73698806762696,767266.0,yahoo
2023-05-12,00850.TW,25.72862738087061,25.72862738087061,25.544852040040915,25.65344619750977,214341.0,yahoo
2023-05-15,00850.TW,25.68686626479392,25.68686626479392,25.544857509516927,25.64509963989257,471398.0,yahoo
2023-05-16,00850.TW,25.686865731372134,25.979236879493826,25.686865731372134,25.95417594909668,628590.0,yahoo
2023-05-17,00850.TW,25.929116932802263,26.296667690073747,25.9207632892332,26.271608352661133,1103985.0,yahoo
2023-05-18,00850.TW,26.396905812207407,26.572327520642737,26.396905812207407,26.52220726013184,1552411.0,yahoo
2023-05-19,00850.TW,26.60574581186012,26.6558660793826,26.57233123798208,26.64751243591309,932726.0,yahoo
2023-05-22,00850.TW,26.64751111810124,26.67257204727042,26.54727058801352,26.62245178222656,816264.0,yahoo
2023-05-23,00850.TW,26.62245314604781,26.69763275081767,26.522211017530367,26.61409950256348,446531.0,yahoo
2023-05-24,00850.TW,26.580681162943613,26.580681162943613,26.43031878811656,26.52220726013184,458125.0,yahoo
2023-05-25,00850.TW,26.58068640849248,26.806230015242825,26.58068640849248,26.73940086364746,604519.0,yahoo
2023-05-26,00850.TW,26.78952183748405,27.24896108637843,26.78952183748405,27.223901748657227,2311959.0,yahoo
2023-05-29,00850.TW,27.31578975712721,27.558040639484897,27.31578975712721,27.44108963012696,972828.0,yahoo
2023-05-30,00850.TW,27.44108740317545,27.524623831651823,27.39932078223173,27.499561309814453,637810.0,yahoo
2023-05-31,00850.TW,27.44944410199509,27.466151388580634,27.23225256297213,27.365907669067383,998132.0,yahoo
2023-06-01,00850.TW,27.349200746598747,27.349200746598747,27.15706856398785,27.215545654296875,549931.0,yahoo
2023-06-02,00850.TW,27.332497251250032,27.616514760092706,27.332497251250032,27.56639289855957,1222356.0,yahoo
2023-06-05,00850.TW,27.59145365109577,27.633223464476867,27.516272448234908,27.524627685546875,819322.0,yahoo
2023-06-06,00850.TW,27.524625133461324,27.71675414816056,27.524625133461324,27.641572952270508,1366985.0,yahoo
2023-06-07,00850.TW,27.683338561700285,27.90888214111328,27.683338561700285,27.90888214111328,1650564.0,yahoo
2023-06-08,00850.TW,27.842058529112137,27.88382515401984,27.57474511920656,27.66663360595703,1517785.0,yahoo
2023-06-09,00850.TW,27.750170417861515,27.90888486929411,27.750170417861515,27.89217758178711,1163706.0,yahoo
2023-06-12,00850.TW,27.908883668726894,28.159486597373064,27.908883668726894,28.059246063232425,1337145.0,yahoo
2023-06-13,00850.TW,28.30149770429598,28.5771599772571,28.30149770429598,28.51033401489257,2421046.0,yahoo
2023-06-14,00850.TW,28.426790202487663,28.52703389990693,28.35996425746321,28.518678665161133,1349649.0,yahoo
2023-06-15,00850.TW,28.56880532449098,28.760934330347386,28.56880532449098,28.719167709350582,1451900.0,yahoo
2023-06-16,00850.TW,28.71917376340005,28.73588105263848,28.552104057605373,28.66069984436035,1794646.0,yahoo
2023-06-19,00850.TW,28.52704173712518,28.660696850481475,28.485271925097567,28.64398956298828,1160946.0,yahoo
2023-06-20,00850.TW,28.59387026564307,28.60222550343384,28.42680056231269,28.52704429626465,1163279.0,yahoo
2023-06-21,00850.TW,28.359969361710643,28.61057227718572,28.351614125461065,28.54374313354492,2003445.0,yahoo
2023-06-26,00850.TW,28.476918409691923,28.476918409691923,28.293141443310187,28.40173721313477,1725962.0,yahoo
2023-06-27,00850.TW,28.226311043670467,28.35996612912857,28.1511298589385,28.167837142944336,1434565.0,yahoo
2023-06-28,00850.TW,28.184544344361505,28.26807757755732,28.142774541175008,28.234663009643555,1398945.0,yahoo
2023-06-29,00850.TW,28.24302074152181,28.48526841383913,28.159484314353023,28.209606170654297,1921217.0,yahoo
2023-06-30,00850.TW,28.14278299952876,28.24302673339844,28.07595703020519,28.24302673339844,1482476.0,yahoo
2023-07-03,00850.TW,28.43514969089954,28.669045313356587,28.418442405497053,28.6523380279541,2076620.0,yahoo
2023-07-04,00850.TW,28.65234037581532,28.80270277016997,28.63563308904379,28.78599548339844,1728674.0,yahoo
2023-07-05,00850.TW,28.77764768243975,28.785999733764164,28.593870687406643,28.66069984436035,1886994.0,yahoo
2023-07-06,00850.TW,28.426796160197625,28.426796160197625,28.07595270546532,28.176193237304688,2987812.0,yahoo
2023-07-07,00850.TW,27.959005300280275,28.15948636692086,27.900531390294347,28.050893783569336,1371213.0,yahoo
2023-07-10,00850.TW,28.05089401313284,28.21796050783753,27.925590955515187,28.059246063232425,1394770.0,yahoo
2023-07-11,00850.TW,28.251375313734453,28.48527095751573,28.251375313734453,28.443504333496094,1463052.0,yahoo
2023-07-12,00850.TW,28.468564846913324,28.62727928161621,28.443502324999976,28.62727928161621,1268191.0,yahoo
2023-07-13,00850.TW,28.869533212824585,29.195317353016726,28.8611779757693,28.92800712585449,1824049.0,yahoo
2023-07-14,00850.TW,29.06165357859906,29.312256443556343,28.994824448430016,29.28719711303711,2082307.0,yahoo
2023-07-17,00850.TW,29.23708576873799,29.41250751856895,29.20367119164939,29.37074089050293,2409886.0,yahoo
2023-07-18,00850.TW,29.40415174107888,29.571221418758967,29.212022727052943,29.303911209106445,1575484.0,yahoo
2023-07-19,00850.TW,29.454273883802937,29.46262912129526,29.07837104797364,29.07837104797364,2030023.0,yahoo
2023-07-20,00850.TW,29.07836655422384,29.237080989566607,29.07836655422384,29.17025184631348,1641757.0,yahoo
2023-07-21,00850.TW,28.819413739993845,29.019898020284497,28.66069927526466,28.969776153564453,1850308.0,yahoo
2023-07-24,00850.TW,28.969770879283782,29.153547837209043,28.869530350683164,29.10342597961425,1376043.0,yahoo
2023-07-25,00850.TW,29.17024926645862,29.496036531121163,29.17024926645862,29.379085540771484,1890801.0,yahoo
2023-07-26,00850.TW,29.37908690016698,29.48768266007931,29.303908897060907,29.429208755493164,1764004.0,yahoo
2023-07-27,00850.TW,29.46262491415819,29.57122067992536,29.445917628148703,29.48768424987793,1248152.0,yahoo
2023-07-28,00850.TW,29.429216802157807,29.62134585355774,29.35403559190656,29.5628719329834,1327975.0,yahoo
2023-07-31,00850.TW,29.82182735194653,29.888653317809982,29.212025675466705,29.29555892944336,2031902.0,yahoo
2023-08-01,00850.TW,29.295554427117008,29.51274595261994,29.270495092093164,29.50439071655273,1174130.0,yahoo
2023-08-02,00850.TW,29.50439665222016,29.529455992285417,28.91130223568583,28.969776153564453,5086854.0,yahoo
2023-08-04,00850.TW,28.91129848461083,28.953065108163788,28.75258085388481,28.87788391113281,2648182.0,yahoo
2023-08-07,00850.TW,28.90294164647884,29.237080989566607,28.90294164647884,29.17025184631348,2399250.0,yahoo
2023-08-08,00850.TW,29.17860731525437,29.195314601200923,28.802701347929503,28.944711685180664,3569550.0,yahoo
2023-08-09,00850.TW,28.9447108268403,29.070010687840245,28.819407779251485,28.936355590820312,2397874.0,yahoo
2023-08-10,00850.TW,28.90294455265964,28.90294455265964,28.552101075070343,28.64398956298828,3906190.0,yahoo
2023-08-11,00850.TW,28.86952712230876,28.86952712230876,28.58550966754352,28.61056900024414,2469978.0,yahoo
2023-08-14,00850.TW,28.51868820522762,28.51868820522762,28.1761967576126,28.25973320007324,6197753.0,yahoo
2023-08-15,00850.TW,28.39338516311246,28.535392319615365,28.35997058984504,28.40173721313477,4965816.0,yahoo
2023-08-16,00850.TW,28.282399298150548,28.32501829676848,28.12896830182905,28.30797004699707,3293715.0,yahoo
2023-08-17,00850.TW,28.248301236748084,28.45287697107272,28.00963225638684,28.36763572692871,3260958.0,yahoo
2023-08-18,00850.TW,28.36763937301095,28.4869738785296,28.111922110953653,28.163066864013672,2976519.0,yahoo
2023-08-21,00850.TW,28.265355404451963,28.3420709144356,28.120450136494902,28.146020889282227,1501513.0,yahoo
2023-08-22,00850.TW,28.33355061443972,28.38469212398603,28.23126109210325,28.282405853271484,1131756.0,yahoo
2023-08-23,00850.TW,28.282403399453067,28.486975923133183,28.282403399453067,28.44435691833496,1624009.0,yahoo
2023-08-24,00850.TW,28.81088564340309,28.90464940308,28.70859938358354,28.8449821472168,2384197.0,yahoo
2023-08-25,00850.TW,28.58073554009724,28.58073554009724,28.30797004699707,28.30797004699707,2747521.0,yahoo
2023-08-28,00850.TW,28.307971185705163,28.52106943898801,28.307971185705163,28.41878318786621,1526494.0,yahoo
2023-08-29,00850.TW,28.46992680527571,28.555164802545285,28.35911480752832,28.5466423034668,1618117.0,yahoo
2023-08-30,00850.TW,28.77678492402209,28.80235892394677,28.657450429777228,28.700069427490234,1356211.0,yahoo
2023-08-31,00850.TW,28.65745562281072,28.65745562281072,28.49550210150516,28.512550354003903,2099600.0,yahoo
2023-09-01,00850.TW,28.50402460194369,28.63188486987344,28.486976349444944,28.512550354003903,1320795.0,yahoo
2023-09-04,00850.TW,28.51254791163468,28.691549670105783,28.435832407772573,28.674501419067383,1740839.0,yahoo
2023-09-05,00850.TW,28.665979657934443,28.665979657934443,28.56369014906856,28.640405654907227,1342498.0,yahoo
2023-09-06,00850.TW,28.640406491288207,28.683028747037763,28.555168483032265,28.614835739135746,1830979.0,yahoo
2023-09-07,00850.TW,28.44435323117961,28.461401481213315,28.350589481804853,28.376163482666016,2119504.0,yahoo
2023-09-08,00850.TW,28.17158929522729,28.34206855339152,28.17158929522729,28.31649780273437,2275671.0,yahoo
2023-09-11,00850.TW,28.316495242560787,28.325017741468827,28.03520400427893,28.120445251464844,2725639.0,yahoo
2023-09-12,00850.TW,28.22273511611034,28.36764037747924,28.12044885798985,28.34206962585449,1440189.0,yahoo
2023-09-13,00850.TW,28.38468397575751,28.46992521990152,28.265349485576884,28.36763572692871,1254533.0,yahoo
2023-09-14,00850.TW,28.52106705424768,28.751213538744413,28.50401880521596,28.742691040039062,1500024.0,yahoo
2023-09-15,00850.TW,28.742693619637176,28.879076372510013,28.70007136742209,28.86202812194824,1369400.0,yahoo
2023-09-18,00850.TW,28.70006847460563,28.70006847460563,28.60630798339844,28.60630798339844,2630643.0,yahoo
2023-09-19,00850.TW,28.60631173574492,28.631882486553685,28.52107048034668,28.52107048034668,1214366.0,yahoo
2023-09-20,00850.TW,28.512552257985387,28.521074758993024,28.33355047222789,28.350595474243164,1627671.0,yahoo
2023-09-21,00850.TW,28.205688976017736,28.205688976017736,27.94997168576228,27.958494186401367,3161339.0,yahoo
2023-09-22,00850.TW,27.898823217560167,28.001109469737745,27.83063346664889,27.967016220092773,1591600.0,yahoo
2023-09-25,00850.TW,28.00111010513431,28.21420836545229,28.00111010513431,28.163066864013672,1344916.0,yahoo
2023-09-26,00850.TW,28.018157317090864,28.06077631724964,27.82210731506348,27.82210731506348,2262999.0,yahoo
2023-09-27,00850.TW,27.78801118236981,27.881774934933887,27.72834393103292,27.8050594329834,1606422.0,yahoo
2023-09-28,00850.TW,27.99258924960391,28.04373400566796,27.805061728990644,27.949970245361328,1890449.0,yahoo
2023-10-02,00850.TW,28.094871465236,28.31649545798432,28.094871465236,28.2483024597168,1650513.0,yahoo
2023-10-03,00850.TW,28.154539137312828,28.25682863625603,28.06930113981467,28.077823638916016,2045461.0,yahoo
2023-10-04,00850.TW,27.949967598967845,27.949967598967845,27.651628094274347,27.745391845703125,2002047.0,yahoo
2023-10-05,00850.TW,27.98406537612521,28.171589635914387,27.8903016204199,28.13749313354492,1452134.0,yahoo
2023-10-06,00850.TW,28.222734319317627,28.31649807478988,28.21420856793573,28.290924072265625,2667981.0,yahoo
2023-10-11,00850.TW,28.5807384971548,28.674502254788056,28.55516774566264,28.6489315032959,3035500.0,yahoo
2023-10-12,00850.TW,28.65744967200413,28.81940641130056,28.65744967200413,28.810880661010746,1727549.0,yahoo
2023-10-13,00850.TW,28.71712075511082,28.793836259865863,28.640405250355773,28.734169006347656,1297211.0,yahoo
2023-10-16,00850.TW,28.55516731651909,28.58073806762696,28.486974311402832,28.58073806762696,1393953.0,yahoo
2023-10-17,00850.TW,28.66597861806017,28.70007186815722,28.512547611948623,28.53811836242676,1180381.0,yahoo
2023-10-18,00850.TW,28.4699295891822,28.4699295891822,28.171590066323475,28.205686569213867,2711487.0,yahoo
2023-10-19,00850.TW,28.1374930984803,28.23978260546122,28.08635159661127,28.21420860290528,1114454.0,yahoo
2023-10-20,00850.TW,28.12896999370333,28.23978199807189,27.881775234581657,28.18011474609375,2030451.0,yahoo
2023-10-23,00850.TW,28.026685421011607,28.06930442474836,27.86472865454176,27.89030265808105,1471075.0,yahoo
2023-10-24,00850.TW,27.881775605795184,27.949968609890327,27.68572559645376,27.924394607543945,2186015.0,yahoo
2023-10-25,00850.TW,28.00110863511614,28.128968885243008,27.984063636612373,27.99258613586425,1092001.0,yahoo
2023-10-26,00850.TW,27.5663920999141,27.63458185488377,27.44705759000104,27.515247344970703,3215395.0,yahoo
2023-10-27,00850.TW,27.617534539982543,27.71982078967428,27.57491228862484,27.6090087890625,1555451.0,yahoo
2023-10-30,00850.TW,27.702772298337862,27.73686879847876,27.51524479918417,27.5578670501709,2176262.0,yahoo
2023-10-31,00850.TW,27.617534731488337,27.66015373152032,27.37033997903308,27.38738822937012,1971671.0,yahoo
2023-11-01,00850.TW,27.532296804693782,27.55787080909839,27.37034328436571,27.47262954711914,1473285.0,yahoo
2023-11-02,00850.TW,27.873257979649942,28.111927032470703,27.873257979649942,28.111927032470703,1499739.0,yahoo
2023-11-03,00850.TW,28.197163568414805,28.33354632593223,28.18011531727245,28.290924072265625,2262933.0,yahoo
2023-11-06,00850.TW,28.512550682661644,28.69155245852925,28.512550682661644,28.57221794128418,2527461.0,yahoo
2023-11-07,00850.TW,28.48697360984912,28.56368911290489,28.42730635765256,28.53811836242676,1493894.0,yahoo
2023-11-08,00850.TW,28.56369177802526,28.75121930335239,28.55516927761116,28.66598129272461,1914177.0,yahoo
2023-11-09,00850.TW,28.657450429777228,28.72564342741492,28.61483143206422,28.700069427490234,2323277.0,yahoo
2023-11-10,00850.TW,28.631882821464146,28.631882821464146,28.52959656541121,28.58073806762696,3236269.0,yahoo
2023-11-13,00850.TW,29.075127085300576,29.083649584978552,28.853503074216377,28.90464782714844,3849078.0,yahoo
2023-11-14,00850.TW,29.03250731119269,29.06660056061888,28.947266058573963,29.015459060668945,3748669.0,yahoo
2023-11-15,00850.TW,29.39051055908203,29.45017780958021,29.254127807711725,29.39051055908203,6062460.0,yahoo
2023-11-16,00850.TW,29.4688194531156,29.4688194531156,29.286108342965,29.320911407470703,4159805.0,yahoo
2023-11-17,00850.TW,29.34700919919971,29.49492054949765,29.34700919919971,29.399213790893555,4560321.0,yahoo
2023-11-20,00850.TW,29.43401573167456,29.43401573167456,29.30350591690884,29.381811141967773,1973588.0,yahoo
2023-11-21,00850.TW,29.59062089800304,29.7994359239626,29.59062089800304,29.75593376159668,3421057.0,yahoo
2023-11-22,00850.TW,29.581924916159764,29.634129507911567,29.512318793824026,29.55582427978516,2306033.0,yahoo
2023-11-23,00850.TW,29.538421611842782,29.59062288258201,29.40791179698977,29.512317657470703,2589883.0,yahoo
2023-11-24,00850.TW,29.590622092619355,29.59932451684521,29.512316869598507,29.52971839904785,1213862.0,yahoo
2023-11-27,00850.TW,29.555823601897977,29.651530358413208,29.32960702849789,29.355710983276367,2743896.0,yahoo
2023-11-28,00850.TW,29.40791292932301,29.6515310384955,29.39921382353234,29.55582427978516,2457558.0,yahoo
2023-11-29,00850.TW,29.581926017786195,29.73853647987116,29.5297214240903,29.547122955322266,2077943.0,yahoo
2023-11-30,00850.TW,29.581925078895896,29.62542724609375,29.45141525829973,29.62542724609375,1759943.0,yahoo
2023-12-01,00850.TW,29.53842022474414,29.65152850437179,29.486215637453927,29.642826080322266,1553410.0,yahoo
2023-12-04,00850.TW,29.71243569137726,29.747235434661448,29.53842369894553,29.6080265045166,2464774.0,yahoo
2023-12-05,00850.TW,29.529723328967744,29.529723328967744,29.320911578719752,29.41661834716797,2841129.0,yahoo
2023-12-06,00850.TW,29.4427170869332,29.62542818636475,29.4427170869332,29.547122955322266,1992940.0,yahoo
2023-12-07,00850.TW,29.477519000828448,29.48621810660412,29.373109817504883,29.373109817504883,2265161.0,yahoo
2023-12-08,00850.TW,29.599326446743696,29.668929250076843,29.52972032440796,29.55582427978516,1813758.0,yahoo
2023-12-11,00850.TW,29.564522266245795,29.564522266245795,29.48621704108407,29.53842163085937,1568948.0,yahoo
2023-12-12,00850.TW,29.68633030129165,29.712434256247327,29.54712137787069,29.58192443847656,1874983.0,yahoo
2023-12-13,00850.TW,29.58192207646754,29.6863279309462,29.57322297151193,29.634126663208008,2488744.0,yahoo
2023-12-14,00850.TW,29.96474950040589,30.00825498762785,29.860343632879097,29.98215103149414,2866884.0,yahoo
2023-12-15,00850.TW,30.103955266579124,30.147460749229232,30.05175399780273,30.05175399780273,2973090.0,yahoo
2023-12-18,00850.TW,29.982150112325705,30.086559295654297,29.877744247999697,30.086559295654297,1702262.0,yahoo
2023-12-19,00850.TW,30.034359135503763,30.07786130880805,29.8864477634655,29.97345542907715,1722172.0,yahoo
2023-12-20,00850.TW,30.01695110697295,30.13875849346812,30.01695110697295,30.121356964111328,2544124.0,yahoo
2023-12-21,00850.TW,29.79943977322192,29.92994959618016,29.77333913623133,29.912548065185547,1437887.0,yahoo
2023-12-22,00850.TW,29.97345542907715,30.01695760238143,29.912551722650534,29.97345542907715,1420196.0,yahoo
2023-12-25,00850.TW,30.025652279211325,30.156162098870773,30.025652279211325,30.086559295654297,2082654.0,yahoo
2023-12-26,00850.TW,30.12135812068164,30.304072526442432,30.09525748514545,30.29537010192871,2162594.0,yahoo
2023-12-27,00850.TW,30.39107738801316,30.57378847796052,30.373675857684475,30.55638694763184,3014483.0,yahoo
2023-12-28,00850.TW,30.62599721820457,30.66949939041876,30.49548738255904,30.59119415283203,2059179.0,yahoo
2023-12-29,00850.TW,30.53898955477322,30.64339875089084,30.53898955477322,30.59119415283203,2387696.0,yahoo
2024-01-02,00850.TW,30.66079690822134,30.6781951199893,30.35627509824,30.40847969055176,2231403.0,yahoo
2024-01-03,00850.TW,30.22576914772692,30.22576914772692,29.921247332186617,29.98215103149414,4834054.0,yahoo
2024-01-04,00850.TW,29.98215421140734,30.016957277275058,29.92125050564036,29.93865203857422,1349300.0,yahoo
2024-01-05,00850.TW,29.947349856241065,30.03435751716448,29.82554244995117,29.82554244995117,1941789.0,yahoo
2024-01-08,00850.TW,29.98215453613677,30.17356808147932,29.956053895954817,29.97345542907715,1849879.0,yahoo
2024-01-09,00850.TW,30.14746711477747,30.190969287610592,29.93865203857422,29.93865203857422,1020180.0,yahoo
2024-01-10,00850.TW,29.82553832352701,29.86904380747109,29.71243335847921,29.81683921813965,1051181.0,yahoo
2024-01-11,00850.TW,29.842941316401333,30.025652409515416,29.82553978577105,29.99955177307129,1174102.0,yahoo
2024-01-12,00850.TW,29.851644366205743,29.98215087016132,29.74723518023808,29.912548065185547,1377542.0,yahoo
2024-01-15,00850.TW,29.912548065185547,29.912548065185547,29.912548065185547,29.912548065185547,0.0,yahoo
2024-01-16,00850.TW,29.87774591959425,29.87774591959425,29.564524990089616,29.67763328552246,2587004.0,yahoo
2024-01-17,00850.TW,29.64282856258688,29.64282856258688,29.373109817504883,29.373109817504883,3956784.0,yahoo
2024-01-18,00850.TW,29.494921831289723,29.547123106249547,29.416616599847256,29.48621940612793,1341733.0,yahoo
2024-01-19,00850.TW,29.97344756803157,30.295367548858,29.921242982356123,30.25186538696289,2812739.0,yahoo
2024-01-22,00850.TW,30.469384668035705,30.83480687255279,30.425882498784063,30.495485305786133,1818663.0,yahoo
2024-01-23,00850.TW,30.53898429870605,30.58248978243549,30.46067907459645,30.53898429870605,1366830.0,yahoo
2024-01-24,00850.TW,30.591192725101752,30.625995788849988,30.547690554917875,30.565092086791992,1140115.0,yahoo
2024-01-25,00850.TW,30.712992385536744,30.817398231454725,30.68689175380775,30.7825984954834,2578583.0,yahoo
2024-01-26,00850.TW,30.75650137857089,30.8261075039834,30.72170163486737,30.80000686645508,4506278.0,yahoo
2024-01-29,00850.TW,30.800006575615736,31.05232048034668,30.77390261933117,31.05232048034668,4314559.0,yahoo
2024-01-30,00850.TW,31.008812758957752,31.043615815102992,30.94790907020464,31.01751518249512,2035710.0,yahoo
2024-01-31,00850.TW,30.808704673163525,30.808704673163525,30.66949574721288,30.68689727783203,1295818.0,yahoo
2024-02-01,00850.TW,30.68689727783203,30.7391018696895,30.547688351881384,30.68689727783203,1055608.0,yahoo
2024-02-02,00850.TW,30.800004336376293,30.887008666992188,30.773900381989552,30.887008666992188,1666902.0,yahoo
2024-02-05,00850.TW,30.7826061464662,30.93921661376953,30.686899381002743,30.93921661376953,1692548.0,yahoo
2024-02-15,00850.TW,31.96587798688987,32.018079253898605,31.62655315632195,31.913673400878903,4879953.0,yahoo
2024-02-16,00850.TW,31.913681186782643,31.974584892486185,31.80927530829129,31.8527774810791,1873858.0,yahoo
2024-02-19,00850.TW,31.84407155249441,31.870175508498274,31.730966579487472,31.861473083496094,1512422.0,yahoo
2024-02-20,00850.TW,31.7744695600094,32.03548589370388,31.7744695600094,32.00068283081055,2015463.0,yahoo
2024-02-21,00850.TW,31.98328623816154,31.98328623816154,31.878880352362145,31.887582778930664,1254440.0,yahoo
2024-02-22,00850.TW,32.165996535458106,32.174695641900584,32.00938606747081,32.139892578125,2758931.0,yahoo
2024-02-23,00850.TW,32.2442960981385,32.40960564349268,32.20949304048427,32.322601318359375,3629736.0,yahoo
2024-02-26,00850.TW,32.31389684930199,32.39220206456694,32.17468794649786,32.38350296020508,2853612.0,yahoo
2024-02-27,00850.TW,32.38350796012025,32.47152919692684,32.0666261351446,32.242671966552734,2033630.0,yahoo
2024-02-29,00850.TW,32.14584902064176,32.42752102906267,32.12824410039105,32.37470626831055,1691513.0,yahoo
2024-03-01,00850.TW,32.3570983548587,32.40991311072518,32.28668203816495,32.30428695678711,1018024.0,yahoo
2024-03-04,00850.TW,32.58596126664977,32.99966848933291,32.58596126664977,32.92924880981445,2821200.0,yahoo
2024-03-05,00850.TW,33.00847087515474,33.22852734765577,32.99086595441922,33.17571258544922,2147596.0,yahoo
2024-03-06,00850.TW,32.95565115573237,33.360557556152344,32.88523484117768,33.360557556152344,2031785.0,yahoo
2024-03-07,00850.TW,33.75665628626663,33.98551686242415,33.65983427397898,33.82707595825195,4315367.0,yahoo
2024-03-08,00850.TW,34.43443180874191,34.548862101106494,33.915098460680994,34.14395904541016,3618188.0,yahoo
2024-03-11,00850.TW,34.02952584610689,34.187966742678604,33.94150461814243,34.01192092895508,1691642.0,yahoo
2024-03-12,00850.TW,33.976711838706784,34.408023923885,33.976711838706784,34.390419006347656,2187478.0,yahoo
2024-03-13,00850.TW,34.56646373776888,34.72490463283171,34.4256277596902,34.513648986816406,1665133.0,yahoo
2024-03-14,00850.TW,34.51365689122951,34.59287735690421,34.30240455462719,34.50485610961914,1549856.0,yahoo
2024-03-15,00850.TW,34.46084341993658,34.46084341993658,34.22318203716103,34.25838851928711,2087490.0,yahoo
2024-03-18,00850.TW,34.25838272723799,34.513648986816406,34.24078116804842,34.513648986816406,1961350.0,yahoo
2024-03-19,00850.TW,34.28479223040146,34.5576600527413,34.22317669904765,34.46963882446289,1902366.0,yahoo
2024-03-20,00850.TW,34.60167511495732,34.68089556602193,34.302398228468185,34.34640884399414,1319717.0,yahoo
2024-03-21,00850.TW,34.760125224332185,35.112213599595584,34.742520301899674,35.06820297241211,3143503.0,yahoo
2024-03-22,00850.TW,35.06819897262748,35.173825137379495,34.86574742443809,35.10340881347656,2404298.0,yahoo
2024-03-25,00850.TW,35.10340490620428,35.156216303804364,34.94496399781429,35.076995849609375,1276425.0,yahoo
2024-03-26,00850.TW,35.191430519345886,35.42029113007125,34.7689224970013,35.05939865112305,1521218.0,yahoo
2024-03-27,00850.TW,35.059389946002334,35.24423653029473,34.92735475276808,35.182621002197266,754918.0,yahoo
2024-03-28,00850.TW,35.121012724267345,35.20903396606445,34.8745472032042,35.20903396606445,816500.0,yahoo
2024-03-29,00850.TW,35.19142831386931,35.34106845116478,35.13861355521295,35.30585861206055,792000.0,yahoo
2024-04-01,00850.TW,35.385080268868336,35.499510570932834,35.16502380371094,35.16502380371094,1879809.0,yahoo
2024-04-02,00850.TW,35.36747512088184,35.649147125845154,35.36747512088184,35.63154220581055,1026908.0,yahoo
2024-04-03,00850.TW,35.43788992161468,35.52591451800814,35.24424252513909,35.36747360229492,1085450.0,yahoo
2024-04-08,00850.TW,35.385076432071806,35.69315410676929,35.385076432071806,35.59632873535156,1321650.0,yahoo
2024-04-09,00850.TW,35.649146539241485,36.203689758923424,35.649146539241485,36.1684799194336,1873250.0,yahoo
2024-04-10,00850.TW,36.16848019542878,36.26530557586711,36.09806051591176,36.115665435791016,1390441.0,yahoo
2024-04-11,00850.TW,35.974826722073146,36.0364422581072,35.84279486962655,35.992431640625,1457854.0,yahoo
2024-04-12,00850.TW,35.94841784180023,36.05404398596884,35.869197394225125,35.9132080078125,958676.0,yahoo
2024-04-15,00850.TW,35.6051295968962,35.613930376308474,35.42908378850003,35.53470993041992,1437856.0,yahoo
2024-04-16,00850.TW,35.112206800004714,35.12101093841383,34.28479575268113,34.522457122802734,2998120.0,yahoo
2024-04-17,00850.TW,34.62808398675545,34.97137152023659,34.557664309223405,34.85694122314453,1346569.0,yahoo
2024-04-18,00850.TW,34.70730981128988,35.147422790527344,34.59287949650538,35.147422790527344,729235.0,yahoo
2024-04-19,00850.TW,34.47844521123847,34.47844521123847,33.325351487413904,33.7918701171875,4965628.0,yahoo
2024-04-22,00850.TW,33.65103494144271,33.93270695401713,33.554209557533646,33.67744064331055,2047796.0,yahoo
2024-04-23,00850.TW,34.07354037315516,34.13515591136524,33.87108883935132,33.994319915771484,1132029.0,yahoo
2024-04-24,00850.TW,34.44324462652697,34.94497318236578,34.44324462652697,34.90976333618164,925493.0,yahoo
2024-04-25,00850.TW,34.46084332572347,34.53125964757826,34.23198272465634,34.32000732421875,864894.0,yahoo
2024-04-26,00850.TW,34.768919892799495,35.00658126715403,34.71610513478903,34.87454605102539,918276.0,yahoo
2024-04-29,00850.TW,35.31465939293907,35.55232077020008,35.20903323342142,35.30585861206055,1764310.0,yahoo
2024-04-30,00850.TW,35.43788992161468,35.56112435656553,35.36747360229492,35.36747360229492,565579.0,yahoo
2024-05-02,00850.TW,34.98897516016359,35.1122062335434,34.900953924262275,35.015380859375,1109115.0,yahoo
2024-05-03,00850.TW,35.569922941052944,35.569922941052944,35.07699530507027,35.13861083984375,1004222.0,yahoo
2024-05-06,00850.TW,35.64034162673709,35.93081437436799,35.56992195592068,35.763572692871094,1775601.0,yahoo
2024-05-07,00850.TW,35.95721516204889,35.95721516204889,35.719557199982624,35.88679885864258,881548.0,yahoo
2024-05-08,00850.TW,35.886808924701015,36.01884078979492,35.78998354228836,36.01884078979492,771901.0,yahoo
2024-05-09,00850.TW,36.010036833164456,36.159676963096345,35.939620516216145,35.9836311340332,896684.0,yahoo
2024-05-10,00850.TW,36.08046156290549,36.33572452512562,35.98363617546544,36.25650405883789,1203026.0,yahoo
2024-05-13,00850.TW,36.48535900871176,36.617390860152405,36.36212793758254,36.47655487060547,1242059.0,yahoo
2024-05-14,00850.TW,36.47655315360756,36.68780880688132,36.43254253853231,36.67900466918945,782199.0,yahoo
2024-05-15,00850.TW,36.793431913285325,37.36557993535401,36.793431913285325,37.10151290893555,1212060.0,yahoo
2024-05-16,00850.TW,37.55043184533549,37.71767353564168,37.295165561872174,37.3831901550293,1848601.0,yahoo
2024-05-17,00850.TW,37.347530158853885,37.41885674853192,37.23162615114658,37.27620697021485,1214522.0,yahoo
2024-05-20,00850.TW,37.28511222178993,37.31185798603581,36.964149446686605,37.26728057861328,1171286.0,yahoo
2024-05-21,00850.TW,37.17812779833971,37.25836849650671,36.99981475785322,37.1513786315918,685484.0,yahoo
2024-05-22,00850.TW,37.30295080973725,37.80222670852015,37.30295080973725,37.766563415527344,875510.0,yahoo
2024-05-23,00850.TW,37.79330560530674,38.00728194195885,37.71306490419201,37.97161865234375,1016117.0,yahoo
2024-05-24,00850.TW,37.67740570191623,37.94487700200695,37.63282828558073,37.87355041503906,791989.0,yahoo
2024-05-27,00850.TW,38.30149781379912,38.56896569944367,38.20342546215375,38.49764251708984,1480560.0,yahoo
2024-05-28,00850.TW,38.45307117286652,38.604635084942174,38.45307117286652,38.5868034362793,814766.0,yahoo
2024-05-29,00850.TW,38.47089920897984,38.47089920897984,38.08752730132587,38.11427307128906,1280947.0,yahoo
2024-05-30,00850.TW,37.61499330432024,37.71306565218768,37.40102036446272,37.43668365478516,1714181.0,yahoo
2024-05-31,00850.TW,37.5169255704553,37.66848945766807,37.178131103515625,37.178131103515625,1589385.0,yahoo
2024-06-03,00850.TW,37.329696785972885,37.93595916605741,37.329696785972885,37.837886810302734,1414783.0,yahoo
2024-06-04,00850.TW,37.668493010327055,37.668493010327055,37.17813460992704,37.27620697021485,1195311.0,yahoo
2024-06-05,00850.TW,37.356444300032855,37.59716301579893,37.097890537423446,37.55258560180664,690323.0,yahoo
2024-06-06,00850.TW,38.30149924625263,38.55113889642412,38.20342689093941,38.444149017333984,2177401.0,yahoo
2024-06-07,00850.TW,38.33716232057404,38.33716232057404,38.17668090389318,38.23908996582031,764859.0,yahoo
2024-06-11,00850.TW,38.274751208798754,38.53330496638619,38.274751208798754,38.3549919128418,1540839.0,yahoo
2024-06-12,00850.TW,38.381737220884574,38.809686503643206,38.35499145353671,38.79185485839844,1031642.0,yahoo
2024-06-13,00850.TW,39.26438749692337,39.67450516098991,39.13956937316736,39.35354232788086,1332477.0,yahoo
2024-06-14,00850.TW,39.33571089972536,39.61209631888911,39.210892775276825,39.55860137939453,948685.0,yahoo
2024-06-17,00850.TW,39.54077086762537,39.6745065196803,39.39812109258492,39.60317993164063,1132462.0,yahoo
2024-06-18,00850.TW,39.87956086352144,40.12028296946283,39.87956086352144,40.10245132446289,1925563.0,yahoo
2024-06-19,00850.TW,40.36100775335805,41.26148377885121,40.36100775335805,41.17232894897461,1441178.0,yahoo
2024-06-20,00850.TW,41.17232796519193,41.63594055175781,41.145582197075775,41.63594055175781,1157541.0,yahoo
2024-06-21,00850.TW,41.207995131941146,41.54678623006826,41.092091124140296,41.33281326293945,1402372.0,yahoo
2024-06-24,00850.TW,41.11883626229294,41.11883626229294,40.539323034280585,40.58390045166016,1939926.0,yahoo
2024-06-25,00850.TW,40.36992962670431,40.60173767055116,39.97764353847654,40.56607437133789,1598203.0,yahoo
2024-06-26,00850.TW,40.72654396057056,41.01184346914239,40.5660625618691,40.83353042602539,1306937.0,yahoo
2024-06-27,00850.TW,40.3610076119725,40.7532936235096,40.23618949016701,40.66413879394531,1227064.0,yahoo
2024-06-28,00850.TW,40.69980017057144,41.19015851217283,40.67305100213016,41.02075958251953,858937.0,yahoo
2024-07-01,00850.TW,41.02967927101146,41.23473810101076,40.92269279471591,41.00293350219727,1035971.0,yahoo
2024-07-02,00850.TW,40.95834508895756,41.00292589676382,40.53931338409131,40.69979476928711,1151820.0,yahoo
2024-07-03,00850.TW,41.12775153403631,41.19016059515768,40.89594353469515,41.17232894897461,1089190.0,yahoo
2024-07-04,00850.TW,41.78751166299403,42.01040217192983,41.76076589025429,41.90341567993164,1664574.0,yahoo
2024-07-05,00850.TW,41.930149684005855,42.08171695608176,41.849908987268805,41.86774063110352,1084897.0,yahoo
2024-07-08,00850.TW,41.92124120675695,42.830634758535474,41.85883214545204,42.79497146606445,1713623.0,yahoo
2024-07-09,00850.TW,42.7949673356598,43.151593423872335,42.38484971494229,42.75930404663086,1536102.0,yahoo
2024-07-10,00850.TW,42.75930520667141,42.94653237759509,42.44725992179862,42.937618255615234,1047717.0,yahoo
2024-07-11,00850.TW,43.285331633064,43.69544931041106,43.23184009317284,43.58846282958984,1999373.0,yahoo
2024-07-12,00850.TW,42.89304204930056,43.00894604452772,42.66123405884625,42.6790657043457,2533160.0,yahoo
2024-07-15,00850.TW,43.02677492052002,43.03569244391994,42.59882562536764,42.75039291381836,1449489.0,yahoo
2024-07-16,00850.TW,42.625576749860265,43.18725831242911,42.625576749860265,42.80388641357422,1581800.0,yahoo
2024-07-17,00850.TW,42.750392986682165,42.80388452301821,42.39376687292801,42.447261810302734,2198573.0,yahoo
2024-07-18,00850.TW,41.73401580175756,41.88557969966168,41.36847554094529,41.796424865722656,2646826.0,yahoo
2024-07-19,00850.TW,41.5467857036583,41.65377558690611,40.92269505657418,40.95835494995117,2483171.0,yahoo
2024-07-22,00850.TW,40.93160481845847,40.93160481845847,39.58534790756857,39.87064743041992,3659382.0,yahoo
2024-07-23,00850.TW,40.2629291524106,40.75328744272219,40.2629291524106,40.7443733215332,1099826.0,yahoo
2024-07-26,00850.TW,39.62101302233377,39.68342208862305,39.22872697693844,39.68342208862305,2441540.0,yahoo
2024-07-29,00850.TW,40.022215138493415,40.34317798263196,39.71908394136689,39.736915588378906,1073730.0,yahoo
2024-07-30,00850.TW,39.47836498041337,39.91523186471355,39.12174221463447,39.7993278503418,1456974.0,yahoo
2024-07-31,00850.TW,39.54968717245326,40.03113142376288,39.45161481744144,39.86173248291016,1439671.0,yahoo
2024-08-01,00850.TW,40.566070042312205,40.62847910875571,40.2183614146872,40.459083557128906,874097.0,yahoo
2024-08-02,00850.TW,39.47836009883923,39.49619174507914,38.77402877807617,38.77402877807617,3789904.0,yahoo
2024-08-05,00850.TW,37.11572163083548,37.11572163083548,35.35042953491211,35.35042953491211,7215968.0,yahoo
2024-08-06,00850.TW,36.48271089191549,37.43668524279492,35.43958511352539,36.77692794799805,5019915.0,yahoo
2024-08-07,00850.TW,37.00873446325054,38.239090887100005,37.00873446325054,38.078609466552734,2723882.0,yahoo
2024-08-08,00850.TW,37.42776901893814,37.86463585649243,37.13355535367817,37.46343231201172,1709182.0,yahoo
2024-08-09,00850.TW,38.23908874049694,38.75619626679603,38.17667968056963,38.36390686035156,1382055.0,yahoo
2024-08-12,00850.TW,38.747282697283,39.30005357167284,38.747282697283,39.005836486816406,1018106.0,yahoo
2024-08-13,00850.TW,39.36245557621704,39.371369697929055,38.97016620011977,39.07715606689453,751082.0,yahoo
2024-08-14,00850.TW,39.65667373461518,39.76366021256552,39.433783254946,39.55860137939453,1094149.0,yahoo
2024-08-15,00850.TW,39.58534358312026,39.71907580676323,39.25546328251688,39.32678985595703,966381.0,yahoo
2024-08-16,00850.TW,40.05926018413193,40.21298826114867,39.923621415672926,40.11351776123047,1323650.0,yahoo
2024-08-19,00850.TW,40.158726487221415,40.33958160912453,40.08638650817489,40.13159942626953,813298.0,yahoo
2024-08-20,00850.TW,40.33958431536257,40.46618187433037,40.1316021185548,40.16777038574219,749941.0,yahoo
2024-08-21,00850.TW,40.12255661833107,40.12255661833107,39.81510393181217,39.87840270996094,688837.0,yahoo
2024-08-22,00850.TW,39.87839574701957,40.023079136029374,39.63424533080386,39.69754409790039,540703.0,yahoo
2024-08-23,00850.TW,39.49860582229732,39.787972619934905,39.33583656743564,39.74275970458984,817296.0,yahoo
2024-08-26,00850.TW,40.03213270453488,40.36671246935504,39.86032221979476,39.96883392333984,932429.0,yahoo
2024-08-27,00850.TW,39.80605960824131,39.83318666831509,39.534778658930165,39.68850326538086,643984.0,yahoo
2024-08-28,00850.TW,39.89648331955824,40.10446548461914,39.5890306734847,40.10446548461914,759784.0,yahoo
2024-08-29,00850.TW,39.62520604540755,39.94169992375564,39.408182657261605,39.7879753112793,816250.0,yahoo
2024-08-30,00850.TW,39.923617573921526,40.02308461474337,39.82414708357512,39.94169998168945,405206.0,yahoo
2024-09-02,00850.TW,39.98691020283887,40.18584770342616,39.7608421957211,39.8874397277832,669235.0,yahoo
2024-09-03,00850.TW,39.9145755085562,39.98691894241687,39.59808160922773,39.679466247558594,553704.0,yahoo
2024-09-04,00850.TW,38.48582094397716,38.48582094397716,37.5272912979126,37.97942733764648,2851757.0,yahoo
2024-09-05,00850.TW,38.2507087162103,38.63954599086325,37.97942777912143,38.12411117553711,1111867.0,yahoo
2024-09-06,00850.TW,38.23262001972106,38.61241606304542,37.961339102788806,38.57624435424805,1129538.0,yahoo
2024-09-09,00850.TW,37.7533581987011,38.060810834587656,37.52729018553523,38.03368377685547,1626525.0,yahoo
2024-09-10,00850.TW,38.53104045202517,38.53104045202517,37.789537495927,38.0246467590332,1288718.0,yahoo
2024-09-11,00850.TW,38.00655589762732,38.08794052597548,37.879958353424485,37.91613006591797,918390.0,yahoo
2024-09-12,00850.TW,38.720934360248044,39.0916858150005,38.61242266482709,38.95604705810547,790678.0,yahoo
2024-09-13,00850.TW,39.17307507957624,39.17307507957624,38.90179408419359,39.08264923095703,591446.0,yahoo
2024-09-16,00850.TW,39.08264434045997,39.290626525878906,39.01934556444223,39.290626525878906,971003.0,yahoo
2024-09-18,00850.TW,39.29062679787608,39.29062679787608,38.775191932720816,38.95604705810547,875187.0,yahoo
2024-09-19,00850.TW,38.82944319395763,39.47147901423163,38.82944319395763,39.39913558959961,739839.0,yahoo
2024-09-20,00850.TW,39.995954033422464,40.11351037071493,39.7789306640625,39.7789306640625,637819.0,yahoo
2024-09-23,00850.TW,39.96882936049021,40.05925519486727,39.81510130261986,39.99595642089844,649453.0,yahoo
2024-09-24,00850.TW,39.99595728102084,40.32149581101818,39.83318801602217,40.28532409667969,765601.0,yahoo
2024-09-25,00850.TW,40.71033327398535,40.93640131518949,40.69224741674607,40.77363204956055,3645936.0,yahoo
2024-09-26,00850.TW,41.17151179411366,41.35236692240191,41.026828381388,41.053958892822266,1718753.0,yahoo
2024-09-27,00850.TW,41.28002618751736,41.50609423137118,41.053958143663536,41.081085205078125,1368862.0,yahoo
2024-09-30,00850.TW,40.90927327309696,40.90927327309696,40.15872573852539,40.15872573852539,1867287.0,yahoo
2024-10-01,00850.TW,40.2943698777137,40.3124557353891,40.10447009688431,40.2401123046875,794424.0,yahoo
2024-10-04,00850.TW,40.19490051269531,40.47522269071523,40.04117244290478,40.19490051269531,993554.0,yahoo
2024-10-07,00850.TW,40.339579595023984,40.96352611243617,40.339579595023984,40.87310028076172,1370014.0,yahoo
2024-10-08,00850.TW,40.69224817091402,40.73746109008789,40.33053791847382,40.73746109008789,1147350.0,yahoo
2024-10-09,00850.TW,40.96352348940076,41.18959150363533,40.91831057645867,40.98160934448242,754975.0,yahoo
2024-10-11,00850.TW,40.981612155630216,41.533218700124095,40.981612155630216,41.35236358642578,1277583.0,yahoo
2024-10-14,00850.TW,41.53322026407682,41.53322026407682,41.18959588006313,41.45183563232422,1128587.0,yahoo
2024-10-15,00850.TW,41.55130257521759,42.148122007297694,41.55130257521759,42.09386444091797,1041003.0,yahoo
2024-10-16,00850.TW,41.50609288713156,41.985356020732105,41.33427897167138,41.6236457824707,1472303.0,yahoo
2024-10-17,00850.TW,41.65077179747955,41.91300806991718,41.524170813084005,41.82258224487305,632912.0,yahoo
2024-10-18,00850.TW,42.65451192115286,42.81728116984844,42.32897687328588,42.4374885559082,1599802.0,yahoo
2024-10-21,00850.TW,42.61835094154469,42.82633313940749,42.43749580659124,42.45558166503906,862800.0,yahoo
2024-10-22,00850.TW,42.32897724810659,42.45557478720768,42.04865166186543,42.41940307617188,989713.0,yahoo
2024-10-23,00850.TW,42.41036030451819,42.41036030451819,42.17524764100593,42.31993103027344,2526974.0,yahoo
2024-10-24,00850.TW,42.15716891789402,42.31993818954619,41.98535844204992,42.01248550415039,1186644.0,yahoo
2024-10-25,00850.TW,42.003436083424425,42.365142822265625,42.003436083424425,42.365142822265625,478912.0,yahoo
2024-10-28,00850.TW,42.50079303190656,42.66356230245881,42.14812742888489,42.35610961914063,1546483.0,yahoo
2024-10-29,00850.TW,41.94013532974238,41.94013532974238,41.25288669433189,41.46086883544922,2579011.0,yahoo
2024-10-30,00850.TW,41.614610656201606,41.867805790246535,41.44280016517469,41.5332260131836,717957.0,yahoo
2024-11-01,00850.TW,40.52043820793448,41.29810939627108,40.240112586291,41.21672821044922,3308052.0,yahoo
2024-11-04,00850.TW,41.42470942781716,41.77737502285972,41.32523893700524,41.74120330810547,1175676.0,yahoo
2024-11-05,00850.TW,41.55130095252191,42.08482159441896,41.44278927352436,41.83162307739258,2436491.0,yahoo
2024-11-06,00850.TW,41.840677694083546,42.500796026942,41.840677694083546,42.06674575805664,1820242.0,yahoo
2024-11-07,00850.TW,42.021529920429344,42.61834942994016,41.958231142869465,42.51887893676758,1286001.0,yahoo
2024-11-08,00850.TW,42.907715543393984,42.93484260489078,42.64547578384292,42.71781921386719,1178887.0,yahoo
2024-11-11,00850.TW,42.71781997651246,42.71781997651246,42.28376628766686,42.67260360717773,1457489.0,yahoo
2024-11-12,00850.TW,42.06673686730957,42.19333440445431,41.78641128540039,41.78641128540039,2361051.0,yahoo
2024-11-13,00850.TW,42.00344496328005,42.00344496328005,41.60556298205817,41.65982055664063,1370235.0,yahoo
2024-11-14,00850.TW,41.65981662440743,41.65981662440743,41.18959470431751,41.33427810668945,1210605.0,yahoo
2024-11-15,00850.TW,41.74119439061979,41.74119439061979,41.30714425487183,41.46086883544922,941330.0,yahoo
2024-11-18,00850.TW,41.69936912819877,41.69936912819877,41.00224085752863,41.10314178466797,2108116.0,yahoo
2024-11-19,00850.TW,41.24990539608167,41.67185154243947,41.12148730798412,41.55260467529297,885043.0,yahoo
2024-11-20,00850.TW,41.359981536865234,41.359981536865234,41.359981536865234,41.359981536865234,8364.0,yahoo
2024-11-21,00850.TW,41.07561943233664,41.204037516452736,40.882992306162485,41.06644821166992,1741087.0,yahoo
2024-11-22,00850.TW,41.52508427941871,41.7085401763268,41.44252930076657,41.67184829711914,564748.0,yahoo
2024-11-25,00850.TW,42.04793339467741,42.12131365759858,41.61681254045057,41.69936752319336,1443218.0,yahoo
2024-11-26,00850.TW,41.34163302868587,41.34163302868587,41.02058779736372,41.14900588989258,1952959.0,yahoo
2024-11-27,00850.TW,41.0481051416695,41.14900607171104,40.58946709539386,40.63533020019531,1571215.0,yahoo
2024-11-28,00850.TW,40.616980614635736,40.62615533425131,40.17668854960608,40.44269943237305,2299761.0,yahoo
2024-11-29,00850.TW,40.222553273718695,40.653674135663564,39.97489182018699,40.543601989746094,614297.0,yahoo
2024-12-02,00850.TW,40.717885566300176,41.27742454780916,40.717885566300176,41.268253326416016,1166580.0,yahoo
2024-12-03,00850.TW,41.76358145114073,41.846136443541226,41.61681740899882,41.68102645874024,866231.0,yahoo
2024-12-04,00850.TW,41.81861970606615,41.92869186401367,41.69020160527224,41.92869186401367,641005.0,yahoo
2024-12-05,00850.TW,42.12131124191662,42.17634906029882,41.94703006573491,42.05710220336914,386528.0,yahoo
2024-12-06,00850.TW,42.057107396208615,42.121316442684055,41.82778837333042,42.03876495361328,799016.0,yahoo
2024-12-09,00850.TW,42.05710220336914,42.12131124191662,41.92868412627418,42.05710220336914,877465.0,yahoo
2024-12-10,00850.TW,42.05710726629157,42.12131631256867,41.78192513951392,41.846134185791016,552054.0,yahoo
2024-12-11,00850.TW,41.5526053641695,41.809445043753065,41.47005037771952,41.543434143066406,733514.0,yahoo
2024-12-12,00850.TW,41.73606546632311,42.03876828005728,41.73606546632311,41.85531234741211,475839.0,yahoo
2024-12-13,00850.TW,41.855308906190935,41.94703511540663,41.66267826822904,41.846134185791016,470466.0,yahoo
2024-12-16,00850.TW,42.1488359656771,42.24056217269705,41.65350604985619,41.800270080566406,2073303.0,yahoo
2024-12-17,00850.TW,42.02042126912313,42.08463031904773,41.85531128385107,41.8736572265625,472929.0,yahoo
2024-12-18,00850.TW,41.87364954339972,42.066276657829455,41.68101892983985,41.93785858154297,1050071.0,yahoo
2024-12-19,00850.TW,41.29576955488271,41.55260573764419,41.28659483456662,41.53425979614258,1228371.0,yahoo
2024-12-20,00850.TW,41.46087594396668,41.50673904418945,41.10313886344665,41.27742004394531,819766.0,yahoo
2024-12-23,00850.TW,41.552606614968326,42.06628249046738,41.53426067307936,42.02959060668945,1512268.0,yahoo
2024-12-24,00850.TW,42.2405594248705,42.33228912505376,42.102970123291016,42.102970123291016,641776.0,yahoo
2024-12-25,00850.TW,42.33229666003196,42.33229666003196,42.12132006162261,42.23139572143555,383512.0,yahoo
2024-12-26,00850.TW,42.28642898713528,42.28642898713528,42.18553155021108,42.24974060058594,578157.0,yahoo
2024-12-27,00850.TW,42.18553291868947,42.3322969670402,42.09380320151343,42.28643035888672,640501.0,yahoo
2024-12-30,00850.TW,42.21304602697772,42.31394695660782,42.09379915567572,42.16718292236328,730416.0,yahoo
2024-12-31,00850.TW,41.95621252784866,41.95621252784866,41.73606471282281,41.92869186401367,965826.0,yahoo
2025-01-02,00850.TW,41.83695708582255,41.84612830580319,41.30493534956267,41.433353424072266,1507301.0,yahoo
2025-01-03,00850.TW,41.83695506467092,41.90116409882377,41.59846136713469,41.72688293457031,774185.0,yahoo
2025-01-06,00850.TW,42.18552633367293,42.772582435438416,42.18552633367293,42.65333557128906,2384699.0,yahoo
2025-01-07,00850.TW,43.231221486006696,43.28625580990661,42.98355653106569,43.02024841308594,2176545.0,yahoo
2025-01-08,00850.TW,42.74506378173828,42.96521157980065,42.68085473628896,42.74506378173828,1840606.0,yahoo
2025-01-09,00850.TW,42.74506712761994,42.74506712761994,42.12131906660481,42.18553161621094,1993132.0,yahoo
2025-01-10,00850.TW,42.130496978759766,42.2222232009206,41.92869509104865,42.130496978759766,2826573.0,yahoo
2025-01-13,00850.TW,42.01124236633057,42.01124236633057,41.075620375965926,41.17652130126953,2881626.0,yahoo
2025-01-14,00850.TW,41.20403959789056,41.52508832352907,41.176522435370025,41.415016174316406,1832104.0,yahoo
2025-01-15,00850.TW,41.47922590409644,41.47922590409644,41.04810502213104,41.08479690551758,2093417.0,yahoo
2025-01-16,00850.TW,41.76357163367502,42.05709964895848,41.74522569532856,41.78191757202149,1531025.0,yahoo
2025-01-17,00850.TW,41.91034041675523,41.983724178502726,41.58929520693583,41.89199447631836,1275624.0,yahoo
2025-01-20,00850.TW,42.08462992737213,42.28642829705815,42.08462992737213,42.2589111328125,1098906.0,yahoo
2025-01-21,00850.TW,42.10297195177368,42.460709050198815,41.98372508592183,42.387325286865234,815216.0,yahoo
2025-01-22,00850.TW,42.65333545551772,42.827616641778064,42.644164234822064,42.78175354003906,1287883.0,yahoo
2025-02-03,00850.TW,41.43335528452881,41.58929402424256,40.85547392328736,41.27742004394531,8073616.0,yahoo
2025-02-04,00850.TW,41.50673898820381,41.70854082786814,41.33245780794023,41.34162902832031,1380818.0,yahoo
2025-02-05,00850.TW,41.85531426677227,42.18553426085032,41.85531426677227,42.01124954223633,1157892.0,yahoo
2025-02-06,00850.TW,42.35063941134448,42.37816007606276,42.1580122539712,42.28643035888672,1573014.0,yahoo
2025-02-07,00850.TW,42.28642604769258,42.44236480142808,42.24973766369355,42.42401885986328,1160586.0,yahoo
2025-02-10,00850.TW,42.10297974112821,42.25891501836557,42.057113130993855,42.194705963134766,1421080.0,yahoo
2025-02-11,00850.TW,42.46070798713786,42.60747201100016,42.32311518389744,42.405670166015625,1151280.0,yahoo
2025-02-12,00850.TW,42.55244129000084,42.67168817276422,42.26808791458244,42.28643035888672,708333.0,yahoo
2025-02-13,00850.TW,42.28642604769258,42.46988196420999,42.15800795586956,42.42401885986328,566050.0,yahoo
2025-02-14,00850.TW,42.10296562134777,42.295592722440176,42.0846196832728,42.11213684082031,1196674.0,yahoo
2025-02-17,00850.TW,42.4240133997792,42.72671614794386,42.33228720289118,42.70837020874024,1261134.0,yahoo
2025-02-18,00850.TW,42.74506821857297,42.800106048583984,42.644170778915786,42.800106048583984,566944.0,yahoo
2025-02-19,00850.TW,42.772584069934645,42.88265621843934,42.69920030484451,42.75423812866211,1198514.0,yahoo
2025-02-20,00850.TW,42.74505858801737,42.78175046642463,42.51573959666721,42.70837020874024,1892520.0,yahoo
2025-02-21,00850.TW,42.7083728284313,42.95959541908859,42.63393387605536,42.93168258666992,1306860.0,yahoo
2025-02-24,00850.TW,42.61532152397782,42.754892776399245,42.54088612561228,42.70837020874024,730063.0,yahoo
2025-02-25,00850.TW,42.494366734987125,42.494366734987125,42.09426975023234,42.33618927001953,1145081.0,yahoo
2025-02-26,00850.TW,42.18731111976766,42.59671471250636,42.03843676336771,42.56880187988281,1505952.0,yahoo
2025-02-27,00850.TW,42.56880516692782,42.62463438593051,42.02913336490315,42.06635284423828,2423836.0,yahoo
2025-03-03,00850.TW,41.63833868648751,41.66625152073431,41.21962842556123,41.2940673828125,3816019.0,yahoo
2025-03-04,00850.TW,40.75439541361919,41.21962824607933,40.68926310103036,41.126583099365234,1809463.0,yahoo
2025-03-05,00850.TW,41.47084776140242,41.6383318382268,41.405715459242295,41.601112365722656,1010087.0,yahoo
2025-03-06,00850.TW,41.63833546412694,41.647638558340965,41.433631896972656,41.433631896972656,1258567.0,yahoo
2025-03-07,00850.TW,41.10796753896135,41.26614497586526,41.00561576240266,41.0428352355957,933153.0,yahoo
2025-03-10,00850.TW,41.08006365017205,41.08006365017205,40.75439851301603,40.92188262939453,1860793.0,yahoo
2025-03-11,00850.TW,39.91697841176733,40.31707893130696,39.63783587296679,40.19611740112305,3711474.0,yahoo
2025-03-12,00850.TW,40.21472446784389,40.71717319551569,40.21472446784389,40.37290191650391,2933864.0,yahoo
2025-03-13,00850.TW,40.86604876484219,40.93118462442968,40.14028670928269,40.14959335327149,826684.0,yahoo
2025-03-14,00850.TW,40.14959612479745,40.17750895980127,39.94489253624959,40.075157165527344,1726476.0,yahoo
2025-03-17,00850.TW,40.34499194527099,40.624130935871136,40.2705529880737,40.36360168457031,1278742.0,yahoo
2025-03-18,00850.TW,40.61482715425349,40.773004611456095,40.484558981360735,40.62413024902344,469403.0,yahoo
2025-03-19,00850.TW,40.62412856191389,40.7264803473566,40.14028601674042,40.17750549316406,859785.0,yahoo
2025-03-20,00850.TW,40.605517582637326,40.80091450372241,40.54038527560896,40.76369857788086,999699.0,yahoo
2025-03-21,00850.TW,40.75439792123171,40.75439792123171,40.484562009935104,40.54969787597656,317446.0,yahoo
2025-03-24,00850.TW,40.83813471766103,40.83813471766103,40.36359882223638,40.37290191650391,443243.0,yahoo
2025-03-25,00850.TW,40.79160870782599,40.8753507469508,40.586905156755485,40.70786666870117,450756.0,yahoo
2025-03-26,00850.TW,40.7637040394528,40.866052286035455,40.62413276315237,40.745094299316406,654470.0,yahoo
2025-03-27,00850.TW,40.28916437314592,40.28916437314592,40.02863511120274,40.11237716674805,772285.0,yahoo
2025-03-28,00850.TW,39.88905947318487,39.88905947318487,39.40521693288586,39.60992050170898,2467607.0,yahoo
2025-03-31,00850.TW,38.716674400316045,38.716674400316045,38.14908981323242,38.14908981323242,3539628.0,yahoo
2025-04-01,00850.TW,38.4282322847932,39.00512001871383,38.4282322847932,38.97720718383789,795072.0,yahoo
2025-04-02,00850.TW,38.98651123046875,39.15399532745354,38.92137892046851,38.98651123046875,588943.0,yahoo
2025-04-07,00850.TW,35.08786392211914,35.08786392211914,35.08786392211914,35.08786392211914,1921463.0,yahoo
2025-04-08,00850.TW,32.39881549611203,34.576105383217865,32.39881549611203,33.664249420166016,6601934.0,yahoo
2025-04-09,00850.TW,33.25484462384784,33.682857980390764,31.635832795498924,31.859146118164062,3857964.0,yahoo
2025-04-10,00850.TW,35.04133605957031,35.04133605957031,35.04133605957031,35.04133605957031,1251897.0,yahoo
2025-04-11,00850.TW,34.7342812774866,35.9624955404733,33.803815711621255,35.943885803222656,3789734.0,yahoo
2025-04-14,00850.TW,36.39050868261975,37.03252864233315,36.00901794433594,36.00901794433594,2465318.0,yahoo
2025-04-15,00850.TW,36.00901784979851,36.56729576552322,36.00901784979851,36.53938293457031,1050493.0,yahoo
2025-04-16,00850.TW,36.26025052967597,36.26025052967597,35.8136274064934,35.999717712402344,1383735.0,yahoo
2025-04-17,00850.TW,35.8229253750837,35.8229253750837,35.283253626738656,35.65544128417969,930085.0,yahoo
2025-04-18,00850.TW,35.888058043092734,35.92527751909949,35.636831904214006,35.75779342651367,1009342.0,yahoo
2025-04-21,00850.TW,35.75779996385845,35.75779996385845,35.264654239666655,35.34839630126953,898392.0,yahoo
2025-04-22,00850.TW,34.892462811551496,35.2181243780147,34.72497870610046,34.752891540527344,1018638.0,yahoo
2025-04-23,00850.TW,35.69266801597824,36.10207168283773,35.64614543670142,36.01832962036133,603115.0,yahoo
2025-04-24,00850.TW,36.21372178102065,36.21372178102065,35.72988276136476,35.776405334472656,616374.0,yahoo
2025-04-25,00850.TW,36.6138212916532,36.75339255658266,36.57660536385742,36.63243103027344,720660.0,yahoo
2025-04-28,00850.TW,36.81852722167969,36.93948875572474,36.7533949070658,36.81852722167969,928804.0,yahoo
2025-04-29,00850.TW,36.80922318211497,37.09766526816333,36.75339396411616,37.041839599609375,689732.0,yahoo
2025-04-30,00850.TW,37.05114035644653,37.26514702110315,37.01392088012939,37.08835983276367,672159.0,yahoo
2025-05-02,00850.TW,37.54428735646102,37.89786529541016,37.54428735646102,37.89786529541016,1246767.0,yahoo
2025-05-05,00850.TW,38.06535139675869,38.1304837113783,37.15349544263924,37.51637649536133,3289922.0,yahoo
2025-05-06,00850.TW,37.26514723105512,37.70246720663381,37.17210208918269,37.48846054077149,907861.0,yahoo
2025-05-07,00850.TW,37.61872793961014,37.92577977003943,37.37680487374958,37.414024353027344,1040924.0,yahoo
2025-05-08,00850.TW,37.65594647917836,38.00021778029407,37.65594647917836,37.86995315551758,718183.0,yahoo
2025-05-09,00850.TW,37.86994999019194,38.24213409423828,37.82342742086672,38.24213409423828,867203.0,yahoo
2025-05-12,00850.TW,38.558495613892326,38.70736997728787,38.484060206916965,38.6329345703125,983637.0,yahoo
2025-05-13,00850.TW,39.33078644792317,39.49827056163884,39.07025718189659,39.088863372802734,1112778.0,yahoo
2025-05-14,00850.TW,39.54479053905141,39.851845910499904,39.5354874442097,39.796016693115234,1504365.0,yahoo
2025-05-15,00850.TW,39.80531761760426,39.87975657005843,39.63783352402698,39.77740478515625,804710.0,yahoo
2025-05-16,00850.TW,39.77740566449624,40.01002207189095,39.65644413880647,39.91697692871094,758139.0,yahoo
2025-05-19,00850.TW,39.81462571065305,39.81462571065305,39.321476506304826,39.35869598388672,1716183.0,yahoo
2025-05-20,00850.TW,39.61923296262784,39.77741043489258,39.39591962299188,39.46105194091797,1118377.0,yahoo
2025-05-21,00850.TW,39.54479114264942,39.95419476138493,39.54479114264942,39.935585021972656,1521100.0,yahoo
2025-05-22,00850.TW,39.69023830059078,39.69023830059078,39.41657674403222,39.53925323486328,1854387.0,yahoo
2025-05-23,00850.TW,39.803471686115415,39.878962410534335,39.331642959252754,39.38826370239258,612434.0,yahoo
2025-05-26,00850.TW,39.40713398032267,39.52037546745478,39.28446110224752,39.41657257080078,1905570.0,yahoo
2025-05-27,00850.TW,39.388264571164136,39.388264571164136,38.92587082474218,38.973052978515625,692131.0,yahoo
2025-05-28,00850.TW,39.3127701774072,39.4731938196809,38.92587075750512,39.16178512573242,491175.0,yahoo
2025-05-29,00850.TW,39.53925110954347,39.53925110954347,39.1617866656303,39.180660247802734,478663.0,yahoo
2025-06-02,00850.TW,38.82206621308547,38.82206621308547,38.28418176432021,38.54840469360352,1598092.0,yahoo
2025-06-03,00850.TW,38.90699855990431,39.04854862578232,38.67108418328609,38.77488708496094,491536.0,yahoo
2025-06-04,00850.TW,39.19953587241648,39.52037958652951,39.15235371441091,39.44488525390625,601842.0,yahoo
2025-06-05,00850.TW,39.53925074530818,39.7091093835276,39.52981215442505,39.55812072753906,721261.0,yahoo
2025-06-06,00850.TW,39.55812306866088,39.6619259759124,39.520379502197706,39.63361740112305,599001.0,yahoo
2025-06-09,00850.TW,39.85065584682784,39.94502375681586,39.76572652772248,39.84122085571289,636852.0,yahoo
2025-06-10,00850.TW,40.02051651833792,40.65276894819316,40.02051651833792,40.60558319091797,2705945.0,yahoo
2025-06-11,00850.TW,40.69051272493159,40.926427113457024,40.567839834731245,40.82262420654297,1885626.0,yahoo
2025-06-12,00850.TW,40.8131902555856,40.8131902555856,40.55840227750921,40.59614944458008,1598397.0,yahoo
2025-06-13,00850.TW,40.29417727331135,40.53009165594225,40.11488003866047,40.33192443847656,1786191.0,yahoo
2025-06-16,00850.TW,40.31304873665034,40.47346878051758,40.13375151142506,40.47346878051758,890995.0,yahoo
2025-06-17,00850.TW,40.530094592818685,40.69995324860259,40.445165264926736,40.46403884887695,492611.0,yahoo
2025-06-18,00850.TW,40.43572534225095,40.7188254924188,40.43572534225095,40.66220474243164,1149201.0,yahoo
2025-06-19,00850.TW,40.652769181423245,40.652769181423245,40.29417830272818,40.322486877441406,549064.0,yahoo
2025-06-20,00850.TW,40.3224826906783,40.3413562717834,39.97333043965274,40.199806213378906,388782.0,yahoo
2025-06-23,00850.TW,39.65249125705337,39.94502639770508,39.58643551557846,39.94502639770508,654054.0,yahoo
2025-06-24,00850.TW,40.3224851861504,40.72825820560368,40.3224851861504,40.68107604980469,916709.0,yahoo
2025-06-25,00850.TW,40.83206045011036,41.04910124310177,40.83206045011036,41.03022766113281,1912432.0,yahoo
2025-06-26,00850.TW,40.8131871617152,41.31332448830304,40.8131871617152,41.058536529541016,3052004.0,yahoo
2025-06-27,00850.TW,41.05853887040202,41.22839751926081,40.97360954597262,41.134033203125,1908760.0,yahoo
2025-06-30,00850.TW,41.1340296843704,41.19065042906909,41.03966537630685,41.16233825683594,1124974.0,yahoo
2025-07-01,00850.TW,41.26614518646728,41.76628254763948,41.26614518646728,41.3793830871582,1562056.0,yahoo
2025-07-02,00850.TW,41.25670675747502,41.50205612182617,41.25670675747502,41.50205612182617,619273.0,yahoo
2025-07-03,00850.TW,41.81346621711283,41.97388626842997,41.80402762599549,41.89839553833008,1391446.0,yahoo
2025-07-04,00850.TW,41.898391706806045,42.02106458197116,41.5775480337445,41.61529159545898,485851.0,yahoo
2025-07-07,00850.TW,41.60586329287694,41.61529828488032,41.31332814401976,41.43600463867188,1042062.0,yahoo
2025-07-08,00850.TW,41.47374702653791,41.47374702653791,41.1245947663628,41.25670623779297,1764174.0,yahoo
2025-07-09,00850.TW,41.25670545538596,41.70022201538086,41.21895829290244,41.70022201538086,761193.0,yahoo
2025-07-10,00850.TW,41.70021615208554,42.134301260075965,41.70021615208554,42.12486267089844,1374462.0,yahoo
2025-07-11,00850.TW,42.08712276964572,42.3607843067014,42.01163204204588,42.28529357910156,782214.0,yahoo
2025-07-14,00850.TW,42.32303684471413,42.32303684471413,41.96444959154893,41.97388458251953,381625.0,yahoo
2025-07-15,00850.TW,41.97388430293738,42.50233378796229,41.97388430293738,42.44571304321289,1026054.0,yahoo
2025-07-16,00850.TW,42.48346036324372,42.98359767785682,42.48346036324372,42.85148620605469,1462795.0,yahoo
2025-07-17,00850.TW,42.80430815507986,43.01191397339463,42.69107025407543,42.87979888916016,1502969.0,yahoo
2025-07-18,00850.TW,43.313875862000216,43.502604461149765,43.2761287022634,43.32331085205078,1047324.0,yahoo
2025-07-21,00850.TW,43.2950046926708,43.389368997499496,43.144019645084384,43.21007537841797,1627121.0,yahoo
2025-07-22,00850.TW,43.25726335886556,43.54979850287564,42.823181738541926,42.87979888916016,1307476.0,yahoo
2025-07-23,00850.TW,43.03077815956897,43.2950046926708,43.011908178417215,43.21007537841797,1242082.0,yahoo
2025-07-24,00850.TW,43.266695021480224,43.46486583269934,43.266695021480224,43.40824508666992,568941.0,yahoo
2025-07-25,00850.TW,43.40824273703876,43.47429847061372,43.266692679510975,43.33274841308594,1646569.0,yahoo
2025-07-28,00850.TW,43.5686688103511,43.6441631447604,43.34219300665917,43.50261306762695,2139374.0,yahoo
2025-07-29,00850.TW,43.50260954478176,43.50260954478176,42.936416481634325,43.03078079223633,799516.0,yahoo
2025-07-30,00850.TW,43.313882018735775,43.48374066192829,43.2006405234289,43.39881134033203,1284524.0,yahoo
2025-07-31,00850.TW,43.46486598056177,43.880073986886906,43.46486598056177,43.81401824951172,1639631.0,yahoo
2025-08-01,00850.TW,43.31388252527717,43.747964129726576,43.12515029732635,43.644161224365234,942467.0,yahoo
2025-08-04,00850.TW,43.46486693274448,43.52148408043912,43.20064037768763,43.4931755065918,741554.0,yahoo
2025-08-05,00850.TW,43.92725665724551,44.07824171584024,43.82345375450519,44.05936813354492,1404974.0,yahoo
2025-08-06,00850.TW,43.74796360882426,44.01218656494864,43.74796360882426,43.8989486694336,1006094.0,yahoo
2025-08-07,00850.TW,44.29528293922234,44.88978818806353,44.29528293922234,44.77655029296875,1874438.0,yahoo
2025-08-08,00850.TW,44.78597949397885,44.88978238429837,44.7576709238071,44.823726654052734,578119.0,yahoo
2025-08-11,00850.TW,44.82373025844255,45.20119468999964,44.63499804266401,45.10682678222656,969495.0,yahoo
2025-08-12,00850.TW,45.05020890519801,45.2011939554136,44.99358816145434,45.14457321166992,1266895.0,yahoo
2025-08-13,00850.TW,45.295556519711766,45.49372371554133,45.15400646568071,45.40879440307617,1330439.0,yahoo
2025-08-14,00850.TW,45.40879916826467,45.46541991577235,45.23894052550944,45.371055603027344,751292.0,yahoo
2025-08-15,00850.TW,45.37105391977503,45.52203897442621,45.26725101974591,45.4465446472168,582221.0,yahoo
2025-08-18,00850.TW,45.45598124869995,45.77682495117188,45.35218194476096,45.77682495117188,1074650.0,yahoo
2025-08-19,00850.TW,45.77682672506334,45.77682672506334,45.49373017656323,45.512603759765625,1883589.0,yahoo
2025-08-20,00850.TW,45.29555687231204,45.29555687231204,44.31415227613443,44.34246444702149,3757146.0,yahoo
2025-08-21,00850.TW,44.62922384126607,44.896867850926654,44.56231375043254,44.78216171264648,1610002.0,yahoo
2025-08-22,00850.TW,44.829959942575016,44.84907398689244,44.58143361052864,44.66746139526367,846756.0,yahoo
2025-08-25,00850.TW,45.30788593808745,45.594643971351054,45.164505098292544,45.51817321777344,1201639.0,yahoo
2025-08-26,00850.TW,45.38435147500672,45.53728933054396,45.126268160101496,45.499053955078125,762762.0,yahoo
2025-08-27,00850.TW,45.594650328965535,45.78582359324011,45.55641494684527,45.69023513793945,558255.0,yahoo
2025-08-28,00850.TW,45.5659655416246,45.59464389733276,45.35567826228,45.42258834838867,586040.0,yahoo
2025-08-29,00850.TW,45.460828517029086,45.67111581853956,45.298329971975,45.31744766235352,662574.0,yahoo
2025-09-01,00850.TW,45.20274352576748,45.25053592681584,44.56231368347482,44.68657684326172,849376.0,yahoo
2025-09-02,00850.TW,45.19318322967703,45.19318322967703,44.57187471828245,44.71525192260742,1328874.0,yahoo
2025-09-03,00850.TW,44.743928575534966,44.83951337477596,44.60054773034712,44.76304626464844,641168.0,yahoo
2025-09-04,00850.TW,45.0306864611433,45.43214699213458,45.02112579345703,45.02112579345703,1159229.0,yahoo
2025-09-05,00850.TW,45.42259760264018,45.57553549437996,45.3461268336068,45.53730010986328,896300.0,yahoo
2025-09-08,00850.TW,45.8814035419558,46.04389842926358,45.81449345349655,45.9578742980957,1045991.0,yahoo
2025-09-09,00850.TW,46.01522572802562,46.42624694440807,46.01522572802562,46.359336853027344,1620172.0,yahoo
2025-09-10,00850.TW,46.56006629988605,47.21005315860106,46.56006629988605,47.171817779541016,1653363.0,yahoo
2025-09-11,00850.TW,47.44901783619245,47.77401125889212,47.26740525886744,47.27696228027344,2350521.0,yahoo
2025-09-12,00850.TW,47.4681354748104,47.78357187576834,47.4681354748104,47.69754409790039,1814899.0,yahoo
2025-09-15,00850.TW,47.69754821708691,47.783576002384265,47.46813957418507,47.630638122558594,582384.0,yahoo
2025-09-16,00850.TW,47.630636310892925,48.07988926473442,47.630636310892925,48.03209686279297,1039654.0,yahoo
2025-09-17,00850.TW,47.93651273369597,47.98430513631018,47.71666111828275,47.73577880859375,373527.0,yahoo
2025-09-18,00850.TW,47.77401003414385,48.2232666015625,47.735774656847305,48.2232666015625,757485.0,yahoo
2025-09-19,00850.TW,48.41444172211403,48.41444172211403,48.07988762726479,48.17547607421875,443709.0,yahoo
2025-09-22,00850.TW,48.17547621118966,48.46223426021401,48.17547621118966,48.36664581298828,835724.0,yahoo
2025-09-23,00850.TW,48.74899322168539,49.13133972509196,48.653408418997,48.94016647338867,1057070.0,yahoo
2025-09-24,00850.TW,49.17913188975895,49.17913188975895,48.6056121374092,48.84457778930664,1007395.0,yahoo
2025-09-25,00850.TW,48.98795693024198,49.0835417291363,48.70119888723266,48.892372131347656,686872.0,yahoo
2025-09-26,00850.TW,48.74899193020878,48.74899193020878,47.73577627545243,48.07988739013672,1061804.0,yahoo
2025-09-30,00850.TW,48.5578213058371,48.796786965458665,48.46223650051911,48.605613708496094,760264.0,yahoo
2025-10-01,00850.TW,48.605613940477326,49.1791337141023,48.55782153759023,48.701202392578125,521973.0,yahoo
2025-10-02,00850.TW,49.17912875671925,49.46588679146248,49.17912875671925,49.32250595092773,1351568.0,yahoo
2025-10-03,00850.TW,49.46589150971904,49.99161523128165,49.37030670446278,49.89603042602539,880172.0,yahoo
2025-10-07,00850.TW,50.23057664430952,51.04306200560745,50.23057664430952,50.99526596069336,1617345.0,yahoo
2025-10-08,00850.TW,50.61292266845703,50.66071506661312,50.32616463319428,50.61292266845703,734661.0,yahoo
2025-10-09,00850.TW,51.04306381140569,51.13864861196291,50.85189056396485,50.85189056396485,552542.0,yahoo
2025-10-13,00850.TW,49.3703054467838,50.326168060302734,49.3703054467838,50.326168060302734,1538367.0,yahoo
2025-10-14,00850.TW,50.75630270652016,51.09085680500846,49.89602855253551,49.94382095336914,807276.0,yahoo
2025-10-15,00850.TW,49.99161617447263,50.56513595581055,49.80044291402665,50.56513595581055,667007.0,yahoo
2025-10-16,00850.TW,50.899683939247375,51.52099609375,50.899683939247375,51.52099609375,930370.0,yahoo
2025-10-17,00850.TW,50.947477308107686,51.329823817575445,50.89968490600586,50.89968490600586,911969.0,yahoo
2025-10-20,00850.TW,51.09085725666443,51.66437336439089,50.995268807825695,51.616580963134766,756244.0,yahoo
2025-10-21,00850.TW,51.7121660672054,52.09451257213701,51.7121660672054,51.80775451660156,581669.0,yahoo
2025-10-22,00850.TW,51.56878669143321,51.712163890001165,51.23423260212194,51.66437149047852,498304.0,yahoo
2025-10-23,00850.TW,51.28203201293945,51.42540922091538,51.13865115863693,51.28203201293945,694773.0,yahoo
2025-10-27,00850.TW,51.90334004760058,52.52465221524654,51.90334004760058,52.38127136230469,3007700.0,yahoo
2025-10-28,00850.TW,52.38127129721134,52.42906369935704,52.094513238010535,52.28568649291992,626007.0,yahoo
2025-10-29,00850.TW,52.66802821409463,53.00258231451155,52.62023581298549,52.9069938659668,481573.0,yahoo
2025-10-30,00850.TW,52.95478796896063,53.145957566377646,52.620233880828174,52.85919952392578,652174.0,yahoo
2025-10-31,00850.TW,52.906990293261714,53.19375197320504,52.906990293261714,53.00257873535156,595116.0,yahoo
2025-11-03,00850.TW,53.050374648150274,53.14595945024698,52.57244334501379,52.81140899658203,615723.0,yahoo
2025-11-04,00850.TW,52.85920102503725,53.28933992409343,52.47685817301899,52.52465057373047,977276.0,yahoo
2025-11-05,00850.TW,51.95113202193036,52.09451287369132,51.28203110391664,51.99892807006836,1583406.0,yahoo
2025-11-06,00850.TW,52.14230593681027,52.572444851221945,52.14230593681027,52.47686004638672,740367.0,yahoo
2025-11-07,00850.TW,52.09451061908836,52.09451061908836,51.616579329004985,51.75996017456055,1130499.0,yahoo
2025-11-10,00850.TW,51.95113238524686,52.33347889506563,51.759962776664025,52.28568649291992,664587.0,yahoo
2025-11-11,00850.TW,52.3812690443701,52.572442291057406,51.99892619732188,52.04671859741211,442641.0,yahoo
2025-11-12,00850.TW,51.95113215285177,52.333478660960175,51.903339750919855,52.19009780883789,384035.0,yahoo
2025-11-13,00850.TW,52.14230346679688,52.19009586695053,51.85554541954852,52.14230346679688,392051.0,yahoo
2025-11-14,00850.TW,51.37761658495046,51.42540898739208,51.13865092641581,51.18644332885742,1339872.0,yahoo
2025-11-17,00850.TW,51.28202983502965,51.52099548450075,51.09085658618748,51.138648986816406,909747.0,yahoo
2025-11-18,00850.TW,50.94747793450529,50.94747793450529,49.94382289272072,49.99161529541016,1592711.0,yahoo
2025-11-19,00850.TW,49.89602629888759,50.087199539913854,49.46588741816007,49.70485305786133,923759.0,yahoo
2025-11-20,00850.TW,50.66071576280705,51.13864704358825,50.66071576280705,51.09085464477539,1493706.0,yahoo
2025-11-21,00850.TW,49.928596233343725,49.928596233343725,49.250612606319535,49.54117965698242,1608562.0,yahoo
2025-11-24,00850.TW,49.88017254924473,49.88017254924473,49.44432564239596,49.68646240234375,1439818.0,yahoo
2025-11-25,00850.TW,50.12230682373047,50.558153708966486,49.88017007578974,50.12230682373047,754299.0,yahoo
2025-11-26,00850.TW,50.41286800123683,51.04242499653078,50.41286800123683,50.9455680847168,855279.0,yahoo
2025-11-27,00850.TW,51.18770715409226,51.5751274295707,51.18770715409226,51.42984390258789,807961.0,yahoo
2025-11-28,00850.TW,51.429844278574016,51.817264556884766,51.429844278574016,51.817264556884766,397383.0,yahoo
2025-12-01,00850.TW,51.76884043241798,51.76884043241798,51.2361402951884,51.38142013549805,370304.0,yahoo
2025-12-02,00850.TW,51.52670384904216,51.86569383898624,51.42984692711971,51.57513046264648,625434.0,yahoo
2025-12-03,00850.TW,52.05940033102579,52.05940033102579,51.720410364895216,51.768836975097656,369263.0,yahoo
2025-12-04,00850.TW,51.817264556884766,52.05940130715058,51.72041133466388,51.817264556884766,457907.0,yahoo
2025-12-05,00850.TW,51.86569250467344,52.25311279296875,51.86569250467344,52.25311279296875,304610.0,yahoo
2025-12-08,00850.TW,52.349965481738,52.78581237792969,52.349965481738,52.78581237792969,1313024.0,yahoo
2025-12-09,00850.TW,52.68895993986688,52.83423977762133,52.59210301998355,52.64052963256836,440268.0,yahoo
2025-12-10,00850.TW,52.8342371166608,52.979520641811845,52.68895728622328,52.88266372680664,649532.0,yahoo
2025-12-11,00850.TW,53.02795065773858,53.17323419222063,52.30154037475586,52.30154037475586,427918.0,yahoo
2025-12-12,00850.TW,52.44682408848269,52.68896085030447,52.34996716692572,52.4952507019043,331163.0,yahoo
2025-12-15,00850.TW,51.72040946830992,52.107826037926976,51.62355255487056,51.91411590576172,683238.0,yahoo
2025-12-16,00850.TW,51.76884158268511,51.76884158268511,51.1877111243929,51.6235580444336,920202.0,yahoo
2025-12-17,00850.TW,51.76883963904508,51.81726625173947,51.23613950997928,51.526702880859375,2798100.0,yahoo
2025-12-18,00850.TW,51.28456594118792,51.47827608599371,51.09085579638211,51.33299255371094,425767.0,yahoo
2025-12-19,00850.TW,51.526700229371954,52.01097372082336,51.526700229371954,51.768836975097656,649761.0,yahoo
2025-12-22,00850.TW,52.3015395878211,52.640529570227045,52.25311297529363,52.44682312011719,578876.0,yahoo
2025-12-23,00850.TW,52.54367634517212,52.640529570227045,52.39839281287602,52.44682312011719,1122050.0,yahoo
2025-12-24,00850.TW,52.640530542169095,52.83424069056928,52.4952507019043,52.4952507019043,406376.0,yahoo
2025-12-26,00850.TW,52.73738595020548,52.979522705078125,52.68895933817368,52.979522705078125,427186.0,yahoo
2025-12-29,00850.TW,52.97952595032879,53.56065271973449,52.97952595032879,53.51222610473633,793430.0,yahoo
2025-12-30,00850.TW,53.3669368219646,53.51222034603834,53.07637346853063,53.41536712646485,408884.0,yahoo
2025-12-31,00850.TW,53.415371000417714,53.75436098822372,53.31851407910617,53.60907745361328,810964.0,yahoo
2026-01-02,00850.TW,53.75435792634285,54.43234155805025,53.75435792634285,54.383914947509766,1072703.0,yahoo
2026-01-05,00850.TW,54.96504363375558,56.03044388269179,54.96504363375558,55.59460067749024,1992412.0,yahoo
2026-01-06,00850.TW,55.59460032590596,56.32101058959961,55.59460032590596,56.32101058959961,1428129.0,yahoo
2026-01-07,00850.TW,56.32100833379008,56.32100833379008,55.885161454088006,56.03044128417969,2040223.0,yahoo
2026-01-08,00850.TW,56.03044297180287,56.17572650098397,55.69145299666514,55.7398796081543,2018491.0,yahoo
2026-01-09,00850.TW,55.73987863701262,56.03044199559878,55.11032530919486,55.69145202636719,1780189.0,yahoo
2026-01-12,00850.TW,56.03044334411563,56.36943701621954,56.03044334411563,56.12730026245117,1663433.0,yahoo
2026-01-13,00850.TW,56.708427180074686,56.85371071069888,56.17572705897541,56.32101058959961,1459647.0,yahoo
2026-01-14,00850.TW,56.46628784304316,56.950561330024165,56.46628784304316,56.75685119628906,2284202.0,yahoo
2026-01-15,00850.TW,56.66000063284097,56.70842724486648,56.22415373518408,56.51471710205078,1010608.0,yahoo
2026-01-16,00850.TW,57.144276021211766,57.62854954681526,56.99899248564521,57.53169631958008,814779.0,yahoo
2026-01-19,00850.TW,57.53169655394695,57.91911315917969,57.14427625400041,57.91911315917969,789271.0,yahoo
2026-01-20,00850.TW,57.53169366220087,57.91911024796068,57.33798352196416,57.77383041381836,715594.0,yahoo
2026-01-21,00850.TW,57.09584826533574,57.77383192655966,57.04742165268697,57.28955841064453,679502.0,yahoo
2026-01-22,00850.TW,57.725401259245714,58.3549583038952,57.725401259245714,58.01596832275391,648218.0,yahoo
2026-01-23,00850.TW,58.45181195668381,58.74237902232009,58.20967519846273,58.59709548950195,655460.0,yahoo
2026-01-26,00850.TW,58.64552137997025,58.98451505413321,58.59709476786516,58.93608474731445,582442.0,yahoo
2026-01-27,00850.TW,58.93608703590217,59.565644101856094,58.88766042191659,59.42036056518555,516445.0,yahoo
2026-01-28,00850.TW,59.66249309741799,60.049913371246944,59.66249309741799,59.95306015014648,1251846.0,yahoo
2026-01-29,00850.TW,59.9046304385311,60.24362410516921,59.37193032777246,59.61406707763672,607403.0,yahoo
2026-01-30,00850.TW,59.27507548846887,59.27507548846887,58.451808344564014,58.790802001953125,695067.0,yahoo
2026-02-02,00850.TW,57.870686545364826,58.11282330915296,57.38641301778855,57.91911315917969,1327688.0,yahoo
2026-02-03,00850.TW,58.69394624680572,59.08136652155379,58.59709302547548,59.03293991088867,956850.0,yahoo
2026-02-04,00850.TW,58.93608414910211,59.32350443143777,58.69394739632073,59.27507781982422,842116.0,yahoo
2026-02-05,00850.TW,58.79080349761514,58.79080349761514,58.209673082183976,58.3065299987793,817322.0,yahoo
2026-02-06,00850.TW,57.967536332766045,58.35495660972016,57.24112608451227,58.3065299987793,922633.0,yahoo
2026-02-09,00850.TW,59.46878821215154,59.856204801409774,59.46878821215154,59.66249465942383,940791.0,yahoo
2026-02-10,00850.TW,60.195196569962405,60.77632328282914,60.195196569962405,60.67947006225586,1268892.0,yahoo
2026-02-11,00850.TW,60.67947184041284,61.79329868849936,60.67947184041284,61.69644546508789,1447270.0,yahoo
2026-02-23,00850.TW,62.27757808451408,62.9071277535892,61.98701101461207,62.18071746826172,1752973.0,yahoo
2026-02-24,00850.TW,62.32599837115488,63.63353535164091,62.32599837115488,63.53668212890625,1506339.0,yahoo
2026-02-25,00850.TW,64.02096437171673,65.37693184339123,64.02096437171673,65.08636474609375,1537260.0,yahoo
2026-02-26,00850.TW,65.57646756702806,65.57646756702806,64.64525765741656,65.18437957763672,1345944.0,yahoo
2026-03-02,00850.TW,64.1061440763047,64.9393263909119,63.71405608164942,64.7432861328125,1266072.0,yahoo
2026-03-03,00850.TW,64.59625522612757,64.64526155371996,63.0769169800836,63.12593078613281,1218821.0,yahoo
2026-03-04,00850.TW,61.75362675364425,61.8026368206824,60.234292240090745,60.283302307128906,2379743.0,yahoo
2026-03-05,00850.TW,61.949668884277344,62.73384115081689,61.55758088139341,61.949668884277344,1382363.0,yahoo
2026-03-06,00850.TW,61.55758088139341,62.29274308237955,61.26351674884462,61.949668884277344,679699.0,yahoo
2026-03-09,00850.TW,58.86198541844951,58.91099548339844,57.34265096966306,58.91099548339844,2944441.0,yahoo
2026-03-10,00850.TW,60.67538624177847,61.165494357659625,59.79319013750112,60.43033218383789,963369.0,yahoo
2026-03-11,00850.TW,61.26351654529572,62.83186107316397,61.26351654529572,62.73384094238281,1083142.0,yahoo
2026-03-12,00850.TW,62.29274308237955,62.63582101971007,61.70461481728197,61.949668884277344,543652.0,yahoo
2026-03-13,00850.TW,61.165498578996896,62.04769100493058,60.96945457126882,61.55758285522461,1012500.0,yahoo
2026-03-16,00850.TW,61.85164582736993,62.09669989758808,61.21450748833976,61.50857162475586,1444677.0,yahoo
2026-03-17,00850.TW,62.09669967952956,62.48878768619309,62.09669967952956,62.29274368286133,540581.0,yahoo
2026-03-18,00850.TW,62.929885104932815,63.46900707533392,62.929885104932815,63.37098693847656,1432469.0,yahoo
2026-03-19,00850.TW,62.29274400499023,62.63582194740204,62.04768993436538,62.14571380615234,942754.0,yahoo
2026-03-20,00850.TW,62.19472295127272,62.39076695271469,61.45956075028659,61.949668884277344,638453.0,yahoo
2026-03-23,00850.TW,60.2833008217081,60.67538882680892,59.79319268494625,60.38132095336914,1153870.0,yahoo
2026-03-24,00850.TW,61.26352070796828,61.55758485952081,59.989240225088245,60.528358459472656,1109458.0,yahoo
2026-03-25,00850.TW,61.94967121042746,62.53779949760869,61.80263726901792,62.04769134521485,1450308.0,yahoo
2026-03-26,00850.TW,62.34175548880546,62.880877447821454,61.94967121042746,62.04769134521485,837343.0,yahoo
2026-03-27,00850.TW,61.06747585868208,61.60659408569336,60.724401643100855,61.60659408569336,349529.0,yahoo
2026-03-30,00850.TW,60.47934224758037,60.47934224758037,59.84220020124359,60.43033218383789,995468.0,yahoo
2026-03-31,00850.TW,59.84220167434118,59.891211739290114,58.763965288551645,58.91099548339844,960480.0,yahoo
2026-04-01,00850.TW,60.23428916032123,61.459559469769474,60.23428916032123,61.26351547241211,1013684.0,yahoo
2026-04-02,00850.TW,61.26351591261784,62.04768816845369,60.13626572413436,60.33230972290039,846613.0,yahoo
2026-04-07,00850.TW,61.263516637416586,61.50857070396626,60.77340850431725,61.31252670288086,706506.0,yahoo
2026-04-08,00850.TW,63.076911980717576,64.54723630417699,63.076911980717576,64.49822998046875,2881759.0,yahoo
2026-04-09,00850.TW,64.49823231199024,64.59625244140625,64.20416444528573,64.59625244140625,840391.0,yahoo
2026-04-10,00850.TW,65.08635897392521,65.72350101721968,65.03734517118859,65.47844696044922,5561385.0,yahoo
2026-04-13,00850.TW,65.42943805656206,65.82152607244258,65.38042425015567,65.52745819091797,517006.0,yahoo
2026-04-14,00850.TW,66.40965158613832,67.14481378081882,66.40965158613832,66.9977798461914,1240163.0,yahoo
2026-04-15,00850.TW,67.87997141036696,68.76216748034454,67.87997141036696,68.07601165771484,1128275.0,yahoo
2026-04-16,00850.TW,68.61513935927803,69.1052474975586,68.51711922731326,69.1052474975586,1764752.0,yahoo
2026-04-17,00850.TW,69.00722527794218,69.25227933966893,68.76217121621544,68.86019134521484,794617.0,yahoo
2026-04-20,00850.TW,69.30129422032545,70.08547030604174,69.30129422032545,69.6933822631836,1330232.0,yahoo
2026-04-21,00850.TW,70.18347799125493,71.11468786258274,70.18347799125493,70.91864013671875,1198720.0,yahoo
2026-04-22,00850.TW,70.82062854957074,72.04589893970171,70.82062854957074,71.7518310546875,795771.0,yahoo
2026-04-23,00850.TW,72.58501879714615,73.56523508081615,70.33051835332246,71.50677490234375,1152119.0,yahoo
2026-04-24,00850.TW,72.29095180169293,73.76127624511719,72.29095180169293,73.76127624511719,706914.0,yahoo
2026-04-27,00850.TW,74.9865491238937,75.6726975624027,74.64347490463919,75.13358306884766,1893547.0,yahoo
2026-04-28,00850.TW,75.0845695149231,76.01577951714208,74.93753556947199,74.9865493774414,659659.0,yahoo
2026-04-29,00850.TW,74.15336287139966,74.9375314061441,73.81028867004544,74.4964370727539,622234.0,yahoo
2026-04-30,00850.TW,74.9865498875315,75.57467819487952,74.59446185648042,74.6924819946289,1706169.0,yahoo
2026-05-04,00850.TW,76.01577420972919,77.8291728011293,76.01577420972919,77.78015899658203,1631111.0,yahoo
2026-05-05,00850.TW,77.48609541829397,78.22125758553221,77.48609541829397,78.12322998046875,866617.0,yahoo
2026-05-06,00850.TW,78.76037230037144,80.13267651310674,78.1722440601867,79.39751434326172,1183273.0,yahoo
2026-05-07,00850.TW,80.42674929043278,81.2599316381807,80.23070154607889,80.86784362792969,931892.0,yahoo
2026-05-08,00850.TW,80.67180385712413,81.0638843913246,79.44653349160558,80.57377624511719,855786.0,yahoo
2026-05-11,00850.TW,80.57377692441881,81.75004097230756,79.98564863970287,81.55399322509766,1041036.0,yahoo
2026-05-12,00850.TW,81.55399412908548,82.24015003424053,80.67180543146138,81.11289978027344,1855649.0,yahoo
2026-05-13,00850.TW,80.18169363548232,80.42674770224302,79.39751763046544,80.32872009277344,950893.0,yahoo
2026-05-14,00850.TW,80.86784737258468,81.55399581345407,80.23070526123047,80.23070526123047,759580.0,yahoo
2026-05-15,00850.TW,81.11289841028929,81.60300655778347,78.76037780662578,79.1524658203125,1254849.0,yahoo
2026-05-18,00850.TW,77.68214455538802,79.05444892019672,77.04500244189215,78.80939483642578,989043.0,yahoo
2026-05-19,00850.TW,78.27027062841627,78.90741272374034,77.24104799300686,77.29005432128906,1608886.0,yahoo
2026-05-20,00850.TW,77.4370859297495,77.87818026328311,76.79994385362352,77.19203186035156,1973019.0,yahoo
2026-05-21,00850.TW,78.7113689959337,80.47575378417969,78.56433506063239,80.47575378417969,2064859.0,yahoo
2026-05-22,00850.TW,80.9709923001589,82.11003529339574,80.87194672611503,82.06050872802734,2808856.0,yahoo
2026-05-25,00850.TW,83.44716844944595,85.7252544090219,83.44716844944595,85.67572784423828,2817741.0,yahoo
2026-05-26,00850.TW,86.07191614272261,86.6166705620702,85.18049088951703,85.87381744384766,850635.0,yahoo
2026-05-27,00850.TW,86.91381350344452,89.14237282404565,86.91381350344452,88.0528564453125,875587.0,yahoo
2026-05-28,00850.TW,88.2509489334983,88.8452299167378,85.32906302450009,85.87381744384766,971922.0,yahoo
2026-05-29,00850.TW,87.31000524345173,88.54809378191051,87.26047867923627,88.30047607421875,623668.0,yahoo
2026-06-01,00850.TW,88.99380572803624,90.5785576010382,88.99380572803624,89.8852310180664,952450.0,yahoo
2026-06-02,00850.TW,90.28141861958278,90.42999075699086,88.59761365677922,90.182373046875,908360.0,yahoo
2026-06-03,00850.TW,91.17284353529004,91.91569666276924,91.123316970781,91.71759796142578,945518.0,yahoo
2026-06-04,00850.TW,91.12331925613992,91.22236483094927,90.18237496041132,90.42999267578124,903125.0,yahoo
2026-06-05,00850.TW,89.9347540568981,89.9347540568981,86.9138150137984,88.84523010253906,1273814.0,yahoo
2026-06-08,00850.TW,83.24907805574007,85.77477419197193,83.24907805574007,85.5766830444336,1562106.0,yahoo
2026-06-09,00850.TW,85.77477354512747,88.69666706778723,85.77477354512747,88.64714050292969,679815.0,yahoo
2026-06-10,00850.TW,88.00333512747575,88.30047941061041,85.37858581542969,85.37858581542969,983374.0,yahoo
2026-06-11,00850.TW,84.93287165431295,85.82429689146932,82.85288447207644,85.0814437866211,1477477.0,yahoo
2026-06-12,00850.TW,88.34999385778703,88.44904698484568,86.71572305501596,86.96334075927734,478154.0,yahoo
2026-06-15,00850.TW,89.24141885648527,90.08331753729604,88.89475558282115,89.4890365600586,596265.0,yahoo
2026-06-16,00850.TW,90.1328464821747,90.28141861958278,89.4395199165274,90.182373046875,666621.0,yahoo
2026-06-17,00850.TW,89.73665777050836,90.52903747558594,89.09285020471944,90.52903747558594,463734.0,yahoo
2026-06-18,00850.TW,91.17284085467124,91.61854969537713,91.12331429161831,91.56902313232422,909204.0,yahoo
2026-06-22,00850.TW,92.65854691659148,94.14425312547309,92.65854691659148,94.0947265625,996723.0,yahoo
2026-06-23,00850.TW,94.34234574511608,94.73853558504304,92.70806737835036,92.90616607666016,584629.0,yahoo
2026-06-24,00850.TW,90.6280834154902,91.2718909838787,89.93475683826745,90.97474670410156,974054.0,yahoo
2026-06-25,00850.TW,91.61854776208006,91.96521102605756,90.47950484613192,91.32140350341795,560248.0,yahoo
2026-06-26,00850.TW,90.23189191282545,90.23189191282545,87.16143382356127,87.2109603881836,905753.0,yahoo
2026-06-29,00850.TW,87.40905005190554,89.24141956148513,87.40905005190554,88.39952087402344,837195.0,yahoo
2026-06-30,00850.TW,90.23189210017716,91.46998065137798,90.23189210017716,91.17284393310548,542781.0,yahoo
2026-07-01,00850.TW,92.70806576121691,92.95568346226544,91.61854938794208,92.11378479003906,517055.0,yahoo
2026-07-02,00850.TW,90.52903786990288,91.96521759033205,90.18237458118132,91.96521759033205,798739.0,yahoo
2026-07-03,00850.TW,91.56902505415412,92.11378703239916,89.73665553312775,91.81664276123048,496719.0,yahoo
2026-07-06,00850.TW,92.50997423017434,92.90616406150784,91.02426803019304,91.66807556152344,475527.0,yahoo
2026-07-07,00850.TW,91.668079980921,91.91569769285572,88.94428514963876,89.09284973144531,670603.0,yahoo
2026-07-08,00850.TW,89.29094843500883,89.48903958187948,88.1519054487704,89.09284973144531,426167.0,yahoo
2026-07-09,00850.TW,89.38999556432528,90.08332214713316,88.64714241559128,88.89476013183594,618601.0,yahoo
2026-07-10,00850.TW,88.89476013183594,88.89476013183594,88.89476013183594,88.89476013183594,0.0,yahoo
2026-07-13,00850.TW,90.47950926394674,90.47950926394674,88.25094988524513,88.74618530273438,648571.0,yahoo
2026-07-14,00850.TW,88.25095094421619,88.30047750923652,84.78430298019327,87.11190795898438,993363.0,yahoo
2026-07-15,00850.TW,87.95381095186674,89.14237290120579,87.607140123008,89.04332733154297,402011.0,yahoo
2026-07-16,00850.TW,88.64713826348529,89.19190023638488,87.16143203560564,88.94428253173828,516467.0,yahoo
2026-07-17,00850.TW,85.77477294270817,86.12143622419774,83.24907684326172,83.24907684326172,1632188.0,yahoo
2026-07-20,00850.TW,83.39764253157685,83.69478680919791,81.46622739711867,82.60527038574219,1638908.0,yahoo
2026-07-21,00850.TW,84.38811120740259,85.97287057163147,83.69478465307198,85.87381744384766,520035.0,yahoo
2026-07-22,00850.TW,87.45857924304583,88.64714124261604,87.31000710392634,87.55762481689453,443431.0,yahoo
2026-07-23,00850.TW,87.90428315314293,88.30047298291812,86.91381235705117,87.70619201660156,345454.0,yahoo
2026-07-24,00850.TW,86.9633413959282,87.45857680807654,85.62619973777348,85.87381744384766,237414.0,yahoo
2026-07-27,00850.TW,85.82429843664843,85.87381744384766,84.19002006522032,85.87381744384766,534116.0,yahoo
2026-07-28,00850.TW,83.44716551543254,83.44716551543254,81.3671783314309,81.56526947021484,1246633.0,yahoo
2026-07-29,00850.TW,81.56527397519879,81.86241825647903,76.76149180578807,77.99958038330078,1759712.0,yahoo
2026-07-30,00850.TW,77.99957960922599,80.57480231355709,77.10815433092482,78.09862518310547,1045565.0,yahoo
2026-07-31,00850.TW,82.65478577676805,85.37858049454485,82.65478577676805,85.0814437866211,2362414.0,yahoo
2026-08-03,00850.TW,84.63573120189425,86.1709640437415,84.33859448058674,85.5766830444336,998962.0,yahoo
2026-08-04,00850.TW,85.18049127986345,86.46810638002685,84.19002045102783,85.32906341552734,715444.0,yahoo
2026-08-05,00850.TW,87.45857431757862,88.54809068194106,87.45857431757862,87.70619201660156,707004.0,yahoo
2026-08-06,00850.TW,87.65666961669922,88.00333290045495,86.66619877357267,87.65666961669922,472403.0,yahoo
2026-08-07,00850.TW,87.7557113272679,88.0033290271511,86.61666839646668,87.16143035888672,403159.0,yahoo
2026-08-10,00850.TW,88.15190094175097,89.14237173884929,87.90428324247638,88.69666290283203,521853.0,yahoo
2026-08-11,00850.TW,88.1519054487704,89.14237629650941,88.10237888370632,89.09284973144531,589575.0,yahoo
2026-08-12,00850.TW,89.53856581609081,89.7861835271106,89.24142154018995,89.63761138916016,407882.0,yahoo
2026-08-13,00850.TW,90.57855684996302,91.42046312376728,90.57855684996302,90.97474670410156,783054.0,yahoo
2026-08-14,00850.TW,91.1233154455342,91.91569512425936,90.7271256061716,90.92522430419922,678614.0,yahoo
2026-08-17,00850.TW,91.1233139038086,91.61854930545972,90.8261696401409,91.1233139038086,635621.0,yahoo
2026-08-18,00850.TW,91.12331413149484,91.12331413149484,89.53856235358995,89.58808135986328,904316.0,yahoo
2026-08-19,00850.TW,87.8052372112541,88.74618144086048,87.6071385188632,88.25094604492188,562079.0,yahoo
2026-08-20,00850.TW,89.04333261629564,89.09285162571973,87.75571746418079,88.3499984741211,675153.0,yahoo
2026-08-21,00850.TW,88.75,89.0,87.5999984741211,88.5999984741211,592622.0,yahoo
2026-08-24,00850.TW,88.75,89.1500015258789,88.25,88.30000305175781,375040.0,yahoo
2026-08-25,00850.TW,87.8499984741211,88.80000305175781,86.9000015258789,88.80000305175781,308292.0,yahoo
2026-08-26,00850.TW,88.80000305175781,90.5999984741211,88.5,90.4000015258789,875222.0,yahoo
2026-08-27,00850.TW,91.0,91.5,90.5,90.5500030517578,845472.0,yahoo
2026-08-28,00850.TW,91.0,91.75,91.0,91.4000015258789,502863.0,yahoo
2026-08-31,00850.TW,90.3499984741211,91.0,89.80000305175781,91.0,396749.0,yahoo
2026-09-01,00850.TW,91.0,93.4499969482422,91.0,93.1999969482422,1808783.0,yahoo
2026-09-02,00850.TW,92.3499984741211,93.0,91.6999969482422,91.9000015258789,402542.0,yahoo
2026-09-03,00850.TW,91.9499969482422,92.3000030517578,91.0500030517578,91.0500030517578,1167560.0,yahoo
2026-09-04,00850.TW,92.0,92.75,91.75,92.6500015258789,988255.0,yahoo
2026-09-07,00850.TW,93.75,94.6999969482422,93.5,94.25,750169.0,yahoo
2026-09-08,00850.TW,94.4499969482422,94.4499969482422,93.4000015258789,93.6999969482422,295372.0,yahoo
2026-09-09,00850.TW,93.75,94.4000015258789,93.5999984741211,93.5999984741211,263178.0,yahoo
2026-09-10,00850.TW,93.0999984741211,93.3499984741211,92.5999984741211,93.25,356455.0,yahoo
2026-09-11,00850.TW,92.1999969482422,92.3499984741211,91.4000015258789,92.0999984741211,312707.0,yahoo
2026-09-14,00850.TW,90.9499969482422,92.0,90.5500030517578,91.5500030517578,371301.0,yahoo
2026-09-15,00850.TW,91.5500030517578,91.8000030517578,90.8000030517578,90.9499969482422,428395.0,yahoo
2026-09-16,00850.TW,91.1999969482422,91.9499969482422,90.9499969482422,91.5,352390.0,yahoo
2026-09-17,00850.TW,92.0,93.4000015258789,92.0,92.1500015258789,341765.0,yahoo
2026-09-18,00850.TW,93.3000030517578,94.0,93.0,93.75,454578.0,yahoo
2026-09-21,00850.TW,94.4000015258789,95.4000015258789,94.4000015258789,95.30000305175781,593951.0,yahoo
2026-09-22,00850.TW,97.05000305175781,97.5,95.94999694824219,96.0,709985.0,yahoo
2026-09-23,00850.TW,96.19999694824219,97.0,96.19999694824219,96.4000015258789,265704.0,yahoo
2026-09-24,00850.TW,96.19999694824219,96.4000015258789,95.8499984741211,96.3499984741211,262471.0,yahoo
2026-09-29,00850.TW,96.3499984741211,96.3499984741211,95.0,95.5,447454.0,yahoo
2026-09-30,00850.TW,96.5,96.8499984741211,96.0500030517578,96.0500030517578,703916.0,yahoo
2026-10-01,00850.TW,96.05000305175781,96.69999694824219,95.6500015258789,96.5,535563.0,yahoo
2022-08-29,00878.TW,12.217272288976256,12.304022760036183,12.173897742872272,12.224501609802246,134489947.0,yahoo
2022-08-30,00878.TW,12.246189571928223,12.332938664133698,12.217272288625091,12.275105476379396,49383216.0,yahoo
2022-08-31,00878.TW,12.260646396348733,12.32570890260251,12.23173049293145,12.311251640319824,40859232.0,yahoo
2022-09-01,00878.TW,12.231728544252126,12.238957863667698,12.152207409532542,12.181124687194824,135762606.0,yahoo
2022-09-02,00878.TW,12.21004293902981,12.21004293902981,12.144980430603027,12.144980430603027,75999626.0,yahoo
2022-09-05,00878.TW,12.144978557102286,12.210041055492445,12.144978557102286,12.173895835876465,34629814.0,yahoo
2022-09-06,00878.TW,12.210041055492445,12.253416973653708,12.152207876795831,12.173895835876465,35614729.0,yahoo
2022-09-07,00878.TW,12.14497901331639,12.14497901331639,12.04377129150849,12.065459251403809,89917056.0,yahoo
2022-09-08,00878.TW,12.11606410510084,12.25341843798912,12.101605463985882,12.24618911743164,31402097.0,yahoo
2022-09-12,00878.TW,12.376312238453774,12.390769498507511,12.296791103325583,12.36185359954834,32874397.0,yahoo
2022-09-13,00878.TW,12.397999311895964,12.434145910599629,12.397999311895964,12.419687271118164,25325244.0,yahoo
2022-09-14,00878.TW,12.202811734031492,12.30402083087471,12.19558379319074,12.260644912719728,54892966.0,yahoo
2022-09-15,00878.TW,12.27510311031947,12.361853564655515,12.24618721144192,12.33293628692627,23237680.0,yahoo
2022-09-16,00878.TW,12.27510307389613,12.28233239330699,12.210040578050076,12.217269897460938,67803698.0,yahoo
2022-09-19,00878.TW,12.246188114617128,12.253417434582614,12.181125613779558,12.20281219482422,39396819.0,yahoo
2022-09-20,00878.TW,12.231730461120604,12.253418422766098,12.202813178926617,12.231730461120604,18064664.0,yahoo
2022-09-21,00878.TW,12.224501580647308,12.224501580647308,12.130523167837486,12.144980430603027,72327183.0,yahoo
2022-09-22,00878.TW,12.05100060578333,12.058229925745025,11.935334244099831,12.01485538482666,105136078.0,yahoo
2022-09-23,00878.TW,12.022083276565798,12.043771236361811,11.942563515017326,11.971479415893556,67209755.0,yahoo
2022-09-26,00878.TW,11.863040918058324,11.884728875191463,11.776291847229004,11.776291847229004,144916268.0,yahoo
2022-09-27,00878.TW,11.819668281058894,11.863042823440152,11.725688497239018,11.761835098266602,58086343.0,yahoo
2022-09-28,00878.TW,11.805211508441678,11.819670151140324,11.573878740671562,11.602794647216797,105812500.0,yahoo
2022-09-29,00878.TW,11.718460112598512,11.747377395729243,11.58110715428339,11.646169662475586,77136439.0,yahoo
2022-09-30,00878.TW,11.56664756147156,11.617251423936704,11.54496029033306,11.59556484222412,79316841.0,yahoo
2022-10-03,00878.TW,11.501585239547609,11.544960471932812,11.465439327464258,11.472668647766112,92644260.0,yahoo
2022-10-04,00878.TW,11.588335977661869,11.660626424681883,11.566648016244727,11.624481201171877,42445878.0,yahoo
2022-10-05,00878.TW,11.7040009153354,11.754604773597938,11.675083636984397,11.71845817565918,42937214.0,yahoo
2022-10-06,00878.TW,11.747376437879142,11.769064398458813,11.689543255185194,11.696772575378418,41369447.0,yahoo
2022-10-07,00878.TW,11.6750845786943,11.6750845786943,11.6172513961792,11.6172513961792,34710887.0,yahoo
2022-10-11,00878.TW,11.472667669520742,11.472667669520742,11.400376540944055,11.407605171203612,138448257.0,yahoo
2022-10-12,00878.TW,11.414834032186358,11.501583796647884,11.364230175273594,11.46543788909912,48461771.0,yahoo
2022-10-13,00878.TW,11.458209211960984,11.465437841900304,11.29193831369148,11.29916763305664,98427170.0,yahoo
2022-10-14,00878.TW,11.487126775203595,11.487126775203595,11.349772453308104,11.349772453308104,42251534.0,yahoo
2022-10-17,00878.TW,11.284710648313164,11.299169289162672,11.183502920070373,11.263023376464844,85433265.0,yahoo
2022-10-18,00878.TW,11.422064252048491,11.422064252048491,11.234106069517765,11.284709930419922,45209137.0,yahoo
2022-10-19,00878.TW,11.291939984219267,11.378689761157428,11.27748203277588,11.27748203277588,35119333.0,yahoo
2022-10-20,00878.TW,11.169043326789582,11.234105826212334,11.082293557367874,11.21241855621338,62553200.0,yahoo
2022-10-21,00878.TW,11.212419025005556,11.277481527148575,11.183502433989316,11.20518970489502,32158672.0,yahoo
2022-10-24,00878.TW,11.349772168520474,11.364230808115478,11.183501949733222,11.197959899902344,36294290.0,yahoo
2022-10-25,00878.TW,11.226876233804887,11.263022142542749,11.103980557751688,11.161813735961914,46814742.0,yahoo
2022-10-26,00878.TW,11.205190191918692,11.29193996873792,11.147357007372545,11.263023376464844,28734002.0,yahoo
2022-10-27,00878.TW,11.31362511401508,11.364229658050508,11.29916716530911,11.306396484375,21556901.0,yahoo
2022-10-28,00878.TW,11.3063986250886,11.33531521740132,11.241336120028494,11.27748203277588,28528469.0,yahoo
2022-10-31,00878.TW,11.335314502776209,11.378689043797804,11.299168592307607,11.349772453308104,26278043.0,yahoo
2022-11-01,00878.TW,11.37868906565825,11.436522246748751,11.34254315512021,11.414834976196287,26536013.0,yahoo
2022-11-02,00878.TW,11.458210444253636,11.465439074970371,11.407605892680996,11.436522483825684,58621904.0,yahoo
2022-11-03,00878.TW,11.342542672886484,11.422063810574477,11.313626083570636,11.407605171203612,48323372.0,yahoo
2022-11-04,00878.TW,11.38591958586934,11.450982093811035,11.335315719437345,11.450982093811035,38970842.0,yahoo
2022-11-07,00878.TW,11.537732823350977,11.610023968566122,11.501586906030386,11.602794647216797,40519846.0,yahoo
2022-11-08,00878.TW,11.689544663551777,11.696773984615994,11.638940794954252,11.67508602142334,43048782.0,yahoo
2022-11-09,00878.TW,11.7401466534592,11.776293252996014,11.689542792959443,11.754605293273926,36930156.0,yahoo
2022-11-10,00878.TW,11.740146630787777,11.747375950681178,11.675084130598938,11.689542770385742,39978125.0,yahoo
2022-11-11,00878.TW,11.935335614046805,11.942564934838282,11.790751955921108,11.913647651672363,58728722.0,yahoo
2022-11-14,00878.TW,11.985938100034147,12.116063101587342,11.97147946011673,12.101604461669922,71046069.0,yahoo
2022-11-15,00878.TW,12.101604962200474,12.130522243231352,12.000397236296102,12.123292922973633,80317400.0,yahoo
2022-11-16,00878.TW,12.167400112636908,12.174752184638866,12.064473909138178,12.071825981140137,84253265.0,yahoo
2022-11-17,00878.TW,12.071828430842045,12.07918050433594,11.961550132962897,12.035069465637209,43890571.0,yahoo
2022-11-18,00878.TW,12.035070448844635,12.079181491147027,11.939494887880572,11.946846961975098,54708786.0,yahoo
2022-11-21,00878.TW,11.946847551230029,11.946847551230029,11.851273387816708,11.87332820892334,42702198.0,yahoo
2022-11-22,00878.TW,11.858622697295385,11.858622697295385,11.792456839314006,11.836567878723145,38615842.0,yahoo
2022-11-23,00878.TW,11.91008929830566,11.98360724277398,11.888033073606218,11.968904495239258,26244073.0,yahoo
2022-11-24,00878.TW,12.020365715026855,12.042420533971171,11.98360534634519,12.020365715026855,32340294.0,yahoo
2022-11-25,00878.TW,12.035068367998528,12.079179402674184,12.035068367998528,12.057123184204102,33971428.0,yahoo
2022-11-28,00878.TW,11.954198651124187,12.049772806745848,11.924790355693087,12.01301383972168,46456393.0,yahoo
2022-11-29,00878.TW,12.005661238287717,12.115939536778864,11.968902272878884,12.101235389709473,23948332.0,yahoo
2022-11-30,00878.TW,12.10858556844647,12.240920066833496,12.093882825942464,12.240920066833496,35719943.0,yahoo
2022-12-01,00878.TW,12.33649788895758,12.34384996270261,12.240922332536885,12.262978553771973,51299476.0,yahoo
2022-12-02,00878.TW,12.240921363348535,12.240921363348535,12.196810326635584,12.211514472961426,32494659.0,yahoo
2022-12-05,00878.TW,12.218868662225052,12.307090750929524,12.211516587788877,12.255627632141112,36846105.0,yahoo
2022-12-06,00878.TW,12.226217582169715,12.233569655552213,12.093884468078612,12.093884468078612,73904125.0,yahoo
2022-12-07,00878.TW,12.064475257027462,12.137994582996566,12.035068367998528,12.057123184204102,37960615.0,yahoo
2022-12-08,00878.TW,12.0571262380046,12.064478312690078,11.932143772881211,11.998311042785645,51537977.0,yahoo
2022-12-09,00878.TW,12.04977091410329,12.08653127761826,12.005659880149812,12.064475059509276,22880503.0,yahoo
2022-12-12,00878.TW,12.027714951392731,12.071825981140137,11.93213941763161,12.071825981140137,43248671.0,yahoo
2022-12-13,00878.TW,12.086532762762287,12.115939654923176,11.9762544631958,11.9762544631958,54214234.0,yahoo
2022-12-14,00878.TW,12.02036538535711,12.108587463244168,12.02036538535711,12.101235389709473,21078843.0,yahoo
2022-12-15,00878.TW,12.079180519270452,12.101235337514767,12.035069480517182,12.086532592773438,20180278.0,yahoo
2022-12-16,00878.TW,11.93214302228698,12.00566236225214,11.910088201882775,11.990958213806152,93829278.0,yahoo
2022-12-19,00878.TW,11.96890318425867,11.976255258353191,11.902735919672704,11.946846961975098,46567408.0,yahoo
2022-12-20,00878.TW,11.954198251990618,11.954198251990618,11.814511657886245,11.836567878723145,117804563.0,yahoo
2022-12-21,00878.TW,11.836567519300452,11.858622337202988,11.792456481230769,11.8145112991333,67938152.0,yahoo
2022-12-22,00878.TW,11.873327228648288,11.96155071258545,11.865975154798132,11.96155071258545,24209319.0,yahoo
2022-12-23,00878.TW,11.888031562213838,11.932142603739726,11.836568446722849,11.902735710144045,31964597.0,yahoo
2022-12-26,00878.TW,11.924790183938548,11.946846405194194,11.91008743869947,11.93214225769043,18713189.0,yahoo
2022-12-27,00878.TW,11.954198638735292,11.99830967957152,11.946846564885137,11.96155071258545,18488353.0,yahoo
2022-12-28,00878.TW,11.946846192562944,11.946846192562944,11.865974784996288,11.888031005859377,47551797.0,yahoo
2022-12-29,00878.TW,11.836569031420565,11.88068007512543,11.77775383905914,11.829216957092283,55771931.0,yahoo
2022-12-30,00878.TW,11.895383079480403,11.924789971699855,11.880678932238348,11.888031005859377,20694269.0,yahoo
2023-01-03,00878.TW,11.87332666066918,11.939493919890658,11.79245665671542,11.89538288116455,45454931.0,yahoo
2023-01-04,00878.TW,11.895383291195706,11.954198478946076,11.888031217443825,11.93214225769043,20865801.0,yahoo
2023-01-05,00878.TW,11.9689041463086,12.027719341527554,11.9689041463086,11.998311042785645,23139034.0,yahoo
2023-01-06,00878.TW,11.998307807446816,12.079179204915263,11.998307807446816,12.064475059509276,28899770.0,yahoo
2023-01-09,00878.TW,12.174754517643812,12.248273849487305,12.137995552854376,12.248273849487305,67723997.0,yahoo
2023-01-10,00878.TW,12.248274406281912,12.270330627517,12.204163366076422,12.262978553771973,39145495.0,yahoo
2023-01-11,00878.TW,12.27768385544964,12.292386602057173,12.218868662225052,12.255627632141112,22460724.0,yahoo
2023-01-12,00878.TW,12.270330054100985,12.270330054100985,12.182106575548168,12.196810722351074,33644551.0,yahoo
2023-01-13,00878.TW,12.248273238177532,12.285032201132331,12.211514275222733,12.218866348266602,32502050.0,yahoo
2023-01-16,00878.TW,12.233569863338095,12.307089196147173,12.226217789830724,12.277682304382324,44766925.0,yahoo
2023-01-17,00878.TW,12.307089248395528,12.307089248395528,12.26297820942867,12.29238510131836,31397759.0,yahoo
2023-01-30,00878.TW,12.446774306376511,12.542348446064246,12.424718088480354,12.505589485168455,88042031.0,yahoo
2023-01-31,00878.TW,12.505591618129117,12.520295765901167,12.410016059875488,12.410016059875488,70532322.0,yahoo
2023-02-01,00878.TW,12.461480550125998,12.498239517211914,12.417368106905249,12.498239517211914,45108058.0,yahoo
2023-02-02,00878.TW,12.59381364613808,12.59381364613808,12.498239490559683,12.58646297454834,91868014.0,yahoo
2023-02-03,00878.TW,12.593812133238536,12.593812133238536,12.520294208055216,12.571757316589355,79318893.0,yahoo
2023-02-06,00878.TW,12.564404322443698,12.579108467308124,12.520293290114852,12.534996032714844,127077569.0,yahoo
2023-02-07,00878.TW,12.542348861694336,12.57175715319708,12.527646118207482,12.542348861694336,71888793.0,yahoo
2023-02-08,00878.TW,12.586461875742,12.61586876632784,12.571757729316786,12.608516693115234,57532007.0,yahoo
2023-02-09,00878.TW,12.571759025272671,12.59381384491942,12.56440695130218,12.579111099243164,72874340.0,yahoo
2023-02-10,00878.TW,12.579109226072768,12.579109226072768,12.51294197245611,12.542348861694336,121567989.0,yahoo
2023-02-13,00878.TW,12.557054679130552,12.615869867701422,12.498239490559683,12.58646297454834,117940152.0,yahoo
2023-02-14,00878.TW,12.615870287681632,12.689389626408843,12.615870287681632,12.67468547821045,98809984.0,yahoo
2023-02-15,00878.TW,12.674685667174725,12.674685667174725,12.608518401560236,12.615870475769045,197218475.0,yahoo
2023-02-16,00878.TW,12.675623255052296,12.77272665097797,12.66815365346718,12.720440864562988,143022554.0,yahoo
2023-02-17,00878.TW,12.698035442207116,12.735382035399947,12.690565838632308,12.727913856506348,91324708.0,yahoo
2023-02-20,00878.TW,12.7503202584127,12.81007565771772,12.727912874099006,12.795136451721191,53036365.0,yahoo
2023-02-21,00878.TW,12.795135452208877,12.80260505462364,12.772728069645568,12.787667274475098,38658369.0,yahoo
2023-02-22,00878.TW,12.705501812612026,12.765257201323324,12.675623405915951,12.74284839630127,119745595.0,yahoo
2023-02-23,00878.TW,12.75031951344256,12.847422922065386,12.75031951344256,12.825014114379885,59300530.0,yahoo
2023-02-24,00878.TW,12.832482402326333,12.85488978303531,12.772727012634276,12.772727012634276,57958267.0,yahoo
2023-03-01,00878.TW,12.750317846222623,12.750317846222623,12.69803205980764,12.720440864562988,108967222.0,yahoo
2023-03-02,00878.TW,12.73538080326002,12.772728817520663,12.653218021248746,12.757789611816406,127050826.0,yahoo
2023-03-03,00878.TW,12.772729067407496,12.81007565771772,12.772729067407496,12.795136451721191,36519568.0,yahoo
2023-03-06,00878.TW,12.854890926608537,12.907178143836324,12.825013941445082,12.869830131530762,81382414.0,yahoo
2023-03-07,00878.TW,12.884769267004025,12.9519942641107,12.877299664583171,12.929585456848145,49022373.0,yahoo
2023-03-08,00878.TW,12.90717807426658,12.929585456848145,12.877299664583171,12.929585456848145,49768564.0,yahoo
2023-03-09,00878.TW,12.944524627496715,12.944524627496715,12.854890823364258,12.854890823364258,73373617.0,yahoo
2023-03-10,00878.TW,12.795134609757923,12.795134609757923,12.735379219055176,12.735379219055176,169314136.0,yahoo
2023-03-13,00878.TW,12.698033229204226,12.750319020434349,12.600931249016991,12.683094024658203,200057859.0,yahoo
2023-03-14,00878.TW,12.630808047734272,12.653216854223862,12.578522257272835,12.585991859436035,236328666.0,yahoo
2023-03-15,00878.TW,12.630808047734272,12.660686456387058,12.585991859436035,12.585991859436035,95494684.0,yahoo
2023-03-16,00878.TW,12.54864243011847,12.585990436712624,12.511295848205094,12.518765449523926,151365192.0,yahoo
2023-03-17,00878.TW,12.571053959418888,12.65321816705805,12.571053959418888,12.63827896118164,56001751.0,yahoo
2023-03-20,00878.TW,12.63827722346822,12.660686029201711,12.5785218328598,12.593461036682127,78858948.0,yahoo
2023-03-21,00878.TW,12.62334028235183,12.690565286921348,12.62334028235183,12.64574909210205,34496728.0,yahoo
2023-03-22,00878.TW,12.690562817552376,12.787666216227509,12.690562817552376,12.772727012634276,59899064.0,yahoo
2023-03-23,00878.TW,12.77272832112806,12.862360702508038,12.75031951344256,12.825014114379885,87707104.0,yahoo
2023-03-24,00878.TW,12.84742126841609,12.8847678517372,12.825012463614929,12.862359046936035,69747296.0,yahoo
2023-03-27,00878.TW,12.862359046936035,12.8847678517372,12.839951666815702,12.862359046936035,54547920.0,yahoo
2023-03-28,00878.TW,12.862361129310882,12.877300334930268,12.810075334324097,12.817544937133787,39244844.0,yahoo
2023-03-29,00878.TW,12.817544190294631,12.877299584609348,12.817544190294631,12.84742259979248,29091402.0,yahoo
2023-03-30,00878.TW,12.869829282086751,12.907177291927246,12.854890078150556,12.88476848602295,43812515.0,yahoo
2023-03-31,00878.TW,12.899710050943918,12.9968120449396,12.899710050943918,12.951995849609377,72338143.0,yahoo
2023-04-06,00878.TW,12.944525820676189,12.96693462994511,12.884770420640171,12.959465026855469,57688686.0,yahoo
2023-04-07,00878.TW,12.966934204101562,12.99681119079783,12.951994998412896,12.966934204101562,32731726.0,yahoo
2023-04-10,00878.TW,12.96693202406404,13.011748208914351,12.959462422475518,12.996809005737305,40159557.0,yahoo
2023-04-11,00878.TW,12.996809995999918,13.093913399368466,12.996809995999918,13.071504592895508,55284073.0,yahoo
2023-04-12,00878.TW,13.0789746544541,13.146199651553324,13.0789746544541,13.1387300491333,40231108.0,yahoo
2023-04-13,00878.TW,13.146197637445017,13.153667238720637,13.09391185319646,13.123788833618164,44426469.0,yahoo
2023-04-14,00878.TW,13.138729199751218,13.161138005562622,13.10138261474644,13.153668403625488,42057451.0,yahoo
2023-04-17,00878.TW,13.15366993086423,13.168607711791992,13.131261122450995,13.168607711791992,39973152.0,yahoo
2023-04-18,00878.TW,13.168606712102305,13.176076314339664,13.13126012559646,13.161138534545898,37436814.0,yahoo
2023-04-19,00878.TW,13.161138005562622,13.228361573635045,13.146198801688351,13.153668403625488,38680646.0,yahoo
2023-04-20,00878.TW,13.14620025214549,13.14620025214549,13.071505649213773,13.086444854736328,51630709.0,yahoo
2023-04-21,00878.TW,13.086444119190086,13.146199513240594,13.041626505141474,13.04909610748291,44442512.0,yahoo
2023-04-24,00878.TW,13.049095362481683,13.09391297397156,13.026687981417638,13.078973770141602,29129064.0,yahoo
2023-04-25,00878.TW,13.086443398651571,13.108850779761156,12.929584607480011,12.944523811340332,92921082.0,yahoo
2023-04-26,00878.TW,12.929585811221417,12.989341207545012,12.907178428025713,12.981871604919434,50293685.0,yahoo
2023-04-27,00878.TW,12.981870538905277,13.071504338370849,12.951993555537358,13.034157752990724,29480194.0,yahoo
2023-04-28,00878.TW,13.1088529142486,13.146200929980695,13.086445529490469,13.11632251739502,35166431.0,yahoo
2023-05-02,00878.TW,13.131259006694476,13.220892801224224,13.131259006694476,13.20595359802246,46468130.0,yahoo
2023-05-03,00878.TW,13.205953173907565,13.235830154670746,13.183544369824586,13.213422775268556,95780239.0,yahoo
2023-05-04,00878.TW,13.2134234556257,13.250770039672847,13.183545048643298,13.243300437927246,67286692.0,yahoo
2023-05-05,00878.TW,13.25076978294692,13.265708986148685,13.19848399642158,13.20595359802246,74117033.0,yahoo
2023-05-08,00878.TW,13.243301495084332,13.288119109135538,13.243301495084332,13.258240699768066,67934850.0,yahoo
2023-05-09,00878.TW,13.258241330762884,13.295587919568671,13.235832522670783,13.28065013885498,48507206.0,yahoo
2023-05-10,00878.TW,13.295587286796431,13.3030568891383,13.2208941127397,13.258240699768066,77853061.0,yahoo
2023-05-11,00878.TW,13.28064950679367,13.3030568891383,13.235831892742464,13.258240699768066,58290235.0,yahoo
2023-05-12,00878.TW,13.25824090626824,13.303057096336495,13.220894318658193,13.288119316101074,64529496.0,yahoo
2023-05-15,00878.TW,13.288119040553152,13.33293522969208,13.265710233643205,13.31799602508545,116143160.0,yahoo
2023-05-16,00878.TW,13.34040554088746,13.422568321228027,13.34040554088746,13.422568321228027,97391945.0,yahoo
2023-05-17,00878.TW,13.498398125293036,13.543899387060517,13.452898309938604,13.528732299804688,115070731.0,yahoo
2023-05-18,00878.TW,13.55906816283201,13.612152980500898,13.551486063864129,13.604569435119627,79191406.0,yahoo
2023-05-19,00878.TW,13.612153101356691,13.680403563980695,13.596986010459492,13.665236473083496,113726081.0,yahoo
2023-05-22,00878.TW,13.665236473083496,13.703152753913098,13.657652927634896,13.665236473083496,57996656.0,yahoo
2023-05-23,00878.TW,13.665237354531511,13.687986545931302,13.612153979380675,13.65765380859375,55849142.0,yahoo
2023-05-24,00878.TW,13.634900093078612,13.634900093078612,13.581816729909878,13.634900093078612,61217298.0,yahoo
2023-05-25,00878.TW,13.650067238004784,13.687983512878416,13.61215096313115,13.687983512878418,53639604.0,yahoo
2023-05-26,00878.TW,13.69556937630368,13.82448675768297,13.69556937630368,13.778986930847168,67662452.0,yahoo
2023-05-29,00878.TW,13.847236901290817,13.96098718753707,13.847236901290817,13.923070907592772,70895430.0,yahoo
2023-05-30,00878.TW,13.938235449865209,13.983736717897395,13.847235806627332,13.907902717590332,60513537.0,yahoo
2023-05-31,00878.TW,13.907901541516091,13.945817815256738,13.862401723744693,13.885150909423828,40310301.0,yahoo
2023-06-01,00878.TW,13.885151882422193,13.885151882422193,13.816901427775893,13.839652061462402,42743088.0,yahoo
2023-06-02,00878.TW,13.847238992816113,14.158157163844049,13.847238992816113,14.089906692504885,108303785.0,yahoo
2023-06-05,00878.TW,14.142985582406904,14.16573621443738,14.067151588718437,14.12023639678955,54227951.0,yahoo
2023-06-06,00878.TW,14.135401800050817,14.180903063344546,14.105069070934764,14.142985343933104,49778918.0,yahoo
2023-06-07,00878.TW,14.150571284478826,14.24915592523262,14.150571284478826,14.241572380065918,42640846.0,yahoo
2023-06-08,00878.TW,14.241572256495942,14.256737900284415,14.158154706799342,14.18090534210205,70797829.0,yahoo
2023-06-09,00878.TW,14.203652775106208,14.400820584115392,14.203652775106208,14.385653495788574,72177155.0,yahoo
2023-06-12,00878.TW,14.400822420364303,14.506989159363052,14.35532259599532,14.378071784973145,87580286.0,yahoo
2023-06-13,00878.TW,14.400823827948294,14.582824589626927,14.400823827948294,14.522157669067385,104941439.0,yahoo
2023-06-14,00878.TW,14.522157078397491,14.613158178742198,14.491824342558203,14.56007480621338,71160677.0,yahoo
2023-06-15,00878.TW,14.597991228259811,14.726908611249035,14.597991228259811,14.719325065612791,91136910.0,yahoo
2023-06-16,00878.TW,14.71932325188818,14.795157252492835,14.605572974187822,14.68140697479248,86784239.0,yahoo
2023-06-19,00878.TW,14.673825217141284,14.673825217141284,14.54490783433715,14.620741844177246,77900940.0,yahoo
2023-06-20,00878.TW,14.597990576221711,14.605574121519224,14.46148965369324,14.50698947906494,89398394.0,yahoo
2023-06-21,00878.TW,14.484240020625473,14.704157044516156,14.47665647546878,14.673824310302734,66046519.0,yahoo
2023-06-26,00878.TW,14.643491034639872,14.643491034639872,14.506990106210386,14.620741844177246,49531887.0,yahoo
2023-06-27,00878.TW,14.567656590064146,14.575240135463188,14.415990021323502,14.431157112121582,84262516.0,yahoo
2023-06-28,00878.TW,14.453908253577914,14.5600764570867,14.453908253577914,14.48424243927002,43027207.0,yahoo
2023-06-29,00878.TW,14.52974062396067,14.643490914581486,14.50698998727114,14.56007480621338,42682943.0,yahoo
2023-06-30,00878.TW,14.560075659734231,14.597991943359377,14.499408738085904,14.597991943359377,30520996.0,yahoo
2023-07-03,00878.TW,14.635906900175824,14.855825375222894,14.635906900175824,14.802742004394531,69794653.0,yahoo
2023-07-04,00878.TW,14.802740481219216,15.045408120843591,14.802740481219216,14.9847412109375,86035603.0,yahoo
2023-07-05,00878.TW,14.99232374327356,15.015072928944171,14.863406387625286,14.93165683746338,49449758.0,yahoo
2023-07-06,00878.TW,14.855823238435232,14.992324141739337,14.749656512049,14.779989242553713,77690334.0,yahoo
2023-07-07,00878.TW,14.71174125440148,14.734491890899507,14.560074683654843,14.6434907913208,79630178.0,yahoo
2023-07-10,00878.TW,14.6434907913208,14.75724108098413,14.628325146735522,14.6434907913208,46582091.0,yahoo
2023-07-11,00878.TW,14.749659762805836,15.022660183168911,14.749659762805836,15.015076637268066,91338341.0,yahoo
2023-07-12,00878.TW,15.068161479094016,15.31841270850883,15.068161479094016,15.310829162597656,134951212.0,yahoo
2023-07-13,00878.TW,15.470076105927047,15.856828189376872,15.470076105927047,15.568660736083984,180201406.0,yahoo
2023-07-14,00878.TW,15.72791253704331,15.962996651830116,15.568662427598056,15.932663917541504,187562592.0,yahoo
2023-07-17,00878.TW,15.917498347742267,16.145000385499532,15.90233125594242,16.13741683959961,136332624.0,yahoo
2023-07-18,00878.TW,16.258748935100154,16.546916416282752,15.970580007504228,16.25116539001465,164182596.0,yahoo
2023-07-19,00878.TW,16.387666126917193,16.471082229105658,15.80374617953135,15.894745826721191,179497964.0,yahoo
2023-07-20,00878.TW,15.879583762294777,16.08433373782799,15.803749741601832,16.069168090820312,103555528.0,yahoo
2023-07-21,00878.TW,15.84924840425854,16.440751986257467,15.84924840425854,16.38766860961914,167946275.0,yahoo
2023-07-24,00878.TW,16.387667253084356,16.789585040883846,16.387667253084356,16.782001495361328,246373229.0,yahoo
2023-07-25,00878.TW,16.918501016150795,17.062585476279544,16.80475073559159,16.835084915161133,175434342.0,yahoo
2023-07-26,00878.TW,16.835084915161133,16.910917471258408,16.653082730570453,16.835084915161133,125438022.0,yahoo
2023-07-27,00878.TW,16.94125342433515,17.02467098047073,16.774419758477435,16.81991958618164,99331336.0,yahoo
2023-07-28,00878.TW,16.819916384552975,17.024667739868164,16.607581484995023,17.024667739868164,139656411.0,yahoo
2023-07-31,00878.TW,17.19150415315905,17.35833781423084,16.53175016151381,16.577251434326172,250698550.0,yahoo
2023-08-01,00878.TW,16.5696679614863,16.66825116018506,16.2511662824707,16.584835052490234,195828761.0,yahoo
2023-08-02,00878.TW,16.592415705798846,16.630333430004722,16.046413494953747,16.053997039794922,295608394.0,yahoo
2023-08-04,00878.TW,16.000913526020877,16.19049780607702,15.811329245964735,16.038829803466797,194560651.0,yahoo
2023-08-07,00878.TW,16.084328985319523,16.501415252685547,16.06157979832299,16.501415252685547,108227140.0,yahoo
2023-08-08,00878.TW,16.56966937798492,16.668252585111308,16.24358412559116,16.38766860961914,131956457.0,yahoo
2023-08-09,00878.TW,16.304250717163086,16.47108438983915,16.2208331576183,16.304250717163086,80856690.0,yahoo
2023-08-10,00878.TW,16.228414104407484,16.24358119397068,15.87199617815204,15.993330001831056,161506784.0,yahoo
2023-08-11,00878.TW,16.053993139987295,16.228410289725378,16.01607687140525,16.091909408569336,63223470.0,yahoo
2023-08-14,00878.TW,16.0236672263924,16.18291881862174,15.887167721299123,15.963000297546388,162384098.0,yahoo
2023-08-15,00878.TW,16.18291493065842,16.319415849370877,16.167747840487408,16.25116539001465,126559502.0,yahoo
2023-08-16,00878.TW,16.12781698850423,16.397642135620117,16.0815617111334,16.397642135620117,134441716.0,yahoo
2023-08-17,00878.TW,16.328258274850555,16.505571394521024,16.212619347692804,16.436187744140625,77576479.0,yahoo
2023-08-18,00878.TW,16.443897290665856,16.520990399329584,16.112397952711945,16.228036880493164,118084421.0,yahoo
2023-08-21,00878.TW,16.31283757614025,16.420767033633748,16.189489204596654,16.23574447631836,48359346.0,yahoo
2023-08-22,00878.TW,16.413061248860096,16.459316526786974,16.274293944650687,16.28200340270996,54435589.0,yahoo
2023-08-23,00878.TW,16.305132051077262,16.41306300502675,16.204912026440876,16.405353546142578,47797786.0,yahoo
2023-08-24,00878.TW,16.65204605939243,16.752266058213582,16.3899304065635,16.482440948486328,118936654.0,yahoo
2023-08-25,00878.TW,16.34367547268047,16.34367547268047,16.150943457532957,16.174070358276367,155960607.0,yahoo
2023-08-28,00878.TW,16.18949137888487,16.21261975306621,15.973630964478716,16.058433532714844,101326078.0,yahoo
2023-08-29,00878.TW,16.12781728912125,16.189491483574862,16.01988781643463,16.15094566345215,45739375.0,yahoo
2023-08-30,00878.TW,16.266584426996996,16.335968078847504,16.17407240105339,16.197200775146484,39763013.0,yahoo
2023-08-31,00878.TW,16.181779769173215,16.189489226208554,16.043012483394286,16.16636085510254,49275555.0,yahoo
2023-09-01,00878.TW,16.189493084627728,16.235748367435136,16.081563601267465,16.096981048583984,45690496.0,yahoo
2023-09-04,00878.TW,16.096981313628977,16.166364974196988,16.035307112060625,16.143238067626953,48913019.0,yahoo
2023-09-05,00878.TW,16.14323620534185,16.174072567354262,16.07385255277794,16.15094566345215,40629637.0,yahoo
2023-09-06,00878.TW,16.150945632238155,16.266584562811587,16.150945632238155,16.22032928466797,53091876.0,yahoo
2023-09-07,00878.TW,16.17407443319665,16.204912269195304,16.1124002316283,16.143238067626953,35452387.0,yahoo
2023-09-08,00878.TW,16.11239828290278,16.181781935079137,16.081561921062608,16.135526657104492,32459260.0,yahoo
2023-09-11,00878.TW,16.135527124219884,16.135527124219884,15.657551003215447,15.76548194885254,188108937.0,yahoo
2023-09-12,00878.TW,15.765481768967051,15.804027589550532,15.66526028276392,15.734643936157228,75269724.0,yahoo
2023-09-13,00878.TW,15.742353573981273,15.80402776987583,15.711515740819584,15.76548194885254,51786887.0,yahoo
2023-09-14,00878.TW,15.81944612558672,16.050723984384273,15.81944612558672,16.043014526367188,58939057.0,yahoo
2023-09-15,00878.TW,16.096979442944882,16.120107817256045,15.996759428454077,16.0738525390625,49009080.0,yahoo
2023-09-18,00878.TW,15.958213748043272,15.958213748043272,15.865701720417666,15.873411178588867,78012238.0,yahoo
2023-09-19,00878.TW,15.904247482310202,15.942794773024332,15.773189634739738,15.78860855102539,49507098.0,yahoo
2023-09-20,00878.TW,15.765479995665377,15.935083645755988,15.719223251653595,15.757770538330078,53143292.0,yahoo
2023-09-21,00878.TW,15.672968847250974,15.672968847250974,15.518782632851568,15.59587574005127,93960637.0,yahoo
2023-09-22,00878.TW,15.541911023186294,15.680678322212216,15.433981555245564,15.672968864440918,42776010.0,yahoo
2023-09-25,00878.TW,15.68067743540575,15.765479995665377,15.68067743540575,15.757770538330078,27281784.0,yahoo
2023-09-26,00878.TW,15.734644136901649,15.773189957976902,15.611295744946256,15.61900520324707,42453692.0,yahoo
2023-09-27,00878.TW,15.603584128267348,15.67296777294831,15.557328855289576,15.649839401245115,26538270.0,yahoo
2023-09-28,00878.TW,15.711515426635742,15.850282732230768,15.657550690110742,15.711515426635742,27606023.0,yahoo
2023-10-02,00878.TW,15.804025534583603,16.07385065486953,15.804025534583603,16.004467010498047,55667084.0,yahoo
2023-10-03,00878.TW,16.012182066745023,16.03530897600333,15.896543109166126,15.904251098632812,40283454.0,yahoo
2023-10-04,00878.TW,15.742351623659486,15.780897439907331,15.649839606064566,15.757770538330078,39182771.0,yahoo
2023-10-05,00878.TW,15.811736773076037,15.927375703246437,15.804027315007508,15.911956787109377,29248503.0,yahoo
2023-10-06,00878.TW,15.98133859296851,16.027595336035635,15.919664405974284,15.99675750732422,33629045.0,yahoo
2023-10-11,00878.TW,16.166364875022374,16.243457994117115,15.965923353547632,15.9736328125,64157915.0,yahoo
2023-10-12,00878.TW,16.004470526994584,16.11240001065174,15.981342150312797,16.104690551757812,32063818.0,yahoo
2023-10-13,00878.TW,16.073850794806397,16.073850794806397,15.85028094534555,15.881118774414062,57024189.0,yahoo
2023-10-16,00878.TW,15.834863479049712,15.881118752159038,15.788606735511769,15.804025650024414,43750431.0,yahoo
2023-10-17,00878.TW,15.850282119440186,15.904246853878846,15.688387916124205,15.696097373962402,56061899.0,yahoo
2023-10-18,00878.TW,15.665260810696962,15.665260810696962,15.418564021619662,15.44940185546875,143536531.0,yahoo
2023-10-19,00878.TW,15.418566790450605,15.44940462983748,15.364602041952686,15.433985710144045,84797063.0,yahoo
2023-10-20,00878.TW,15.356891762830868,15.395437589578966,15.125613861484204,15.302927017211914,106586613.0,yahoo
2023-10-23,00878.TW,15.264374141019491,15.279793054254847,15.164154145846677,15.179573059082031,76514993.0,yahoo
2023-10-24,00878.TW,15.179574868423408,15.326050150333026,15.125610136095792,15.310632705688477,48991306.0,yahoo
2023-10-25,00878.TW,15.35688868048553,15.418562873161026,15.326050848933413,15.341469764709473,36629714.0,yahoo
2023-10-26,00878.TW,15.179573781810909,15.24124796726026,15.079352311437855,15.141026496887209,84772508.0,yahoo
2023-10-27,00878.TW,15.179576749631982,15.349180425170465,15.179576749631982,15.23354148864746,32017765.0,yahoo
2023-10-30,00878.TW,15.248959315155323,15.341469869586614,15.21041202545166,15.21041202545166,46261158.0,yahoo
2023-10-31,00878.TW,15.25667001537304,15.264378003512649,15.033100128173828,15.033100128173828,76427639.0,yahoo
2023-11-01,00878.TW,15.148738164072403,15.171866538401051,15.048518149505822,15.117901802062988,67503187.0,yahoo
2023-11-02,00878.TW,15.32604973453848,15.42627120936677,15.32604973453848,15.387723922729492,49251348.0,yahoo
2023-11-03,00878.TW,15.472525709918044,15.487944623802653,15.38772315398128,15.418560981750488,51686927.0,yahoo
2023-11-06,00878.TW,15.526490283955354,15.642130666513378,15.526490283955354,15.611292839050291,57326058.0,yahoo
2023-11-07,00878.TW,15.59587699627538,15.603586454659206,15.503366436527124,15.572750091552734,45849807.0,yahoo
2023-11-08,00878.TW,15.611297267329316,15.85799407529749,15.60358780827669,15.780900955200195,56486234.0,yahoo
2023-11-09,00878.TW,15.788610370088488,15.788610370088488,15.680680884511556,15.773191452026367,51432392.0,yahoo
2023-11-10,00878.TW,15.719224277048268,15.719224277048268,15.626713723847343,15.696097373962402,60597800.0,yahoo
2023-11-13,00878.TW,15.834864674192518,15.842572661601986,15.672969000447804,15.696097373962402,77446183.0,yahoo
2023-11-14,00878.TW,15.765481871303344,15.84257351297072,15.750062954798343,15.827156066894531,68348875.0,yahoo
2023-11-15,00878.TW,15.989052035395304,16.05072623776174,15.911958914830018,15.950506210327148,134637787.0,yahoo
2023-11-16,00878.TW,16.052451638724282,16.052451638724282,15.856403126545636,15.887771606445312,103214707.0,yahoo
2023-11-17,00878.TW,15.887769635075042,15.981872071634855,15.887769635075042,15.974031448364258,39534378.0,yahoo
2023-11-20,00878.TW,15.981870217564913,15.989712335657003,15.887767791921997,15.966187477111816,51396298.0,yahoo
2023-11-21,00878.TW,16.044606149998984,16.22497188008937,16.044606149998984,16.209287643432617,98100195.0,yahoo
2023-11-22,00878.TW,16.14655134826021,16.14655134826021,16.036764688865773,16.115182876586914,51490007.0,yahoo
2023-11-23,00878.TW,16.115181425189856,16.115181425189856,15.989710541259171,16.028921127319336,51162317.0,yahoo
2023-11-24,00878.TW,16.03676627139965,16.06029113174504,15.997555677938662,16.00539779663086,25565664.0,yahoo
2023-11-27,00878.TW,16.005396789554343,16.075974357612104,15.919134985099056,15.934819221496582,55767132.0,yahoo
2023-11-28,00878.TW,15.966186688886292,16.075973345293395,15.958344571181357,16.021080017089844,29214712.0,yahoo
2023-11-29,00878.TW,16.028923983343873,16.14655277102155,16.028923983343873,16.107343673706055,37108341.0,yahoo
2023-11-30,00878.TW,16.115182660948594,16.154393250015538,16.052447214172517,16.14655113220215,33368263.0,yahoo
2023-12-01,00878.TW,16.13870986015976,16.13870986015976,16.05244805542285,16.083816528320312,40404946.0,yahoo
2023-12-04,00878.TW,16.115185682230038,16.1543962786482,16.09950293939409,16.123027801513672,46396245.0,yahoo
2023-12-05,00878.TW,16.05244737301794,16.060289490908932,15.989711925621071,16.044605255126953,53583896.0,yahoo
2023-12-06,00878.TW,16.075973782726344,16.14655134826021,16.060289546889695,16.115182876586914,36462923.0,yahoo
2023-12-07,00878.TW,16.099500764769044,16.130867741935393,16.05244805542285,16.083816528320312,35097685.0,yahoo
2023-12-08,00878.TW,16.185761127049865,16.25633869557035,16.146552031530096,16.154394149780273,39399495.0,yahoo
2023-12-11,00878.TW,16.1622371673584,16.22497262111954,16.12302657392568,16.1622371673584,40050970.0,yahoo
2023-12-12,00878.TW,16.224972098420803,16.23281421685471,16.16223664668073,16.177919387817383,49981023.0,yahoo
2023-12-13,00878.TW,16.240654833106607,16.3504429954065,16.240654833106607,16.334758758544922,78563428.0,yahoo
2023-12-14,00878.TW,16.507279127577316,16.562173950775716,16.475912152909224,16.546489715576172,91748684.0,yahoo
2023-12-15,00878.TW,16.617069252827687,16.664120468286352,16.45238775512559,16.460229873657227,60956723.0,yahoo
2023-12-18,00878.TW,16.421023352314116,16.49944305419922,16.350445770190664,16.49944305419922,51770374.0,yahoo
2023-12-19,00878.TW,16.468073635314404,16.4837578739426,16.33476059843737,16.421022415161133,49331514.0,yahoo
2023-12-20,00878.TW,16.452388636486987,16.648437123086875,16.444546517535244,16.62491226196289,76684352.0,yahoo
2023-12-21,00878.TW,16.452386694545954,16.58569970952766,16.405335482120375,16.554332733154297,50970645.0,yahoo
2023-12-22,00878.TW,16.577858870138567,16.617069463293394,16.53864977271493,16.58570098876953,37434812.0,yahoo
2023-12-25,00878.TW,16.585697578602762,16.77390389985547,16.585697578602762,16.766061782836914,66038344.0,yahoo
2023-12-26,00878.TW,16.773906651407827,16.868010575336207,16.74253967391912,16.86016845703125,48994387.0,yahoo
2023-12-27,00878.TW,16.883697852231002,17.07974635796449,16.883697852231002,17.064062118530273,74157060.0,yahoo
2023-12-28,00878.TW,17.064059203033896,17.158161632098427,17.001323751747165,17.071901321411133,58915452.0,yahoo
2023-12-29,00878.TW,17.07190169952664,17.16600413067539,17.048375343873868,17.095426559448242,51489783.0,yahoo
2024-01-02,00878.TW,17.095427205596323,17.15032203752763,16.860169623101353,16.9072208404541,67260680.0,yahoo
2024-01-03,00878.TW,16.750383441926747,16.76606618435009,16.624912528152343,16.664121627807617,90135719.0,yahoo
2024-01-04,00878.TW,16.624912748742315,16.671963968099202,16.593544272016857,16.632753372192383,30481658.0,yahoo
2024-01-05,00878.TW,16.632752885183383,16.719014697921335,16.609228024059398,16.62491226196289,32533210.0,yahoo
2024-01-08,00878.TW,16.65627749388057,16.805274746863244,16.648435375751895,16.6798038482666,38935139.0,yahoo
2024-01-09,00878.TW,16.7739083034274,16.8366437603146,16.640595270575687,16.664121627807617,29676057.0,yahoo
2024-01-10,00878.TW,16.62490939584289,16.62490939584289,16.52296336277686,16.546489715576172,35776774.0,yahoo
2024-01-11,00878.TW,16.601386391198222,16.65627972973647,16.546493052659972,16.632753372192383,26438285.0,yahoo
2024-01-12,00878.TW,16.60922712585711,16.656278341291873,16.530807436311726,16.617069244384766,28591225.0,yahoo
2024-01-15,00878.TW,16.617069244384766,16.617069244384766,16.617069244384766,16.617069244384766,0.0,yahoo
2024-01-16,00878.TW,16.546488921861215,16.570013777801076,16.46806924535619,16.52296257019043,56911097.0,yahoo
2024-01-17,00878.TW,16.499438219351646,16.499438219351646,16.350440979003906,16.350440979003906,80232484.0,yahoo
2024-01-18,00878.TW,16.32691664011413,16.40533632869087,16.272023306829762,16.334758758544922,49658019.0,yahoo
2024-01-19,00878.TW,16.475918030000997,16.671966552734375,16.405340442158458,16.671966552734375,52036967.0,yahoo
2024-01-22,00878.TW,16.820959680903577,17.0013239181519,16.820959680903577,16.969955444335938,70849685.0,yahoo
2024-01-23,00878.TW,17.0013230169493,17.024847875333116,16.89153635587529,16.962112426757812,39339247.0,yahoo
2024-01-24,00878.TW,16.969955444335938,17.02484877778272,16.954272703159113,16.969955444335938,31680662.0,yahoo
2024-01-25,00878.TW,17.01701074452525,17.07974620597243,16.962115906994008,17.00916862487793,42461082.0,yahoo
2024-01-26,00878.TW,16.962114811272997,16.969956930413733,16.852328134765298,16.8758544921875,50259475.0,yahoo
2024-01-29,00878.TW,16.875855693051562,17.01701085616662,16.852329333955257,16.993484497070312,34955276.0,yahoo
2024-01-30,00878.TW,17.02484845033082,17.06405904184661,16.98563935454616,17.01700782775879,34675646.0,yahoo
2024-01-31,00878.TW,16.985638780872705,16.985638780872705,16.899376978182506,16.962112426757812,30299147.0,yahoo
2024-02-01,00878.TW,16.99348005577382,17.032689148288856,16.94642884560957,17.02484703063965,58970878.0,yahoo
2024-02-02,00878.TW,17.048376020887034,17.142479951503947,17.048376020887034,17.1346378326416,55757645.0,yahoo
2024-02-05,00878.TW,17.095426609474526,17.18168841805595,17.017008415198152,17.166004180908203,66421207.0,yahoo
2024-02-15,00878.TW,17.338527729747756,17.44047227934403,17.29147501848993,17.40910530090332,105327222.0,yahoo
2024-02-16,00878.TW,17.409102934687652,17.55025656208225,17.409102934687652,17.495363235473633,85858588.0,yahoo
2024-02-19,00878.TW,17.518892507729202,17.52673462651331,17.424788578051132,17.487524032592773,104329753.0,yahoo
2024-02-20,00878.TW,17.47968055585348,17.573782974437417,17.456154203342006,17.565940856933594,67869478.0,yahoo
2024-02-21,00878.TW,17.56594323512186,17.56594323512186,17.471840803797743,17.47968292236328,108959493.0,yahoo
2024-02-22,00878.TW,17.565943663103745,17.644363354938605,17.526734565051925,17.57378578186035,68834085.0,yahoo
2024-02-23,00878.TW,17.64436171246285,17.72278139699779,17.612993240356445,17.612993240356445,109489867.0,yahoo
2024-02-26,00878.TW,17.620836998668782,17.620836998668782,17.53457668380853,17.57378578186035,195072647.0,yahoo
2024-02-27,00878.TW,17.669595298490115,17.677579934908337,17.414093024761677,17.44603157043457,224613060.0,yahoo
2024-02-29,00878.TW,17.438050931207286,17.58975601210037,17.40611237821336,17.557817459106445,72056253.0,yahoo
2024-03-01,00878.TW,17.565800192466448,17.645645043378615,17.565800192466448,17.589754104614258,52049121.0,yahoo
2024-03-04,00878.TW,17.66161584784152,17.757428458903497,17.621692657470703,17.621692657470703,80993538.0,yahoo
2024-03-05,00878.TW,17.64564523920425,17.717505453531295,17.565800387405993,17.701536178588867,68172085.0,yahoo
2024-03-06,00878.TW,17.669595362222253,17.845254318229394,17.645642975794868,17.797348022460938,83117793.0,yahoo
2024-03-07,00878.TW,17.83727312065241,17.869210149683994,17.733474349743297,17.829288482666016,108255604.0,yahoo
2024-03-08,00878.TW,17.861226077915752,17.996961870586073,17.74145803744896,17.813318252563477,164554190.0,yahoo
2024-03-11,00878.TW,17.829286099775093,17.980991155413136,17.80533218901737,17.837270736694336,87403177.0,yahoo
2024-03-12,00878.TW,17.837271038258752,18.02091312176472,17.82928640120452,18.00494384765625,76507821.0,yahoo
2024-03-13,00878.TW,18.03688229969319,18.14067953501713,17.949052815478765,17.98099136352539,76052745.0,yahoo
2024-03-14,00878.TW,17.98099115018256,18.02889744877029,17.76541052216707,17.80533218383789,62325079.0,yahoo
2024-03-15,00878.TW,17.725492273463733,17.909134389171047,17.64564741183453,17.869211196899414,55617229.0,yahoo
2024-03-18,00878.TW,17.869208242394155,17.917116065199007,17.78138027974622,17.861225128173828,48929094.0,yahoo
2024-03-19,00878.TW,17.845252616401762,17.94106519880142,17.805329437973953,17.87718963623047,47903160.0,yahoo
2024-03-20,00878.TW,17.877191341103803,18.004942478428802,17.797348022460938,17.797348022460938,51536259.0,yahoo
2024-03-21,00878.TW,17.88517724229931,18.004943751646568,17.869207968276,17.98099136352539,61992607.0,yahoo
2024-03-22,00878.TW,17.98099422441244,18.10076075281529,17.941071033002135,17.996963500976562,62651587.0,yahoo
2024-03-25,00878.TW,18.004945660109627,18.01293029796763,17.93308544230158,17.949054718017578,32774352.0,yahoo
2024-03-26,00878.TW,17.94905462282591,18.08479041986414,17.74145860836073,17.893163681030273,52869918.0,yahoo
2024-03-27,00878.TW,17.893161974724585,18.00494384765625,17.837271038258752,18.00494384765625,29893624.0,yahoo
2024-03-28,00878.TW,18.004944802803166,18.044867990192223,17.90913219889719,18.02091407775879,35148012.0,yahoo
2024-03-29,00878.TW,18.02889596299383,18.148662461050005,17.99695894087188,18.092771530151367,53506000.0,yahoo
2024-04-01,00878.TW,18.180606185832712,18.236497132654968,18.028901099519388,18.04487037658692,30420358.0,yahoo
2024-04-02,00878.TW,18.04486856501437,18.140681171972474,18.04486856501437,18.100759506225582,29462781.0,yahoo
2024-04-03,00878.TW,18.07680559110045,18.15665044549964,17.98099298415257,18.06882095336914,26396184.0,yahoo
2024-04-08,00878.TW,18.06882057413747,18.156650064424586,18.028898909232723,18.1326961517334,36405475.0,yahoo
2024-04-09,00878.TW,18.13269567918857,18.18858814067809,18.13269567918857,18.1726188659668,20121678.0,yahoo
2024-04-10,00878.TW,18.20455551147461,18.32432354638883,18.20455551147461,18.20455551147461,39560142.0,yahoo
2024-04-11,00878.TW,18.172618390197147,18.22052469016295,18.124712090231345,18.18060302734375,29460878.0,yahoo
2024-04-12,00878.TW,18.164635564505435,18.204557231305795,18.108744621819348,18.12471389770508,37687228.0,yahoo
2024-04-15,00878.TW,18.06881980299629,18.06881980299629,17.973007202148438,17.973007202148438,65459381.0,yahoo
2024-04-16,00878.TW,17.885179527182117,17.885179527182117,17.501926039143655,17.5658016204834,155997996.0,yahoo
2024-04-17,00878.TW,17.565799438714215,17.70153522256629,17.565799438714215,17.685565948486328,47563981.0,yahoo
2024-04-18,00878.TW,17.64564523920425,17.757427117973485,17.573785024877207,17.701536178588867,26678918.0,yahoo
2024-04-19,00878.TW,17.57378452478588,17.60572155084803,17.13463861384903,17.358203887939453,153587600.0,yahoo
2024-04-22,00878.TW,17.350219526581025,17.350219526581025,17.206499099731445,17.206499099731445,66845534.0,yahoo
2024-04-23,00878.TW,17.318284897837337,17.39014512121163,17.230455397510077,17.262393951416016,37502623.0,yahoo
2024-04-24,00878.TW,17.41409512802472,17.59773874199686,17.41409512802472,17.589754104614258,29414157.0,yahoo
2024-04-25,00878.TW,17.501924795556793,17.501924795556793,17.350219729561452,17.382158279418945,48816438.0,yahoo
2024-04-26,00878.TW,17.446033953915336,17.58176974574203,17.406110766369906,17.43804931640625,35576725.0,yahoo
2024-04-29,00878.TW,17.525877880279193,17.78936481250467,17.525877880279193,17.773395538330078,42044556.0,yahoo
2024-04-30,00878.TW,17.78138017541737,17.80533256376545,17.71750460163283,17.773395538330078,19014713.0,yahoo
2024-05-02,00878.TW,17.7654128066533,17.853242301119785,17.669598674243137,17.741458892822266,129879245.0,yahoo
2024-05-03,00878.TW,17.96502187634872,17.96502187634872,17.797349069834745,17.80533218383789,63184164.0,yahoo
2024-05-06,00878.TW,18.028899287626512,18.1087441420257,17.941069795496016,18.06882095336914,67089486.0,yahoo
2024-05-07,00878.TW,18.196572778033733,18.22052516718681,18.03688307674853,18.1726188659668,94260122.0,yahoo
2024-05-08,00878.TW,18.172619534947728,18.284401416214035,18.172619534947728,18.276416778564453,66133413.0,yahoo
2024-05-09,00878.TW,18.292385479230266,18.308354754027768,18.2125406281566,18.2285099029541,66899359.0,yahoo
2024-05-10,00878.TW,18.27641839066641,18.48401441912513,18.252465998518822,18.46006202697754,70238312.0,yahoo
2024-05-13,00878.TW,18.53192034050955,18.563858893260125,18.452077004461152,18.49199867248535,78343692.0,yahoo
2024-05-14,00878.TW,18.531918624988737,18.611763476559823,18.499981598108626,18.603778839111328,78607071.0,yahoo
2024-05-15,00878.TW,18.699597360925967,18.85130246227798,18.627737129912603,18.68362808227539,119051592.0,yahoo
2024-05-16,00878.TW,18.835328100024107,18.891219037302083,18.795406437086644,18.8193588256836,123324122.0,yahoo
2024-05-17,00878.TW,18.794878646448176,18.84384445832905,18.75407250605153,18.76223373413086,130432002.0,yahoo
2024-05-20,00878.TW,18.770392100163143,18.811196677742945,18.672458934738817,18.786714553833008,97753496.0,yahoo
2024-05-21,00878.TW,18.75407322505181,18.770395681836245,18.566369641816287,18.66430282592773,64719505.0,yahoo
2024-05-22,00878.TW,18.680619470743977,18.933612823486328,18.680619470743977,18.933612823486328,62166337.0,yahoo
2024-05-23,00878.TW,18.93361600439245,18.94177567570162,18.79487824321062,18.917293548583984,41008896.0,yahoo
2024-05-24,00878.TW,18.86832710505711,18.91729291424551,18.77039393008529,18.90097045898437,26534807.0,yahoo
2024-05-27,00878.TW,18.93361646610905,19.23557412295392,18.93361646610905,19.21109199523925,80009098.0,yahoo
2024-05-28,00878.TW,19.21925004272797,19.292699532855693,19.17844546225478,19.2274112701416,43972183.0,yahoo
2024-05-29,00878.TW,19.22741073938513,19.22741073938513,19.03970718383789,19.03970718383789,47877124.0,yahoo
2024-05-30,00878.TW,18.89280990477343,18.96625939947159,18.81936041007528,18.860166549682617,57172907.0,yahoo
2024-05-31,00878.TW,18.86832650734358,18.966258122618093,18.819359143111363,18.8275203704834,46308103.0,yahoo
2024-06-03,00878.TW,18.93361596464491,19.03154758609999,18.85200524236897,18.97442054748535,32282389.0,yahoo
2024-06-04,00878.TW,18.89281182650192,18.90913428400513,18.77039650841824,18.81120109558105,54713645.0,yahoo
2024-06-05,00878.TW,18.80303735951442,18.81119702990725,18.68878173828125,18.68878173828125,87159157.0,yahoo
2024-06-06,00878.TW,18.77039337158203,18.81935917931348,18.713266336462844,18.77039337158203,41368927.0,yahoo
2024-06-07,00878.TW,18.77039368885616,18.803038598958885,18.737748778753417,18.77855491638184,28061195.0,yahoo
2024-06-11,00878.TW,18.745908737182617,18.84384190426577,18.70510415891165,18.745908737182617,48607435.0,yahoo
2024-06-12,00878.TW,18.754069963767808,18.81935822295693,18.74590873679481,18.79487609863281,28302783.0,yahoo
2024-06-13,00878.TW,18.89281136528791,19.088676180759364,18.88465013673553,19.023387908935547,66360710.0,yahoo
2024-06-14,00878.TW,19.0233847294612,19.05602963821459,18.97441892292603,19.03970718383789,37816262.0,yahoo
2024-06-17,00878.TW,19.03970845210917,19.096835489638032,18.990742642312306,19.07235336303711,39133976.0,yahoo
2024-06-18,00878.TW,19.08051295734628,19.20292981623809,19.08051295734628,19.186607360839844,41594766.0,yahoo
2024-06-19,00878.TW,19.21925181675521,19.48856611988418,19.21925181675521,19.44776153564453,85749929.0,yahoo
2024-06-20,00878.TW,19.44775987205596,19.58649762583609,19.44775987205596,19.57017517089844,38678950.0,yahoo
2024-06-21,00878.TW,19.537532209995096,19.537532209995096,19.39063322579592,19.464082717895508,60834214.0,yahoo
2024-06-24,00878.TW,19.44776161948144,19.44776161948144,19.26005804061771,19.3335075378418,44577991.0,yahoo
2024-06-25,00878.TW,19.300860723839424,19.300860723839424,19.10499593606685,19.28453826904297,36872876.0,yahoo
2024-06-26,00878.TW,19.284539576600512,19.366150299521312,19.17844672642002,19.26005744934082,36100225.0,yahoo
2024-06-27,00878.TW,19.129479055263417,19.20292854309082,19.056029567436017,19.20292854309082,40496454.0,yahoo
2024-06-28,00878.TW,19.20293099979789,19.37431212225735,19.20293099979789,19.3335075378418,23661401.0,yahoo
2024-07-01,00878.TW,19.333504892756583,19.53753090011106,19.333504892756583,19.488563537597656,31755393.0,yahoo
2024-07-02,00878.TW,19.45592244691277,19.504888258521813,19.3579892670996,19.439599990844727,28155629.0,yahoo
2024-07-03,00878.TW,19.545692410689817,19.586496990114583,19.472242922449293,19.553852081298828,31747233.0,yahoo
2024-07-04,00878.TW,19.586497269840205,19.70891256645772,19.586497269840205,19.668107986450195,32859619.0,yahoo
2024-07-05,00878.TW,19.700752253555173,19.790524201652456,19.700752253555173,19.749719619750977,32036114.0,yahoo
2024-07-08,00878.TW,19.749719858573748,19.87213516235352,19.668109137188893,19.87213516235352,40632152.0,yahoo
2024-07-09,00878.TW,19.904778199297432,19.97822769171215,19.741558315727524,19.86397361755371,43098426.0,yahoo
2024-07-10,00878.TW,19.8721354792252,19.937423746055128,19.79868598446713,19.88029670715332,26983621.0,yahoo
2024-07-11,00878.TW,19.90477713708615,20.12512560257148,19.90477713708615,20.0598373413086,26345289.0,yahoo
2024-07-12,00878.TW,20.02719470037005,20.02719470037005,19.88029571816176,19.91293907165528,45522794.0,yahoo
2024-07-15,00878.TW,19.99454947157292,20.01903315374903,19.83132803692209,19.90477752685547,50562015.0,yahoo
2024-07-16,00878.TW,19.91293942696518,19.95374556530392,19.847651162218213,19.86397361755371,39641047.0,yahoo
2024-07-17,00878.TW,19.87213492205044,19.888457377449043,19.749719619750977,19.749719619750977,49567781.0,yahoo
2024-07-18,00878.TW,19.64362434286808,19.65178557020452,19.44775955657839,19.56201362609864,87174476.0,yahoo
2024-07-19,00878.TW,19.49672683355657,19.49672683355657,19.18660795437161,19.26005744934082,93037499.0,yahoo
2024-07-22,00878.TW,19.235570422237803,19.235570422237803,18.770391406013506,18.933612823486328,127774288.0,yahoo
2024-07-23,00878.TW,19.096835733766618,19.194768911207337,19.096835733766618,19.145801544189453,49053714.0,yahoo
2024-07-26,00878.TW,18.803035389983062,18.89280576425516,18.68877978071764,18.852001190185547,116944848.0,yahoo
2024-07-29,00878.TW,18.98258222248745,19.129481214725185,18.7459112779722,18.76223373413086,87781170.0,yahoo
2024-07-30,00878.TW,18.71326414696508,18.729586599830785,18.443949901060083,18.705102920532227,101100549.0,yahoo
2024-07-31,00878.TW,18.67245925101897,18.8356806772926,18.607170991828504,18.745908737182617,42981842.0,yahoo
2024-08-01,00878.TW,19.08867394443105,19.096835172027298,18.94177496088857,19.064191818237305,87874840.0,yahoo
2024-08-02,00878.TW,18.71326863968588,18.81120026720217,18.6479803691433,18.66430282592773,218627732.0,yahoo
2024-08-05,00878.TW,18.36234077843444,18.39498568698388,17.285083701821467,17.399337768554688,353167988.0,yahoo
2024-08-06,00878.TW,17.823713936383808,18.07670577533917,17.236119535927607,17.840036392211914,204430642.0,yahoo
2024-08-07,00878.TW,17.95428741176381,18.30521236932164,17.888999156166644,18.25624656677246,112742744.0,yahoo
2024-08-08,00878.TW,18.00326091794788,18.19096609512964,17.90532927094436,18.03590583801269,110911852.0,yahoo
2024-08-09,00878.TW,18.40314737730788,18.58269128084528,18.32153821016734,18.419469833374023,88813669.0,yahoo
2024-08-12,00878.TW,18.55820395793045,18.79487485469882,18.55820395793045,18.705102920532227,75725354.0,yahoo
2024-08-13,00878.TW,18.835683230249725,18.835683230249725,18.70510669417065,18.76223373413086,68193509.0,yahoo
2024-08-14,00878.TW,18.925455052716785,19.031547903830177,18.87648768457668,18.98258209228516,70941178.0,yahoo
2024-08-15,00878.TW,19.04787040766375,19.09683621933161,18.868328060484856,18.8764877319336,133994947.0,yahoo
2024-08-16,00878.TW,19.21087838270401,19.21087838270401,19.10220135411005,19.11056137084961,70893972.0,yahoo
2024-08-19,00878.TW,19.13564311448948,19.23596173809101,19.10220463629592,19.12728309631348,50473571.0,yahoo
2024-08-20,00878.TW,19.19415962457748,19.261039762937784,19.13564109802246,19.13564109802246,34529380.0,yahoo
2024-08-21,00878.TW,19.13564036685617,19.13564036685617,19.043683369144908,19.068761825561523,37771931.0,yahoo
2024-08-22,00878.TW,19.07711930080196,19.10219934838724,18.9768022994808,18.993520736694336,37863016.0,yahoo
2024-08-23,00878.TW,18.95172562598105,19.035324204972213,18.87648706434004,19.02696418762207,46888950.0,yahoo
2024-08-26,00878.TW,19.11056030749365,19.302835898274378,19.11056030749365,19.169078826904297,53075703.0,yahoo
2024-08-27,00878.TW,19.110562640647604,19.169081167202616,19.02696406220748,19.13564109802246,35091515.0,yahoo
2024-08-28,00878.TW,19.135638761806742,19.21087731376617,19.06040020984732,19.169078826904297,32819685.0,yahoo
2024-08-29,00878.TW,19.06040053009304,19.202517620125302,19.01860204252888,19.143999099731445,37785418.0,yahoo
2024-08-30,00878.TW,19.22760139127389,19.22760139127389,19.12728276938701,19.152362823486328,26814108.0,yahoo
2024-09-02,00878.TW,19.18579918180569,19.227597669369853,19.127279066901743,19.143999099731445,31249481.0,yahoo
2024-09-03,00878.TW,19.18579673754357,19.18579673754357,19.04367966561696,19.06039810180664,42814559.0,yahoo
2024-09-04,00878.TW,18.35817547433835,18.69256975977711,18.17425989295513,18.466854095458984,170908092.0,yahoo
2024-09-05,00878.TW,18.575531230280653,18.642409768855977,18.450134169765683,18.458494186401367,54513982.0,yahoo
2024-09-06,00878.TW,18.483575987848152,18.734370132643832,18.38325737322371,18.69257164001465,37178700.0,yahoo
2024-09-09,00878.TW,18.341460081043166,18.55881576486349,18.28294154972816,18.50029563903809,85071163.0,yahoo
2024-09-10,00878.TW,18.59225137195873,18.600611388643163,18.38325573837848,18.45013427734375,53609070.0,yahoo
2024-09-11,00878.TW,18.441775329793348,18.483575415638786,18.383256804119974,18.391616821289062,44677502.0,yahoo
2024-09-12,00878.TW,18.60897244134624,18.71764947527389,18.55881393295734,18.617332458496094,28123914.0,yahoo
2024-09-13,00878.TW,18.6925709098542,18.70093092695554,18.58389228204701,18.62569236755371,32608927.0,yahoo
2024-09-16,00878.TW,18.642412077055788,18.68421216540965,18.608973600883026,18.65077209472656,34300972.0,yahoo
2024-09-18,00878.TW,18.6507701988665,18.709288722103143,18.525373135572234,18.55045318603516,39945592.0,yahoo
2024-09-19,00878.TW,18.55045496371739,18.72601055025074,18.525374910851056,18.65913200378418,23487489.0,yahoo
2024-09-20,00878.TW,18.76780891418457,18.87648594426733,18.76780891418457,18.76780891418457,23467125.0,yahoo
2024-09-23,00878.TW,18.809609185277463,18.92664624329811,18.809609185277463,18.8764877319336,30478585.0,yahoo
2024-09-24,00878.TW,18.87648644692342,18.97680505733362,18.817967921896724,18.95172500610352,22520933.0,yahoo
2024-09-25,00878.TW,19.068764563591927,19.169083187193465,19.068764563591927,19.12728309631348,34852763.0,yahoo
2024-09-26,00878.TW,19.177440535356105,19.26939753346834,19.177440535356105,19.185800552368164,39288373.0,yahoo
2024-09-27,00878.TW,19.269397002879508,19.33627554262425,19.1858000240812,19.20251846313477,35778561.0,yahoo
2024-09-30,00878.TW,19.16908332514308,19.16908332514308,19.01860618591309,19.01860618591309,49619256.0,yahoo
2024-10-01,00878.TW,18.98516315570012,19.018603223435885,18.926644631672715,18.976804733276367,41396095.0,yahoo
2024-10-04,00878.TW,18.93500456402894,19.00188310469156,18.81796751649691,18.859766006469727,56134605.0,yahoo
2024-10-07,00878.TW,18.985161999412536,19.06040055272544,18.868124958485847,18.91828346252441,47852185.0,yahoo
2024-10-08,00878.TW,18.859765164219063,18.86812518074232,18.742728121913743,18.801246643066406,50919008.0,yahoo
2024-10-09,00878.TW,18.90992769378442,19.026964751132105,18.87648762339348,18.88484764099121,23572237.0,yahoo
2024-10-11,00878.TW,18.909927457045985,19.0771230233766,18.909927457045985,19.00188446044922,31555084.0,yahoo
2024-10-14,00878.TW,19.043684005737305,19.06040244573718,18.96844544495198,19.043684005737305,26645566.0,yahoo
2024-10-15,00878.TW,19.06876284726375,19.252680041560936,19.06876284726375,19.235960006713867,37948094.0,yahoo
2024-10-16,00878.TW,19.07712257146745,19.22759969375763,19.04368409679756,19.13564109802246,39985495.0,yahoo
2024-10-17,00878.TW,19.227597760719814,19.277756264937125,19.219237744265246,19.26103782653809,26069244.0,yahoo
2024-10-18,00878.TW,19.39479755261833,19.453316081291373,19.311198971152407,19.327919006347656,51239794.0,yahoo
2024-10-21,00878.TW,19.369715696346663,19.45331427002887,19.311197173122167,19.319557189941406,31960673.0,yahoo
2024-10-22,00878.TW,19.319559929171795,19.4198769562058,19.17744281211497,19.37807846069336,26747290.0,yahoo
2024-10-23,00878.TW,19.39479618027984,19.39479618027984,19.252679080196803,19.286117553710938,40670977.0,yahoo
2024-10-24,00878.TW,19.269394981668487,19.27775499757345,19.194156433033825,19.21087646484375,41360207.0,yahoo
2024-10-25,00878.TW,19.219236791603223,19.33627382714567,19.210876775563044,19.31119537353516,21040621.0,yahoo
2024-10-28,00878.TW,19.34463702547208,19.386437112549288,19.28611849807428,19.33627700805664,33847998.0,yahoo
2024-10-29,00878.TW,19.28611597364405,19.28611597364405,19.060400316502736,19.16071891784668,89902786.0,yahoo
2024-10-30,00878.TW,19.194162070828096,19.24432218099112,19.11892509460449,19.11892509460449,39014736.0,yahoo
2024-11-01,00878.TW,18.88484697425372,19.08548260598492,18.517014185491384,19.035324096679688,105527311.0,yahoo
2024-11-04,00878.TW,19.143999951215257,19.160719984788628,19.03532292200867,19.102201461791992,101921924.0,yahoo
2024-11-05,00878.TW,19.093843114852103,19.24432024115206,19.06040304478088,19.21924018859864,76102981.0,yahoo
2024-11-06,00878.TW,19.24431779362895,19.39479490079098,19.24431779362895,19.26103782653809,86823996.0,yahoo
2024-11-07,00878.TW,19.26939592118778,19.47003312366936,19.26103749938528,19.38643455505371,63418339.0,yahoo
2024-11-08,00878.TW,19.56199385349033,19.56199385349033,19.36971822507666,19.3947982788086,69053109.0,yahoo
2024-11-11,00878.TW,19.403157029331688,19.43659710153804,19.302840001733447,19.369718551635746,95644133.0,yahoo
2024-11-12,00878.TW,19.21923743758478,19.28611597364405,19.16071891784668,19.16071891784668,236028182.0,yahoo
2024-11-13,00878.TW,19.127278852562007,19.22759745390595,19.043681878370474,19.16071891784668,171260171.0,yahoo
2024-11-14,00878.TW,19.18580154683944,19.18580154683944,18.99352433461605,19.01024436950684,293545333.0,yahoo
2024-11-15,00878.TW,19.06040298839045,19.16908162129013,19.00188446044922,19.00188446044922,282062343.0,yahoo
2024-11-18,00878.TW,19.03615224622573,19.07042153252176,18.899078369140625,18.899078369140625,232262373.0,yahoo
2024-11-19,00878.TW,18.916213806261403,19.07898965490073,18.899079162394194,18.984750747680664,89665040.0,yahoo
2024-11-20,00878.TW,18.95904922485352,18.95904922485352,18.95904922485352,18.95904922485352,377933.0,yahoo
2024-11-21,00878.TW,18.89051011845129,18.9504813665197,18.830540504432303,18.91621208190918,77025916.0,yahoo
2024-11-22,00878.TW,18.950482606531924,19.08755648584449,18.950482606531924,18.97618293762207,41897874.0,yahoo
2024-11-25,00878.TW,19.147525251067623,19.19892754500829,19.10468864440918,19.10468864440918,36842198.0,yahoo
2024-11-26,00878.TW,19.019021012545377,19.087557957485824,18.890512810988582,19.00188636779785,65681073.0,yahoo
2024-11-27,00878.TW,19.001885715603645,19.01045303768336,18.7962748878394,18.81340789794922,146089682.0,yahoo
2024-11-28,00878.TW,18.81340558856962,18.82197290959768,18.624929428100582,18.624929428100582,159705162.0,yahoo
2024-11-29,00878.TW,18.573528110446915,18.73630395042126,18.427886913427656,18.642065048217773,75527312.0,yahoo
2024-12-02,00878.TW,18.72773635553355,18.89051055908203,18.72773635553355,18.89051055908203,45230984.0,yahoo
2024-12-03,00878.TW,19.04472153323176,19.104691156389222,18.89908031954235,18.933349609375,66679588.0,yahoo
2024-12-04,00878.TW,18.993319045424087,19.00188636779785,18.916214778109875,19.00188636779785,36642453.0,yahoo
2024-12-05,00878.TW,19.019018924322943,19.07898854030517,19.00188428145674,19.07042121887207,37748183.0,yahoo
2024-12-06,00878.TW,19.07042152725824,19.17322611801893,19.04471956254331,19.14752578735352,40305929.0,yahoo
2024-12-09,00878.TW,19.15609310892516,19.198928082733865,19.121823822638586,19.14752578735352,42493611.0,yahoo
2024-12-10,00878.TW,19.1475254777205,19.20749509370273,19.06185389743897,19.07042121887207,35946357.0,yahoo
2024-12-11,00878.TW,19.03615353445856,19.087557467381256,18.99331855773925,18.99331855773925,41522463.0,yahoo
2024-12-12,00878.TW,19.01901843679547,19.096122693667432,19.00188379436849,19.06185340881348,27148184.0,yahoo
2024-12-13,00878.TW,19.053289156774472,19.053289156774472,18.96761756488872,19.010454177856445,42060909.0,yahoo
2024-12-16,00878.TW,19.01902070987844,19.0875576537282,18.916214477078984,18.924781799316406,64561176.0,yahoo
2024-12-17,00878.TW,18.92478228691684,19.01902119990695,18.92478228691684,18.933349609375,24761884.0,yahoo
2024-12-18,00878.TW,18.933349194190736,19.06185576014584,18.90764722737986,19.03615379333496,31058297.0,yahoo
2024-12-19,00878.TW,18.839109238886,18.93334814458526,18.72773732364559,18.90764617919922,70254150.0,yahoo
2024-12-20,00878.TW,18.881944118481098,18.899077126453044,18.80483986343444,18.83910751342773,78428577.0,yahoo
2024-12-23,00878.TW,18.91621454965016,19.078990404686422,18.91621454965016,19.03615379333496,32930842.0,yahoo
2024-12-24,00878.TW,19.096123445415767,19.18179339282431,19.096123445415767,19.113256454467773,27737166.0,yahoo
2024-12-25,00878.TW,19.13895753665488,19.19035982953984,19.13895753665488,19.16465950012207,21839727.0,yahoo
2024-12-26,00878.TW,19.16465950012207,19.20749447185129,19.14752485781061,19.16465950012207,20914691.0,yahoo
2024-12-27,00878.TW,19.164660691933204,19.19892834463773,19.12182408349063,19.19036102294922,24098445.0,yahoo
2024-12-30,00878.TW,19.190360223676603,19.190360223676603,19.10468864440918,19.10468864440918,26409553.0,yahoo
2024-12-31,00878.TW,19.036154023243245,19.05328866799077,18.933349422857404,19.00188636779785,42956228.0,yahoo
2025-01-02,00878.TW,18.98475044130779,19.02758541623497,18.890511535608525,18.90764617919922,67784974.0,yahoo
2025-01-03,00878.TW,19.01902047978996,19.036153490007905,18.9333488925018,18.95904922485352,29900106.0,yahoo
2025-01-06,00878.TW,19.044722681990823,19.25033353123994,19.044722681990823,19.20749855041504,60609350.0,yahoo
2025-01-07,00878.TW,19.258899688720703,19.33600395677921,19.233199355400984,19.258899688720703,45333535.0,yahoo
2025-01-08,00878.TW,19.2588984976238,19.276033141477008,19.190361556260527,19.233198165893555,29480773.0,yahoo
2025-01-09,00878.TW,19.23319629843847,19.24176198548381,19.019018173217773,19.019018173217773,43428040.0,yahoo
2025-01-10,00878.TW,18.9933172724052,19.02758492465172,18.88194536004212,18.899078369140625,75917947.0,yahoo
2025-01-13,00878.TW,18.84767734139946,18.881946630000368,18.556394924490228,18.667768478393555,170624011.0,yahoo
2025-01-14,00878.TW,18.66776762688816,18.81340719465,18.66776762688816,18.796274185180664,40572936.0,yahoo
2025-01-15,00878.TW,18.79627240384415,18.84767469547981,18.684898865575928,18.69346618652344,56389260.0,yahoo
2025-01-16,00878.TW,18.847674834438408,18.967614060489023,18.83910751342773,18.83910751342773,34085856.0,yahoo
2025-01-17,00878.TW,18.86480947645975,18.899077126453044,18.77057057939175,18.83910751342773,32638091.0,yahoo
2025-01-20,00878.TW,18.87337834516241,19.01045222447497,18.87337834516241,18.97618293762207,32893502.0,yahoo
2025-01-21,00878.TW,18.9761832434912,19.09612411536012,18.94191559013548,19.05328750610352,26904863.0,yahoo
2025-01-22,00878.TW,19.07898570413246,19.11325335072135,19.04471642349433,19.087553024291992,35396659.0,yahoo
2025-02-03,00878.TW,18.82197441488305,19.001884902761752,18.60779627420097,18.97618293762207,150889839.0,yahoo
2025-02-04,00878.TW,19.03615273803032,19.096123990597743,18.90764617919922,18.90764617919922,100327608.0,yahoo
2025-02-05,00878.TW,19.036151933139664,19.17322580797032,19.02758461170656,19.07042121887207,58963181.0,yahoo
2025-02-06,00878.TW,19.121823287072555,19.13895792973593,19.0618536718002,19.10468864440918,69197551.0,yahoo
2025-02-07,00878.TW,19.10468825203196,19.17322518722837,19.087555243769927,19.16465950012207,43319721.0,yahoo
2025-02-10,00878.TW,19.14752578735352,19.1646604304968,19.05328688411496,19.14752578735352,82397791.0,yahoo
2025-02-11,00878.TW,19.19892883300781,19.276033096116244,19.190361511101365,19.19892883300781,52486094.0,yahoo
2025-02-12,00878.TW,19.233196474131297,19.31030073063904,19.233196474131297,19.241762161254883,50234418.0,yahoo
2025-02-13,00878.TW,19.31030426282671,19.455943847259736,19.267467649126058,19.447378158569336,67951439.0,yahoo
2025-02-14,00878.TW,19.4473752269095,19.45594091430864,19.378838289370016,19.395971298217773,65691490.0,yahoo
2025-02-17,00878.TW,19.42167625637924,19.59301944366492,19.42167625637924,19.55875015258789,89362966.0,yahoo
2025-02-18,00878.TW,19.593016421792736,19.652986037878566,19.55874713600113,19.644418716430664,83707961.0,yahoo
2025-02-19,00878.TW,19.66155264482204,19.73865690100169,19.66155264482204,19.67011833190918,137193659.0,yahoo
2025-02-20,00878.TW,19.71390829394709,19.722666338953328,19.6526036493297,19.661361694335938,139821121.0,yahoo
2025-02-21,00878.TW,19.661360951509494,19.845274878413203,19.661360951509494,19.8277587890625,47785024.0,yahoo
2025-02-24,00878.TW,19.7752141501677,19.783972195710533,19.69639341070858,19.75769805908203,51171973.0,yahoo
2025-02-25,00878.TW,19.678877466051787,19.775214297313408,19.60881477161417,19.7226676940918,61962226.0,yahoo
2025-02-26,00878.TW,19.696395744247656,19.84527919526209,19.61757499545022,19.83652114868164,42374378.0,yahoo
2025-02-27,00878.TW,19.82776086738526,19.83651891297862,19.617572784423828,19.617572784423828,99412791.0,yahoo
2025-03-03,00878.TW,19.45993241523654,19.52999511355572,19.35483920297101,19.49496459960937,121161783.0,yahoo
2025-03-04,00878.TW,19.29353361957265,19.46868952170372,19.24098534554956,19.407384872436523,143868472.0,yahoo
2025-03-05,00878.TW,19.42490134523198,19.5913008753866,19.42490134523198,19.5562686920166,38133151.0,yahoo
2025-03-06,00878.TW,19.5562686920166,19.60005725080266,19.5387526003316,19.5562686920166,39845549.0,yahoo
2025-03-07,00878.TW,19.51247984003619,19.53875230674248,19.39862691622088,19.44241714477539,56386995.0,yahoo
2025-03-10,00878.TW,19.442417466008767,19.468689933149136,19.319806494456746,19.38111114501953,76850489.0,yahoo
2025-03-11,00878.TW,19.214713962611864,19.25850252300756,19.004525865944803,19.1796817779541,259925138.0,yahoo
2025-03-12,00878.TW,19.1796817779541,19.214713962611864,19.153409309887284,19.1796817779541,64163693.0,yahoo
2025-03-13,00878.TW,19.31104883790761,19.31104883790761,19.06583023071289,19.06583023071289,117348743.0,yahoo
2025-03-14,00878.TW,19.074586777322104,19.10961728827059,19.004524084998778,19.039554595947266,104384924.0,yahoo
2025-03-17,00878.TW,19.092102549739145,19.197197430880426,19.092102549739145,19.100860595703125,72713425.0,yahoo
2025-03-18,00878.TW,19.205954948144527,19.32856424741212,19.205954948144527,19.26725959777832,61003726.0,yahoo
2025-03-19,00878.TW,19.27601761189479,19.32856421571954,19.16216468811035,19.16216468811035,76686752.0,yahoo
2025-03-20,00878.TW,19.24098554977288,19.346080428508124,19.24098554977288,19.302291870117188,41514218.0,yahoo
2025-03-21,00878.TW,19.337322293135003,19.337322293135003,19.249743506332543,19.26725959777832,31643402.0,yahoo
2025-03-24,00878.TW,19.346078978885423,19.354837023992644,19.20595359802246,19.20595359802246,60445632.0,yahoo
2025-03-25,00878.TW,19.28477666150088,19.34608131422546,19.16216568562522,19.1796817779541,48423184.0,yahoo
2025-03-26,00878.TW,19.232226417397275,19.293532734277807,19.214711997286315,19.24974250793457,33245595.0,yahoo
2025-03-27,00878.TW,19.109617233276367,19.13589136923188,19.074586722428688,19.109617233276367,109002572.0,yahoo
2025-03-28,00878.TW,19.048314199317662,19.057072245377725,18.934462941389857,18.99576759338379,182800618.0,yahoo
2025-03-31,00878.TW,18.7417881821756,18.75930427328004,18.46153740621001,18.479053497314453,322422940.0,yahoo
2025-04-01,00878.TW,18.514083695873783,18.759303955908205,18.514083695873783,18.724271774291992,61620168.0,yahoo
2025-04-02,00878.TW,18.768064629477607,18.77682267610809,18.627939224243164,18.627939224243164,68499928.0,yahoo
2025-04-07,00878.TW,16.77127456665039,16.77127456665039,16.77127456665039,16.77127456665039,158595449.0,yahoo
2025-04-08,00878.TW,16.10567602615365,16.64866313784748,16.10567602615365,16.412200927734375,421056059.0,yahoo
2025-04-09,00878.TW,16.377171900722903,16.46474902017077,15.527659810496177,15.588964462280272,338068608.0,yahoo
2025-04-10,00878.TW,17.147859573364258,17.147859573364258,17.112829063762877,17.147859573364258,279497261.0,yahoo
2025-04-11,00878.TW,16.5435705715745,17.24419925434334,16.28959390601038,17.235441207885742,206602904.0,yahoo
2025-04-14,00878.TW,17.56823615062748,17.67333102291325,17.366806121708272,17.401838302612305,133321193.0,yahoo
2025-04-15,00878.TW,17.498174144475872,17.70836222685207,17.43686949591945,17.664573669433594,54942977.0,yahoo
2025-04-16,00878.TW,17.559477905262447,17.568235950388633,17.436868614348462,17.50693130493164,74207982.0,yahoo
2025-04-17,00878.TW,17.410596910573375,17.42811300327208,17.270471509836785,17.340534210205078,59740939.0,yahoo
2025-04-18,00878.TW,17.340530895754338,17.43686771675698,17.305500387479153,17.349288940429688,32804405.0,yahoo
2025-04-21,00878.TW,17.340534925772765,17.349292972483525,17.226683659386097,17.244199752807617,46159140.0,yahoo
2025-04-22,00878.TW,17.12158654902258,17.200407288771647,17.016493342974755,17.025251388549805,57881374.0,yahoo
2025-04-23,00878.TW,17.37556557316944,17.42811217835185,17.33177701392184,17.393081665039062,38044044.0,yahoo
2025-04-24,00878.TW,17.44562915964933,17.44562915964933,17.261713526494653,17.270471572875977,46138558.0,yahoo
2025-04-25,00878.TW,17.524448337752926,17.63829958966432,17.524448337752926,17.594511032104492,43291575.0,yahoo
2025-04-28,00878.TW,17.63830052895915,17.708363227041776,17.612028061194717,17.682090759277344,36217266.0,yahoo
2025-04-29,00878.TW,17.68208979367426,17.795941045431277,17.655815656918147,17.769668579101562,33814359.0,yahoo
2025-04-30,00878.TW,17.80469985351756,17.90103668865594,17.77842571563624,17.78718376159668,32577998.0,yahoo
2025-05-02,00878.TW,17.9798583984375,17.99737282087346,17.901037650982744,17.9798583984375,64783405.0,yahoo
2025-05-05,00878.TW,18.04116009563206,18.049918140627653,17.690846647939708,17.85724449157715,90911260.0,yahoo
2025-05-06,00878.TW,17.82221836959655,17.988617924625466,17.778428133838048,17.901039123535156,61844804.0,yahoo
2025-05-07,00878.TW,17.962340456511544,18.041161195852403,17.90103580823007,17.909793853759766,41576928.0,yahoo
2025-05-08,00878.TW,17.953581855649404,18.032402592552216,17.94482381039061,17.971097946166992,44630335.0,yahoo
2025-05-09,00878.TW,18.006129252299182,18.111224129621537,17.927308511914013,18.09370803833008,44864585.0,yahoo
2025-05-12,00878.TW,18.16377120432703,18.312654643314403,18.16377120432703,18.277624130249023,68992302.0,yahoo
2025-05-13,00878.TW,18.50532743655133,18.50532743655133,18.37396008366404,18.40023422241211,76899915.0,yahoo
2025-05-14,00878.TW,18.52284573687072,18.63669868125645,18.49657326541764,18.61918258666992,72970895.0,yahoo
2025-05-15,00878.TW,18.64545331870533,18.65420969397053,18.56663257790725,18.592905044555664,103383546.0,yahoo
2025-05-16,00878.TW,18.61042453937665,18.6717292000028,18.57539235020359,18.61918258666992,153694835.0,yahoo
2025-05-19,00878.TW,18.556486487636526,18.60126668026893,18.45797348022461,18.45797348022461,125655868.0,yahoo
2025-05-20,00878.TW,18.520667166918805,18.592313779030697,18.41319639465598,18.431108474731445,45884738.0,yahoo
2025-05-21,00878.TW,18.431109155312733,18.628136918848327,18.431109155312733,18.61918258666992,45325714.0,yahoo
2025-05-22,00878.TW,18.538576292308523,18.56544269994977,18.466929691615697,18.52066421508789,30976133.0,yahoo
2025-05-23,00878.TW,18.529621121471457,18.5385771605012,18.44006243936381,18.449018478393555,37648286.0,yahoo
2025-05-26,00878.TW,18.449017941036804,18.449017941036804,18.359459261537697,18.404237747192383,35067829.0,yahoo
2025-05-27,00878.TW,18.404238277617,18.404238277617,18.287813186645508,18.287813186645508,42268106.0,yahoo
2025-05-28,00878.TW,18.422149311367527,18.431105349886835,18.21616554999246,18.29676818847656,33281437.0,yahoo
2025-05-29,00878.TW,18.404237234328907,18.41319327284821,18.28781214995725,18.29676818847656,30893603.0,yahoo
2025-06-02,00878.TW,18.11765289663507,18.126608936173767,17.920625151353466,17.95644760131836,98303346.0,yahoo
2025-06-03,00878.TW,18.072873368941945,18.18034242085298,18.03704921284508,18.12660789489746,35822905.0,yahoo
2025-06-04,00878.TW,18.26094713663944,18.422152440993816,18.243036764747817,18.350505828857425,40029811.0,yahoo
2025-06-05,00878.TW,18.350502711402733,18.431105349886835,18.29676818847656,18.29676818847656,31937012.0,yahoo
2025-06-06,00878.TW,18.305724565778583,18.386327205754394,18.28781248840847,18.3415470123291,31260637.0,yahoo
2025-06-09,00878.TW,18.413196062317223,18.42215210219331,18.35946153125065,18.386329650878903,29110743.0,yahoo
2025-06-10,00878.TW,18.431107268219545,18.58335652251473,18.431107268219545,18.538578033447266,49699219.0,yahoo
2025-06-11,00878.TW,18.53857577007581,18.64604481399279,18.52066369335976,18.63708877563477,39408131.0,yahoo
2025-06-12,00878.TW,18.628135344727287,18.681871582397097,18.60126893408228,18.663959503173828,36053687.0,yahoo
2025-06-13,00878.TW,18.59231289447064,18.717694032653743,18.538578364990727,18.663959503173828,56057407.0,yahoo
2025-06-16,00878.TW,18.655001390986087,18.70873591449608,18.61022290609271,18.681869506835938,45050180.0,yahoo
2025-06-17,00878.TW,18.73560490299465,18.80725150707497,18.681870376981863,18.690826416015625,32658672.0,yahoo
2025-06-18,00878.TW,18.69082484929397,18.744559370802573,18.65500069616181,18.73560333251953,40453904.0,yahoo
2025-06-19,00878.TW,18.73560348938338,18.77142593462582,18.628132737276744,18.63708877563477,24092779.0,yahoo
2025-06-20,00878.TW,18.61918068032059,18.66395916938805,18.493797836189938,18.538578033447266,26520087.0,yahoo
2025-06-23,00878.TW,18.38632894755142,18.457975555629485,18.30572629993986,18.4400634765625,39743912.0,yahoo
2025-06-24,00878.TW,18.62813377814142,18.753516613969992,18.61022340861427,18.70873641967773,31797596.0,yahoo
2025-06-25,00878.TW,18.78933923242113,18.82516338818137,18.73560470697055,18.771427154541016,28777813.0,yahoo
2025-06-26,00878.TW,18.77142577746205,18.843074083726368,18.726647294236493,18.73560333251953,38146188.0,yahoo
2025-06-27,00878.TW,18.753518020528418,18.789340470459244,18.70873782287754,18.7624740600586,26592718.0,yahoo
2025-06-30,00878.TW,18.75351748595695,18.76247352523184,18.68187087994772,18.717693328857425,25527422.0,yahoo
2025-07-01,00878.TW,18.753516784850664,18.896809991512065,18.71769262909044,18.771427154541016,46292298.0,yahoo
2025-07-02,00878.TW,18.771428389697704,18.860987076801468,18.76247405835822,18.843076705932617,24100487.0,yahoo
2025-07-03,00878.TW,18.89680912970424,18.9415876141726,18.887853091172627,18.92367553710937,36470352.0,yahoo
2025-07-04,00878.TW,18.923676064337737,18.986368335805658,18.8072509765625,18.8072509765625,32141243.0,yahoo
2025-07-07,00878.TW,18.816208221140943,18.85203067037134,18.69082708654979,18.780384063720703,37790216.0,yahoo
2025-07-08,00878.TW,18.77142735093992,18.77142735093992,18.646046220846813,18.690826416015625,38312892.0,yahoo
2025-07-09,00878.TW,18.69082658526468,18.762473189993766,18.646046389690376,18.753517150878903,24488839.0,yahoo
2025-07-10,00878.TW,18.72664920197781,18.85203033433405,18.69082675338595,18.816207885742188,29381268.0,yahoo
2025-07-11,00878.TW,18.81620892047168,18.91472364884893,18.81620892047168,18.88785552978516,27123461.0,yahoo
2025-07-14,00878.TW,18.896806534979184,18.896806534979184,18.79829183284825,18.834115982055664,31710439.0,yahoo
2025-07-15,00878.TW,18.84307737156023,18.959502473174897,18.834121331714496,18.93263435363769,30843938.0,yahoo
2025-07-16,00878.TW,18.914723478003577,19.03114857651517,18.88785535918249,18.98637008666992,37218982.0,yahoo
2025-07-17,00878.TW,18.99532214444836,19.0490583756586,18.98636781410301,19.0042781829834,23186419.0,yahoo
2025-07-18,00878.TW,19.031146132451,19.111748770373023,18.995321978623576,19.02219009399414,31974039.0,yahoo
2025-07-21,00878.TW,19.02219026005348,19.075924783074026,18.98636781410301,19.0042781829834,32429932.0,yahoo
2025-07-22,00878.TW,19.01323160352437,19.066967827335496,18.82515994475381,18.834115982055664,49947239.0,yahoo
2025-07-23,00878.TW,18.89681053291019,18.99532354769372,18.89681053291019,18.977413177490234,29091980.0,yahoo
2025-07-24,00878.TW,18.995324919824537,19.066973238573272,18.97741454832729,19.01323699951172,27102806.0,yahoo
2025-07-25,00878.TW,19.004279220176173,19.02219129822384,18.986368850318293,18.995323181152344,26640284.0,yahoo
2025-07-28,00878.TW,19.00427888657397,19.04010304204044,18.959500400430645,19.031147003173828,38743386.0,yahoo
2025-07-29,00878.TW,19.031147703177147,19.031147703177147,18.834119965433764,18.89681053161621,67869596.0,yahoo
2025-07-30,00878.TW,18.914721572151883,18.92367590266678,18.83411893200005,18.905765533447266,41731467.0,yahoo
2025-07-31,00878.TW,18.807253216714138,18.869943787459466,18.73560660612092,18.852031707763672,54792027.0,yahoo
2025-08-01,00878.TW,18.628135836136124,18.852031707763672,18.556489225542904,18.852031707763672,79148842.0,yahoo
2025-08-04,00878.TW,18.76247163081825,18.89680878999805,18.699779362224007,18.87889671325684,52751879.0,yahoo
2025-08-05,00878.TW,18.941588322697413,19.05801511977368,18.90576587542069,19.031147003173828,40492996.0,yahoo
2025-08-06,00878.TW,19.02219009399414,19.058014247821564,18.977411609899537,19.02219009399414,49186964.0,yahoo
2025-08-07,00878.TW,19.02219183380153,19.12070655764762,19.02219183380153,19.04010391235352,52849688.0,yahoo
2025-08-08,00878.TW,19.04905995162951,19.066972030181493,19.03114787307752,19.04010391235352,41603112.0,yahoo
2025-08-11,00878.TW,19.02219009399414,19.031146132451,18.94158745607212,19.02219009399414,65504387.0,yahoo
2025-08-12,00878.TW,19.02219009399414,19.058014247821564,19.02219009399414,19.02219009399414,44110821.0,yahoo
2025-08-13,00878.TW,19.06697273494329,19.075927066360432,18.92367780942072,18.98637008666992,84249306.0,yahoo
2025-08-14,00878.TW,18.986368850318293,19.013235259200005,18.97741281129446,18.995323181152344,60662541.0,yahoo
2025-08-15,00878.TW,19.004278882297665,19.01323492116226,18.923676240706,18.950544357299805,131388560.0,yahoo
2025-08-18,00878.TW,18.95967308571436,18.96880168784258,18.877517407663177,18.91403007507324,160137048.0,yahoo
2025-08-19,00878.TW,18.89577490473468,18.904901765901503,18.841003291116586,18.877517700195312,50134891.0,yahoo
2025-08-20,00878.TW,18.85925980946985,18.85925980946985,18.667564392089844,18.667564392089844,130850884.0,yahoo
2025-08-21,00878.TW,18.67669293044566,18.76797721691735,18.67669293044566,18.685821533203125,44093996.0,yahoo
2025-08-22,00878.TW,18.685821991270195,18.685821991270195,18.59453944366374,18.603666305541992,49552982.0,yahoo
2025-08-25,00878.TW,18.713207180628327,18.795362863636395,18.67669276991233,18.731464385986328,38987431.0,yahoo
2025-08-26,00878.TW,18.731462864549847,18.731462864549847,18.64930718821476,18.667564392089844,30650749.0,yahoo
2025-08-27,00878.TW,18.676692962646484,18.71320737373929,18.667566100976234,18.676692962646484,33938378.0,yahoo
2025-08-28,00878.TW,18.6219233819331,18.69495046417194,18.603666176097647,18.640180587768555,37474705.0,yahoo
2025-08-29,00878.TW,18.66756679122509,18.68582225634356,18.576282501220703,18.576282501220703,54914078.0,yahoo
2025-09-01,00878.TW,18.56715286857365,18.585410073782786,18.39371290129275,18.421098709106445,82119784.0,yahoo
2025-09-02,00878.TW,18.439355461208702,18.558023809946203,18.439355461208702,18.50325393676757,33349933.0,yahoo
2025-09-03,00878.TW,18.530638002805453,18.548895207565952,18.50325393676757,18.50325393676757,24887126.0,yahoo
2025-09-04,00878.TW,18.576282173010988,18.73146494094574,18.576282173010988,18.62192344665528,36348714.0,yahoo
2025-09-05,00878.TW,18.704080548580905,18.73146635950323,18.667567875120923,18.71320915222168,32522462.0,yahoo
2025-09-08,00878.TW,18.7953621474159,18.86838922496218,18.76797634042247,18.84100341796875,52599736.0,yahoo
2025-09-09,00878.TW,18.86838880553496,18.95967308571436,18.804490331740222,18.91403007507324,45627158.0,yahoo
2025-09-10,00878.TW,18.95054584060064,19.0600855917776,18.95054584060064,19.02357292175293,77266273.0,yahoo
2025-09-11,00878.TW,19.060085559505968,19.16049844883396,19.02357288954312,19.03270149230957,81003067.0,yahoo
2025-09-12,00878.TW,19.123983062367188,19.1878815315528,19.123983062367188,19.16962432861328,64363290.0,yahoo
2025-09-15,00878.TW,19.197013623588933,19.27004070752272,19.178756417329733,19.21526908874512,67935686.0,yahoo
2025-09-16,00878.TW,19.21526866353184,19.3065529517048,19.21526866353184,19.28829574584961,48155511.0,yahoo
2025-09-17,00878.TW,19.28829448875256,19.28829448875256,19.178754742966543,19.19701194763184,35484694.0,yahoo
2025-09-18,00878.TW,19.27004051208496,19.29742458009301,19.178756222817785,19.27004051208496,69725523.0,yahoo
2025-09-19,00878.TW,19.33393820761772,19.397836685180664,19.30655239961805,19.397836685180664,87273061.0,yahoo
2025-09-22,00878.TW,19.397835939820204,19.54389009466709,19.38870733750441,19.516504287719727,66025435.0,yahoo
2025-09-23,00878.TW,19.543891841588074,19.64430473493424,19.48912196390063,19.56214904785156,63647569.0,yahoo
2025-09-24,00878.TW,19.571275901614456,19.607788569774748,19.479991619559435,19.516504287719727,40663565.0,yahoo
2025-09-25,00878.TW,19.534761492351304,19.61691717209053,19.498248824191013,19.516504287719727,31894377.0,yahoo
2025-09-26,00878.TW,19.49825155705112,19.49825155705112,19.23352727609829,19.379581451416016,63673843.0,yahoo
2025-09-30,00878.TW,19.52563312012227,19.635174608099685,19.443477439414927,19.49824905395508,36141073.0,yahoo
2025-10-01,00878.TW,19.49825155705112,19.607791317987857,19.352197381733383,19.379581451416016,38848742.0,yahoo
2025-10-02,00878.TW,19.479992400337814,19.489121003019484,19.388708114624023,19.388708114624023,32408701.0,yahoo
2025-10-03,00878.TW,19.425222428930304,19.443477893100106,19.35219534894234,19.416093826293945,42003204.0,yahoo
2025-10-07,00878.TW,19.44347865404394,19.662561643684832,19.434351792153315,19.59866142272949,98287334.0,yahoo
2025-10-08,00878.TW,19.58953275495248,19.644304372733068,19.53476287827488,19.616918563842773,42459123.0,yahoo
2025-10-09,00878.TW,19.73558856359225,19.772101234162285,19.616918466757934,19.64430427551269,40829685.0,yahoo
2025-10-13,00878.TW,19.260912660572544,19.461736711913705,19.251784057179343,19.452608108520508,76845867.0,yahoo
2025-10-14,00878.TW,19.60778965431404,19.671688132956024,19.343067136925388,19.352195739746094,53832284.0,yahoo
2025-10-15,00878.TW,19.37045123659429,19.37045123659429,19.297424155009782,19.343067169189453,39476409.0,yahoo
2025-10-16,00878.TW,19.48912048339844,19.54389035692526,19.461734676083584,19.48912048339844,43469011.0,yahoo
2025-10-17,00878.TW,19.534761722545625,19.61691740325297,19.47999184910836,19.49824905395508,40548689.0,yahoo
2025-10-20,00878.TW,19.58040599026712,19.60779005819032,19.516505769205967,19.58953285217285,46786790.0,yahoo
2025-10-21,00878.TW,19.680817010986576,19.71733142278001,19.62604713439941,19.62604713439941,45857110.0,yahoo
2025-10-22,00878.TW,19.60778986383968,19.67168834316448,19.5804057961879,19.64430427551269,24815658.0,yahoo
2025-10-23,00878.TW,19.60778989615616,19.64430430788936,19.562148622592648,19.63517570495605,22474794.0,yahoo
2025-10-27,00878.TW,19.808614469131182,19.89989701068524,19.7994858667552,19.83599853515625,61821484.0,yahoo
2025-10-28,00878.TW,19.83599892539448,19.84512752795005,19.753843243497258,19.7721004486084,28165404.0,yahoo
2025-10-29,00878.TW,19.85425755096613,19.945541841949805,19.845128947757463,19.863386154174805,45620560.0,yahoo
2025-10-30,00878.TW,19.84512898039448,19.863386186841847,19.72646062069268,19.854257583618164,50162997.0,yahoo
2025-10-31,00878.TW,19.854257681754657,19.854257681754657,19.79948780324488,19.82687187194824,26670694.0,yahoo
2025-11-03,00878.TW,19.80861476278963,19.872513239265903,19.7812289552557,19.79948616027832,56893269.0,yahoo
2025-11-04,00878.TW,19.86338519129844,19.890770999596928,19.67168801541494,19.689945220947266,69039131.0,yahoo
2025-11-05,00878.TW,19.58953285217285,19.58953285217285,19.361323000263457,19.58953285217285,97972978.0,yahoo
2025-11-06,00878.TW,19.65343261534483,19.72645969661032,19.59866099856849,19.671688079833984,42848886.0,yahoo
2025-11-07,00878.TW,19.525633215991338,19.53476181845952,19.46173473981698,19.47086334228516,72413056.0,yahoo
2025-11-10,00878.TW,19.4799919128418,19.52563318400503,19.44347750302889,19.4799919128418,39690525.0,yahoo
2025-11-11,00878.TW,19.56214729929867,19.59865996745896,19.498248824191013,19.516504287719727,33435979.0,yahoo
2025-11-12,00878.TW,19.53476333618164,19.607790420497903,19.53476333618164,19.53476333618164,36406553.0,yahoo
2025-11-13,00878.TW,19.56214720393222,19.58040440847479,19.52563279484708,19.54388999938965,39592963.0,yahoo
2025-11-14,00878.TW,19.36132221047578,19.50737811155463,19.343066746305983,19.416093826293945,101170339.0,yahoo
2025-11-17,00878.TW,19.406966075434223,19.416094678471243,19.260911909047945,19.27004051208496,161040955.0,yahoo
2025-11-18,00878.TW,19.13046986648652,19.15838461584225,18.92576702873852,18.93507194519043,202516934.0,yahoo
2025-11-19,00878.TW,18.944375278128327,19.02811774446435,18.82341314909576,18.851327896118164,76667853.0,yahoo
2025-11-20,00878.TW,19.028118877235524,19.14907923873784,19.018813961007453,19.13977432250977,35143271.0,yahoo
2025-11-21,00878.TW,18.935069868093848,18.9815926705187,18.86993723480659,18.916460037231445,66499569.0,yahoo
2025-11-24,00878.TW,19.028117845036206,19.13977328425359,19.01881292931289,19.13046836853028,38946413.0,yahoo
2025-11-25,00878.TW,19.186297826181537,19.214210798566903,19.04672586532989,19.111860275268555,28885357.0,yahoo
2025-11-26,00878.TW,19.195601389763723,19.363086326688062,19.195601389763723,19.30725860595703,32293662.0,yahoo
2025-11-27,00878.TW,19.35378162534225,19.47474375878697,19.307258820005828,19.46543884277344,39377745.0,yahoo
2025-11-28,00878.TW,19.44682742575612,19.48404708677672,19.372389878446025,19.38169479370117,31154949.0,yahoo
2025-12-01,00878.TW,19.38169600078704,19.521266188844464,19.38169600078704,19.409610748291016,34095211.0,yahoo
2025-12-02,00878.TW,19.511961321066764,19.5770957320698,19.493353264082845,19.54918098449707,33590322.0,yahoo
2025-12-03,00878.TW,19.61431191616728,19.65153157636297,19.54917928555589,19.586397171020508,27709891.0,yahoo
2025-12-04,00878.TW,19.614313463698803,19.67014118366596,19.614313463698803,19.65153312683105,39563039.0,yahoo
2025-12-05,00878.TW,19.651533668339376,19.735274363232023,19.651533668339376,19.725971221923828,37801380.0,yahoo
2025-12-08,00878.TW,19.72597159384812,19.791104232621155,19.72597159384812,19.78179931640625,42386373.0,yahoo
2025-12-09,00878.TW,19.82832316246561,19.856237912574063,19.753885603574474,19.791105270385746,30469542.0,yahoo
2025-12-10,00878.TW,19.819016166328225,19.82832108205476,19.735273699520626,19.77249336242676,23346402.0,yahoo
2025-12-11,00878.TW,19.800407221016464,19.837625107521152,19.6236173796086,19.66083526611328,38269375.0,yahoo
2025-12-12,00878.TW,19.74457861524716,19.80040810960636,19.725970558525297,19.77249336242676,36919305.0,yahoo
2025-12-15,00878.TW,19.660835811401046,19.763188107907126,19.57709512076019,19.73527336120605,33573124.0,yahoo
2025-12-16,00878.TW,19.614312802839148,19.72597001374265,19.577094915692086,19.698055267333984,49758613.0,yahoo
2025-12-17,00878.TW,19.725971266683747,19.967891985333704,19.716666350623168,19.865541458129883,65500784.0,yahoo
2025-12-18,00878.TW,19.865541289482703,19.893454262696203,19.79110373636128,19.84693145751953,25065155.0,yahoo
2025-12-19,00878.TW,19.86554047144095,20.005110655954866,19.85623555584253,19.995805740356445,48057314.0,yahoo
2025-12-22,00878.TW,20.116767391500403,20.209812995816407,20.098157560744745,20.181900024414062,69419175.0,yahoo
2025-12-23,00878.TW,20.19120630600557,20.20981436328918,20.05163434062532,20.10746383666992,28015811.0,yahoo
2025-12-24,00878.TW,20.144680685593663,20.19120526322808,20.051633305056026,20.09815788269043,30518050.0,yahoo
2025-12-26,00878.TW,20.09815858300254,20.116768414704755,20.023721030924914,20.07024383544922,28187213.0,yahoo
2025-12-29,00878.TW,20.07024491348298,20.256339691038377,20.05163508078117,20.21912002563477,82226099.0,yahoo
2025-12-30,00878.TW,20.19120407104492,20.20050721129133,20.13537458118007,20.19120407104492,26118641.0,yahoo
2025-12-31,00878.TW,20.191204977011942,20.237727779255707,20.12607056924708,20.20050811767578,41917727.0,yahoo
2026-01-02,00878.TW,20.237727965674008,20.395907979383463,20.21911813471262,20.34008026123047,76662895.0,yahoo
2026-01-05,00878.TW,20.3400815035682,20.47034677879196,20.302861839372103,20.38660430908203,128754804.0,yahoo
2026-01-06,00878.TW,20.442431703105864,20.48895628260553,20.414518730137303,20.470346450805664,96162574.0,yahoo
2026-01-07,00878.TW,20.50756563341856,20.684353707177166,20.49826071773687,20.65644073486328,117206772.0,yahoo
2026-01-08,00878.TW,20.67505016063534,20.777402465180742,20.544784881927605,20.58200454711914,61032354.0,yahoo
2026-01-09,00878.TW,20.5820043789525,20.6471370177742,20.43312749413409,20.56339454650879,46762791.0,yahoo
2026-01-12,00878.TW,20.740184615957965,20.768097590175795,20.656442143841826,20.721574783325195,83480957.0,yahoo
2026-01-13,00878.TW,20.83322868949873,20.90766623979546,20.693658504533765,20.777400970458984,77548281.0,yahoo
2026-01-14,00878.TW,20.86114464732925,20.8797544796665,20.786707092711588,20.805316925048828,53196245.0,yahoo
2026-01-15,00878.TW,20.81462014007897,20.86114294238856,20.786705393854525,20.842533111572266,51224076.0,yahoo
2026-01-16,00878.TW,20.87975542662109,21.140285992233075,20.87975542662109,21.07515335083008,110353812.0,yahoo
2026-01-19,00878.TW,21.07515062955424,21.33568293625702,21.065845714165093,21.22402572631836,85170176.0,yahoo
2026-01-20,00878.TW,21.14028446462052,21.363597122464643,21.075151827924056,21.251941680908203,56950691.0,yahoo
2026-01-21,00878.TW,21.21472267489209,21.35429464326124,21.04723950736545,21.084457397460938,75987588.0,yahoo
2026-01-22,00878.TW,21.35429418683497,21.4194268241584,21.22402713745684,21.28915977478028,61297397.0,yahoo
2026-01-23,00878.TW,21.43803545605627,21.503168089733528,21.289158582996755,21.38220596313477,59716822.0,yahoo
2026-01-26,00878.TW,21.438035692935493,21.67065325848524,21.419425861756032,21.661348342895508,94280508.0,yahoo
2026-01-27,00878.TW,21.71717648647051,21.92187930925486,21.698566654927056,21.856746673583984,79443411.0,yahoo
2026-01-28,00878.TW,21.940489310368594,21.98701211485557,21.838137010819768,21.875356674194336,84669784.0,yahoo
2026-01-29,00878.TW,21.773004823804,21.773004823804,21.577606911250324,21.670654296875,67968598.0,yahoo
2026-01-30,00878.TW,21.48455803302113,21.48455803302113,21.130978347158,21.22402572631836,94984616.0,yahoo
2026-02-02,00878.TW,21.06584718321833,21.08445701529441,20.77740188496416,20.90766716003418,106158569.0,yahoo
2026-02-03,00878.TW,21.177502924103752,21.26124538787496,21.047237658117936,21.22402572631836,56152863.0,yahoo
2026-02-04,00878.TW,21.158894500133407,21.3077696067959,21.093761862809977,21.28915977478028,45585605.0,yahoo
2026-02-05,00878.TW,21.149589707060773,21.24263709294849,21.084457069358745,21.16819953918457,59049307.0,yahoo
2026-02-06,00878.TW,21.103065660303745,21.19611304071888,20.87044809663149,21.121675491333008,59480112.0,yahoo
2026-02-09,00878.TW,21.428730218201785,21.521775822208884,21.39151055681404,21.4659481048584,101220611.0,yahoo
2026-02-10,00878.TW,21.56830149068551,21.64273904249774,21.56830149068551,21.614824295043945,94916027.0,yahoo
2026-02-11,00878.TW,21.61482554092566,21.80092031854838,21.61482554092566,21.782310485839844,92188892.0,yahoo
2026-02-23,00878.TW,21.95909815402717,22.19171571545812,21.9497932386022,22.0056209564209,124501191.0,yahoo
2026-02-24,00878.TW,22.052147493320064,22.294068216944325,22.052147493320064,22.26615524291992,119720984.0,yahoo
2026-02-25,00878.TW,22.3126756461852,22.42433285445032,22.27545775991757,22.33128547668457,144440915.0,yahoo
2026-02-26,00878.TW,22.35969801902481,22.5206954892018,22.33128606322576,22.482812881469727,88691190.0,yahoo
2026-03-02,00878.TW,22.066112813006445,22.255522235419203,22.05664396759372,22.141876220703125,92053470.0,yahoo
2026-03-03,00878.TW,22.11346476698596,22.16081621662413,21.725177099658453,21.73464775085449,116609181.0,yahoo
2026-03-04,00878.TW,21.355830040645586,21.355830040645586,20.88230829423356,20.89177894592285,161872370.0,yahoo
2026-03-05,00878.TW,21.30847843729561,21.38424184393009,21.04330561090389,21.213773727416992,70913922.0,yahoo
2026-03-06,00878.TW,21.10013018302619,21.299008454306737,20.97701351441639,21.20430374145508,42870888.0,yahoo
2026-03-09,00878.TW,20.408786608002902,20.59819602966309,20.1530862370064,20.59819602966309,135830748.0,yahoo
2026-03-10,00878.TW,20.95807198373785,21.024366546455976,20.740252410976115,20.83495712280273,58817262.0,yahoo
2026-03-11,00878.TW,21.109601787021568,21.31795071961836,21.109601787021568,21.270597457885746,50121695.0,yahoo
2026-03-12,00878.TW,21.20430430860273,21.270597067469364,21.043306834351387,21.090660095214844,41642658.0,yahoo
2026-03-13,00878.TW,21.005425840747435,21.232716071795924,20.94860373457086,21.119070053100582,41506174.0,yahoo
2026-03-16,00878.TW,21.232714941069258,21.327419650548272,21.12853958000813,21.242185592651367,52845593.0,yahoo
2026-03-17,00878.TW,21.384242255453582,21.50735711622558,21.37477160364926,21.4221248626709,42699504.0,yahoo
2026-03-18,00878.TW,21.64941472818547,21.72517813502245,21.54523936640634,21.63994407653809,43904663.0,yahoo
2026-03-19,00878.TW,21.39371346210487,21.450535568062385,21.270596791797708,21.280067443847656,48360518.0,yahoo
2026-03-20,00878.TW,21.29900874794756,21.346362008197303,21.109601125975107,21.280067443847656,39996170.0,yahoo
2026-03-23,00878.TW,20.8349574159365,20.96754293055388,20.711842553269246,20.910720825195312,81005688.0,yahoo
2026-03-24,00878.TW,21.062247643712933,21.1190697490715,20.797074808136017,20.910720825195312,39894033.0,yahoo
2026-03-25,00878.TW,21.194833573149047,21.327420896703543,21.166423423084808,21.25165748596192,34477032.0,yahoo
2026-03-26,00878.TW,21.28953828816163,21.43159445750941,21.213774877420004,21.25165748596192,33445522.0,yahoo
2026-03-27,00878.TW,21.1190696805228,21.213774393374457,21.005425470174536,21.20430374145508,29091825.0,yahoo
2026-03-30,00878.TW,20.948603342338824,20.97701349172408,20.84442797768048,20.939132690429688,53039219.0,yahoo
2026-03-31,00878.TW,20.787605168679423,20.863368575044937,20.645547201194752,20.655017852783203,71567200.0,yahoo
2026-04-01,00878.TW,20.977013884488056,21.15695266144643,20.9391330824844,21.119070053100582,43482317.0,yahoo
2026-04-02,00878.TW,21.2421860273634,21.289537479900886,20.797074425605647,20.86336898803711,48279511.0,yahoo
2026-04-07,00878.TW,20.95807258031513,21.16642331353289,20.92966243039794,21.119070053100582,47070295.0,yahoo
2026-04-08,00878.TW,21.45053560619213,21.70623779296875,21.441064954125345,21.70623779296875,94356431.0,yahoo
2026-04-09,00878.TW,21.70623721732754,21.715707869143166,21.58312235640868,21.68729591369629,45847388.0,yahoo
2026-04-10,00878.TW,21.71570740909236,21.829351615788024,21.68729545424739,21.80094146728516,70545576.0,yahoo
2026-04-13,00878.TW,21.78200082941896,21.8482935864068,21.67782546481399,21.79147148132324,53708956.0,yahoo
2026-04-14,00878.TW,21.94299879498785,22.07558431195977,21.92405749075124,21.971410751342773,63483090.0,yahoo
2026-04-15,00878.TW,22.151348114013672,22.31234559018559,22.10399665892756,22.151348114013672,89411006.0,yahoo
2026-04-16,00878.TW,22.46387129641621,22.60592926729114,22.45440064460174,22.539634704589844,98757474.0,yahoo
2026-04-17,00878.TW,22.5585755636498,22.79533643531924,22.5585755636498,22.785865783691406,153036123.0,yahoo
2026-04-20,00878.TW,23.126802074292705,23.27832888802965,23.08891946768741,23.2120361328125,131212324.0,yahoo
2026-04-21,00878.TW,23.27832985879241,23.4298566788484,23.212037100810697,23.41091537475586,93512552.0,yahoo
2026-04-22,00878.TW,23.45826772737971,23.79920215614373,23.44879707569985,23.77079200744629,108858976.0,yahoo
2026-04-23,00878.TW,23.85602727811341,23.94126134121985,23.107862014477384,23.354093551635746,122523122.0,yahoo
2026-04-24,00878.TW,23.59085427062324,23.69502963731852,23.382505343574884,23.676088333129883,82297581.0,yahoo
2026-04-27,00878.TW,23.742381091447896,23.83708580604885,23.600324922717554,23.676088333129883,118193362.0,yahoo
2026-04-28,00878.TW,23.695030223594667,24.08331793735786,23.695030223594667,23.96020126342773,104894912.0,yahoo
2026-04-29,00878.TW,23.950732417441326,23.97914256808502,23.8276157435112,23.96020126342773,57195756.0,yahoo
2026-04-30,00878.TW,24.11172771070315,24.32007844598857,23.969671540680856,24.045434951782227,73949364.0,yahoo
2026-05-04,00878.TW,24.50001718194252,24.82201032380432,24.50001718194252,24.76518821716309,92610548.0,yahoo
2026-05-05,00878.TW,24.878833701614752,25.210299294852444,24.85989239769439,25.17241668701172,81020375.0,yahoo
2026-05-06,00878.TW,25.7690539464428,25.95846337764184,25.513353562568955,25.882699966430664,119377212.0,yahoo
2026-05-07,00878.TW,26.10999032948323,26.422514628071195,25.986875463033154,26.41304397583008,82746604.0,yahoo
2026-05-08,00878.TW,26.39410351888481,26.640333242840303,26.08157923164977,26.34675025939941,113140266.0,yahoo
2026-05-11,00878.TW,26.37516160405305,26.79186124616009,26.252044938585424,26.782390594482425,95554678.0,yahoo
2026-05-12,00878.TW,26.801330644819245,26.867625207931628,26.47933570649912,26.64033317565918,98086278.0,yahoo
2026-05-13,00878.TW,26.337280382181955,26.555101769537465,26.21416551658293,26.469867706298828,102003193.0,yahoo
2026-05-14,00878.TW,26.678216551433373,26.80133141664612,26.517219077636888,26.6308650970459,62368813.0,yahoo
2026-05-15,00878.TW,26.886565071851702,27.04756254320648,26.28992844644412,26.422513961791992,126939618.0,yahoo
2026-05-18,00878.TW,26.214164172530342,26.51721780124411,25.82587648494807,26.32780838012696,129712662.0,yahoo
2026-05-19,00878.TW,26.434517948715776,26.86135105018332,26.191999435424805,26.191999435424805,84521541.0,yahoo
2026-05-20,00878.TW,26.23080274513468,26.3763134800568,26.09499112230724,26.12409400939941,48884647.0,yahoo
2026-05-21,00878.TW,26.59943014775792,26.929255468101648,26.59943014775792,26.88075065612793,64012117.0,yahoo
2026-05-22,00878.TW,27.074766811357115,27.45309510189926,26.977759035501084,27.42399406433105,94523901.0,yahoo
2026-05-25,00878.TW,27.996337268887007,28.617184059792923,27.96723438171228,28.59778213500977,140451987.0,yahoo
2026-05-26,00878.TW,28.801499783565944,28.93730956187947,28.597783265826195,28.73359489440918,83155347.0,yahoo
2026-05-27,00878.TW,29.373842675692043,29.87827977163358,29.373842675692043,29.635761260986328,109005585.0,yahoo
2026-05-28,00878.TW,29.63576244730066,29.86858185507881,28.947010737621166,29.10222244262696,88911943.0,yahoo
2026-05-29,00878.TW,29.66486391671688,29.87827953832298,29.441747332728315,29.8394775390625,70511148.0,yahoo
2026-06-01,00878.TW,30.363317445534427,31.09087299311372,30.363317445534427,31.03266906738281,101712555.0,yahoo
2026-06-02,00878.TW,31.139375833009595,31.52740693706595,30.858055317865112,31.51770782470703,110549618.0,yahoo
2026-06-03,00878.TW,31.70202189089592,32.40047642721938,31.57591122171773,32.303466796875,101706277.0,yahoo
2026-06-04,00878.TW,31.963941085970543,31.97364019835434,31.56621086853524,31.7020206451416,76212429.0,yahoo
2026-06-05,00878.TW,31.38189377695433,31.469200588751622,30.68344113284537,31.352792739868164,101096406.0,yahoo
2026-06-08,00878.TW,29.12162379329768,30.237208594849985,29.12162379329768,30.179004669189453,139071470.0,yahoo
2026-06-09,00878.TW,30.43122374744942,31.42069787175144,30.43122374744942,31.343093872070312,69990233.0,yahoo
2026-06-10,00878.TW,30.916261184949374,31.139375924982733,30.557332967717944,30.654340744018555,59300274.0,yahoo
2026-06-11,00878.TW,30.58643585568896,30.77074859536373,30.12079889949991,30.654340744018555,57553731.0,yahoo
2026-06-12,00878.TW,31.4498000939547,31.48860394552664,31.09087371826172,31.09087371826172,51343810.0,yahoo
2026-06-15,00878.TW,31.779624105632987,32.0221426170331,31.58561225694395,31.63411521911621,50653822.0,yahoo
2026-06-16,00878.TW,31.79902590458299,31.99304145304191,31.67291894354267,31.92513656616211,48579522.0,yahoo
2026-06-17,00878.TW,31.6923178141894,32.27436447143555,31.663216776515693,32.27436447143555,43250725.0,yahoo
2026-06-18,00878.TW,32.44897788681829,32.70119551293531,32.44897788681829,32.662391662597656,36465735.0,yahoo
2026-06-22,00878.TW,32.96311676519574,33.273540174478214,32.96311676519574,33.09892654418945,47254525.0,yahoo
2026-06-23,00878.TW,33.37054871639547,33.583962490493015,32.96311569213867,32.96311569213867,47430186.0,yahoo
2026-06-24,00878.TW,32.59448511490882,32.856405540541424,32.371368537637785,32.65269088745117,43622662.0,yahoo
2026-06-25,00878.TW,32.91461148175273,32.982516366464125,32.48778024920418,32.73999786376953,31682621.0,yahoo
2026-06-26,00878.TW,32.42957555847119,32.42957555847119,31.702020026110407,31.731121063232425,66017934.0,yahoo
2026-06-29,00878.TW,31.96394066071569,32.20645917301165,31.740824073468065,31.91543769836425,37465006.0,yahoo
2026-06-30,00878.TW,32.14825503225786,32.575090003943544,32.060948215371155,32.49748229980469,28655356.0,yahoo
2026-07-01,00878.TW,32.77880435313844,32.81760820482506,32.23556153114254,32.32286834716797,26494994.0,yahoo
2026-07-02,00878.TW,31.95423734979948,32.24526252044901,31.91543720084648,32.225860595703125,26777655.0,yahoo
2026-07-03,00878.TW,31.99304099226665,32.381072083595924,31.8960350697037,32.33256912231445,21657183.0,yahoo
2026-07-06,00878.TW,32.526581674203214,32.77880299920933,32.361670862155144,32.4877815246582,33511552.0,yahoo
2026-07-07,00878.TW,32.48778208252507,32.594487121279684,31.925137348264407,31.98334312438965,33071941.0,yahoo
2026-07-08,00878.TW,32.19675623265502,32.225860970381625,31.740823947711405,32.20645904541016,28435437.0,yahoo
2026-07-09,00878.TW,32.29376790126037,32.390773831718015,32.00274640934837,32.19675827026367,23106602.0,yahoo
2026-07-10,00878.TW,32.19675827026367,32.19675827026367,32.19675827026367,32.19675827026367,0.0,yahoo
2026-07-13,00878.TW,32.38107212665336,32.58478678462968,32.01244295945425,32.138553619384766,28498628.0,yahoo
2026-07-14,00878.TW,32.04154432952459,32.04154432952459,31.11997695274665,31.74082374572754,58532990.0,yahoo
2026-07-15,00878.TW,32.01244514864914,32.23556174652959,31.8669325541215,32.21615982055664,25192538.0,yahoo
2026-07-16,00878.TW,31.89603668475651,32.06094750157151,31.68261920366516,31.96394157409668,25650239.0,yahoo
2026-07-17,00878.TW,31.1975814034258,31.42069799160097,30.82895407732202,30.858055114746094,73222438.0,yahoo
2026-07-20,00878.TW,31.01326603998985,31.01326603998985,30.16930267093909,30.42152214050293,60387831.0,yahoo
2026-07-21,00878.TW,30.557333711034,31.139376682457154,30.557333711034,31.09087371826172,20389447.0,yahoo
2026-07-22,00878.TW,31.59531115963693,31.99304136767398,31.59531115963693,31.74082374572754,24815053.0,yahoo
2026-07-23,00878.TW,32.01244304614944,32.09974985702413,31.48860218090133,31.75052261352539,16771084.0,yahoo
2026-07-24,00878.TW,31.566210331967284,31.85723180553965,31.44979878210729,31.63411521911621,17461139.0,yahoo
2026-07-27,00878.TW,31.51770849177422,31.62441353213619,31.16848123083993,31.575910568237305,28944027.0,yahoo
2026-07-28,00878.TW,30.877457359417303,31.042370024181547,30.55733299255371,30.55733299255371,64901227.0,yahoo
2026-07-29,00878.TW,30.867756416361665,31.06177196924383,29.4999521343238,29.98498916625977,90151760.0,yahoo
2026-07-30,00878.TW,29.558155366310203,30.237207935190032,29.393242705311923,29.829776763916016,46756706.0,yahoo
2026-07-31,00878.TW,31.129675946396627,31.49830511602777,31.042369135182376,31.45950126647949,52041402.0,yahoo
2026-08-03,00878.TW,31.31398975050452,31.779624859371854,31.149078935099777,31.59531211853028,66782865.0,yahoo
2026-08-04,00878.TW,31.54680915520764,31.89603641199286,31.35279360137819,31.59531211853028,56065734.0,yahoo
2026-08-05,00878.TW,32.37136893722339,32.4489766349045,32.099749396416904,32.157955169677734,42634623.0,yahoo
2026-08-06,00878.TW,32.12885260667007,32.15795734553912,31.82813200915526,31.85723304748535,66957147.0,yahoo
2026-08-07,00878.TW,31.93483575845413,32.06094642034961,31.67291902299716,31.8281307220459,46786677.0,yahoo
2026-08-10,00878.TW,32.051247300429544,32.400474548339844,31.896035601418163,32.400474548339844,35956469.0,yahoo
2026-08-11,00878.TW,32.332570198043115,32.48778189963109,32.22586145935035,32.468379974365234,35229659.0,yahoo
2026-08-12,00878.TW,32.575089627529216,32.77880429773121,32.410175108409284,32.516883850097656,43771031.0,yahoo
2026-08-13,00878.TW,32.8855117394704,32.93401470180992,32.68179337678233,32.769100189208984,45862496.0,yahoo
2026-08-14,00878.TW,33.06982464153234,33.16683056669525,32.78850227780554,32.856407165527344,78431418.0,yahoo
2026-08-17,00878.TW,32.86610852132155,32.88551044560176,32.54598232150612,32.73999786376953,164530423.0,yahoo
2026-08-18,00878.TW,32.7599983215332,32.7599983215332,32.29999923706055,32.380001068115234,83103933.0,yahoo
2026-08-19,00878.TW,32.029998779296875,32.380001068115234,31.920000076293945,32.29999923706055,38089942.0,yahoo
2026-08-20,00878.TW,32.45000076293945,32.45000076293945,31.93000030517578,32.150001525878906,38716547.0,yahoo
2026-08-21,00878.TW,32.11000061035156,32.38999938964844,31.989999771118164,32.380001068115234,16558386.0,yahoo
2026-08-24,00878.TW,32.47999954223633,32.58000183105469,32.380001068115234,32.43000030517578,19460406.0,yahoo
2026-08-25,00878.TW,32.40999984741211,32.63999938964844,32.290000915527344,32.63999938964844,23667450.0,yahoo
2026-08-26,00878.TW,32.70000076293945,32.849998474121094,32.599998474121094,32.81999969482422,26055031.0,yahoo
2026-08-27,00878.TW,32.900001525878906,33.02000045776367,32.709999084472656,32.709999084472656,25519132.0,yahoo
2026-08-28,00878.TW,32.81999969482422,33.060001373291016,32.81999969482422,33.0,33832518.0,yahoo
2026-08-31,00878.TW,32.779998779296875,33.189998626708984,32.709999084472656,33.18000030517578,35919114.0,yahoo
2026-09-01,00878.TW,33.439998626708984,33.810001373291016,33.439998626708984,33.7599983215332,73839992.0,yahoo
2026-09-02,00878.TW,33.66999816894531,33.849998474121094,33.599998474121094,33.650001525878906,33218180.0,yahoo
2026-09-03,00878.TW,33.779998779296875,33.97999954223633,33.560001373291016,33.58000183105469,47955685.0,yahoo
2026-09-04,00878.TW,33.900001525878906,34.130001068115234,33.810001373291016,34.11000061035156,57200950.0,yahoo
2026-09-07,00878.TW,34.31999969482422,34.470001220703125,34.11000061035156,34.38999938964844,44982622.0,yahoo
2026-09-08,00878.TW,34.349998474121094,34.349998474121094,34.040000915527344,34.06999969482422,33669658.0,yahoo
2026-09-09,00878.TW,34.13999938964844,34.279998779296875,34.06999969482422,34.130001068115234,23048475.0,yahoo
2026-09-10,00878.TW,34.130001068115234,34.15999984741211,34.029998779296875,34.150001525878906,23723665.0,yahoo
2026-09-11,00878.TW,33.70000076293945,34.119998931884766,33.599998474121094,34.0,33969400.0,yahoo
2026-09-14,00878.TW,33.86000061035156,34.34000015258789,33.65999984741211,34.22999954223633,34784224.0,yahoo
2026-09-15,00878.TW,34.22999954223633,34.25,34.04999923706055,34.20000076293945,36764689.0,yahoo
2026-09-16,00878.TW,34.2400016784668,34.5,34.220001220703125,34.470001220703125,23952962.0,yahoo
2026-09-17,00878.TW,34.599998474121094,34.90999984741211,34.599998474121094,34.72999954223633,26164813.0,yahoo
2026-09-18,00878.TW,35.04999923706055,35.060001373291016,34.68000030517578,34.83000183105469,26163595.0,yahoo
2026-09-21,00878.TW,34.91999816894531,35.20000076293945,34.86000061035156,35.11000061035156,27259779.0,yahoo
2026-09-22,00878.TW,35.43000030517578,35.540000915527344,35.18000030517578,35.209999084472656,23848169.0,yahoo
2026-09-23,00878.TW,35.29999923706055,35.36000061035156,35.08000183105469,35.09000015258789,25008733.0,yahoo
2026-09-24,00878.TW,34.970001220703125,34.97999954223633,34.7599983215332,34.880001068115234,33945667.0,yahoo
2026-09-29,00878.TW,34.880001068115234,35.150001525878906,34.83000183105469,34.83000183105469,29836384.0,yahoo
2026-09-30,00878.TW,35.06999969482422,35.13999938964844,34.900001525878906,34.900001525878906,23698834.0,yahoo
2026-10-01,00878.TW,34.869998931884766,34.90999984741211,34.68000030517578,34.88999938964844,34418518.0,yahoo
2022-08-29,^TWII,15197.1904296875,15197.1904296875,14843.7197265625,14926.1904296875,2973800.0,yahoo
2022-08-30,^TWII,14919.669921875,15027.5,14911.9697265625,14953.6298828125,2729600.0,yahoo
2022-08-31,^TWII,14912.1201171875,15095.4404296875,14874.330078125,15095.4404296875,3006200.0,yahoo
2022-09-01,^TWII,14981.0,14981.0,14773.1904296875,14801.8603515625,3009700.0,yahoo
2022-09-02,^TWII,14790.2802734375,14817.400390625,14673.0400390625,14673.0400390625,3003400.0,yahoo
2022-09-05,^TWII,14670.1796875,14753.0302734375,14632.7900390625,14661.099609375,2643200.0,yahoo
2022-09-06,^TWII,14705.16015625,14789.3095703125,14623.2197265625,14677.2001953125,2642400.0,yahoo
2022-09-07,^TWII,14557.8603515625,14557.8603515625,14397.1201171875,14410.0498046875,2439500.0,yahoo
2022-09-08,^TWII,14447.08984375,14583.419921875,14447.08984375,14583.419921875,2349200.0,yahoo
2022-09-12,^TWII,14711.33984375,14856.23046875,14711.33984375,14807.4296875,2620300.0,yahoo
2022-09-13,^TWII,14895.8701171875,14949.5595703125,14856.98046875,14894.41015625,2535400.0,yahoo
2022-09-14,^TWII,14695.1904296875,14699.7802734375,14522.7001953125,14658.3095703125,2515900.0,yahoo
2022-09-15,^TWII,14647.0,14750.2802734375,14624.5498046875,14670.0400390625,2703700.0,yahoo
2022-09-16,^TWII,14602.16015625,14602.16015625,14521.650390625,14561.759765625,3637300.0,yahoo
2022-09-19,^TWII,14567.26953125,14585.0595703125,14424.330078125,14425.6796875,2314800.0,yahoo
2022-09-20,^TWII,14474.9501953125,14558.7197265625,14461.3896484375,14549.2998046875,2436500.0,yahoo
2022-09-21,^TWII,14517.33984375,14525.4599609375,14384.1103515625,14424.51953125,2716200.0,yahoo
2022-09-22,^TWII,14325.669921875,14325.669921875,14151.7998046875,14284.6298828125,3106100.0,yahoo
2022-09-23,^TWII,14231.0302734375,14277.5302734375,14109.7099609375,14118.3798828125,2584800.0,yahoo
2022-09-26,^TWII,13993.419921875,13993.419921875,13743.1904296875,13778.1904296875,3149000.0,yahoo
2022-09-27,^TWII,13812.990234375,13862.83984375,13732.3203125,13826.58984375,2722800.0,yahoo
2022-09-28,^TWII,13816.7001953125,13854.08984375,13466.0703125,13466.0703125,3481100.0,yahoo
2022-09-29,^TWII,13550.7001953125,13651.2900390625,13462.5703125,13534.259765625,2992600.0,yahoo
2022-09-30,^TWII,13409.650390625,13466.8203125,13274.7197265625,13424.580078125,2822000.0,yahoo
2022-10-03,^TWII,13359.259765625,13440.23046875,13273.48046875,13300.48046875,2183300.0,yahoo
2022-10-04,^TWII,13447.3603515625,13586.9599609375,13447.3603515625,13576.51953125,2392400.0,yahoo
2022-10-05,^TWII,13727.2998046875,13902.01953125,13727.2998046875,13801.4296875,2785100.0,yahoo
2022-10-06,^TWII,13865.4501953125,13899.23046875,13814.330078125,13892.0498046875,2151900.0,yahoo
2022-10-07,^TWII,13847.51953125,13847.51953125,13684.2099609375,13702.2802734375,1873700.0,yahoo
2022-10-11,^TWII,13394.1201171875,13394.1201171875,13106.0302734375,13106.0302734375,2847100.0,yahoo
2022-10-12,^TWII,13076.91015625,13130.73046875,12991.58984375,13081.240234375,2438200.0,yahoo
2022-10-13,^TWII,13108.400390625,13111.3896484375,12809.4296875,12810.73046875,3440400.0,yahoo
2022-10-14,^TWII,13023.7099609375,13221.8701171875,13023.7099609375,13128.1201171875,2967500.0,yahoo
2022-10-17,^TWII,12988.830078125,12988.830078125,12814.8203125,12966.0498046875,3036700.0,yahoo
2022-10-18,^TWII,13075.0498046875,13143.150390625,12978.1298828125,13124.6796875,2610300.0,yahoo
2022-10-19,^TWII,13096.349609375,13155.6201171875,12976.759765625,12976.759765625,2470600.0,yahoo
2022-10-20,^TWII,12912.9296875,12946.099609375,12698.91015625,12946.099609375,3533700.0,yahoo
2022-10-21,^TWII,12931.2001953125,12954.01953125,12813.599609375,12819.2001953125,2220400.0,yahoo
2022-10-24,^TWII,12913.580078125,13027.83984375,12856.76953125,12856.98046875,2281500.0,yahoo
2022-10-25,^TWII,12830.2900390625,12843.3095703125,12629.48046875,12666.1201171875,2289400.0,yahoo
2022-10-26,^TWII,12666.419921875,12791.9697265625,12635.51953125,12729.0498046875,2218400.0,yahoo
2022-10-27,^TWII,12807.6904296875,12954.3203125,12807.6904296875,12926.3701171875,2373300.0,yahoo
2022-10-28,^TWII,12874.830078125,12891.3798828125,12723.98046875,12788.419921875,2112200.0,yahoo
2022-10-31,^TWII,12862.3701171875,12977.6103515625,12826.33984375,12949.75,2003500.0,yahoo
2022-11-01,^TWII,12933.1201171875,13062.900390625,12907.6103515625,13037.2099609375,2030700.0,yahoo
2022-11-02,^TWII,13033.150390625,13100.169921875,13014.0400390625,13100.169921875,2032900.0,yahoo
2022-11-03,^TWII,12985.5498046875,12991.3701171875,12905.349609375,12986.599609375,2009100.0,yahoo
2022-11-04,^TWII,12941.7802734375,13029.9404296875,12868.25,13026.7099609375,2354400.0,yahoo
2022-11-07,^TWII,13109.349609375,13246.58984375,13103.349609375,13223.73046875,2750000.0,yahoo
2022-11-08,^TWII,13274.91015625,13389.25,13274.91015625,13347.759765625,3009500.0,yahoo
2022-11-09,^TWII,13410.1904296875,13638.8095703125,13410.1904296875,13638.8095703125,2981300.0,yahoo
2022-11-10,^TWII,13556.509765625,13559.400390625,13463.849609375,13503.759765625,2335900.0,yahoo
2022-11-11,^TWII,13878.9501953125,14045.509765625,13878.9501953125,14007.5595703125,3988800.0,yahoo
2022-11-14,^TWII,14080.91015625,14217.2998046875,14076.9404296875,14174.900390625,3396800.0,yahoo
2022-11-15,^TWII,14325.490234375,14568.509765625,14278.5302734375,14546.3095703125,3441500.0,yahoo
2022-11-16,^TWII,14637.849609375,14657.66015625,14481.0595703125,14537.349609375,3356100.0,yahoo
2022-11-17,^TWII,14489.41015625,14545.8896484375,14383.5498046875,14535.23046875,2707100.0,yahoo
2022-11-18,^TWII,14584.3095703125,14669.98046875,14470.48046875,14504.990234375,2787500.0,yahoo
2022-11-21,^TWII,14514.7099609375,14530.759765625,14421.650390625,14449.3896484375,2186300.0,yahoo
2022-11-22,^TWII,14404.080078125,14542.7900390625,14371.08984375,14542.2001953125,2281400.0,yahoo
2022-11-23,^TWII,14595.5,14647.98046875,14573.41015625,14608.5400390625,2345700.0,yahoo
2022-11-24,^TWII,14649.7998046875,14784.0,14649.7998046875,14784.0,2615600.0,yahoo
2022-11-25,^TWII,14764.9404296875,14835.66015625,14756.009765625,14778.509765625,2808900.0,yahoo
2022-11-28,^TWII,14636.900390625,14638.1904296875,14503.1201171875,14556.8701171875,2567800.0,yahoo
2022-11-29,^TWII,14503.7900390625,14716.580078125,14449.0498046875,14709.6396484375,3143000.0,yahoo
2022-11-30,^TWII,14678.23046875,14879.5498046875,14678.23046875,14879.5498046875,4457700.0,yahoo
2022-12-01,^TWII,15059.919921875,15152.3798828125,14998.0302734375,15012.7998046875,3771700.0,yahoo
2022-12-02,^TWII,14933.2001953125,15021.73046875,14921.0595703125,14970.6796875,2999500.0,yahoo
2022-12-05,^TWII,14972.169921875,15088.0595703125,14969.9697265625,14980.740234375,3216700.0,yahoo
2022-12-06,^TWII,14955.2900390625,14957.8203125,14728.8798828125,14728.8798828125,3221700.0,yahoo
2022-12-07,^TWII,14708.080078125,14823.150390625,14630.009765625,14630.009765625,3266900.0,yahoo
2022-12-08,^TWII,14631.2099609375,14634.16015625,14464.2001953125,14553.0400390625,2428500.0,yahoo
2022-12-09,^TWII,14620.26953125,14742.7900390625,14620.26953125,14705.4296875,2543200.0,yahoo
2022-12-12,^TWII,14658.4599609375,14658.4599609375,14538.66015625,14612.58984375,2221600.0,yahoo
2022-12-13,^TWII,14617.8603515625,14658.7001953125,14515.740234375,14522.9599609375,2730600.0,yahoo
2022-12-14,^TWII,14557.5595703125,14739.3603515625,14557.5595703125,14739.3603515625,2640200.0,yahoo
2022-12-15,^TWII,14692.919921875,14756.3798828125,14649.5400390625,14734.1298828125,2570800.0,yahoo
2022-12-16,^TWII,14554.2099609375,14568.3095703125,14447.76953125,14528.5498046875,4451200.0,yahoo
2022-12-19,^TWII,14478.4501953125,14493.7197265625,14411.8095703125,14433.3203125,3207500.0,yahoo
2022-12-20,^TWII,14410.75,14451.91015625,14157.990234375,14170.0302734375,3679200.0,yahoo
2022-12-21,^TWII,14205.0595703125,14291.98046875,14197.8603515625,14234.400390625,3230800.0,yahoo
2022-12-22,^TWII,14323.0400390625,14442.9404296875,14323.0400390625,14442.9404296875,3258800.0,yahoo
2022-12-23,^TWII,14318.1201171875,14318.1201171875,14192.98046875,14271.6298828125,1979800.0,yahoo
2022-12-26,^TWII,14271.2001953125,14301.1103515625,14253.2001953125,14285.1298828125,1574600.0,yahoo
2022-12-27,^TWII,14310.1904296875,14410.240234375,14310.1904296875,14328.4296875,1821100.0,yahoo
2022-12-28,^TWII,14249.830078125,14249.830078125,14119.2998046875,14173.099609375,1958900.0,yahoo
2022-12-29,^TWII,14097.509765625,14120.5703125,13981.6298828125,14085.01953125,1839200.0,yahoo
2022-12-30,^TWII,14183.51953125,14248.900390625,14137.6904296875,14137.6904296875,1748100.0,yahoo
2023-01-03,^TWII,14108.16015625,14237.9404296875,14001.9697265625,14224.1201171875,1816400.0,yahoo
2023-01-04,^TWII,14186.9501953125,14257.4501953125,14177.9697265625,14199.1298828125,2073800.0,yahoo
2023-01-05,^TWII,14285.1201171875,14357.599609375,14270.9296875,14301.0498046875,2086500.0,yahoo
2023-01-06,^TWII,14278.51953125,14384.919921875,14278.51953125,14373.33984375,1741200.0,yahoo
2023-01-09,^TWII,14504.4697265625,14752.2099609375,14504.4697265625,14752.2099609375,2581100.0,yahoo
2023-01-10,^TWII,14796.26953125,14816.1298828125,14728.5595703125,14802.9599609375,2069800.0,yahoo
2023-01-11,^TWII,14822.8603515625,14842.740234375,14734.4404296875,14751.4404296875,1986800.0,yahoo
2023-01-12,^TWII,14780.580078125,14813.3095703125,14700.73046875,14731.6396484375,1812900.0,yahoo
2023-01-13,^TWII,14923.0498046875,14962.3095703125,14822.150390625,14824.1298828125,1786500.0,yahoo
2023-01-16,^TWII,14895.259765625,14960.919921875,14895.259765625,14927.009765625,1611600.0,yahoo
2023-01-17,^TWII,14922.33984375,14945.23046875,14884.7802734375,14932.9296875,1772600.0,yahoo
2023-01-30,^TWII,15291.5302734375,15493.8203125,15291.5302734375,15493.8203125,3697500.0,yahoo
2023-01-31,^TWII,15419.2099609375,15441.98046875,15265.2001953125,15265.2001953125,3357200.0,yahoo
2023-02-01,^TWII,15346.349609375,15420.1298828125,15291.6796875,15420.1298828125,3009800.0,yahoo
2023-02-02,^TWII,15508.830078125,15602.08984375,15496.51953125,15595.16015625,3248500.0,yahoo
2023-02-03,^TWII,15591.9501953125,15617.73046875,15504.0302734375,15602.66015625,2647300.0,yahoo
2023-02-06,^TWII,15514.7998046875,15514.7998046875,15392.8203125,15392.8203125,2320600.0,yahoo
2023-02-07,^TWII,15376.1201171875,15462.099609375,15363.650390625,15400.91015625,2251800.0,yahoo
2023-02-08,^TWII,15538.7099609375,15631.2197265625,15520.0498046875,15618.169921875,2514500.0,yahoo
2023-02-09,^TWII,15590.0,15617.33984375,15553.83984375,15598.7099609375,2236100.0,yahoo
2023-02-10,^TWII,15627.330078125,15628.2998046875,15546.1103515625,15586.650390625,2483000.0,yahoo
2023-02-13,^TWII,15564.759765625,15569.990234375,15465.5595703125,15544.2802734375,2184300.0,yahoo
2023-02-14,^TWII,15584.740234375,15669.6298828125,15584.740234375,15654.48046875,2077800.0,yahoo
2023-02-15,^TWII,15497.669921875,15553.6796875,15388.849609375,15432.8896484375,2438100.0,yahoo
2023-02-16,^TWII,15474.4599609375,15585.48046875,15474.4599609375,15550.5,2883000.0,yahoo
2023-02-17,^TWII,15503.75,15503.75,15418.4296875,15479.7001953125,2528300.0,yahoo
2023-02-20,^TWII,15452.009765625,15575.3203125,15436.66015625,15551.23046875,2994900.0,yahoo
2023-02-21,^TWII,15535.6396484375,15567.740234375,15496.73046875,15563.0,2997300.0,yahoo
2023-02-22,^TWII,15541.169921875,15541.169921875,15345.9296875,15418.76953125,2881300.0,yahoo
2023-02-23,^TWII,15463.4599609375,15657.6298828125,15463.4599609375,15615.41015625,3012200.0,yahoo
2023-02-24,^TWII,15669.8798828125,15717.9599609375,15503.7900390625,15503.7900390625,2717600.0,yahoo
2023-03-01,^TWII,15435.3798828125,15617.0302734375,15387.3798828125,15598.490234375,3062600.0,yahoo
2023-03-02,^TWII,15580.2802734375,15618.0595703125,15492.3701171875,15598.7197265625,2664900.0,yahoo
2023-03-03,^TWII,15621.3603515625,15713.419921875,15606.849609375,15608.419921875,3025100.0,yahoo
2023-03-06,^TWII,15675.2802734375,15818.8798828125,15675.2802734375,15763.509765625,3095600.0,yahoo
2023-03-07,^TWII,15763.8701171875,15879.16015625,15749.0400390625,15857.8896484375,2944000.0,yahoo
2023-03-08,^TWII,15819.1796875,15821.490234375,15740.98046875,15818.2001953125,3091600.0,yahoo
2023-03-09,^TWII,15827.98046875,15878.75,15770.66015625,15770.66015625,3556200.0,yahoo
2023-03-10,^TWII,15729.2900390625,15729.2900390625,15488.7099609375,15526.2001953125,3932200.0,yahoo
2023-03-13,^TWII,15514.0302734375,15571.169921875,15349.669921875,15560.490234375,3141600.0,yahoo
2023-03-14,^TWII,15517.740234375,15517.740234375,15348.1201171875,15360.419921875,3097800.0,yahoo
2023-03-15,^TWII,15425.990234375,15526.73046875,15387.58984375,15387.58984375,2998000.0,yahoo
2023-03-16,^TWII,15334.25,15334.25,15186.740234375,15221.1201171875,3443900.0,yahoo
2023-03-17,^TWII,15337.9697265625,15452.9599609375,15337.9697265625,15452.9599609375,3434700.0,yahoo
2023-03-20,^TWII,15454.75,15488.98046875,15399.0703125,15419.9697265625,2433600.0,yahoo
2023-03-21,^TWII,15437.9501953125,15547.9697265625,15437.9501953125,15513.4501953125,2773500.0,yahoo
2023-03-22,^TWII,15535.169921875,15760.4599609375,15535.169921875,15760.4599609375,2773200.0,yahoo
2023-03-23,^TWII,15711.599609375,15882.75,15680.83984375,15863.9501953125,2652800.0,yahoo
2023-03-24,^TWII,15869.83984375,15921.9697265625,15845.990234375,15914.7001953125,2914300.0,yahoo
2023-03-27,^TWII,15873.669921875,15902.0595703125,15821.6298828125,15830.3095703125,2706800.0,yahoo
2023-03-28,^TWII,15790.7001953125,15846.5400390625,15685.58984375,15701.48046875,2545400.0,yahoo
2023-03-29,^TWII,15766.2900390625,15811.2001953125,15681.099609375,15769.759765625,2376300.0,yahoo
2023-03-30,^TWII,15824.650390625,15885.2099609375,15791.75,15849.4296875,2266900.0,yahoo
2023-03-31,^TWII,15874.1904296875,15951.7998046875,15857.1904296875,15868.0595703125,2440300.0,yahoo
2023-04-06,^TWII,15838.0703125,15838.0703125,15733.2900390625,15810.76953125,2513500.0,yahoo
2023-04-07,^TWII,15856.1904296875,15877.990234375,15811.1904296875,15836.5,2199900.0,yahoo
2023-04-10,^TWII,15850.9404296875,15919.759765625,15850.9404296875,15876.169921875,2220400.0,yahoo
2023-04-11,^TWII,15886.4599609375,15945.6298828125,15838.099609375,15913.8798828125,2744200.0,yahoo
2023-04-12,^TWII,15914.150390625,15944.3203125,15867.01953125,15932.9697265625,3138100.0,yahoo
2023-04-13,^TWII,15888.6298828125,15913.2001953125,15800.419921875,15804.759765625,3825100.0,yahoo
2023-04-14,^TWII,15854.25,15973.8203125,15854.25,15929.4296875,3492400.0,yahoo
2023-04-17,^TWII,15934.6396484375,15963.5498046875,15894.76953125,15963.5498046875,3396900.0,yahoo
2023-04-18,^TWII,15967.8896484375,15967.8896484375,15851.7099609375,15869.4404296875,3344600.0,yahoo
2023-04-19,^TWII,15874.650390625,15915.3896484375,15756.75,15770.4697265625,3554800.0,yahoo
2023-04-20,^TWII,15771.4501953125,15804.3798828125,15686.5400390625,15707.51953125,3170900.0,yahoo
2023-04-21,^TWII,15776.5400390625,15802.9296875,15592.9599609375,15602.990234375,3512500.0,yahoo
2023-04-24,^TWII,15555.099609375,15643.8603515625,15529.3896484375,15626.8701171875,2474500.0,yahoo
2023-04-25,^TWII,15606.830078125,15639.490234375,15353.2197265625,15370.73046875,3449300.0,yahoo
2023-04-26,^TWII,15352.0302734375,15398.400390625,15284.4599609375,15374.6298828125,2745800.0,yahoo
2023-04-27,^TWII,15374.3896484375,15455.8798828125,15306.6904296875,15411.490234375,2616700.0,yahoo
2023-04-28,^TWII,15477.33984375,15580.6298828125,15477.33984375,15579.1796875,2999300.0,yahoo
2023-05-02,^TWII,15588.6796875,15651.23046875,15532.6298828125,15636.48046875,2915700.0,yahoo
2023-05-03,^TWII,15629.509765625,15629.509765625,15530.7900390625,15553.41015625,2511600.0,yahoo
2023-05-04,^TWII,15548.01953125,15622.41015625,15523.5,15609.0302734375,2461600.0,yahoo
2023-05-05,^TWII,15627.9296875,15673.6201171875,15578.669921875,15626.0703125,2294100.0,yahoo
2023-05-08,^TWII,15648.5400390625,15757.7998046875,15648.5400390625,15699.5703125,2829600.0,yahoo
2023-05-09,^TWII,15702.259765625,15744.26953125,15635.900390625,15727.7001953125,2864700.0,yahoo
2023-05-10,^TWII,15708.48046875,15711.3896484375,15579.490234375,15641.759765625,2366700.0,yahoo
2023-05-11,^TWII,15666.490234375,15675.3701171875,15501.580078125,15514.6396484375,2769100.0,yahoo
2023-05-12,^TWII,15477.1201171875,15545.990234375,15424.419921875,15502.3603515625,2711900.0,yahoo
2023-05-15,^TWII,15489.1796875,15510.08984375,15434.51953125,15475.0498046875,2444700.0,yahoo
2023-05-16,^TWII,15550.5703125,15723.9501953125,15550.5703125,15673.900390625,2617800.0,yahoo
2023-05-17,^TWII,15702.740234375,15961.9697265625,15698.6298828125,15925.2900390625,3099200.0,yahoo
2023-05-18,^TWII,16060.259765625,16128.7197265625,16015.6201171875,16101.8798828125,3379800.0,yahoo
2023-05-19,^TWII,16146.2900390625,16189.8095703125,16099.900390625,16174.919921875,3955600.0,yahoo
2023-05-22,^TWII,16168.740234375,16202.919921875,16131.5498046875,16180.8896484375,3311200.0,yahoo
2023-05-23,^TWII,16186.150390625,16239.5,16121.4501953125,16188.0302734375,3041900.0,yahoo
2023-05-24,^TWII,16186.6201171875,16186.6201171875,16070.16015625,16159.3203125,2938400.0,yahoo
2023-05-25,^TWII,16163.9501953125,16323.76953125,16163.9501953125,16292.0,3551900.0,yahoo
2023-05-26,^TWII,16509.140625,16537.7890625,16457.740234375,16505.05078125,3981600.0,yahoo
2023-05-29,^TWII,16610.859375,16683.759765625,16597.380859375,16636.30078125,3879200.0,yahoo
2023-05-30,^TWII,16648.76953125,16681.189453125,16579.130859375,16622.740234375,3645500.0,yahoo
2023-05-31,^TWII,16593.529296875,16636.650390625,16491.900390625,16578.9609375,5023700.0,yahoo
2023-06-01,^TWII,16511.0,16555.5,16477.4296875,16512.650390625,3888600.0,yahoo
2023-06-02,^TWII,16525.0,16752.19921875,16525.0,16706.91015625,4585600.0,yahoo
2023-06-05,^TWII,16714.48046875,16781.189453125,16703.599609375,16714.4296875,4575100.0,yahoo
2023-06-06,^TWII,16712.98046875,16793.810546875,16699.830078125,16761.66015625,3861900.0,yahoo
2023-06-07,^TWII,16771.759765625,16922.48046875,16771.759765625,16922.48046875,3721800.0,yahoo
2023-06-08,^TWII,16864.1796875,16899.509765625,16694.2109375,16733.689453125,3859300.0,yahoo
2023-06-09,^TWII,16775.919921875,16895.990234375,16775.919921875,16886.400390625,3598000.0,yahoo
2023-06-12,^TWII,16899.490234375,16999.720703125,16899.490234375,16955.369140625,3731500.0,yahoo
2023-06-13,^TWII,17135.83984375,17254.9609375,17129.23046875,17216.599609375,3764800.0,yahoo
2023-06-14,^TWII,17190.69921875,17259.23046875,17182.1796875,17238.140625,4290400.0,yahoo
2023-06-15,^TWII,17259.369140625,17346.3203125,17259.369140625,17334.98046875,4893200.0,yahoo
2023-06-16,^TWII,17342.859375,17342.859375,17250.7890625,17288.91015625,6203100.0,yahoo
2023-06-19,^TWII,17274.0703125,17306.810546875,17210.869140625,17274.560546875,4654400.0,yahoo
2023-06-20,^TWII,17233.80078125,17247.16015625,17121.58984375,17184.91015625,4185300.0,yahoo
2023-06-21,^TWII,17186.720703125,17246.76953125,17131.44921875,17202.400390625,4354900.0,yahoo
2023-06-26,^TWII,17182.48046875,17182.48046875,17011.279296875,17059.240234375,3970000.0,yahoo
2023-06-27,^TWII,17022.150390625,17035.490234375,16887.900390625,16887.900390625,4028700.0,yahoo
2023-06-28,^TWII,16906.23046875,17011.119140625,16903.7109375,16935.630859375,3256100.0,yahoo
2023-06-29,^TWII,16930.41015625,17077.439453125,16911.380859375,16942.30078125,3357100.0,yahoo
2023-06-30,^TWII,16870.26953125,16919.94921875,16792.33984375,16915.5390625,3542500.0,yahoo
2023-07-03,^TWII,16915.5390625,17103.73046875,16915.5390625,17084.19921875,3930600.0,yahoo
2023-07-04,^TWII,17084.19921875,17154.099609375,17042.599609375,17140.76953125,4436200.0,yahoo
2023-07-05,^TWII,17140.76953125,17153.169921875,17020.009765625,17056.4296875,4153400.0,yahoo
2023-07-06,^TWII,17056.4296875,17056.4296875,16749.2890625,16762.169921875,4369600.0,yahoo
2023-07-07,^TWII,16762.169921875,16762.390625,16593.83984375,16664.2109375,3783700.0,yahoo
2023-07-10,^TWII,16664.2109375,16798.810546875,16635.830078125,16652.80078125,3379500.0,yahoo
2023-07-11,^TWII,16675.689453125,16898.91015625,16675.689453125,16898.91015625,3940800.0,yahoo
2023-07-12,^TWII,16903.25,16962.029296875,16864.009765625,16962.029296875,4067700.0,yahoo
2023-07-13,^TWII,16994.58984375,17223.859375,16994.58984375,17061.400390625,4859500.0,yahoo
2023-07-14,^TWII,17152.810546875,17287.400390625,17128.0703125,17283.7109375,4457500.0,yahoo
2023-07-17,^TWII,17279.109375,17346.66015625,17235.919921875,17334.2890625,4827400.0,yahoo
2023-07-18,^TWII,17368.359375,17401.58984375,17164.919921875,17227.91015625,6165200.0,yahoo
2023-07-19,^TWII,17265.380859375,17340.8203125,17082.5390625,17116.439453125,4897100.0,yahoo
2023-07-20,^TWII,17104.91015625,17214.41015625,17098.650390625,17164.890625,3659100.0,yahoo
2023-07-21,^TWII,17106.2890625,17106.2890625,16859.130859375,17030.69921875,4256500.0,yahoo
2023-07-24,^TWII,17036.7890625,17098.73046875,16941.150390625,17033.609375,4044800.0,yahoo
2023-07-25,^TWII,17061.880859375,17270.19921875,17061.880859375,17198.890625,3822600.0,yahoo
2023-07-26,^TWII,17205.470703125,17247.01953125,17121.990234375,17162.55078125,4140400.0,yahoo
2023-07-27,^TWII,17189.30078125,17282.859375,17189.30078125,17241.8203125,4509600.0,yahoo
2023-07-28,^TWII,17244.509765625,17328.2109375,17179.939453125,17292.9296875,4184900.0,yahoo
2023-07-31,^TWII,17341.0390625,17463.759765625,17081.48046875,17145.4296875,5016000.0,yahoo
2023-08-01,^TWII,17141.970703125,17252.3203125,17095.859375,17212.869140625,3848500.0,yahoo
2023-08-02,^TWII,17207.220703125,17212.55078125,16844.5703125,16893.73046875,4905400.0,yahoo
2023-08-04,^TWII,16847.240234375,16887.380859375,16748.509765625,16843.6796875,3836700.0,yahoo
2023-08-07,^TWII,16870.810546875,17032.3203125,16868.740234375,16996.0,3358800.0,yahoo
2023-08-08,^TWII,17006.4609375,17043.560546875,16812.58984375,16877.0703125,3689000.0,yahoo
2023-08-09,^TWII,16836.640625,16956.73046875,16798.5,16870.939453125,3230500.0,yahoo
2023-08-10,^TWII,16827.109375,16827.109375,16601.169921875,16634.69921875,3822300.0,yahoo
2023-08-11,^TWII,16644.650390625,16766.83984375,16601.25,16601.25,3143400.0,yahoo
2023-08-14,^TWII,16585.41015625,16585.41015625,16307.2802734375,16393.66015625,3754700.0,yahoo
2023-08-15,^TWII,16438.630859375,16546.009765625,16437.630859375,16454.80078125,3164800.0,yahoo
2023-08-16,^TWII,16422.19921875,16446.779296875,16304.4404296875,16446.779296875,3521200.0,yahoo
2023-08-17,^TWII,16411.630859375,16550.109375,16264.650390625,16516.66015625,3718500.0,yahoo
2023-08-18,^TWII,16508.4609375,16583.94921875,16344.2900390625,16381.3095703125,3834000.0,yahoo
2023-08-21,^TWII,16414.140625,16485.25,16347.76953125,16381.490234375,2647300.0,yahoo
2023-08-22,^TWII,16429.689453125,16535.0703125,16407.830078125,16437.609375,2929100.0,yahoo
2023-08-23,^TWII,16440.390625,16588.509765625,16440.390625,16576.900390625,3025900.0,yahoo
2023-08-24,^TWII,16651.029296875,16822.359375,16651.029296875,16770.869140625,3988000.0,yahoo
2023-08-25,^TWII,16708.529296875,16708.529296875,16481.580078125,16481.580078125,3217200.0,yahoo
2023-08-28,^TWII,16498.859375,16582.9609375,16498.859375,16509.259765625,3052400.0,yahoo
2023-08-29,^TWII,16528.490234375,16627.69921875,16495.759765625,16623.650390625,2649500.0,yahoo
2023-08-30,^TWII,16666.330078125,16780.419921875,16666.330078125,16719.8203125,2979300.0,yahoo
2023-08-31,^TWII,16707.349609375,16712.220703125,16630.669921875,16634.509765625,3812000.0,yahoo
2023-09-01,^TWII,16640.919921875,16730.130859375,16619.23046875,16644.939453125,3194100.0,yahoo
2023-09-04,^TWII,16649.669921875,16789.689453125,16648.509765625,16789.689453125,2734900.0,yahoo
2023-09-05,^TWII,16784.119140625,16791.609375,16727.439453125,16791.609375,2626500.0,yahoo
2023-09-06,^TWII,16796.369140625,16841.189453125,16732.689453125,16738.16015625,3123200.0,yahoo
2023-09-07,^TWII,16715.44921875,16715.44921875,16609.939453125,16619.140625,2727400.0,yahoo
2023-09-08,^TWII,16609.9296875,16609.9296875,16505.640625,16576.01953125,2492600.0,yahoo
2023-09-11,^TWII,16579.830078125,16600.029296875,16398.30078125,16432.94921875,3098400.0,yahoo
2023-09-12,^TWII,16433.8203125,16579.859375,16422.91015625,16572.7109375,2744800.0,yahoo
2023-09-13,^TWII,16578.130859375,16653.30078125,16542.720703125,16581.509765625,2656800.0,yahoo
2023-09-14,^TWII,16581.619140625,16807.560546875,16581.619140625,16807.560546875,3031000.0,yahoo
2023-09-15,^TWII,16809.740234375,16920.919921875,16787.740234375,16920.919921875,4307600.0,yahoo
2023-09-18,^TWII,16893.970703125,16893.970703125,16698.240234375,16698.240234375,2642300.0,yahoo
2023-09-19,^TWII,16706.48046875,16762.51953125,16636.3203125,16636.3203125,2872700.0,yahoo
2023-09-20,^TWII,16626.609375,16665.26953125,16522.380859375,16534.75,2959400.0,yahoo
2023-09-21,^TWII,16475.419921875,16475.419921875,16300.5400390625,16316.669921875,2823600.0,yahoo
2023-09-22,^TWII,16267.3203125,16360.9599609375,16202.4296875,16344.48046875,2268200.0,yahoo
2023-09-25,^TWII,16345.7802734375,16498.380859375,16345.7802734375,16452.23046875,2049400.0,yahoo
2023-09-26,^TWII,16440.259765625,16440.259765625,16276.0703125,16276.0703125,2412200.0,yahoo
2023-09-27,^TWII,16273.83984375,16324.2197265625,16212.8603515625,16310.3603515625,2187900.0,yahoo
2023-09-28,^TWII,16330.7099609375,16411.279296875,16311.41015625,16353.740234375,2477900.0,yahoo
2023-10-02,^TWII,16382.9599609375,16575.310546875,16382.9599609375,16557.310546875,2669600.0,yahoo
2023-10-03,^TWII,16520.240234375,16571.66015625,16453.80078125,16454.33984375,2697100.0,yahoo
2023-10-04,^TWII,16419.48046875,16419.48046875,16203.33984375,16273.3798828125,2624800.0,yahoo
2023-10-05,^TWII,16313.8896484375,16477.609375,16313.8896484375,16453.51953125,2503200.0,yahoo
2023-10-06,^TWII,16482.9296875,16539.130859375,16482.9296875,16520.5703125,2296800.0,yahoo
2023-10-11,^TWII,16567.4296875,16729.5,16567.4296875,16672.029296875,3635100.0,yahoo
2023-10-12,^TWII,16698.849609375,16825.91015625,16684.4296875,16825.91015625,2917100.0,yahoo
2023-10-13,^TWII,16815.91015625,16815.91015625,16726.4296875,16782.5703125,2955800.0,yahoo
2023-10-16,^TWII,16712.9296875,16712.9296875,16614.099609375,16652.240234375,2843500.0,yahoo
2023-10-17,^TWII,16678.279296875,16770.640625,16618.30078125,16642.55078125,2965400.0,yahoo
2023-10-18,^TWII,16608.01953125,16612.25,16398.759765625,16440.91015625,3844900.0,yahoo
2023-10-19,^TWII,16416.5390625,16479.349609375,16382.400390625,16452.73046875,2608200.0,yahoo
2023-10-20,^TWII,16434.4296875,16462.560546875,16271.8203125,16440.720703125,3035200.0,yahoo
2023-10-23,^TWII,16391.41015625,16391.41015625,16245.83984375,16251.3603515625,2273100.0,yahoo
2023-10-24,^TWII,16257.7998046875,16318.76953125,16163.0,16309.759765625,2642000.0,yahoo
2023-10-25,^TWII,16320.7099609375,16459.33984375,16320.7099609375,16358.8896484375,2667800.0,yahoo
2023-10-26,^TWII,16305.16015625,16305.16015625,16073.740234375,16073.740234375,2572100.0,yahoo
2023-10-27,^TWII,16112.75,16200.2998046875,16112.75,16134.6103515625,2142800.0,yahoo
2023-10-30,^TWII,16142.0595703125,16203.330078125,16101.240234375,16149.6796875,2250800.0,yahoo
2023-10-31,^TWII,16176.580078125,16215.349609375,15975.91015625,16001.26953125,2703600.0,yahoo
2023-11-01,^TWII,16027.7197265625,16099.0302734375,15978.259765625,16038.5595703125,2183800.0,yahoo
2023-11-02,^TWII,16094.259765625,16396.94921875,16094.259765625,16396.94921875,2464200.0,yahoo
2023-11-03,^TWII,16412.5390625,16520.099609375,16412.5390625,16507.650390625,2809400.0,yahoo
2023-11-06,^TWII,16572.560546875,16720.560546875,16572.560546875,16649.359375,2709700.0,yahoo
2023-11-07,^TWII,16650.140625,16684.94921875,16608.099609375,16684.94921875,2180100.0,yahoo
2023-11-08,^TWII,16691.3203125,16775.23046875,16665.400390625,16740.830078125,2664300.0,yahoo
2023-11-09,^TWII,16741.16015625,16759.4296875,16680.91015625,16745.650390625,2433800.0,yahoo
2023-11-10,^TWII,16725.939453125,16725.939453125,16651.23046875,16682.669921875,2157500.0,yahoo
2023-11-13,^TWII,16711.529296875,16961.01953125,16711.529296875,16839.2890625,2512400.0,yahoo
2023-11-14,^TWII,16884.51953125,16946.380859375,16884.51953125,16915.7109375,2619800.0,yahoo
2023-11-15,^TWII,17039.619140625,17143.880859375,17034.94921875,17128.779296875,3950300.0,yahoo
2023-11-16,^TWII,17136.51953125,17194.3203125,17089.400390625,17171.1796875,3308400.0,yahoo
2023-11-17,^TWII,17155.859375,17253.470703125,17147.560546875,17208.94921875,3186300.0,yahoo
2023-11-20,^TWII,17197.8203125,17219.759765625,17151.8203125,17210.470703125,3044800.0,yahoo
2023-11-21,^TWII,17239.939453125,17421.169921875,17239.939453125,17416.69921875,3727100.0,yahoo
2023-11-22,^TWII,17325.599609375,17344.529296875,17264.94921875,17310.259765625,3167500.0,yahoo
2023-11-23,^TWII,17291.330078125,17343.609375,17228.44921875,17294.55078125,3179200.0,yahoo
2023-11-24,^TWII,17304.650390625,17336.130859375,17268.380859375,17287.419921875,3037300.0,yahoo
2023-11-27,^TWII,17291.23046875,17351.9296875,17133.759765625,17137.419921875,3164500.0,yahoo
2023-11-28,^TWII,17150.30078125,17360.380859375,17145.19921875,17341.25,3435400.0,yahoo
2023-11-29,^TWII,17352.109375,17441.7890625,17323.26953125,17370.560546875,3414100.0,yahoo
2023-11-30,^TWII,17389.19921875,17433.849609375,17313.30078125,17433.849609375,4478400.0,yahoo
2023-12-01,^TWII,17422.349609375,17450.130859375,17355.890625,17438.349609375,3399000.0,yahoo
2023-12-04,^TWII,17450.640625,17516.609375,17398.099609375,17421.48046875,3929200.0,yahoo
2023-12-05,^TWII,17401.58984375,17401.58984375,17252.5703125,17328.009765625,3623500.0,yahoo
2023-12-06,^TWII,17340.8203125,17439.849609375,17337.470703125,17360.720703125,3307100.0,yahoo
2023-12-07,^TWII,17356.919921875,17387.939453125,17273.7109375,17278.740234375,3368200.0,yahoo
2023-12-08,^TWII,17309.359375,17465.349609375,17309.359375,17383.990234375,3155300.0,yahoo
2023-12-11,^TWII,17416.9609375,17451.8203125,17372.8203125,17418.33984375,3003300.0,yahoo
2023-12-12,^TWII,17429.609375,17528.720703125,17404.880859375,17450.630859375,3356500.0,yahoo
2023-12-13,^TWII,17447.509765625,17507.919921875,17438.689453125,17468.9296875,3410000.0,yahoo
2023-12-14,^TWII,17482.380859375,17668.349609375,17482.380859375,17653.109375,4072600.0,yahoo
2023-12-15,^TWII,17693.330078125,17743.5390625,17642.7890625,17673.869140625,5019300.0,yahoo
2023-12-18,^TWII,17637.859375,17665.91015625,17586.880859375,17652.029296875,3975400.0,yahoo
2023-12-19,^TWII,17669.83984375,17669.83984375,17497.3203125,17576.55078125,3914800.0,yahoo
2023-12-20,^TWII,17608.349609375,17657.650390625,17597.48046875,17635.19921875,4182900.0,yahoo
2023-12-21,^TWII,17531.44921875,17552.900390625,17442.759765625,17543.740234375,4021800.0,yahoo
2023-12-22,^TWII,17586.16015625,17618.169921875,17567.55078125,17596.630859375,3700300.0,yahoo
2023-12-25,^TWII,17596.26953125,17663.349609375,17595.26953125,17604.83984375,3027400.0,yahoo
2023-12-26,^TWII,17619.08984375,17751.73046875,17619.08984375,17751.73046875,2900000.0,yahoo
2023-12-27,^TWII,17766.73046875,17897.16015625,17766.73046875,17891.5,3378000.0,yahoo
2023-12-28,^TWII,17900.759765625,17928.140625,17841.759765625,17910.369140625,3289700.0,yahoo
2023-12-29,^TWII,17893.630859375,17945.69921875,17864.23046875,17930.810546875,2868000.0,yahoo
2024-01-02,^TWII,17939.7890625,17956.740234375,17784.970703125,17853.759765625,3254000.0,yahoo
2024-01-03,^TWII,17829.279296875,17829.279296875,17518.189453125,17559.310546875,3095000.0,yahoo
2024-01-04,^TWII,17574.390625,17609.890625,17515.73046875,17549.650390625,3096700.0,yahoo
2024-01-05,^TWII,17559.400390625,17606.7890625,17495.390625,17519.140625,3084900.0,yahoo
2024-01-08,^TWII,17534.51953125,17688.109375,17534.51953125,17572.66015625,3044600.0,yahoo
2024-01-09,^TWII,17585.400390625,17694.259765625,17517.55078125,17535.490234375,3213400.0,yahoo
2024-01-10,^TWII,17495.669921875,17499.4296875,17439.26953125,17465.630859375,2843300.0,yahoo
2024-01-11,^TWII,17477.880859375,17574.919921875,17476.869140625,17545.3203125,2880100.0,yahoo
2024-01-12,^TWII,17536.05078125,17570.630859375,17469.869140625,17512.830078125,2596200.0,yahoo
2024-01-15,^TWII,17541.259765625,17632.76953125,17532.98046875,17546.8203125,0.0,yahoo
2024-01-16,^TWII,17523.779296875,17523.779296875,17337.580078125,17346.869140625,3415100.0,yahoo
2024-01-17,^TWII,17341.580078125,17361.05078125,17151.580078125,17161.7890625,3977500.0,yahoo
2024-01-18,^TWII,17169.099609375,17300.2890625,17169.099609375,17227.7890625,3027100.0,yahoo
2024-01-19,^TWII,17546.509765625,17682.970703125,17499.849609375,17681.51953125,3364900.0,yahoo
2024-01-22,^TWII,17770.779296875,17869.0703125,17765.130859375,17815.099609375,3480100.0,yahoo
2024-01-23,^TWII,17840.279296875,17893.73046875,17801.890625,17874.58984375,3182700.0,yahoo
2024-01-24,^TWII,17883.619140625,17944.98046875,17856.33984375,17875.830078125,2687500.0,yahoo
2024-01-25,^TWII,17894.830078125,18014.259765625,17894.830078125,18002.619140625,2496500.0,yahoo
2024-01-26,^TWII,17985.439453125,18029.849609375,17943.650390625,17995.029296875,2484900.0,yahoo
2024-01-29,^TWII,18001.240234375,18119.630859375,17995.109375,18119.630859375,2167700.0,yahoo
2024-01-30,^TWII,18083.44921875,18138.740234375,18034.630859375,18034.630859375,2422700.0,yahoo
2024-01-31,^TWII,17970.41015625,17996.330078125,17874.94921875,17889.560546875,2303000.0,yahoo
2024-02-01,^TWII,17871.26953125,17968.109375,17832.94921875,17968.109375,2620500.0,yahoo
2024-02-02,^TWII,18016.349609375,18059.9296875,17985.890625,18059.9296875,2697800.0,yahoo
2024-02-05,^TWII,18047.400390625,18115.80078125,17992.169921875,18096.0703125,2575800.0,yahoo
2024-02-15,^TWII,18664.44921875,18725.470703125,18550.859375,18644.5703125,3727500.0,yahoo
2024-02-16,^TWII,18639.66015625,18715.689453125,18585.140625,18607.25,3658600.0,yahoo
2024-02-19,^TWII,18561.0390625,18663.740234375,18561.0390625,18635.80078125,3839600.0,yahoo
2024-02-20,^TWII,18610.2109375,18756.330078125,18610.2109375,18753.16015625,3375300.0,yahoo
2024-02-21,^TWII,18673.490234375,18729.029296875,18645.26953125,18676.310546875,3295300.0,yahoo
2024-02-22,^TWII,18826.849609375,18881.76953125,18758.150390625,18852.779296875,3580200.0,yahoo
2024-02-23,^TWII,18950.0703125,19012.380859375,18889.189453125,18889.189453125,3696800.0,yahoo
2024-02-26,^TWII,18899.390625,18974.080078125,18854.7109375,18948.05078125,3220600.0,yahoo
2024-02-27,^TWII,18964.490234375,19023.009765625,18752.529296875,18854.41015625,3784600.0,yahoo
2024-02-29,^TWII,18796.5390625,19019.689453125,18794.619140625,18966.76953125,3892000.0,yahoo
2024-03-01,^TWII,19021.349609375,19041.919921875,18923.4609375,18935.9296875,3350500.0,yahoo
2024-03-04,^TWII,18952.689453125,19333.390625,18952.689453125,19305.310546875,4014800.0,yahoo
2024-03-05,^TWII,19398.970703125,19453.849609375,19332.73046875,19386.919921875,3826500.0,yahoo
2024-03-06,^TWII,19283.609375,19532.30078125,19246.30078125,19499.44921875,3886200.0,yahoo
2024-03-07,^TWII,19678.359375,19794.5703125,19630.7890625,19693.51953125,4581400.0,yahoo
2024-03-08,^TWII,19966.490234375,20065.5,19638.130859375,19785.3203125,4903500.0,yahoo
2024-03-11,^TWII,19671.900390625,19828.69921875,19649.669921875,19726.080078125,3536700.0,yahoo
2024-03-12,^TWII,19672.759765625,19917.060546875,19664.7109375,19914.55078125,4044500.0,yahoo
2024-03-13,^TWII,20024.830078125,20112.810546875,19866.73046875,19928.509765625,4854900.0,yahoo
2024-03-14,^TWII,19920.630859375,19995.509765625,19775.5,19937.919921875,4476200.0,yahoo
2024-03-15,^TWII,19845.44921875,19888.130859375,19682.5,19682.5,5186200.0,yahoo
2024-03-18,^TWII,19706.109375,19879.859375,19706.109375,19879.849609375,3761200.0,yahoo
2024-03-19,^TWII,19798.119140625,19921.25,19762.16015625,19857.19921875,4061600.0,yahoo
2024-03-20,^TWII,19879.25,19994.419921875,19728.4296875,19784.44921875,4499200.0,yahoo
2024-03-21,^TWII,19843.80078125,20199.30078125,19843.80078125,20199.08984375,4424400.0,yahoo
2024-03-22,^TWII,20232.060546875,20296.099609375,20084.310546875,20228.4296875,4690300.0,yahoo
2024-03-25,^TWII,20228.640625,20285.380859375,20172.80078125,20192.25,3611700.0,yahoo
2024-03-26,^TWII,20208.880859375,20397.0703125,19977.400390625,20126.490234375,4582900.0,yahoo
2024-03-27,^TWII,20158.0703125,20255.099609375,20108.9609375,20200.119140625,3865800.0,yahoo
2024-03-28,^TWII,20213.33984375,20222.19921875,20065.9296875,20146.55078125,4294000.0,yahoo
2024-03-29,^TWII,20156.33984375,20335.919921875,20156.33984375,20294.44921875,4231500.0,yahoo
2024-04-01,^TWII,20319.73046875,20387.23046875,20217.580078125,20222.330078125,3144500.0,yahoo
2024-04-02,^TWII,20359.810546875,20466.5703125,20359.810546875,20466.5703125,3410300.0,yahoo
2024-04-03,^TWII,20388.83984375,20403.73046875,20269.66015625,20337.599609375,3449300.0,yahoo
2024-04-08,^TWII,20395.05078125,20487.830078125,20379.830078125,20417.69921875,3597800.0,yahoo
2024-04-09,^TWII,20521.560546875,20820.810546875,20521.560546875,20796.19921875,4638900.0,yahoo
2024-04-10,^TWII,20789.419921875,20883.689453125,20763.529296875,20763.529296875,4529300.0,yahoo
2024-04-11,^TWII,20713.25,20770.830078125,20651.880859375,20753.220703125,4546200.0,yahoo
2024-04-12,^TWII,20772.7890625,20825.0390625,20713.869140625,20736.5703125,4725000.0,yahoo
2024-04-15,^TWII,20586.529296875,20623.76953125,20449.76953125,20449.76953125,4754200.0,yahoo
2024-04-16,^TWII,20365.109375,20365.109375,19844.5390625,19901.9609375,5377200.0,yahoo
2024-04-17,^TWII,19986.619140625,20264.990234375,19986.619140625,20213.330078125,3987800.0,yahoo
2024-04-18,^TWII,20126.5703125,20363.08984375,20057.810546875,20301.19921875,4862300.0,yahoo
2024-04-19,^TWII,19992.060546875,19992.060546875,19291.880859375,19527.119140625,7130900.0,yahoo
2024-04-22,^TWII,19466.439453125,19695.490234375,19395.310546875,19411.220703125,5729000.0,yahoo
2024-04-23,^TWII,19564.380859375,19709.0,19509.740234375,19599.279296875,4097700.0,yahoo
2024-04-24,^TWII,19770.4609375,20165.76953125,19770.4609375,20131.740234375,4696300.0,yahoo
2024-04-25,^TWII,20003.0,20003.0,19848.5703125,19857.419921875,3809400.0,yahoo
2024-04-26,^TWII,20094.169921875,20226.2890625,20087.609375,20120.509765625,4713100.0,yahoo
2024-04-29,^TWII,20235.9296875,20495.51953125,20235.9296875,20495.51953125,5508500.0,yahoo
2024-04-30,^TWII,20508.48046875,20559.970703125,20396.599609375,20396.599609375,4326200.0,yahoo
2024-05-02,^TWII,20360.669921875,20360.669921875,20222.439453125,20222.439453125,4720400.0,yahoo
2024-05-03,^TWII,20381.98046875,20521.490234375,20272.33984375,20330.3203125,4752500.0,yahoo
2024-05-06,^TWII,20479.80078125,20639.900390625,20479.80078125,20523.310546875,4590100.0,yahoo
2024-05-07,^TWII,20634.619140625,20689.189453125,20493.80078125,20653.529296875,4547600.0,yahoo
2024-05-08,^TWII,20604.1796875,20700.509765625,20547.48046875,20700.509765625,4479700.0,yahoo
2024-05-09,^TWII,20710.05078125,20754.609375,20560.76953125,20560.76953125,4326400.0,yahoo
2024-05-10,^TWII,20582.119140625,20765.8203125,20574.009765625,20708.83984375,5206400.0,yahoo
2024-05-13,^TWII,20905.16015625,20933.279296875,20816.419921875,20857.7109375,4809000.0,yahoo
2024-05-14,^TWII,20835.94921875,20994.529296875,20816.76953125,20985.849609375,5002300.0,yahoo
2024-05-15,^TWII,20984.69921875,21308.3203125,20984.69921875,21147.2109375,5100000.0,yahoo
2024-05-16,^TWII,21319.01953125,21515.51953125,21249.880859375,21304.259765625,5601100.0,yahoo
2024-05-17,^TWII,21346.75,21346.75,21218.33984375,21258.470703125,5081300.0,yahoo
2024-05-20,^TWII,21278.380859375,21338.349609375,21102.1796875,21271.630859375,5277600.0,yahoo
2024-05-21,^TWII,21239.259765625,21307.080078125,21131.619140625,21236.75,4601200.0,yahoo
2024-05-22,^TWII,21248.990234375,21567.48046875,21248.990234375,21551.830078125,5382400.0,yahoo
2024-05-23,^TWII,21668.83984375,21668.83984375,21475.990234375,21607.4296875,5498400.0,yahoo
2024-05-24,^TWII,21442.669921875,21608.720703125,21381.25,21565.33984375,4233200.0,yahoo
2024-05-27,^TWII,21699.98046875,21871.33984375,21699.98046875,21803.76953125,4877400.0,yahoo
2024-05-28,^TWII,21812.19921875,21937.400390625,21812.19921875,21858.41015625,4906000.0,yahoo
2024-05-29,^TWII,21846.41015625,21906.099609375,21662.5,21662.5,5223800.0,yahoo
2024-05-30,^TWII,21481.390625,21558.359375,21364.240234375,21364.48046875,4495700.0,yahoo
2024-05-31,^TWII,21400.830078125,21539.029296875,21174.220703125,21174.220703125,7171300.0,yahoo
2024-06-03,^TWII,21388.7109375,21612.5390625,21372.080078125,21536.759765625,4756500.0,yahoo
2024-06-04,^TWII,21513.849609375,21529.98046875,21308.970703125,21356.619140625,4858900.0,yahoo
2024-06-05,^TWII,21385.0,21510.859375,21264.630859375,21484.880859375,4124900.0,yahoo
2024-06-06,^TWII,21856.130859375,21970.630859375,21847.6796875,21902.69921875,4777500.0,yahoo
2024-06-07,^TWII,21823.619140625,21920.849609375,21823.619140625,21858.380859375,4981400.0,yahoo
2024-06-11,^TWII,21984.419921875,22003.7109375,21792.119140625,21792.119140625,5291900.0,yahoo
2024-06-12,^TWII,21841.810546875,22094.939453125,21841.810546875,22048.9609375,4372000.0,yahoo
2024-06-13,^TWII,22217.640625,22440.099609375,22211.080078125,22312.0390625,4207100.0,yahoo
2024-06-14,^TWII,22311.9296875,22504.720703125,22252.01953125,22504.720703125,4357100.0,yahoo
2024-06-17,^TWII,22468.109375,22567.33984375,22431.259765625,22496.529296875,4253400.0,yahoo
2024-06-18,^TWII,22690.33984375,22787.669921875,22642.939453125,22757.4296875,4284500.0,yahoo
2024-06-19,^TWII,22858.44921875,23275.30078125,22858.44921875,23209.5390625,5033100.0,yahoo
2024-06-20,^TWII,23196.689453125,23406.099609375,23180.69921875,23406.099609375,4446000.0,yahoo
2024-06-21,^TWII,23193.900390625,23351.169921875,23151.150390625,23253.390625,6457400.0,yahoo
2024-06-24,^TWII,23124.310546875,23131.6796875,22813.69921875,22813.69921875,5094100.0,yahoo
2024-06-25,^TWII,22695.150390625,22875.970703125,22503.0,22875.970703125,4386700.0,yahoo
2024-06-26,^TWII,22938.5703125,23074.740234375,22893.75,22986.689453125,4289300.0,yahoo
2024-06-27,^TWII,22859.9296875,22922.560546875,22765.16015625,22905.98046875,4535700.0,yahoo
2024-06-28,^TWII,22896.720703125,23142.400390625,22896.720703125,23032.25,4348300.0,yahoo
2024-07-01,^TWII,23042.69921875,23187.880859375,23015.169921875,23058.5703125,4294900.0,yahoo
2024-07-02,^TWII,23012.740234375,23041.900390625,22833.779296875,22879.369140625,5034500.0,yahoo
2024-07-03,^TWII,23009.8203125,23172.4296875,22994.279296875,23172.4296875,5720700.0,yahoo
2024-07-04,^TWII,23360.880859375,23571.8203125,23360.880859375,23522.529296875,5361000.0,yahoo
2024-07-05,^TWII,23532.009765625,23628.859375,23491.7890625,23556.58984375,5319900.0,yahoo
2024-07-08,^TWII,23550.640625,24011.640625,23505.859375,23878.150390625,5644800.0,yahoo
2024-07-09,^TWII,23888.19921875,24126.66015625,23607.919921875,23900.080078125,6353500.0,yahoo
2024-07-10,^TWII,23744.880859375,24040.609375,23682.490234375,24007.080078125,5510500.0,yahoo
2024-07-11,^TWII,24242.029296875,24416.669921875,24151.80078125,24390.029296875,5761800.0,yahoo
2024-07-12,^TWII,23955.669921875,24045.73046875,23774.220703125,23916.9296875,6056600.0,yahoo
2024-07-15,^TWII,23927.91015625,24018.310546875,23759.509765625,23879.359375,5209800.0,yahoo
2024-07-16,^TWII,23880.330078125,24174.1796875,23861.76953125,23997.25,4762100.0,yahoo
2024-07-17,^TWII,23827.26953125,23993.6796875,23650.939453125,23769.8203125,6025100.0,yahoo
2024-07-18,^TWII,23373.009765625,23450.91015625,23148.740234375,23398.470703125,5618700.0,yahoo
2024-07-19,^TWII,23228.0390625,23235.8203125,22865.83984375,22869.259765625,5435600.0,yahoo
2024-07-22,^TWII,22818.859375,22818.859375,22130.880859375,22256.990234375,5194300.0,yahoo
2024-07-23,^TWII,22514.75,22871.83984375,22514.75,22871.83984375,3915800.0,yahoo
2024-07-26,^TWII,22206.9296875,22206.9296875,21889.609375,22119.2109375,4132300.0,yahoo
2024-07-29,^TWII,22321.369140625,22471.400390625,22128.140625,22164.490234375,3920300.0,yahoo
2024-07-30,^TWII,22040.0390625,22276.390625,21833.849609375,22223.5703125,3659100.0,yahoo
2024-07-31,^TWII,22088.779296875,22315.310546875,22046.2890625,22199.349609375,3673200.0,yahoo
2024-08-01,^TWII,22546.400390625,22652.2109375,22465.060546875,22642.099609375,4149100.0,yahoo
2024-08-02,^TWII,22141.19921875,22141.19921875,21636.220703125,21638.08984375,4570100.0,yahoo
2024-08-05,^TWII,20982.919921875,20982.919921875,19783.5,19830.880859375,6413800.0,yahoo
2024-08-06,^TWII,20344.390625,20751.5,19662.740234375,20501.01953125,6051700.0,yahoo
2024-08-07,^TWII,20638.279296875,21306.23046875,20638.279296875,21295.279296875,3982300.0,yahoo
2024-08-08,^TWII,21047.16015625,21074.189453125,20723.259765625,20870.099609375,3746500.0,yahoo
2024-08-09,^TWII,21212.0,21613.759765625,21212.0,21469.0,4426600.0,yahoo
2024-08-12,^TWII,21598.9296875,21897.98046875,21598.9296875,21773.259765625,3821500.0,yahoo
2024-08-13,^TWII,21816.0703125,21866.630859375,21698.470703125,21796.5703125,3389300.0,yahoo
2024-08-14,^TWII,21952.029296875,22155.2890625,21942.220703125,22027.25,3955900.0,yahoo
2024-08-15,^TWII,22005.689453125,22089.0390625,21895.169921875,21895.169921875,3151800.0,yahoo
2024-08-16,^TWII,22114.720703125,22374.939453125,22114.720703125,22349.330078125,3855200.0,yahoo
2024-08-19,^TWII,22338.830078125,22485.91015625,22307.169921875,22409.630859375,3122100.0,yahoo
2024-08-20,^TWII,22464.0703125,22545.890625,22369.25,22429.099609375,3871600.0,yahoo
2024-08-21,^TWII,22316.779296875,22358.880859375,22165.8203125,22237.890625,4134900.0,yahoo
2024-08-22,^TWII,22254.58984375,22315.919921875,22096.259765625,22148.830078125,3019700.0,yahoo
2024-08-23,^TWII,22042.58984375,22159.26953125,21935.98046875,22158.05078125,4275900.0,yahoo
2024-08-26,^TWII,22250.490234375,22449.44921875,22164.529296875,22240.119140625,4880500.0,yahoo
2024-08-27,^TWII,22179.2109375,22205.109375,22059.509765625,22185.0,3660500.0,yahoo
2024-08-28,^TWII,22210.5703125,22370.66015625,22108.859375,22370.66015625,3293800.0,yahoo
2024-08-29,^TWII,22136.310546875,22273.619140625,22010.890625,22201.849609375,3416000.0,yahoo
2024-08-30,^TWII,22230.0703125,22342.25,22230.0703125,22268.08984375,4245800.0,yahoo
2024-09-02,^TWII,22341.900390625,22439.310546875,22178.0390625,22235.099609375,2928000.0,yahoo
2024-09-03,^TWII,22240.109375,22303.5,22092.2109375,22092.2109375,2936800.0,yahoo
2024-09-04,^TWII,21574.650390625,21574.650390625,20922.169921875,21092.75,4571100.0,yahoo
2024-09-05,^TWII,21271.08984375,21488.810546875,21150.990234375,21187.7109375,3353700.0,yahoo
2024-09-06,^TWII,21255.44921875,21461.7109375,21125.140625,21435.189453125,2587200.0,yahoo
2024-09-09,^TWII,21127.810546875,21163.91015625,20922.509765625,21144.439453125,2944600.0,yahoo
2024-09-10,^TWII,21252.5703125,21324.4296875,20977.0,21064.080078125,3118200.0,yahoo
2024-09-11,^TWII,21089.1796875,21134.05078125,21031.0,21031.0,2863800.0,yahoo
2024-09-12,^TWII,21373.640625,21706.849609375,21373.640625,21653.25,3050300.0,yahoo
2024-09-13,^TWII,21754.359375,21796.390625,21643.220703125,21759.650390625,2514700.0,yahoo
2024-09-16,^TWII,21800.0,21854.740234375,21736.69921875,21850.080078125,2823700.0,yahoo
2024-09-18,^TWII,21813.5390625,21859.16015625,21584.630859375,21678.83984375,3989100.0,yahoo
2024-09-19,^TWII,21675.400390625,22042.689453125,21656.66015625,22042.689453125,3393700.0,yahoo
2024-09-20,^TWII,22246.240234375,22354.5390625,22136.529296875,22159.419921875,5085000.0,yahoo
2024-09-23,^TWII,22170.939453125,22307.4609375,22170.939453125,22285.529296875,3582300.0,yahoo
2024-09-24,^TWII,22273.7890625,22431.779296875,22154.55078125,22431.779296875,3517800.0,yahoo
2024-09-25,^TWII,22569.2890625,22785.3203125,22569.2890625,22761.599609375,4014100.0,yahoo
2024-09-26,^TWII,22841.419921875,22961.76953125,22769.240234375,22858.810546875,3923400.0,yahoo
2024-09-27,^TWII,22978.970703125,23079.2109375,22806.830078125,22822.7890625,4104100.0,yahoo
2024-09-30,^TWII,22643.91015625,22691.23046875,22224.5390625,22224.5390625,3569300.0,yahoo
2024-10-01,^TWII,22329.650390625,22446.859375,22311.330078125,22390.390625,2789600.0,yahoo
2024-10-04,^TWII,22459.099609375,22493.05078125,22193.5,22302.7109375,3632200.0,yahoo
2024-10-07,^TWII,22479.240234375,22719.0703125,22479.240234375,22702.560546875,3508600.0,yahoo
2024-10-08,^TWII,22691.3203125,22691.3203125,22418.380859375,22611.390625,3557200.0,yahoo
2024-10-09,^TWII,22637.169921875,22885.94921875,22637.169921875,22659.080078125,3670800.0,yahoo
2024-10-11,^TWII,22726.189453125,23011.109375,22726.189453125,22901.640625,3012500.0,yahoo
2024-10-14,^TWII,22947.3203125,23015.55078125,22799.140625,22975.2890625,2706500.0,yahoo
2024-10-15,^TWII,23083.69921875,23353.91015625,23082.060546875,23292.0390625,3579700.0,yahoo
2024-10-16,^TWII,22990.640625,23258.51953125,22866.73046875,23010.98046875,3698000.0,yahoo
2024-10-17,^TWII,23114.2109375,23191.7890625,22950.69921875,23053.83984375,3263300.0,yahoo
2024-10-18,^TWII,23620.5703125,23713.69921875,23378.359375,23487.26953125,3775600.0,yahoo
2024-10-21,^TWII,23602.98046875,23678.509765625,23480.060546875,23542.529296875,3005000.0,yahoo
2024-10-22,^TWII,23428.109375,23535.4296875,23269.859375,23535.4296875,3046700.0,yahoo
2024-10-23,^TWII,23402.240234375,23486.44921875,23318.83984375,23334.759765625,3039000.0,yahoo
2024-10-24,^TWII,23446.640625,23446.640625,23150.76953125,23192.51953125,3322300.0,yahoo
2024-10-25,^TWII,23255.0703125,23388.529296875,23222.76953125,23348.44921875,2744200.0,yahoo
2024-10-28,^TWII,23455.689453125,23547.119140625,23164.419921875,23198.0703125,2880000.0,yahoo
2024-10-29,^TWII,23048.44921875,23056.5703125,22711.099609375,22926.58984375,2933400.0,yahoo
2024-10-30,^TWII,22985.130859375,23116.330078125,22801.44921875,22820.4296875,2981400.0,yahoo
2024-11-01,^TWII,22438.9296875,22828.98046875,22231.939453125,22780.080078125,3569900.0,yahoo
2024-11-04,^TWII,22839.1796875,23020.990234375,22792.76953125,22965.390625,2715900.0,yahoo
2024-11-05,^TWII,22870.109375,23178.80078125,22849.830078125,23106.7890625,2872200.0,yahoo
2024-11-06,^TWII,23112.94921875,23439.390625,23035.30078125,23217.380859375,3163400.0,yahoo
2024-11-07,^TWII,23180.009765625,23518.630859375,23132.939453125,23408.8203125,3751300.0,yahoo
2024-11-08,^TWII,23608.109375,23699.69921875,23509.130859375,23553.890625,3635500.0,yahoo
2024-11-11,^TWII,23477.75,23563.80078125,23306.66015625,23529.640625,3158800.0,yahoo
2024-11-12,^TWII,23276.759765625,23276.759765625,22981.76953125,22981.76953125,3983600.0,yahoo
2024-11-13,^TWII,22894.91015625,23046.470703125,22860.23046875,22860.23046875,3491500.0,yahoo
2024-11-14,^TWII,22821.0390625,22893.8203125,22619.7109375,22715.380859375,3593400.0,yahoo
2024-11-15,^TWII,22767.109375,22940.80078125,22690.76953125,22742.76953125,3823100.0,yahoo
2024-11-18,^TWII,22693.9609375,22781.76953125,22503.689453125,22546.5390625,3431100.0,yahoo
2024-11-19,^TWII,22614.740234375,22906.689453125,22578.75,22848.80078125,3689400.0,yahoo
2024-11-20,^TWII,22872.91015625,22977.560546875,22622.470703125,22688.359375,3757700.0,yahoo
2024-11-21,^TWII,22671.66015625,22708.5703125,22490.279296875,22555.66015625,3395800.0,yahoo
2024-11-22,^TWII,22799.529296875,23019.0390625,22799.529296875,22904.3203125,3505100.0,yahoo
2024-11-25,^TWII,22996.05078125,23172.4296875,22948.369140625,22948.369140625,5048900.0,yahoo
2024-11-26,^TWII,22789.599609375,22832.109375,22645.130859375,22678.759765625,2985600.0,yahoo
2024-11-27,^TWII,22665.580078125,22743.990234375,22334.779296875,22334.779296875,3577000.0,yahoo
2024-11-28,^TWII,22380.44921875,22413.25,22124.310546875,22298.900390625,3123400.0,yahoo
2024-11-29,^TWII,22202.279296875,22429.859375,22055.380859375,22262.5,2801000.0,yahoo
2024-12-02,^TWII,22456.5,22802.529296875,22456.5,22736.9296875,2812700.0,yahoo
2024-12-03,^TWII,22972.30078125,23144.779296875,22972.30078125,23027.4609375,3099500.0,yahoo
2024-12-04,^TWII,23126.080078125,23255.330078125,23034.69921875,23255.330078125,2836900.0,yahoo
2024-12-05,^TWII,23308.2890625,23387.169921875,23225.310546875,23267.939453125,2847600.0,yahoo
2024-12-06,^TWII,23278.6796875,23361.119140625,23137.619140625,23193.26953125,2954100.0,yahoo
2024-12-09,^TWII,23287.7890625,23325.990234375,23172.220703125,23273.25,3209600.0,yahoo
2024-12-10,^TWII,23228.259765625,23329.009765625,23071.4296875,23125.080078125,2908900.0,yahoo
2024-12-11,^TWII,23108.359375,23108.359375,22880.5703125,22903.630859375,2760300.0,yahoo
2024-12-12,^TWII,23050.640625,23189.2890625,23030.48046875,23046.80078125,3059200.0,yahoo
2024-12-13,^TWII,23002.369140625,23097.51953125,22920.83984375,23020.48046875,3046000.0,yahoo
2024-12-16,^TWII,23207.2109375,23264.400390625,22959.91015625,23039.900390625,3188400.0,yahoo
2024-12-17,^TWII,23131.5703125,23223.509765625,23018.009765625,23018.009765625,3429100.0,yahoo
2024-12-18,^TWII,23014.4296875,23211.169921875,22934.58984375,23168.669921875,3298300.0,yahoo
2024-12-19,^TWII,22947.560546875,22947.560546875,22743.30078125,22932.25,3445900.0,yahoo
2024-12-20,^TWII,22798.390625,22845.58984375,22510.25,22510.25,4683900.0,yahoo
2024-12-23,^TWII,22811.560546875,23132.25,22811.560546875,23104.5390625,3504100.0,yahoo
2024-12-24,^TWII,23260.740234375,23326.25,23120.240234375,23120.240234375,3344300.0,yahoo
2024-12-25,^TWII,23226.349609375,23296.359375,23159.359375,23220.130859375,3073700.0,yahoo
2024-12-26,^TWII,23276.080078125,23320.619140625,23241.939453125,23246.939453125,2941300.0,yahoo
2024-12-27,^TWII,23251.279296875,23335.66015625,23204.349609375,23275.6796875,2416800.0,yahoo
2024-12-30,^TWII,23274.259765625,23331.669921875,23159.69921875,23190.19921875,2483600.0,yahoo
2024-12-31,^TWII,23094.0703125,23123.9609375,22972.990234375,23035.099609375,2572400.0,yahoo
2025-01-02,^TWII,22975.7109375,23038.080078125,22713.630859375,22832.060546875,3148600.0,yahoo
2025-01-03,^TWII,23018.560546875,23092.0703125,22905.400390625,22908.30078125,2828200.0,yahoo
2025-01-06,^TWII,23131.7890625,23553.2890625,23131.7890625,23547.7109375,2957500.0,yahoo
2025-01-07,^TWII,23824.720703125,23943.94921875,23651.26953125,23651.26953125,3207900.0,yahoo
2025-01-08,^TWII,23522.2890625,23671.279296875,23388.630859375,23407.330078125,2606700.0,yahoo
2025-01-09,^TWII,23406.720703125,23463.9609375,23081.130859375,23081.130859375,3399500.0,yahoo
2025-01-10,^TWII,23067.4609375,23202.25,22989.669921875,23011.859375,2979400.0,yahoo
2025-01-13,^TWII,23070.3203125,23070.3203125,22458.220703125,22488.330078125,3544500.0,yahoo
2025-01-14,^TWII,22573.9609375,22797.51953125,22542.9296875,22797.51953125,2319000.0,yahoo
2025-01-15,^TWII,22757.4609375,22777.33984375,22509.650390625,22514.5703125,2359800.0,yahoo
2025-01-16,^TWII,22817.51953125,23147.689453125,22817.51953125,23025.099609375,2497000.0,yahoo
2025-01-17,^TWII,23190.119140625,23209.880859375,22905.529296875,23148.080078125,2465000.0,yahoo
2025-01-20,^TWII,23203.470703125,23346.640625,23176.4296875,23266.8203125,2168200.0,yahoo
2025-01-21,^TWII,23266.8203125,23377.640625,23174.01953125,23300.009765625,0.0,yahoo
2025-01-22,^TWII,23472.669921875,23642.080078125,23472.669921875,23525.41015625,2695000.0,yahoo
2025-02-03,^TWII,22796.7109375,22796.7109375,22502.19921875,22694.7109375,3428900.0,yahoo
2025-02-04,^TWII,22836.26953125,22934.310546875,22720.619140625,22793.9609375,2990000.0,yahoo
2025-02-05,^TWII,22916.380859375,23249.330078125,22916.380859375,23161.580078125,2482200.0,yahoo
2025-02-06,^TWII,23226.5,23348.419921875,23216.650390625,23316.599609375,2400700.0,yahoo
2025-02-07,^TWII,23289.970703125,23478.26953125,23254.169921875,23478.26953125,2672200.0,yahoo
2025-02-10,^TWII,23421.76953125,23448.16015625,23163.849609375,23252.140625,2706000.0,yahoo
2025-02-11,^TWII,23321.919921875,23485.509765625,23289.759765625,23384.05078125,2956500.0,yahoo
2025-02-12,^TWII,23449.310546875,23528.609375,23289.75,23289.75,3159400.0,yahoo
2025-02-13,^TWII,23263.279296875,23413.099609375,23206.44921875,23399.41015625,3604700.0,yahoo
2025-02-14,^TWII,23198.390625,23276.240234375,23142.94921875,23152.609375,3818900.0,yahoo
2025-02-17,^TWII,23258.169921875,23510.6796875,23242.83984375,23505.330078125,3408200.0,yahoo
2025-02-18,^TWII,23550.5,23666.109375,23454.08984375,23666.109375,3038600.0,yahoo
2025-02-19,^TWII,23589.439453125,23683.4609375,23550.990234375,23604.080078125,3534600.0,yahoo
2025-02-20,^TWII,23530.970703125,23576.7109375,23400.75,23487.4609375,3563200.0,yahoo
2025-02-21,^TWII,23526.130859375,23732.580078125,23488.419921875,23730.25,3518400.0,yahoo
2025-02-24,^TWII,23573.80078125,23605.220703125,23461.4296875,23565.310546875,3211200.0,yahoo
2025-02-25,^TWII,23376.419921875,23376.419921875,23209.529296875,23285.720703125,3717900.0,yahoo
2025-02-26,^TWII,23221.83984375,23431.240234375,23156.01953125,23402.55078125,3362900.0,yahoo
2025-02-27,^TWII,23446.4609375,23487.73046875,23053.1796875,23053.1796875,5093000.0,yahoo
2025-03-03,^TWII,22734.05078125,22775.01953125,22611.099609375,22756.25,3324900.0,yahoo
2025-03-04,^TWII,22508.80078125,22700.939453125,22359.5,22596.880859375,3100900.0,yahoo
2025-03-05,^TWII,22778.859375,22948.30078125,22757.220703125,22871.900390625,3075000.0,yahoo
2025-03-06,^TWII,22930.109375,22979.970703125,22715.4296875,22715.4296875,2851500.0,yahoo
2025-03-07,^TWII,22696.23046875,22747.109375,22542.080078125,22576.0703125,2987500.0,yahoo
2025-03-10,^TWII,22548.98046875,22641.25,22407.5703125,22459.150390625,3078100.0,yahoo
2025-03-11,^TWII,22126.060546875,22140.390625,21769.5703125,22071.08984375,3604700.0,yahoo
2025-03-12,^TWII,22171.099609375,22391.470703125,22153.609375,22278.359375,3159800.0,yahoo
2025-03-13,^TWII,22403.33984375,22552.4296875,21961.6796875,21961.6796875,3666300.0,yahoo
2025-03-14,^TWII,21986.810546875,22074.029296875,21895.900390625,21968.05078125,3373300.0,yahoo
2025-03-17,^TWII,22137.529296875,22306.830078125,22110.080078125,22118.630859375,2961500.0,yahoo
2025-03-18,^TWII,22204.619140625,22327.099609375,22186.419921875,22271.669921875,2652000.0,yahoo
2025-03-19,^TWII,22245.419921875,22247.66015625,21942.689453125,21960.830078125,2916300.0,yahoo
2025-03-20,^TWII,22171.0,22377.259765625,22171.0,22377.259765625,2626000.0,yahoo
2025-03-21,^TWII,22362.380859375,22366.94921875,22200.23046875,22209.099609375,3597700.0,yahoo
2025-03-24,^TWII,22348.380859375,22380.73046875,22106.640625,22106.640625,2651400.0,yahoo
2025-03-25,^TWII,22269.369140625,22414.01953125,22228.6796875,22273.189453125,2553000.0,yahoo
2025-03-26,^TWII,22327.609375,22398.119140625,22235.890625,22260.2890625,2295800.0,yahoo
2025-03-27,^TWII,22093.19921875,22093.19921875,21919.400390625,21951.759765625,2674800.0,yahoo
2025-03-28,^TWII,21836.16015625,21836.16015625,21525.05078125,21602.890625,3242700.0,yahoo
2025-03-31,^TWII,21254.630859375,21254.630859375,20695.900390625,20695.900390625,4034100.0,yahoo
2025-04-01,^TWII,20884.529296875,21315.51953125,20884.529296875,21280.169921875,2753300.0,yahoo
2025-04-02,^TWII,21313.76953125,21390.51953125,21235.990234375,21298.220703125,2300200.0,yahoo
2025-04-07,^TWII,20153.5703125,20153.5703125,19212.01953125,19232.349609375,1558900.0,yahoo
2025-04-08,^TWII,19064.470703125,19064.470703125,18180.48046875,18459.94921875,5839900.0,yahoo
2025-04-09,^TWII,18337.439453125,18371.51953125,17306.970703125,17391.759765625,6177900.0,yahoo
2025-04-10,^TWII,18256.470703125,19024.470703125,18256.470703125,19000.029296875,2659600.0,yahoo
2025-04-11,^TWII,18772.5,19528.76953125,18418.19921875,19528.76953125,4766500.0,yahoo
2025-04-14,^TWII,19686.6796875,20023.630859375,19508.9296875,19513.08984375,4176300.0,yahoo
2025-04-15,^TWII,19609.900390625,19895.4296875,19576.150390625,19857.669921875,2866400.0,yahoo
2025-04-16,^TWII,19737.08984375,19737.08984375,19453.140625,19468.0,2805300.0,yahoo
2025-04-17,^TWII,19389.51953125,19478.0,19196.470703125,19338.73046875,2300500.0,yahoo
2025-04-18,^TWII,19423.98046875,19499.279296875,19376.349609375,19395.029296875,2123700.0,yahoo
2025-04-21,^TWII,19321.140625,19359.9609375,19080.599609375,19106.19921875,2325500.0,yahoo
2025-04-22,^TWII,18990.859375,19059.650390625,18793.4296875,18793.4296875,2526000.0,yahoo
2025-04-23,^TWII,19163.609375,19639.140625,19163.609375,19639.140625,2694600.0,yahoo
2025-04-24,^TWII,19752.58984375,19752.58984375,19433.369140625,19478.810546875,2418200.0,yahoo
2025-04-25,^TWII,19861.240234375,20012.26953125,19861.240234375,19872.73046875,2674500.0,yahoo
2025-04-28,^TWII,19972.0703125,20073.75,19972.0703125,20034.41015625,2131000.0,yahoo
2025-04-29,^TWII,20018.3203125,20232.630859375,20007.30078125,20232.630859375,2538500.0,yahoo
2025-04-30,^TWII,20215.390625,20331.890625,20185.310546875,20235.029296875,2806300.0,yahoo
2025-05-02,^TWII,20534.080078125,20787.640625,20534.080078125,20787.640625,2779300.0,yahoo
2025-05-05,^TWII,20839.0390625,20885.5390625,20320.80078125,20532.990234375,3929000.0,yahoo
2025-05-06,^TWII,20353.880859375,20623.849609375,20349.560546875,20522.58984375,3091500.0,yahoo
2025-05-07,^TWII,20575.150390625,20685.279296875,20418.029296875,20546.490234375,2681400.0,yahoo
2025-05-08,^TWII,20559.650390625,20747.279296875,20543.400390625,20543.400390625,2348100.0,yahoo
2025-05-09,^TWII,20690.80078125,20915.0390625,20643.560546875,20915.0390625,2744700.0,yahoo
2025-05-12,^TWII,20996.94921875,21176.130859375,20996.94921875,21129.5390625,2687300.0,yahoo
2025-05-13,^TWII,21474.01953125,21626.279296875,21330.140625,21330.140625,3601900.0,yahoo
2025-05-14,^TWII,21552.419921875,21782.869140625,21552.419921875,21782.869140625,3656500.0,yahoo
2025-05-15,^TWII,21776.650390625,21821.009765625,21674.3203125,21730.25,3543000.0,yahoo
2025-05-16,^TWII,21731.880859375,21854.5,21697.849609375,21843.689453125,3714600.0,yahoo
2025-05-19,^TWII,21786.330078125,21786.330078125,21496.689453125,21523.830078125,3401200.0,yahoo
2025-05-20,^TWII,21631.609375,21746.560546875,21517.099609375,21526.029296875,2908900.0,yahoo
2025-05-21,^TWII,21603.580078125,21879.240234375,21603.580078125,21803.91015625,3078500.0,yahoo
2025-05-22,^TWII,21733.8203125,21733.8203125,21585.310546875,21670.9609375,3137400.0,yahoo
2025-05-23,^TWII,21766.240234375,21798.880859375,21559.779296875,21652.240234375,3065000.0,yahoo
2025-05-26,^TWII,21577.640625,21688.44921875,21536.5703125,21536.5703125,3105400.0,yahoo
2025-05-27,^TWII,21491.650390625,21558.470703125,21310.0,21336.5390625,3512400.0,yahoo
2025-05-28,^TWII,21539.150390625,21634.369140625,21305.73046875,21357.720703125,3647300.0,yahoo
2025-05-29,^TWII,21531.2890625,21605.259765625,21347.30078125,21347.30078125,5081700.0,yahoo
2025-06-02,^TWII,21253.970703125,21256.099609375,20940.98046875,21002.7109375,3805400.0,yahoo
2025-06-03,^TWII,21126.69921875,21303.2109375,21110.630859375,21126.9296875,3739600.0,yahoo
2025-06-04,^TWII,21341.439453125,21618.08984375,21341.439453125,21618.08984375,4061200.0,yahoo
2025-06-05,^TWII,21695.9296875,21738.9296875,21626.740234375,21674.4296875,3521900.0,yahoo
2025-06-06,^TWII,21637.76953125,21702.4609375,21606.69921875,21660.66015625,2964300.0,yahoo
2025-06-09,^TWII,21773.44921875,21866.26953125,21717.51953125,21790.2890625,3035200.0,yahoo
2025-06-10,^TWII,21921.240234375,22294.859375,21921.240234375,22242.140625,3534000.0,yahoo
2025-06-11,^TWII,22376.369140625,22470.099609375,22294.599609375,22470.099609375,3669800.0,yahoo
2025-06-12,^TWII,22362.669921875,22390.169921875,22253.640625,22287.8203125,3060300.0,yahoo
2025-06-13,^TWII,22215.5,22228.009765625,21984.359375,22072.94921875,3285000.0,yahoo
2025-06-16,^TWII,22058.5703125,22094.599609375,21936.380859375,22049.900390625,2521300.0,yahoo
2025-06-17,^TWII,22172.58984375,22331.689453125,22118.4609375,22211.58984375,3044000.0,yahoo
2025-06-18,^TWII,22135.830078125,22370.25,22104.6796875,22356.73046875,3214600.0,yahoo
2025-06-19,^TWII,22238.099609375,22249.400390625,21973.0390625,22003.5,3057900.0,yahoo
2025-06-20,^TWII,21960.509765625,22089.48046875,21779.55078125,22045.740234375,4418300.0,yahoo
2025-06-23,^TWII,21750.69921875,21801.3203125,21551.580078125,21732.01953125,3015300.0,yahoo
2025-06-24,^TWII,22001.48046875,22201.05078125,22001.48046875,22188.759765625,3767600.0,yahoo
2025-06-25,^TWII,22341.869140625,22444.509765625,22284.51953125,22430.609375,3405900.0,yahoo
2025-06-26,^TWII,22425.390625,22587.669921875,22391.26953125,22492.33984375,3685100.0,yahoo
2025-06-27,^TWII,22503.849609375,22580.080078125,22388.58984375,22580.080078125,3454100.0,yahoo
2025-06-30,^TWII,22508.330078125,22558.94921875,22256.01953125,22256.01953125,3443500.0,yahoo
2025-07-01,^TWII,22419.740234375,22730.759765625,22401.580078125,22553.720703125,3676400.0,yahoo
2025-07-02,^TWII,22463.55078125,22577.740234375,22396.259765625,22577.740234375,2897200.0,yahoo
2025-07-03,^TWII,22707.41015625,22816.19921875,22700.859375,22712.970703125,3368000.0,yahoo
2025-07-04,^TWII,22756.55078125,22842.75,22500.970703125,22547.5,3270200.0,yahoo
2025-07-07,^TWII,22550.140625,22550.5,22294.109375,22428.720703125,2570300.0,yahoo
2025-07-08,^TWII,22375.650390625,22375.650390625,22190.4609375,22362.26953125,2661400.0,yahoo
2025-07-09,^TWII,22253.169921875,22527.009765625,22211.099609375,22527.009765625,2907300.0,yahoo
2025-07-10,^TWII,22566.509765625,22699.2890625,22513.349609375,22693.25,2829400.0,yahoo
2025-07-11,^TWII,22602.810546875,22770.009765625,22601.94921875,22751.029296875,4446700.0,yahoo
2025-07-14,^TWII,22679.1796875,22735.23046875,22525.66015625,22614.970703125,2557300.0,yahoo
2025-07-15,^TWII,22618.4296875,22888.23046875,22588.259765625,22835.939453125,2696000.0,yahoo
2025-07-16,^TWII,22967.509765625,23106.4296875,22923.119140625,23042.900390625,3171200.0,yahoo
2025-07-17,^TWII,23042.970703125,23159.5390625,22923.369140625,23113.279296875,3078000.0,yahoo
2025-07-18,^TWII,23345.720703125,23468.2109375,23276.01953125,23383.130859375,2995200.0,yahoo
2025-07-21,^TWII,23314.2890625,23403.830078125,23243.7890625,23340.560546875,2784300.0,yahoo
2025-07-22,^TWII,23301.66015625,23486.080078125,22985.900390625,22987.919921875,3764700.0,yahoo
2025-07-23,^TWII,23063.5703125,23318.669921875,23063.5703125,23318.669921875,3346500.0,yahoo
2025-07-24,^TWII,23373.669921875,23455.08984375,23295.310546875,23373.73046875,3659600.0,yahoo
2025-07-25,^TWII,23454.58984375,23485.560546875,23308.44921875,23364.380859375,2946900.0,yahoo
2025-07-28,^TWII,23477.099609375,23564.439453125,23350.73046875,23412.98046875,3255000.0,yahoo
2025-07-29,^TWII,23414.359375,23422.169921875,23094.669921875,23201.51953125,3565200.0,yahoo
2025-07-30,^TWII,23288.720703125,23461.720703125,23264.640625,23461.720703125,3352200.0,yahoo
2025-07-31,^TWII,23523.58984375,23631.109375,23454.439453125,23542.51953125,3757100.0,yahoo
2025-08-01,^TWII,23318.369140625,23484.2109375,23168.26953125,23434.380859375,3402400.0,yahoo
2025-08-04,^TWII,23260.1796875,23378.939453125,23151.650390625,23378.939453125,3191500.0,yahoo
2025-08-05,^TWII,23498.400390625,23671.83984375,23498.400390625,23660.58984375,3421400.0,yahoo
2025-08-06,^TWII,23443.359375,23557.490234375,23433.529296875,23447.359375,3264600.0,yahoo
2025-08-07,^TWII,23717.349609375,24050.5390625,23717.349609375,24003.76953125,3487700.0,yahoo
2025-08-08,^TWII,24026.650390625,24131.4609375,23967.990234375,24021.259765625,3790600.0,yahoo
2025-08-11,^TWII,23980.390625,24249.05078125,23887.25,24135.5,3851900.0,yahoo
2025-08-12,^TWII,24182.83984375,24263.919921875,24065.4296875,24158.359375,4193700.0,yahoo
2025-08-13,^TWII,24232.0390625,24406.939453125,24172.189453125,24370.01953125,4867300.0,yahoo
2025-08-14,^TWII,24258.5,24389.509765625,24198.880859375,24238.099609375,4491700.0,yahoo
2025-08-15,^TWII,24266.23046875,24385.560546875,24164.4296875,24334.48046875,4491700.0,yahoo
2025-08-18,^TWII,24272.55078125,24515.650390625,24257.30078125,24482.51953125,4745200.0,yahoo
2025-08-19,^TWII,24493.919921875,24551.419921875,24324.2890625,24353.5,4734800.0,yahoo
2025-08-20,^TWII,24309.26953125,24309.26953125,23620.240234375,23625.439453125,4336000.0,yahoo
2025-08-21,^TWII,23739.830078125,24011.5,23739.830078125,23962.130859375,3924400.0,yahoo
2025-08-22,^TWII,24033.01953125,24071.650390625,23764.470703125,23764.470703125,3633100.0,yahoo
2025-08-25,^TWII,24108.810546875,24362.01953125,24108.75,24277.380859375,3818800.0,yahoo
2025-08-26,^TWII,24237.359375,24382.419921875,24113.029296875,24305.099609375,5104500.0,yahoo
2025-08-27,^TWII,24449.810546875,24539.880859375,24410.080078125,24519.900390625,4022200.0,yahoo
2025-08-28,^TWII,24468.119140625,24502.369140625,24236.44921875,24236.44921875,4093700.0,yahoo
2025-08-29,^TWII,24438.029296875,24570.150390625,24233.099609375,24233.099609375,4230800.0,yahoo
2025-09-01,^TWII,24143.369140625,24312.830078125,23885.41015625,24071.73046875,3978800.0,yahoo
2025-09-02,^TWII,24113.900390625,24295.029296875,23890.330078125,24016.779296875,3621600.0,yahoo
2025-09-03,^TWII,24036.880859375,24103.23046875,23925.490234375,24100.30078125,3208300.0,yahoo
2025-09-04,^TWII,24235.26953125,24389.349609375,24168.16015625,24179.849609375,4098500.0,yahoo
2025-09-05,^TWII,24244.259765625,24494.580078125,24244.259765625,24494.580078125,3935800.0,yahoo
2025-09-08,^TWII,24610.849609375,24729.9609375,24547.380859375,24547.380859375,4221200.0,yahoo
2025-09-09,^TWII,24650.4609375,24880.0703125,24650.4609375,24855.1796875,4235300.0,yahoo
2025-09-10,^TWII,25032.880859375,25272.23046875,25032.880859375,25192.58984375,4503300.0,yahoo
2025-09-11,^TWII,25509.30078125,25541.439453125,25174.130859375,25215.7109375,5159400.0,yahoo
2025-09-12,^TWII,25349.69921875,25492.279296875,25349.69921875,25474.640625,4362700.0,yahoo
2025-09-15,^TWII,25494.099609375,25519.939453125,25284.169921875,25357.16015625,3734300.0,yahoo
2025-09-16,^TWII,25335.4609375,25664.810546875,25335.4609375,25629.640625,4224500.0,yahoo
2025-09-17,^TWII,25543.91015625,25632.0703125,25422.9609375,25438.25,4404600.0,yahoo
2025-09-18,^TWII,25543.169921875,25769.359375,25475.25,25769.359375,4746200.0,yahoo
2025-09-19,^TWII,25794.66015625,25864.009765625,25578.369140625,25578.369140625,6041400.0,yahoo
2025-09-22,^TWII,25599.599609375,25887.689453125,25599.599609375,25880.599609375,4316700.0,yahoo
2025-09-23,^TWII,26121.0,26307.30078125,26041.689453125,26247.369140625,4775000.0,yahoo
2025-09-24,^TWII,26389.16015625,26394.029296875,26045.470703125,26196.73046875,4309500.0,yahoo
2025-09-25,^TWII,26067.970703125,26247.849609375,26023.849609375,26023.849609375,5318500.0,yahoo
2025-09-26,^TWII,25998.279296875,25998.279296875,25469.0390625,25580.3203125,4370400.0,yahoo
2025-09-30,^TWII,25738.310546875,25975.83984375,25738.310546875,25820.5390625,3601000.0,yahoo
2025-10-01,^TWII,26078.2890625,26325.7890625,25982.91015625,25982.91015625,4127200.0,yahoo
2025-10-02,^TWII,26392.310546875,26489.7890625,26330.25,26378.390625,4331900.0,yahoo
2025-10-03,^TWII,26435.099609375,26761.060546875,26410.029296875,26761.060546875,3947400.0,yahoo
2025-10-07,^TWII,27029.279296875,27301.419921875,27017.080078125,27211.94921875,4714200.0,yahoo
2025-10-08,^TWII,26999.8203125,27110.4296875,26883.990234375,27063.6796875,4475000.0,yahoo
2025-10-09,^TWII,27301.609375,27463.119140625,27253.0703125,27301.919921875,5551400.0,yahoo
2025-10-13,^TWII,26762.599609375,26965.720703125,26470.439453125,26923.419921875,4848200.0,yahoo
2025-10-14,^TWII,27282.099609375,27507.16015625,26764.060546875,26793.150390625,6407700.0,yahoo
2025-10-15,^TWII,26911.05078125,27275.7109375,26773.150390625,27275.7109375,4438300.0,yahoo
2025-10-16,^TWII,27337.3203125,27732.779296875,27337.3203125,27647.869140625,4657900.0,yahoo
2025-10-17,^TWII,27399.91015625,27513.08984375,27302.369140625,27302.369140625,4488400.0,yahoo
2025-10-20,^TWII,27480.439453125,27768.26953125,27412.44921875,27688.630859375,4283400.0,yahoo
2025-10-21,^TWII,27742.55078125,27969.05078125,27742.55078125,27752.41015625,4293000.0,yahoo
2025-10-22,^TWII,27614.109375,27725.830078125,27490.890625,27648.91015625,3944200.0,yahoo
2025-10-23,^TWII,27457.0703125,27586.849609375,27371.669921875,27532.259765625,3819800.0,yahoo
2025-10-27,^TWII,28029.880859375,28196.330078125,27993.630859375,27993.630859375,4954700.0,yahoo
2025-10-28,^TWII,28041.009765625,28087.9296875,27885.619140625,27949.109375,5011300.0,yahoo
2025-10-29,^TWII,28157.91015625,28395.310546875,28139.650390625,28294.740234375,5040500.0,yahoo
2025-10-30,^TWII,28350.240234375,28527.6796875,28116.599609375,28287.529296875,5137600.0,yahoo
2025-10-31,^TWII,28280.470703125,28489.759765625,28233.349609375,28233.349609375,4459700.0,yahoo
2025-11-03,^TWII,28253.529296875,28494.990234375,28150.44921875,28334.58984375,3968500.0,yahoo
2025-11-04,^TWII,28364.759765625,28554.609375,28033.619140625,28116.560546875,4218000.0,yahoo
2025-11-05,^TWII,27785.91015625,27799.08984375,27373.05078125,27717.060546875,4085800.0,yahoo
2025-11-06,^TWII,27906.439453125,28061.529296875,27879.69921875,27899.44921875,4125700.0,yahoo
2025-11-07,^TWII,27818.5390625,27818.5390625,27621.48046875,27651.41015625,4344700.0,yahoo
2025-11-10,^TWII,27805.470703125,27976.890625,27680.509765625,27869.509765625,4157600.0,yahoo
2025-11-11,^TWII,28031.5390625,28187.69921875,27784.94921875,27784.94921875,5302400.0,yahoo
2025-11-12,^TWII,27853.470703125,28071.759765625,27799.919921875,27947.08984375,5291300.0,yahoo
2025-11-13,^TWII,27867.58984375,28038.240234375,27811.810546875,27903.560546875,6572900.0,yahoo
2025-11-14,^TWII,27816.44921875,27816.44921875,27383.33984375,27397.5,5171300.0,yahoo
2025-11-17,^TWII,27600.740234375,27723.76953125,27447.310546875,27447.310546875,4781900.0,yahoo
2025-11-18,^TWII,27310.400390625,27310.400390625,26756.119140625,26756.119140625,5433000.0,yahoo
2025-11-19,^TWII,26708.279296875,26902.970703125,26580.119140625,26580.119140625,4448000.0,yahoo
2025-11-20,^TWII,27212.91015625,27493.630859375,27183.029296875,27426.359375,4862100.0,yahoo
2025-11-21,^TWII,26821.970703125,26821.970703125,26395.98046875,26434.939453125,4006000.0,yahoo
2025-11-24,^TWII,26596.029296875,26764.130859375,26482.330078125,26504.240234375,6156100.0,yahoo
2025-11-25,^TWII,26995.900390625,27118.01953125,26793.7109375,26912.169921875,3724900.0,yahoo
2025-11-26,^TWII,27063.169921875,27409.5390625,27063.169921875,27409.5390625,4016500.0,yahoo
2025-11-27,^TWII,27517.240234375,27659.060546875,27436.58984375,27554.529296875,3621100.0,yahoo
2025-11-28,^TWII,27566.119140625,27796.900390625,27566.119140625,27626.48046875,3953500.0,yahoo
2025-12-01,^TWII,27674.16015625,27697.060546875,27342.529296875,27342.529296875,3774100.0,yahoo
2025-12-02,^TWII,27550.349609375,27741.890625,27477.099609375,27564.26953125,4210100.0,yahoo
2025-12-03,^TWII,27605.630859375,27847.669921875,27605.630859375,27793.0390625,3769000.0,yahoo
2025-12-04,^TWII,27773.419921875,27880.23046875,27636.630859375,27795.7109375,3599700.0,yahoo
2025-12-05,^TWII,27796.4296875,27980.890625,27738.5,27980.890625,3817000.0,yahoo
2025-12-08,^TWII,28034.0,28303.779296875,28026.390625,28303.779296875,4068700.0,yahoo
2025-12-09,^TWII,28364.0390625,28390.240234375,28157.26953125,28182.599609375,4898300.0,yahoo
2025-12-10,^TWII,28190.759765625,28417.08984375,28190.759765625,28400.73046875,4773000.0,yahoo
2025-12-11,^TWII,28385.23046875,28568.01953125,27984.189453125,28024.75,4248000.0,yahoo
2025-12-12,^TWII,28097.5390625,28272.060546875,28071.33984375,28198.01953125,4802600.0,yahoo
2025-12-15,^TWII,28119.7890625,28119.7890625,27684.869140625,27866.939453125,4157000.0,yahoo
2025-12-16,^TWII,27721.099609375,27740.66015625,27355.669921875,27536.66015625,5140200.0,yahoo
2025-12-17,^TWII,27596.1796875,27780.689453125,27469.599609375,27525.169921875,5499500.0,yahoo
2025-12-18,^TWII,27447.44921875,27569.439453125,27350.76953125,27468.529296875,4799900.0,yahoo
2025-12-19,^TWII,27685.740234375,27869.779296875,27672.05078125,27696.349609375,5627700.0,yahoo
2025-12-22,^TWII,27986.66015625,28168.75,27986.66015625,28149.640625,5026500.0,yahoo
2025-12-23,^TWII,28253.140625,28350.369140625,28212.83984375,28310.470703125,4559700.0,yahoo
2025-12-24,^TWII,28383.609375,28486.380859375,28280.58984375,28371.98046875,4612900.0,yahoo
2025-12-26,^TWII,28443.48046875,28590.91015625,28404.33984375,28556.01953125,4511200.0,yahoo
2025-12-29,^TWII,28662.7890625,28841.640625,28595.349609375,28810.890625,4440500.0,yahoo
2025-12-30,^TWII,28723.8203125,28833.029296875,28553.640625,28707.130859375,5135300.0,yahoo
2025-12-31,^TWII,28723.490234375,29009.810546875,28687.900390625,28963.599609375,5689400.0,yahoo
2026-01-02,^TWII,29016.6796875,29363.4296875,29007.75,29349.810546875,5945900.0,yahoo
2026-01-05,^TWII,29779.69921875,30339.3203125,29779.69921875,30105.0390625,6274000.0,yahoo
2026-01-06,^TWII,29933.650390625,30576.30078125,29933.650390625,30576.30078125,6867900.0,yahoo
2026-01-07,^TWII,30412.3203125,30570.259765625,30306.16015625,30435.470703125,8350800.0,yahoo
2026-01-08,^TWII,30330.580078125,30593.490234375,30268.359375,30360.55078125,8283300.0,yahoo
2026-01-09,^TWII,30370.44921875,30500.419921875,29925.490234375,30288.9609375,6518900.0,yahoo
2026-01-12,^TWII,30472.69921875,30681.990234375,30472.69921875,30567.2890625,5720700.0,yahoo
2026-01-13,^TWII,30630.859375,30973.849609375,30529.330078125,30707.220703125,6687400.0,yahoo
2026-01-14,^TWII,30742.529296875,30994.810546875,30742.529296875,30941.779296875,6046100.0,yahoo
2026-01-15,^TWII,30746.98046875,30877.310546875,30663.869140625,30810.580078125,6569600.0,yahoo
2026-01-16,^TWII,30844.630859375,31475.220703125,30844.630859375,31408.69921875,7323000.0,yahoo
2026-01-19,^TWII,31336.76953125,31827.390625,31285.529296875,31639.2890625,7864700.0,yahoo
2026-01-20,^TWII,31584.33984375,31759.990234375,31340.099609375,31759.990234375,7884000.0,yahoo
2026-01-21,^TWII,31749.140625,31749.140625,31200.759765625,31246.369140625,8417100.0,yahoo
2026-01-22,^TWII,31371.130859375,31890.619140625,31371.130859375,31746.080078125,7642300.0,yahoo
2026-01-23,^TWII,31788.76953125,32042.439453125,31693.150390625,31961.509765625,7178200.0,yahoo
2026-01-26,^TWII,32002.560546875,32196.75,31989.859375,32064.51953125,6470200.0,yahoo
2026-01-27,^TWII,32095.080078125,32428.169921875,32095.080078125,32317.919921875,7511200.0,yahoo
2026-01-28,^TWII,32381.759765625,32803.8203125,32381.759765625,32803.8203125,7408400.0,yahoo
2026-01-29,^TWII,32828.01953125,32996.03125,32472.44921875,32536.26953125,7939900.0,yahoo
2026-01-30,^TWII,32555.51953125,32555.51953125,32004.9609375,32063.75,8004400.0,yahoo
2026-02-02,^TWII,32008.4609375,32008.4609375,31359.94921875,31624.029296875,6128700.0,yahoo
2026-02-03,^TWII,31737.66015625,32293.830078125,31737.66015625,32195.359375,6083600.0,yahoo
2026-02-04,^TWII,32196.5703125,32380.0,31942.279296875,32289.810546875,5481900.0,yahoo
2026-02-05,^TWII,32241.640625,32241.640625,31769.080078125,31801.26953125,5843100.0,yahoo
2026-02-06,^TWII,31746.439453125,31842.619140625,31164.279296875,31782.919921875,5482300.0,yahoo
2026-02-09,^TWII,31956.2109375,32666.05078125,31956.2109375,32404.619140625,4854000.0,yahoo
2026-02-10,^TWII,32439.7109375,33072.96875,32439.7109375,33072.96875,4429000.0,yahoo
2026-02-11,^TWII,33086.1484375,33707.828125,33071.671875,33605.7109375,5334200.0,yahoo
2026-02-23,^TWII,33663.01953125,34212.37890625,33663.01953125,33773.26171875,6847600.0,yahoo
2026-02-24,^TWII,34020.7109375,34786.421875,33987.51171875,34700.8203125,6653800.0,yahoo
2026-02-25,^TWII,34753.30859375,35521.5390625,34753.30859375,35413.0703125,8280600.0,yahoo
2026-02-26,^TWII,35457.76171875,35579.33984375,35171.51953125,35414.48828125,8684700.0,yahoo
2026-03-02,^TWII,35277.48046875,35345.71875,34605.359375,35095.08984375,7852100.0,yahoo
2026-03-03,^TWII,35106.21875,35264.58984375,34323.6484375,34323.6484375,8829900.0,yahoo
2026-03-04,^TWII,34228.75,34228.75,32828.87890625,32828.87890625,7817200.0,yahoo
2026-03-05,^TWII,33620.73828125,34319.6796875,33472.91015625,33672.94140625,5789800.0,yahoo
2026-03-06,^TWII,33483.94140625,33829.48828125,33322.51953125,33599.5390625,5479700.0,yahoo
2026-03-09,^TWII,32354.609375,32354.609375,31529.359375,32110.419921875,6749000.0,yahoo
2026-03-10,^TWII,32692.369140625,33256.69140625,32455.19921875,32771.87109375,6268300.0,yahoo
2026-03-11,^TWII,33128.48828125,34218.66015625,33128.48828125,34114.19140625,5854600.0,yahoo
2026-03-12,^TWII,33816.1484375,34019.48046875,33458.640625,33581.859375,7553100.0,yahoo
2026-03-13,^TWII,33215.78125,33639.1796875,33013.4609375,33400.3203125,6795000.0,yahoo
2026-03-16,^TWII,33541.25,33765.80859375,33278.05859375,33342.51171875,6288500.0,yahoo
2026-03-17,^TWII,33380.83984375,34008.69921875,33380.83984375,33836.5703125,6564400.0,yahoo
2026-03-18,^TWII,33929.28125,34423.66015625,33929.28125,34348.578125,7008700.0,yahoo
2026-03-19,^TWII,34279.12109375,34279.12109375,33663.78125,33689.6796875,6675700.0,yahoo
2026-03-20,^TWII,33719.8515625,33989.1796875,33379.23828125,33543.87890625,7825000.0,yahoo
2026-03-23,^TWII,33334.0,33334.0,32461.08984375,32722.5,5505600.0,yahoo
2026-03-24,^TWII,33062.890625,33361.4609375,32434.5390625,32612.240234375,5184200.0,yahoo
2026-03-25,^TWII,32725.26953125,33705.75,32725.26953125,33439.109375,4540400.0,yahoo
2026-03-26,^TWII,33575.6015625,33892.55859375,33337.62109375,33337.62109375,5141000.0,yahoo
2026-03-27,^TWII,33267.25,33267.25,32669.390625,33112.58984375,4967400.0,yahoo
2026-03-30,^TWII,33009.6796875,33009.6796875,32326.369140625,32518.16015625,5026000.0,yahoo
2026-03-31,^TWII,32419.0,32453.380859375,31705.990234375,31722.990234375,5862700.0,yahoo
2026-04-01,^TWII,31892.330078125,33182.21875,31892.330078125,33174.8203125,4716000.0,yahoo
2026-04-02,^TWII,33218.01953125,33497.578125,32516.939453125,32572.4296875,5332000.0,yahoo
2026-04-07,^TWII,32671.51953125,33264.21875,32671.51953125,33229.8203125,4475300.0,yahoo
2026-04-08,^TWII,33379.5,34761.37890625,33379.5,34761.37890625,5671700.0,yahoo
2026-04-09,^TWII,34779.9609375,34884.44921875,34617.33984375,34861.16015625,6586300.0,yahoo
2026-04-10,^TWII,34950.87109375,35417.828125,34950.87109375,35417.828125,6752000.0,yahoo
2026-04-13,^TWII,35422.91015625,35552.48828125,35261.73046875,35457.2890625,5566000.0,yahoo
2026-04-14,^TWII,35584.08984375,36341.44140625,35584.08984375,36296.12109375,7184600.0,yahoo
2026-04-15,^TWII,36369.109375,37064.16015625,36369.109375,36722.140625,7050400.0,yahoo
2026-04-16,^TWII,36759.53125,37135.55078125,36751.08984375,37132.01953125,6694200.0,yahoo
2026-04-17,^TWII,37145.66015625,37145.66015625,36776.28125,36804.33984375,6808300.0,yahoo
2026-04-20,^TWII,36850.23828125,37344.5,36850.23828125,36958.80078125,6458900.0,yahoo
2026-04-21,^TWII,37051.25,37781.828125,37051.25,37605.109375,6360500.0,yahoo
2026-04-22,^TWII,37627.19921875,38096.87890625,37623.37890625,37878.46875,6248000.0,yahoo
2026-04-23,^TWII,37971.69140625,38921.94921875,37164.44140625,37714.1484375,8516700.0,yahoo
2026-04-24,^TWII,37862.6484375,38989.94140625,37862.6484375,38932.3984375,5653800.0,yahoo
2026-04-27,^TWII,39858.19140625,40194.921875,39607.73828125,39616.62890625,5805300.0,yahoo
2026-04-28,^TWII,39531.9296875,40101.23046875,39521.73046875,39521.73046875,5020400.0,yahoo
2026-04-29,^TWII,39176.23828125,39548.1796875,38896.30078125,39303.5,5009300.0,yahoo
2026-04-30,^TWII,39571.4609375,39848.21875,38926.62890625,38926.62890625,5678600.0,yahoo
2026-05-04,^TWII,39228.390625,40755.51953125,39228.390625,40705.140625,5642100.0,yahoo
2026-05-05,^TWII,40708.3984375,40885.05078125,40522.78125,40769.2890625,6050000.0,yahoo
2026-05-06,^TWII,40983.0390625,41575.83984375,40616.28125,41138.8515625,8107500.0,yahoo
2026-05-07,^TWII,41259.9609375,42156.05859375,41259.9609375,41933.78125,7835100.0,yahoo
2026-05-08,^TWII,41886.03125,42038.6015625,41132.25,41603.94140625,7818600.0,yahoo
2026-05-11,^TWII,41714.0,42021.78125,41529.25,41790.05859375,6722000.0,yahoo
2026-05-12,^TWII,41880.66015625,42253.421875,41471.5703125,41898.3203125,8332000.0,yahoo
2026-05-13,^TWII,41795.921875,41795.921875,41014.53125,41374.5,8129100.0,yahoo
2026-05-14,^TWII,41496.23046875,42205.62109375,41496.23046875,41751.75,7982100.0,yahoo
2026-05-15,^TWII,41830.421875,42408.66015625,41016.73046875,41172.359375,8185700.0,yahoo
2026-05-18,^TWII,41095.8203125,41095.8203125,40170.171875,40891.8203125,6319000.0,yahoo
2026-05-19,^TWII,40883.421875,40951.55859375,40168.51171875,40175.55859375,6548000.0,yahoo
2026-05-20,^TWII,40204.16015625,40439.0390625,39967.078125,40020.8203125,6049500.0,yahoo
2026-05-21,^TWII,40263.1796875,41606.91015625,40263.1796875,41368.2109375,6705300.0,yahoo
2026-05-22,^TWII,41447.921875,42357.6015625,41447.921875,42267.96875,7704200.0,yahoo
2026-05-25,^TWII,42667.87109375,43645.78125,42667.87109375,43644.3984375,8500300.0,yahoo
2026-05-26,^TWII,43708.890625,44097.62890625,43349.76953125,43525.37109375,11150100.0,yahoo
2026-05-27,^TWII,43842.26171875,44818.25,43842.26171875,44256.80078125,10615800.0,yahoo
2026-05-28,^TWII,44240.80078125,44954.08984375,43236.359375,43636.44140625,10946500.0,yahoo
2026-05-29,^TWII,43815.48046875,44933.94921875,43815.48046875,44732.94140625,12618300.0,yahoo
2026-06-01,^TWII,44872.8203125,45931.1015625,44872.8203125,45337.91015625,9887600.0,yahoo
2026-06-02,^TWII,45388.9296875,45915.921875,44869.37890625,45557.30859375,11590000.0,yahoo
2026-06-03,^TWII,45660.4609375,46552.16015625,45660.4609375,46459.16015625,11629900.0,yahoo
2026-06-04,^TWII,46364.0703125,46364.0703125,45677.4609375,45677.4609375,10148400.0,yahoo
2026-06-05,^TWII,45619.8203125,45619.8203125,44209.53125,45070.94140625,8445300.0,yahoo
2026-06-08,^TWII,44507.48828125,44507.48828125,42376.859375,43502.78125,6465800.0,yahoo
2026-06-09,^TWII,43687.62109375,44821.7109375,43687.62109375,44704.44140625,7468300.0,yahoo
2026-06-10,^TWII,44581.44921875,44676.48828125,43225.5390625,43225.5390625,7804700.0,yahoo
2026-06-11,^TWII,43172.2109375,43463.03125,42006.390625,43149.4609375,6756200.0,yahoo
2026-06-12,^TWII,43587.62890625,44798.87890625,43587.62890625,44169.0390625,6583000.0,yahoo
2026-06-15,^TWII,44447.87109375,45483.62890625,44447.87109375,45396.98828125,6161900.0,yahoo
2026-06-16,^TWII,45500.078125,45809.19140625,45266.33984375,45809.19140625,6574400.0,yahoo
2026-06-17,^TWII,45685.26953125,45877.390625,45159.51171875,45877.390625,6992700.0,yahoo
2026-06-18,^TWII,45972.26171875,46565.69921875,45972.26171875,46465.19921875,9801100.0,yahoo
2026-06-22,^TWII,46679.5703125,47871.19140625,46679.5703125,47741.51171875,8634300.0,yahoo
2026-06-23,^TWII,47795.08984375,48218.87109375,47100.6484375,47100.6484375,9602200.0,yahoo
2026-06-24,^TWII,46909.98046875,46909.98046875,45819.7109375,46043.6015625,8877500.0,yahoo
2026-06-25,^TWII,46339.6796875,46785.44921875,46048.69921875,46255.26171875,7621600.0,yahoo
2026-06-26,^TWII,46188.6015625,46188.6015625,44454.21875,44571.76171875,7695600.0,yahoo
2026-06-29,^TWII,44594.80859375,45521.62890625,44594.80859375,44999.8984375,6052400.0,yahoo
2026-06-30,^TWII,45165.80078125,46637.859375,45165.80078125,46125.91015625,7182400.0,yahoo
2026-07-01,^TWII,46234.69921875,47293.1015625,46234.69921875,47018.98828125,8429000.0,yahoo
2026-07-02,^TWII,46833.890625,46910.30859375,45981.890625,46744.16015625,6148400.0,yahoo
2026-07-03,^TWII,46545.140625,46948.828125,45880.69140625,46780.62109375,6606400.0,yahoo
2026-07-06,^TWII,46897.1796875,47395.30078125,46431.37890625,46556.390625,7246000.0,yahoo
2026-07-07,^TWII,46537.33984375,46967.0390625,45432.01953125,45479.109375,7141700.0,yahoo
2026-07-08,^TWII,45524.69140625,45837.12109375,45036.640625,45734.41015625,5691300.0,yahoo
2026-07-09,^TWII,45805.62109375,46064.05859375,45352.41015625,45354.609375,5765500.0,yahoo
2026-07-13,^TWII,45500.3203125,46330.91015625,45272.8984375,45380.51953125,6161200.0,yahoo
2026-07-14,^TWII,45364.3984375,45364.3984375,43654.0390625,44737.94921875,6654600.0,yahoo
2026-07-15,^TWII,44850.69140625,45881.91015625,44850.69140625,45631.58984375,5330100.0,yahoo
2026-07-16,^TWII,45511.98046875,45855.01953125,44970.640625,45624.98046875,5267400.0,yahoo
2026-07-17,^TWII,45234.078125,45234.078125,42671.26953125,42671.26953125,6385100.0,yahoo
2026-07-20,^TWII,42793.1484375,43084.51171875,41967.75,42449.69921875,5678000.0,yahoo
2026-07-21,^TWII,42566.9296875,44232.87109375,42566.9296875,44232.87109375,4764300.0,yahoo
2026-07-22,^TWII,44513.75,45323.75,44513.75,44825.78125,5389000.0,yahoo
2026-07-23,^TWII,44899.0390625,45089.8203125,44340.76171875,44850.80859375,5159100.0,yahoo
2026-07-24,^TWII,44769.390625,44769.390625,43607.3984375,43654.83984375,4337700.0,yahoo
2026-07-27,^TWII,43585.921875,43686.1484375,42969.48046875,43634.19140625,4260000.0,yahoo
2026-07-28,^TWII,43221.9296875,43221.9296875,41565.0,41603.359375,4492500.0,yahoo
2026-07-29,^TWII,41491.48046875,41698.390625,39384.8515625,40039.1796875,6323100.0,yahoo
2026-07-30,^TWII,40048.94140625,41155.421875,39404.6484375,39933.30078125,5907800.0,yahoo
2026-07-31,^TWII,41610.41015625,43214.359375,41610.41015625,43119.75,4859500.0,yahoo
2026-08-03,^TWII,42780.421875,43784.19140625,42780.421875,43386.41015625,4688600.0,yahoo
2026-08-04,^TWII,43092.48828125,43912.76953125,42895.80859375,43360.66015625,5057500.0,yahoo
2026-08-05,^TWII,43809.828125,44980.30859375,43809.828125,44611.6015625,5687100.0,yahoo
2026-08-06,^TWII,44487.94140625,44601.23828125,44024.3203125,44396.69921875,4904700.0,yahoo
2026-08-07,^TWII,44450.19140625,44827.12890625,43941.55859375,44225.91015625,4388800.0,yahoo
2026-08-10,^TWII,44540.7109375,45219.3984375,44540.7109375,44928.76171875,4876600.0,yahoo
2026-08-11,^TWII,44883.8984375,45195.41015625,44652.05859375,45120.71875,5060400.0,yahoo
2026-08-12,^TWII,45175.69921875,45529.48046875,45175.69921875,45518.0703125,4839900.0,yahoo
2026-08-13,^TWII,45676.5390625,46216.41015625,45676.5390625,46021.48046875,5570900.0,yahoo
2026-08-14,^TWII,46103.80859375,46402.6015625,45798.30859375,45811.01171875,5810000.0,yahoo
2026-08-17,^TWII,45841.171875,46189.30078125,45765.0703125,45857.26953125,5099900.0,yahoo
2026-08-18,^TWII,45922.3984375,46064.08984375,45225.421875,45308.6796875,4575200.0,yahoo
2026-08-19,^TWII,45071.33984375,45071.33984375,44308.7109375,44719.3515625,4290600.0,yahoo
2026-08-20,^TWII,44942.01171875,45160.05078125,44446.359375,44933.73828125,4170000.0,yahoo
2026-08-21,^TWII,44923.33984375,45254.83984375,44583.87109375,45224.2890625,3779900.0,yahoo
2026-08-24,^TWII,45240.30078125,45362.30078125,44761.87890625,44762.3203125,3853700.0,yahoo
2026-08-25,^TWII,44728.359375,45169.4609375,44210.30859375,45169.4609375,3925500.0,yahoo
2026-08-26,^TWII,45157.640625,45878.390625,44925.83984375,45832.62109375,4026600.0,yahoo
2026-08-27,^TWII,45890.1796875,46401.78125,45890.1796875,45975.21875,4494100.0,yahoo
2026-08-28,^TWII,46070.828125,46574.51953125,46070.828125,46331.44921875,5073800.0,yahoo
2026-08-31,^TWII,46224.69140625,46224.69140625,45450.2109375,46128.46875,7217600.0,yahoo
2026-09-01,^TWII,46177.109375,46948.71875,46081.109375,46948.71875,5018300.0,yahoo
2026-09-02,^TWII,46901.3203125,46946.6015625,46164.71875,46164.71875,4100600.0,yahoo
2026-09-03,^TWII,46325.48046875,46517.44921875,45839.359375,45857.66015625,5351000.0,yahoo
2026-09-04,^TWII,45991.28125,46620.9609375,45966.859375,46551.12890625,3967200.0,yahoo
2026-09-07,^TWII,46724.0,47429.578125,46724.0,47326.26953125,4656500.0,yahoo
2026-09-08,^TWII,47335.23828125,47578.23828125,47023.73046875,47105.78125,4458900.0,yahoo
2026-09-09,^TWII,47142.73828125,47548.26171875,47060.78125,47183.359375,4443100.0,yahoo
2026-09-10,^TWII,47130.9609375,47130.9609375,46573.46875,46940.48828125,3857900.0,yahoo
2026-09-11,^TWII,46651.2109375,46651.2109375,45942.44140625,46184.8515625,3896000.0,yahoo
2026-09-14,^TWII,46010.73828125,46050.23828125,45398.4296875,45862.51953125,3400000.0,yahoo
2026-09-15,^TWII,45847.26953125,46009.8515625,45491.96875,45511.48828125,3225500.0,yahoo
2026-09-16,^TWII,45546.55859375,46077.8203125,45546.55859375,45848.8984375,3326700.0,yahoo
2026-09-17,^TWII,45936.109375,46874.83984375,45936.109375,46288.0,4395100.0,yahoo
2026-09-18,^TWII,46449.55859375,47180.75,46449.55859375,47180.75,5651200.0,yahoo
2026-09-21,^TWII,47207.30078125,47750.98046875,47207.30078125,47718.83984375,4475500.0,yahoo
2026-09-22,^TWII,47981.0390625,48601.53125,47800.171875,47800.171875,5924900.0,yahoo
2026-09-23,^TWII,47894.76953125,48341.55859375,47894.76953125,48157.2890625,4866300.0,yahoo
2026-09-24,^TWII,48075.390625,48117.5390625,47754.71875,48024.6015625,3540900.0,yahoo
2026-09-29,^TWII,47873.890625,48045.12890625,47573.08984375,47631.9609375,3781300.0,yahoo
2026-09-30,^TWII,47767.48828125,48379.7109375,47767.48828125,47940.12890625,5111100.0,yahoo
2026-10-01,^TWII,47961.98046875,48353.48828125,47893.421875,48353.48828125,0.0,yahoo
