date,ticker,foreign_net,trust_net,dealer_net,total_net
2026-09-14,0050.TW,-48347809,2970000,-2207895,-47585704
2026-09-14,0051.TW,-979,0,-3886,-4865
2026-09-14,0052.TW,-1921979,-50000,-3284444,-5256423
2026-09-14,0053.TW,-10912,0,-69840,-80752
2026-09-14,0055.TW,-191835,0,-548826,-740661
2026-09-14,0056.TW,-3698077,290000,-731619,-4139696
2026-09-14,0057.TW,2,0,-10000,-9998
2026-09-14,0061.TW,8000,0,-1767,6233
2026-09-14,1101.TW,-26519711,242000,-117933,-26395644
2026-09-14,1102.TW,958837,-89048,-232826,636963
2026-09-14,1103.TW,-73000,0,0,-73000
2026-09-14,1104.TW,-350706,0,-2,-350708
2026-09-14,1108.TW,-32000,0,-1000,-33000
2026-09-14,1109.TW,-13000,0,769,-12231
2026-09-14,1110.TW,-68000,0,0,-68000
2026-09-14,1201.TW,-103069,0,28000,-75069
2026-09-14,1203.TW,-5000,0,2000,-3000
2026-09-14,1210.TW,9431,0,1607,11038
2026-09-14,1215.TW,-660635,0,10055,-650580
2026-09-14,1216.TW,-750768,11579,26631,-712558
2026-09-14,1217.TW,88000,0,0,88000
2026-09-14,1218.TW,271000,0,0,271000
2026-09-14,1219.TW,42801,0,-1000,41801
2026-09-14,1220.TW,4469,0,-51,4418
2026-09-14,1225.TW,6963,0,-2000,4963
2026-09-14,1227.TW,-131000,0,632,-130368
2026-09-14,1229.TW,-275160,-65000,-6000,-346160
2026-09-14,1231.TW,-47500,0,-544,-48044
2026-09-14,1232.TW,-68112,0,1000,-67112
2026-09-14,1233.TW,0,0,0,0
2026-09-14,1234.TW,-11000,0,789,-10211
2026-09-14,1235.TW,-8000,0,0,-8000
2026-09-14,1236.TW,-10000,0,0,-10000
2026-09-14,1256.TW,-6000,0,1000,-5000
2026-09-14,1301.TW,-9538584,0,-660138,-10198722
2026-09-14,1303.TW,-4077521,2900289,-509685,-1686917
2026-09-14,1304.TW,-250511,0,-645,-251156
2026-09-14,1305.TW,-290428,0,-3455,-293883
2026-09-14,1307.TW,-246000,0,-420,-246420
2026-09-14,1308.TW,353525,0,-9581,343944
2026-09-14,1309.TW,-186659,0,-5725,-192384
2026-09-14,1310.TW,83023,0,-4880,78143
2026-09-14,1312.TW,-779180,0,-149715,-928895
2026-09-14,1313.TW,-344408,0,29967,-314441
2026-09-14,1314.TW,2355097,0,130000,2485097
2026-09-14,1315.TW,0,0,0,0
2026-09-14,1316.TW,250354,0,-46,250308
2026-09-14,1319.TW,68743,-42000,-54312,-27569
2026-09-14,1321.TW,6000,0,0,6000
2026-09-14,1323.TW,-5000,0,0,-5000
2026-09-14,1324.TW,-2000,0,0,-2000
2026-09-14,1325.TW,25362,0,0,25362
2026-09-14,1326.TW,-5645180,-1029230,-787809,-7462219
2026-09-14,1337.TW,-78000,0,0,-78000
2026-09-14,1338.TW,2000,0,3000,5000
2026-09-14,1339.TW,-15000,0,1507,-13493
2026-09-14,1340.TW,9000,0,0,9000
2026-09-14,1342.TW,-16534,0,-9098,-25632
2026-09-14,1402.TW,-310772,-2836025,-233950,-3380747
2026-09-14,1409.TW,921192,0,-278142,643050
2026-09-14,1410.TW,-6000,0,0,-6000
2026-09-14,1413.TW,-2000,0,0,-2000
2026-09-14,1414.TW,66003,0,7000,73003
2026-09-14,1416.TW,12851,0,11000,23851
2026-09-14,1417.TW,-26000,0,0,-26000
2026-09-14,1418.TW,0,0,0,0
2026-09-14,1419.TW,-48074,0,0,-48074
2026-09-14,1423.TW,0,0,0,0
2026-09-14,1432.TW,-10000,0,0,-10000
2026-09-14,1434.TW,-584000,0,62634,-521366
2026-09-14,1435.TW,-3000,0,0,-3000
2026-09-14,1436.TW,-25442,0,0,-25442
2026-09-14,1437.TW,31000,0,12000,43000
2026-09-14,1438.TW,-3000,0,0,-3000
2026-09-14,1439.TW,-7000,0,0,-7000
2026-09-14,1440.TW,-263125,0,-11206,-274331
2026-09-14,1441.TW,-11000,0,0,-11000
2026-09-14,1442.TW,-36000,0,-713,-36713
2026-09-14,1443.TW,0,0,0,0
2026-09-14,1444.TW,-90000,0,0,-90000
2026-09-14,1445.TW,-3000,0,0,-3000
2026-09-14,1446.TW,14000,0,-1000,13000
2026-09-14,1447.TW,266020,0,0,266020
2026-09-14,1449.TW,37001,0,501,37502
2026-09-14,1451.TW,-17000,0,0,-17000
2026-09-14,1452.TW,-3002,0,0,-3002
2026-09-14,1453.TW,-2000,0,0,-2000
2026-09-14,1454.TW,0,0,0,0
2026-09-14,1455.TW,-137000,0,24896,-112104
2026-09-14,1456.TW,3000,0,9000,12000
2026-09-14,1457.TW,-42000,0,0,-42000
2026-09-14,1459.TW,-4992,0,6000,1008
2026-09-14,1460.TW,-36000,0,0,-36000
2026-09-14,1463.TW,42000,0,0,42000
2026-09-14,1464.TW,-60000,0,0,-60000
2026-09-14,1465.TW,-3007,0,0,-3007
2026-09-14,1466.TW,18000,0,0,18000
2026-09-14,1467.TW,10000,0,-7000,3000
2026-09-14,1468.TW,-3000,0,3000,0
2026-09-14,1470.TW,-3000,0,0,-3000
2026-09-14,1471.TW,11000,0,0,11000
2026-09-14,1472.TW,0,0,-704,-704
2026-09-14,1473.TW,-1000,0,0,-1000
2026-09-14,1474.TW,-24000,0,0,-24000
2026-09-14,1475.TW,-3000,0,0,-3000
2026-09-14,1476.TW,69123,10000,-77106,2017
2026-09-14,1477.TW,-145474,34000,-20794,-132268
2026-09-14,1503.TW,-618901,30000,2304,-586597
2026-09-14,1504.TW,968771,140000,94924,1203695
2026-09-14,1506.TW,-97000,0,0,-97000
2026-09-14,1512.TW,-13000,0,0,-13000
2026-09-14,1513.TW,-54160,0,21341,-32819
2026-09-14,1514.TW,-43826,30000,-2930,-16756
2026-09-14,1515.TW,-138129,0,-1000,-139129
2026-09-14,1516.TW,-5000,0,0,-5000
2026-09-14,1517.TW,30000,0,-3037,26963
2026-09-14,1519.TW,100241,1487,-13186,88542
2026-09-14,1521.TW,-3000,0,0,-3000
2026-09-14,1522.TW,-241000,0,-4000,-245000
2026-09-14,1524.TW,17000,0,0,17000
2026-09-14,1525.TW,-3000,0,0,-3000
2026-09-14,1526.TW,13000,0,0,13000
2026-09-14,1527.TW,-70000,0,0,-70000
2026-09-14,1528.TW,801410,0,-7146,794264
2026-09-14,1529.TW,41120,0,-1000,40120
2026-09-14,1530.TW,-4990,0,-191,-5181
2026-09-14,1531.TW,-37000,0,0,-37000
2026-09-14,1532.TW,33000,0,0,33000
2026-09-14,1533.TW,-2000,0,0,-2000
2026-09-14,1535.TW,-20000,0,-5000,-25000
2026-09-14,1536.TW,-185568,0,-50377,-235945
2026-09-14,1537.TW,-11953,0,0,-11953
2026-09-14,1539.TW,-1000,0,0,-1000
2026-09-14,1540.TW,42000,0,0,42000
2026-09-14,1541.TW,-5000,0,0,-5000
2026-09-14,1558.TW,-42924,0,7000,-35924
2026-09-14,1560.TW,-688818,289000,-23722,-423540
2026-09-14,1563.TW,-7080,0,-22999,-30079
2026-09-14,1568.TW,51991,0,5934,57925
2026-09-14,1582.TW,-53000,0,28989,-24011
2026-09-14,1583.TW,0,0,1000,1000
2026-09-14,1587.TW,-86926,0,1004,-85922
2026-09-14,1590.TW,-40242,5000,-833,-36075
2026-09-14,1597.TW,-560476,0,-21156,-581632
2026-09-14,1598.TW,-27794,0,0,-27794
2026-09-14,1603.TW,-1000,0,-1000,-2000
2026-09-14,1604.TW,-39200,0,0,-39200
2026-09-14,1605.TW,-741763,157000,-376345,-961108
2026-09-14,1608.TW,-11470,10184,-130514,-131800
2026-09-14,1609.TW,-135164,0,-30836,-166000
2026-09-14,1611.TW,-130000,0,-3000,-133000
2026-09-14,1612.TW,-51000,0,36851,-14149
2026-09-14,1614.TW,3000,0,0,3000
2026-09-14,1615.TW,-29000,0,10000,-19000
2026-09-14,1616.TW,-49036,0,722,-48314
2026-09-14,1617.TW,-3971,0,-165,-4136
2026-09-14,1618.TW,68116,0,0,68116
2026-09-14,1623.TW,-21534,0,0,-21534
2026-09-14,1626.TW,6000,0,0,6000
2026-09-14,1702.TW,20000,0,0,20000
2026-09-14,1707.TW,-510405,0,-306,-510711
2026-09-14,1708.TW,82000,0,-10539,71461
2026-09-14,1709.TW,-1386894,0,-105900,-1492794
2026-09-14,1710.TW,-21485,0,-68628,-90113
2026-09-14,1711.TW,-271466,0,-11960,-283426
2026-09-14,1712.TW,-334771,0,-13671,-348442
2026-09-14,1713.TW,-146000,0,2000,-144000
2026-09-14,1714.TW,2296622,0,-224115,2072507
2026-09-14,1717.TW,-2359819,0,-319306,-2679125
2026-09-14,1718.TW,2633591,0,-73027,2560564
2026-09-14,1720.TW,-47600,0,14880,-32720
2026-09-14,1721.TW,93233,0,0,93233
2026-09-14,1722.TW,-1502000,0,-48000,-1550000
2026-09-14,1723.TW,-160000,19000,-45021,-186021
2026-09-14,1725.TW,6000,0,0,6000
2026-09-14,1726.TW,-2000,0,0,-2000
2026-09-14,1727.TW,-90362,0,-1533,-91895
2026-09-14,1730.TW,-6000,0,0,-6000
2026-09-14,1731.TW,-14000,0,9000,-5000
2026-09-14,1732.TW,-18000,0,0,-18000
2026-09-14,1733.TW,-59310,0,0,-59310
2026-09-14,1734.TW,-45933,0,-1000,-46933
2026-09-14,1735.TW,-20000,0,-2363,-22363
2026-09-14,1736.TW,-167079,-50000,2246,-214833
2026-09-14,1737.TW,-118000,0,-187000,-305000
2026-09-14,1752.TW,-13000,0,0,-13000
2026-09-14,1760.TW,12001,0,0,12001
2026-09-14,1762.TW,-10000,0,0,-10000
2026-09-14,1773.TW,-232000,0,-6941,-238941
2026-09-14,1776.TW,3000,0,0,3000
2026-09-14,1783.TW,-36000,0,-18000,-54000
2026-09-14,1786.TW,13174,0,-5000,8174
2026-09-14,1789.TW,-80000,0,556,-79444
2026-09-14,1795.TW,68285,0,-25938,42347
2026-09-14,1802.TW,694571,60000,-119814,634757
2026-09-14,1805.TW,-2000,0,0,-2000
2026-09-14,1806.TW,8000,0,0,8000
2026-09-14,1808.TW,-825000,-126000,-1000,-952000
2026-09-14,1809.TW,96062,0,502,96564
2026-09-14,1810.TW,-378649,17047,4257,-357345
2026-09-14,1817.TW,-8000,0,6000,-2000
2026-09-14,1903.TW,-23994,0,860,-23134
2026-09-14,1904.TW,-11674,0,18000,6326
2026-09-14,1905.TW,37283,0,-50549,-13266
2026-09-14,1906.TW,-12000,0,5000,-7000
2026-09-14,1907.TW,46992,-91422,-59005,-103435
2026-09-14,1909.TW,-122000,0,98827,-23173
2026-09-14,2002.TW,-13084990,335000,-567017,-13317007
2026-09-14,2006.TW,-38977,-102886,3781,-138082
2026-09-14,2007.TW,-71000,0,0,-71000
2026-09-14,2008.TW,0,0,-1000,-1000
2026-09-14,2009.TW,-520000,0,-22147,-542147
2026-09-14,2010.TW,-409000,0,68298,-340702
2026-09-14,2012.TW,-2000,0,0,-2000
2026-09-14,2013.TW,-16000,0,4000,-12000
2026-09-14,2014.TW,-1132913,0,0,-1132913
2026-09-14,2015.TW,-21075,0,8000,-13075
2026-09-14,2017.TW,-70296,0,0,-70296
2026-09-14,2020.TW,-104999,0,48000,-56999
2026-09-14,2022.TW,-87000,0,-1000,-88000
2026-09-14,2023.TW,-150000,0,0,-150000
2026-09-14,2024.TW,-1000,0,0,-1000
2026-09-14,2025.TW,-99831,0,8000,-91831
2026-09-14,2027.TW,-1694695,61000,691516,-942179
2026-09-14,2028.TW,-14000,0,0,-14000
2026-09-14,2029.TW,-191988,0,4535,-187453
2026-09-14,2030.TW,-218197,0,67000,-151197
2026-09-14,2031.TW,-156780,0,-55000,-211780
2026-09-14,2032.TW,-141000,0,7885,-133115
2026-09-14,2033.TW,-350016,0,69965,-280051
2026-09-14,2034.TW,34276,0,-2,34274
2026-09-14,2038.TW,-44000,0,0,-44000
2026-09-14,2049.TW,-5345259,0,-221340,-5566599
2026-09-14,2059.TW,9819,1117,-29415,-18479
2026-09-14,2062.TW,-79545,0,0,-79545
2026-09-14,2069.TW,-159381,0,11954,-147427
2026-09-14,2072.TW,-2334,0,0,-2334
2026-09-14,2101.TW,46785,0,8917,55702
2026-09-14,2102.TW,3000,0,0,3000
2026-09-14,2103.TW,-368160,0,28800,-339360
2026-09-14,2104.TW,-827415,0,-25615,-853030
2026-09-14,2105.TW,-1690032,123228,-11662,-1578466
2026-09-14,2106.TW,-438868,0,-6008,-444876
2026-09-14,2107.TW,-59426,0,20000,-39426
2026-09-14,2108.TW,-311798,0,20619,-291179
2026-09-14,2109.TW,-10463,0,0,-10463
2026-09-14,2114.TW,-8000,0,6000,-2000
2026-09-14,2115.TW,-8000,0,0,-8000
2026-09-14,2201.TW,-110000,70000,1895,-38105
2026-09-14,2204.TW,-83000,0,14500,-68500
2026-09-14,2206.TW,-57000,0,0,-57000
2026-09-14,2207.TW,32171,13760,653,46584
2026-09-14,2208.TW,-725845,0,0,-725845
2026-09-14,2211.TW,258000,0,1591,259591
2026-09-14,2227.TW,-24237,0,0,-24237
2026-09-14,2228.TW,20000,0,0,20000
2026-09-14,2231.TW,5000,0,196,5196
2026-09-14,2233.TW,152000,0,5978,157978
2026-09-14,2236.TW,-67000,0,17151,-49849
2026-09-14,2237.TW,-31000,0,0,-31000
2026-09-14,2239.TW,-3000,0,-1000,-4000
2026-09-14,2241.TW,79213,0,-11,79202
2026-09-14,2243.TW,-162000,0,1000,-161000
2026-09-14,2247.TW,2448,0,0,2448
2026-09-14,2248.TW,-5000,0,2000,-3000
2026-09-14,2250.TW,-15000,0,0,-15000
2026-09-14,2254.TW,185000,0,-206201,-21201
2026-09-14,2258.TW,-86000,0,-4176,-90176
2026-09-14,2301.TW,1091011,69000,-517661,642350
2026-09-14,2302.TW,871664,0,-7323,864341
2026-09-14,2303.TW,13698740,4381000,130594,18210334
2026-09-14,2305.TW,582592,0,165237,747829
2026-09-14,2308.TW,308015,-78509,120163,349669
2026-09-14,2312.TW,1687233,40000,201934,1929167
2026-09-14,2313.TW,-370979,1137617,-476321,290317
2026-09-14,2314.TW,-2000,0,0,-2000
2026-09-14,2316.TW,32200,0,-4827,27373
2026-09-14,2317.TW,179403,799600,99172,1078175
2026-09-14,2323.TW,-868000,0,-87655,-955655
2026-09-14,2324.TW,-765826,0,-532625,-1298451
2026-09-14,2327.TW,3710640,740002,-402097,4048545
2026-09-14,2328.TW,165000,0,-37199,127801
2026-09-14,2329.TW,457271,0,-44443,412828
2026-09-14,2330.TW,-11191022,532435,196288,-10462299
2026-09-14,2331.TW,70153,0,-31000,39153
2026-09-14,2332.TW,434999,0,120320,555319
2026-09-14,2337.TW,-6086062,0,-141226,-6227288
2026-09-14,2338.TW,-1005935,0,256088,-749847
2026-09-14,2340.TW,-117587,0,-9441,-127028
2026-09-14,2342.TW,835911,0,2143,838054
2026-09-14,2344.TW,-42266711,-8203000,-2743260,-53212971
2026-09-14,2345.TW,324662,-202480,77925,200107
2026-09-14,2347.TW,658522,162300,39833,860655
2026-09-14,2348.TW,44579,0,-214,44365
2026-09-14,2349.TW,-48188,0,0,-48188
2026-09-14,2351.TW,-12664,0,85866,73202
2026-09-14,2352.TW,-971507,2126000,13696,1168189
2026-09-14,2353.TW,4348853,341000,-525139,4164714
2026-09-14,2354.TW,-620207,0,-421110,-1041317
2026-09-14,2355.TW,-4557,0,2466,-2091
2026-09-14,2356.TW,193831,-2000,96480,288311
2026-09-14,2357.TW,293483,205100,-19621,478962
2026-09-14,2359.TW,-130599,0,-29674,-160273
2026-09-14,2360.TW,-47166,3273,41067,-2826
2026-09-14,2362.TW,61006,0,-9005,52001
2026-09-14,2363.TW,1448421,0,63216,1511637
2026-09-14,2364.TW,18003,0,-2000,16003
2026-09-14,2365.TW,84000,0,-819,83181
2026-09-14,2367.TW,161357,0,-8387,152970
2026-09-14,2368.TW,1316961,-692640,-177166,447155
2026-09-14,2369.TW,11045,0,-64895,-53850
2026-09-14,2371.TW,676197,116000,-215007,577190
2026-09-14,2373.TW,-2000,0,0,-2000
2026-09-14,2374.TW,-126789,0,-19598,-146387
2026-09-14,2375.TW,438296,0,16951,455247
2026-09-14,2376.TW,-996484,612000,-113016,-497500
2026-09-14,2377.TW,1601774,68000,-210095,1459679
2026-09-14,2379.TW,1062967,4000,-7997,1058970
2026-09-14,2380.TW,11000,0,1000,12000
2026-09-14,2382.TW,300468,256942,11324,568734
2026-09-14,2383.TW,199707,-182780,-27789,-10862
2026-09-14,2385.TW,375153,4000,16397,395550
2026-09-14,2387.TW,140,0,0,140
2026-09-14,2388.TW,-1197930,0,-64217,-1262147
2026-09-14,2390.TW,-288360,0,-4995,-293355
2026-09-14,2392.TW,-97760,0,-53748,-151508
2026-09-14,2393.TW,31000,2200,66207,99407
2026-09-14,2395.TW,143335,25000,-8678,159657
2026-09-14,2397.TW,-4000,0,-14000,-18000
2026-09-14,2399.TW,183186,0,-6903,176283
2026-09-14,2401.TW,211660,0,-83846,127814
2026-09-14,2402.TW,-148108,0,-250,-148358
2026-09-14,2404.TW,128619,-37000,13453,105072
2026-09-14,2405.TW,68002,0,-1000,67002
2026-09-14,2406.TW,-172000,0,-15972,-187972
2026-09-14,2408.TW,-8623959,-3540000,-1358407,-13522366
2026-09-14,2409.TW,-88041079,0,-10268338,-98309417
2026-09-14,2412.TW,11848698,87000,-334184,11601514
2026-09-14,2413.TW,-580240,0,-6562,-586802
2026-09-14,2414.TW,-15000,0,12000,-3000
2026-09-14,2415.TW,20000,0,407,20407
2026-09-14,2417.TW,1000,0,0,1000
2026-09-14,2419.TW,-213929,0,-7916,-221845
2026-09-14,2420.TW,70556,0,3726,74282
2026-09-14,2421.TW,223179,-19000,-141807,62372
2026-09-14,2423.TW,28000,0,4000,32000
2026-09-14,2424.TW,-8000,0,0,-8000
2026-09-14,2425.TW,80900,0,-41000,39900
2026-09-14,2426.TW,-3067900,0,31601,-3036299
2026-09-14,2427.TW,-484957,0,-1000,-485957
2026-09-14,2428.TW,3547,0,14601,18148
2026-09-14,2429.TW,4000,0,0,4000
2026-09-14,2430.TW,10000,0,0,10000
2026-09-14,2431.TW,-13000,0,0,-13000
2026-09-14,2432.TW,-3000,0,2000,-1000
2026-09-14,2433.TW,-26000,0,0,-26000
2026-09-14,2434.TW,-43611,0,0,-43611
2026-09-14,2436.TW,1127032,0,79074,1206106
2026-09-14,2438.TW,-10000,0,651,-9349
2026-09-14,2439.TW,162849,30000,-15142,177707
2026-09-14,2440.TW,26000,0,-23000,3000
2026-09-14,2441.TW,520104,10000,104422,634526
2026-09-14,2442.TW,-369000,0,0,-369000
2026-09-14,2444.TW,-130000,0,807,-129193
2026-09-14,2449.TW,4106950,-77000,-123868,3906082
2026-09-14,2450.TW,-18000,0,11000,-7000
2026-09-14,2451.TW,-20902,3300,-16595,-34197
2026-09-14,2453.TW,-141000,0,0,-141000
2026-09-14,2454.TW,734793,106094,11185,852072
2026-09-14,2455.TW,684992,-2000,68740,751732
2026-09-14,2457.TW,21623,0,-3713,17910
2026-09-14,2458.TW,308911,25000,-17287,316624
2026-09-14,2459.TW,0,0,10000,10000
2026-09-14,2460.TW,-5000,0,0,-5000
2026-09-14,2461.TW,-17198,0,0,-17198
2026-09-14,2462.TW,15000,0,-2000,13000
2026-09-14,2464.TW,-1419948,-34000,-181664,-1635612
2026-09-14,2465.TW,17552,0,-19000,-1448
2026-09-14,2466.TW,-546868,0,2000,-544868
2026-09-14,2467.TW,-89256,0,-3989,-93245
2026-09-14,2468.TW,238000,0,9372,247372
2026-09-14,2471.TW,-307000,0,0,-307000
2026-09-14,2472.TW,557802,-500000,-3165,54637
2026-09-14,2474.TW,-15873,-6000,-20454,-42327
2026-09-14,2476.TW,6412,0,47543,53955
2026-09-14,2477.TW,-2000,0,0,-2000
2026-09-14,2478.TW,127001,0,78012,205013
2026-09-14,2480.TW,66222,10000,1255,77477
2026-09-14,2481.TW,16628668,0,485644,17114312
2026-09-14,2482.TW,-1000,0,-575,-1575
2026-09-14,2483.TW,23302,0,-1000,22302
2026-09-14,2484.TW,759275,0,379,759654
2026-09-14,2485.TW,174348,0,27347,201695
2026-09-14,2486.TW,31127,6000,-119341,-82214
2026-09-14,2488.TW,28000,0,0,28000
2026-09-14,2489.TW,324116,4900,453560,782576
2026-09-14,2491.TW,-80620,0,-26000,-106620
2026-09-14,2492.TW,-1171635,-1787000,182405,-2776230
2026-09-14,2493.TW,76073,0,22480,98553
2026-09-14,2495.TW,66335,40000,-17001,89334
2026-09-14,2496.TW,-1000,0,0,-1000
2026-09-14,2497.TW,-31000,30000,-11279,-12279
2026-09-14,2498.TW,43185,0,-5744,37441
2026-09-14,2501.TW,-994411,0,-9234,-1003645
2026-09-14,2504.TW,-566000,0,42644,-523356
2026-09-14,2505.TW,-4000,0,0,-4000
2026-09-14,2506.TW,-109000,0,0,-109000
2026-09-14,2509.TW,-6000,0,-1000,-7000
2026-09-14,2511.TW,-53000,0,89000,36000
2026-09-14,2514.TW,-61800,0,440,-61360
2026-09-14,2515.TW,393000,0,19891,412891
2026-09-14,2516.TW,10813,0,0,10813
2026-09-14,2520.TW,119743,-108000,-16551,-4808
2026-09-14,2524.TW,-15000,0,0,-15000
2026-09-14,2527.TW,30642,0,-7996,22646
2026-09-14,2528.TW,68000,0,-62545,5455
2026-09-14,2530.TW,-285600,0,0,-285600
2026-09-14,2534.TW,115000,0,-1049,113951
2026-09-14,2535.TW,-64002,0,7466,-56536
2026-09-14,2536.TW,145000,0,-4000,141000
2026-09-14,2537.TW,117000,0,-5000,112000
2026-09-14,2538.TW,-68000,0,0,-68000
2026-09-14,2539.TW,-186945,0,-7787,-194732
2026-09-14,2540.TW,-50000,0,35000,-15000
2026-09-14,2542.TW,-3578450,550700,-101008,-3128758
2026-09-14,2543.TW,26400,0,-145,26255
2026-09-14,2545.TW,-79000,0,485,-78515
2026-09-14,2546.TW,-16000,0,6000,-10000
2026-09-14,2547.TW,-623000,0,3244,-619756
2026-09-14,2548.TW,-510110,1200,-22500,-531410
2026-09-14,2597.TW,2532,1839,5896,10267
2026-09-14,2601.TW,268097,0,0,268097
2026-09-14,2603.TW,-3593482,4197600,-353609,250509
2026-09-14,2605.TW,-2425291,0,-185443,-2610734
2026-09-14,2606.TW,429359,0,-130371,298988
2026-09-14,2607.TW,55035,0,1000,56035
2026-09-14,2608.TW,-107000,0,20367,-86633
2026-09-14,2609.TW,-4253885,51000,-364132,-4567017
2026-09-14,2610.TW,-2382756,160000,-116492,-2339248
2026-09-14,2611.TW,-60000,0,0,-60000
2026-09-14,2612.TW,-109945,0,1941,-108004
2026-09-14,2613.TW,-15000,0,1000,-14000
2026-09-14,2614.TW,-307000,0,0,-307000
2026-09-14,2615.TW,1088143,-110000,-160814,817329
2026-09-14,2616.TW,-29000,0,747,-28253
2026-09-14,2617.TW,-197646,0,38986,-158660
2026-09-14,2618.TW,1229515,-525948,-243247,460320
2026-09-14,2630.TW,-127380,0,-701,-128081
2026-09-14,2633.TW,-953454,455000,60000,-438454
2026-09-14,2634.TW,-1149580,0,-400007,-1549587
2026-09-14,2636.TW,-189270,0,19399,-169871
2026-09-14,2637.TW,-589939,1026000,-14090,421971
2026-09-14,2642.TW,6000,0,0,6000
2026-09-14,2645.TW,-53762,0,-17030,-70792
2026-09-14,2646.TW,-1157900,0,0,-1157900
2026-09-14,2701.TW,-17000,0,0,-17000
2026-09-14,2702.TW,-4000,0,-1000,-5000
2026-09-14,2704.TW,-37000,0,-5000,-42000
2026-09-14,2705.TW,15000,0,-3000,12000
2026-09-14,2706.TW,-11000,0,-2000,-13000
2026-09-14,2707.TW,-22000,0,0,-22000
2026-09-14,2712.TW,-3000,0,0,-3000
2026-09-14,2722.TW,-3000,0,0,-3000
2026-09-14,2723.TW,4000,0,0,4000
2026-09-14,2727.TW,-116000,0,-6269,-122269
2026-09-14,2731.TW,-78998,2305,1068,-75625
2026-09-14,2739.TW,-34000,0,11000,-23000
2026-09-14,2748.TW,2000,0,0,2000
2026-09-14,2753.TW,-38000,0,-10,-38010
2026-09-14,2762.TW,-34000,0,-1000,-35000
2026-09-14,2801.TW,-4173657,6073000,-449000,1450343
2026-09-14,2812.TW,1624835,0,99000,1723835
2026-09-14,2816.TW,-47000,0,2000,-45000
2026-09-14,2820.TW,1259049,0,53000,1312049
2026-09-14,2832.TW,73775,0,6950,80725
2026-09-14,2834.TW,22685447,0,285000,22970447
2026-09-14,2836.TW,492000,0,19030,511030
2026-09-14,2838.TW,961029,0,-80000,881029
2026-09-14,2845.TW,1702907,3825000,10445,5538352
2026-09-14,2849.TW,1000,0,-6000,-5000
2026-09-14,2850.TW,-140000,-18000,5869,-152131
2026-09-14,2851.TW,-916832,1171000,-78898,175270
2026-09-14,2852.TW,-57000,0,21000,-36000
2026-09-14,2855.TW,1854587,1188300,0,3042887
2026-09-14,2880.TW,2490065,15000,-212815,2292250
2026-09-14,2881.TW,4519729,509000,461558,5490287
2026-09-14,2882.TW,191196,826000,305647,1322843
2026-09-14,2883.TW,1017954,2189000,938622,4145576
2026-09-14,2884.TW,-13037488,4386000,-292586,-8944074
2026-09-14,2885.TW,1904398,1838000,24189,3766587
2026-09-14,2886.TW,3940636,3063000,-133089,6870547
2026-09-14,2887.TW,8494102,5486000,-103311,13876791
2026-09-14,2889.TW,8192020,0,108999,8301019
2026-09-14,2890.TW,-2211161,5357000,545230,3691069
2026-09-14,2891.TW,5212832,3131182,76932,8420946
2026-09-14,2892.TW,11783281,3923000,183096,15889377
2026-09-14,2897.TW,5949053,-243000,83016,5789069
2026-09-14,2901.TW,3010,0,-1000,2010
2026-09-14,2903.TW,-256900,-175000,6839,-425061
2026-09-14,2904.TW,5000,0,0,5000
2026-09-14,2905.TW,-6392,0,108000,101608
2026-09-14,2906.TW,-5000,0,-1,-5001
2026-09-14,2908.TW,-78846,0,0,-78846
2026-09-14,2910.TW,0,0,0,0
2026-09-14,2911.TW,-16000,0,0,-16000
2026-09-14,2912.TW,393886,4523,3482,401891
2026-09-14,2913.TW,-69000,0,1000,-68000
2026-09-14,2915.TW,138712,0,17298,156010
2026-09-14,2923.TW,-62000,0,23965,-38035
2026-09-14,2929.TW,-18000,0,0,-18000
2026-09-14,2939.TW,-5000,0,0,-5000
2026-09-14,2945.TW,-3000,0,0,-3000
2026-09-14,3002.TW,12000,0,2000,14000
2026-09-14,3003.TW,-95115,0,1799,-93316
2026-09-14,3004.TW,53100,-110000,519,-56381
2026-09-14,3005.TW,1100819,5000,-73197,1032622
2026-09-14,3006.TW,-3097002,0,-245507,-3342509
2026-09-14,3008.TW,172353,-84393,-122405,-34445
2026-09-14,3010.TW,-37000,0,5000,-32000
2026-09-14,3011.TW,241000,0,1000,242000
2026-09-14,3013.TW,-150081,0,-10094,-160175
2026-09-14,3014.TW,222437,1000,1784,225221
2026-09-14,3015.TW,-15000,29000,-243,13757
2026-09-14,3016.TW,-2014321,0,277769,-1736552
2026-09-14,3017.TW,68939,-183237,-16982,-131280
2026-09-14,3018.TW,3000,0,0,3000
2026-09-14,3019.TW,-927000,0,-278108,-1205108
2026-09-14,3021.TW,31000,0,1000,32000
2026-09-14,3022.TW,392478,0,6481,398959
2026-09-14,3023.TW,49817,-3000,-313,46504
2026-09-14,3024.TW,391344,0,0,391344
2026-09-14,3025.TW,1000,0,0,1000
2026-09-14,3026.TW,-830111,190002,-15677,-655786
2026-09-14,3027.TW,-4000,0,-172,-4172
2026-09-14,3028.TW,22544,2200,7990,32734
2026-09-14,3029.TW,-2652882,0,83816,-2569066
2026-09-14,3030.TW,109000,0,-18237,90763
2026-09-14,3031.TW,163120,0,0,163120
2026-09-14,3032.TW,-791,0,1006,215
2026-09-14,3033.TW,207704,0,128510,336214
2026-09-14,3034.TW,1861407,6000,103268,1970675
2026-09-14,3035.TW,751643,0,118554,870197
2026-09-14,3036.TW,532092,12533,-8821,535804
2026-09-14,3037.TW,950991,331000,-224440,1057551
2026-09-14,3038.TW,-6000,0,0,-6000
2026-09-14,3040.TW,-49000,0,0,-49000
2026-09-14,3041.TW,-21546,0,0,-21546
2026-09-14,3042.TW,1872151,-175000,-234852,1462299
2026-09-14,3043.TW,17000,0,1000,18000
2026-09-14,3044.TW,316811,-61000,32724,288535
2026-09-14,3045.TW,1956373,-112000,3011,1847384
2026-09-14,3046.TW,82000,0,3369,85369
2026-09-14,3047.TW,174000,0,690,174690
2026-09-14,3048.TW,-73798,0,5691,-68107
2026-09-14,3049.TW,-64586,0,-10002,-74588
2026-09-14,3050.TW,7000,0,0,7000
2026-09-14,3051.TW,3,0,-2415,-2412
2026-09-14,3052.TW,-48000,0,0,-48000
2026-09-14,3054.TW,-3000,0,-2000,-5000
2026-09-14,3055.TW,156125,0,5964,162089
2026-09-14,3056.TW,-120000,0,-203,-120203
2026-09-14,3057.TW,-5000,0,-48,-5048
2026-09-14,3058.TW,16000,0,-2000,14000
2026-09-14,3059.TW,99294,50000,-10575,138719
2026-09-14,3060.TW,-172813,0,-133,-172946
2026-09-14,3062.TW,-61964,0,-447,-62411
2026-09-14,3090.TW,469086,0,5101,474187
2026-09-14,3092.TW,53000,0,-1000,52000
2026-09-14,3094.TW,1224093,0,-1551,1222542
2026-09-14,3130.TW,-27000,0,3000,-24000
2026-09-14,3135.TW,46000,0,-17869,28131
2026-09-14,3138.TW,2018,0,651,2669
2026-09-14,3149.TW,-997434,0,-33965,-1031399
2026-09-14,3150.TW,2000,0,3262,5262
2026-09-14,3164.TW,-1000,0,0,-1000
2026-09-14,3167.TW,-151620,0,-3911,-155531
2026-09-14,3168.TW,-4000,0,0,-4000
2026-09-14,3189.TW,-672436,-219000,-187445,-1078881
2026-09-14,3209.TW,68000,0,-7307,60693
2026-09-14,3229.TW,-975811,0,-1108,-976919
2026-09-14,3231.TW,-13030814,1228000,-401232,-12204046
2026-09-14,3257.TW,26000,0,0,26000
2026-09-14,3266.TW,-5000,0,0,-5000
2026-09-14,3296.TW,0,0,1000,1000
2026-09-14,3305.TW,-45426,0,-8417,-53843
2026-09-14,3308.TW,34000,0,-2000,32000
2026-09-14,3311.TW,-517000,0,75003,-441997
2026-09-14,3312.TW,121000,0,-25995,95005
2026-09-14,3321.TW,7000,0,0,7000
2026-09-14,3338.TW,33110,0,-6000,27110
2026-09-14,3346.TW,-96862,0,-4028,-100890
2026-09-14,3376.TW,-1630908,0,209404,-1421504
2026-09-14,3380.TW,-949780,0,-51391,-1001171
2026-09-14,3406.TW,484474,6620,-234343,256751
2026-09-14,3413.TW,-34356,0,4037,-30319
2026-09-14,3416.TW,-15000,0,2989,-12011
2026-09-14,3419.TW,1000,0,0,1000
2026-09-14,3432.TW,-1000,0,0,-1000
2026-09-14,3437.TW,23000,0,0,23000
2026-09-14,3443.TW,-46036,345600,-64905,234659
2026-09-14,3447.TW,-24000,0,-2000,-26000
2026-09-14,3450.TW,-1128605,-11000,-9786,-1149391
2026-09-14,3481.TW,-78895,2100,799726,722931
2026-09-14,3494.TW,-11000,0,0,-11000
2026-09-14,3501.TW,-35000,0,0,-35000
2026-09-14,3504.TW,-172540,0,-24263,-196803
2026-09-14,3515.TW,-46000,10000,-1116,-37116
2026-09-14,3518.TW,43968,0,0,43968
2026-09-14,3528.TW,-7000,0,2000,-5000
2026-09-14,3530.TW,5000,0,-462,4538
2026-09-14,3532.TW,-592061,636000,27278,71217
2026-09-14,3533.TW,-330982,1000,-16789,-346771
2026-09-14,3535.TW,-86000,0,-1167,-87167
2026-09-14,3543.TW,-282820,0,1000,-281820
2026-09-14,3545.TW,120000,0,-13372,106628
2026-09-14,3550.TW,99133,0,-8417,90716
2026-09-14,3557.TW,3000,0,-2000,1000
2026-09-14,3563.TW,-79000,0,-8542,-87542
2026-09-14,3576.TW,-325621,0,-28000,-353621
2026-09-14,3583.TW,-75530,-72000,-23741,-171271
2026-09-14,3588.TW,-1000,0,-200,-1200
2026-09-14,3592.TW,28570,0,1000,29570
2026-09-14,3593.TW,-1000,0,0,-1000
2026-09-14,3596.TW,-21000,0,-769,-21769
2026-09-14,3605.TW,515586,0,142365,657951
2026-09-14,3607.TW,3000,0,-1000,2000
2026-09-14,3617.TW,13195,0,35,13230
2026-09-14,3622.TW,-127000,0,0,-127000
2026-09-14,3645.TW,178286,0,-1828,176458
2026-09-14,3652.TW,9000,0,3000,12000
2026-09-14,3653.TW,-46514,175000,18210,146696
2026-09-14,3661.TW,331248,0,-32864,298384
2026-09-14,3665.TW,26508,-304220,65000,-212712
2026-09-14,3669.TW,-140,0,-6000,-6140
2026-09-14,3673.TW,334823,0,125884,460707
2026-09-14,3679.TW,-4000,0,0,-4000
2026-09-14,3686.TW,-2000,0,0,-2000
2026-09-14,3694.TW,52000,0,0,52000
2026-09-14,3701.TW,19000,0,760,19760
2026-09-14,3702.TW,1592696,26000,-108036,1510660
2026-09-14,3703.TW,-235000,0,0,-235000
2026-09-14,3704.TW,10515,0,-50499,-39984
2026-09-14,3705.TW,-12733,0,0,-12733
2026-09-14,3706.TW,-3504190,40000,-250664,-3714854
2026-09-14,3708.TW,156422,13000,-1386,168036
2026-09-14,3711.TW,-8328,22000,-119479,-105807
2026-09-14,3712.TW,-86000,0,0,-86000
2026-09-14,3714.TW,-146789,0,-11644,-158433
2026-09-14,3715.TW,-118000,0,50060,-67940
2026-09-14,3716.TW,-45546,0,0,-45546
2026-09-14,3717.TW,17999,0,22831,40830
2026-09-14,4104.TW,-39900,0,9884,-30016
2026-09-14,4106.TW,-28000,0,13000,-15000
2026-09-14,4108.TW,-6000,0,-3000,-9000
2026-09-14,4119.TW,-5458,0,-3000,-8458
2026-09-14,4133.TW,-3000,0,0,-3000
2026-09-14,4137.TW,-26000,0,-44,-26044
2026-09-14,4142.TW,-48000,0,-418,-48418
2026-09-14,4148.TW,-1000,0,3000,2000
2026-09-14,4155.TW,-43000,0,30000,-13000
2026-09-14,4164.TW,-128000,0,-33988,-161988
2026-09-14,4169.TW,-7000,0,0,-7000
2026-09-14,4178.TW,11000,0,0,11000
2026-09-14,4190.TW,-5000,0,0,-5000
2026-09-14,4195.TW,8000,0,-661,7339
2026-09-14,4306.TW,-5000,0,57000,52000
2026-09-14,4414.TW,-11000,0,7000,-4000
2026-09-14,4426.TW,12000,0,0,12000
2026-09-14,4438.TW,-35000,0,209,-34791
2026-09-14,4439.TW,0,0,2000,2000
2026-09-14,4440.TW,-30000,0,-8000,-38000
2026-09-14,4441.TW,3080,0,0,3080
2026-09-14,4526.TW,70930,0,-3817,67113
2026-09-14,4532.TW,-150000,0,2989,-147011
2026-09-14,4536.TW,-17000,0,0,-17000
2026-09-14,4540.TW,-152000,0,-4,-152004
2026-09-14,4545.TW,1000,0,0,1000
2026-09-14,4551.TW,12814,0,2205,15019
2026-09-14,4552.TW,1000,0,0,1000
2026-09-14,4555.TW,-35000,0,83,-34917
2026-09-14,4557.TW,-959,0,0,-959
2026-09-14,4560.TW,-45000,0,16000,-29000
2026-09-14,4562.TW,-41000,0,2311,-38689
2026-09-14,4564.TW,35000,0,-200,34800
2026-09-14,4566.TW,-180000,0,1161,-178839
2026-09-14,4569.TW,-20000,0,-1010,-21010
2026-09-14,4571.TW,-12870,0,0,-12870
2026-09-14,4572.TW,-6000,0,0,-6000
2026-09-14,4576.TW,-562673,81000,-120813,-602486
2026-09-14,4582.TW,-6000,0,7950,1950
2026-09-14,4583.TW,202,0,0,202
2026-09-14,4585.TW,160201,0,-5278,154923
2026-09-14,4588.TW,33000,0,6206,39206
2026-09-14,4590.TW,-50000,0,386,-49614
2026-09-14,4720.TW,63605,0,0,63605
2026-09-14,4722.TW,-14930,0,-5561,-20491
2026-09-14,4736.TW,60000,10000,10000,80000
2026-09-14,4737.TW,1000,0,0,1000
2026-09-14,4739.TW,-33000,0,5728,-27272
2026-09-14,4746.TW,137000,0,0,137000
2026-09-14,4755.TW,-24000,0,-1000,-25000
2026-09-14,4763.TW,-933157,-326119,624123,-635153
2026-09-14,4764.TW,76150,0,-7374,68776
2026-09-14,4766.TW,-19037,0,-10594,-29631
2026-09-14,4770.TW,2100,0,-10074,-7974
2026-09-14,4771.TW,4000,0,-8283,-4283
2026-09-14,4807.TW,-26000,0,1000,-25000
2026-09-14,4904.TW,1106160,34000,-12253,1127907
2026-09-14,4906.TW,-203207,0,-33392,-236599
2026-09-14,4912.TW,-79000,0,0,-79000
2026-09-14,4915.TW,-660817,0,67326,-593491
2026-09-14,4916.TW,57389,0,-10359,47030
2026-09-14,4919.TW,789415,0,238312,1027727
2026-09-14,4927.TW,428129,0,1284,429413
2026-09-14,4930.TW,-2000,0,0,-2000
2026-09-14,4934.TW,38965,0,-9000,29965
2026-09-14,4935.TW,27000,0,0,27000
2026-09-14,4938.TW,-1430450,126000,567862,-736588
2026-09-14,4942.TW,-31000,0,-365,-31365
2026-09-14,4949.TW,-250000,0,-2000,-252000
2026-09-14,4952.TW,10015,0,4000,14015
2026-09-14,4956.TW,420214,0,2689,422903
2026-09-14,4958.TW,-906328,407000,105913,-393415
2026-09-14,4960.TW,-132913,0,4797,-128116
2026-09-14,4961.TW,587851,0,86430,674281
2026-09-14,4967.TW,-893859,0,-87786,-981645
2026-09-14,4968.TW,135000,0,-1147,133853
2026-09-14,4976.TW,-161000,0,-771,-161771
2026-09-14,4977.TW,-133674,0,-40320,-173994
2026-09-14,4989.TW,22400,0,-31429,-9029
2026-09-14,4994.TW,-3000,0,0,-3000
2026-09-14,4999.TW,5000,0,372,5372
2026-09-14,5007.TW,-12000,0,0,-12000
2026-09-14,5203.TW,5000,0,-4077,923
2026-09-14,5215.TW,-4000,0,-2000,-6000
2026-09-14,5222.TW,-16483,0,-106,-16589
2026-09-14,5225.TW,130000,0,-314,129686
2026-09-14,5234.TW,-25000,4000,-6922,-27922
2026-09-14,5236.TW,7880,0,-1704,6176
2026-09-14,5243.TW,-161768,0,-16248,-178016
2026-09-14,5244.TW,75000,0,0,75000
2026-09-14,5258.TW,38000,0,-1499,36501
2026-09-14,5269.TW,79920,4000,38312,122232
2026-09-14,5283.TW,-4767,0,3000,-1767
2026-09-14,5284.TW,43043,0,-3626,39417
2026-09-14,5285.TW,593430,0,-2275,591155
2026-09-14,5288.TW,-6886,0,1559,-5327
2026-09-14,5292.TW,-34319,0,-2077,-36396
2026-09-14,5306.TW,7998,-9000,2000,998
2026-09-14,5388.TW,-120331,0,-23070,-143401
2026-09-14,5434.TW,-28032,3000,9112,-15920
2026-09-14,5469.TW,-100569,0,38999,-61570
2026-09-14,5471.TW,102454,0,-55426,47028
2026-09-14,5484.TW,-30000,0,0,-30000
2026-09-14,5515.TW,-43000,0,-26977,-69977
2026-09-14,5519.TW,15000,0,2000,17000
2026-09-14,5521.TW,-218000,0,-59,-218059
2026-09-14,5522.TW,-631000,-139000,12000,-758000
2026-09-14,5525.TW,-21000,0,0,-21000
2026-09-14,5531.TW,-76000,0,0,-76000
2026-09-14,5533.TW,-69000,0,10000,-59000
2026-09-14,5534.TW,-48000,0,-128175,-176175
2026-09-14,5538.TW,-7000,0,-6000,-13000
2026-09-14,5546.TW,-4000,0,-1000,-5000
2026-09-14,5607.TW,-135894,0,6000,-129894
2026-09-14,5608.TW,-145419,0,1708,-143711
2026-09-14,5706.TW,-9000,0,4837,-4163
2026-09-14,5871.TW,2055108,105941,-19038,2142011
2026-09-14,5876.TW,3123390,-219000,110779,3015169
2026-09-14,5880.TW,7776695,-154150,187498,7810043
2026-09-14,5907.TW,7000,0,0,7000
2026-09-14,6005.TW,803751,5000,0,808751
2026-09-14,6024.TW,8169,0,0,8169
2026-09-14,6108.TW,540099,0,14000,554099
2026-09-14,6112.TW,-668000,0,49983,-618017
2026-09-14,6115.TW,3000,0,0,3000
2026-09-14,6116.TW,212014,0,-102343,109671
2026-09-14,6117.TW,20000,0,-20249,-249
2026-09-14,6120.TW,-76684,0,12095,-64589
2026-09-14,6128.TW,6000,0,0,6000
2026-09-14,6133.TW,71592,0,8000,79592
2026-09-14,6136.TW,565,0,0,565
2026-09-14,6139.TW,-114698,-99000,-4254,-217952
2026-09-14,6141.TW,151302,0,-13000,138302
2026-09-14,6142.TW,-23000,0,-2000,-25000
2026-09-14,6152.TW,310006,0,4000,314006
2026-09-14,6153.TW,163010,0,-6662,156348
2026-09-14,6155.TW,149123,0,1000,150123
2026-09-14,6164.TW,-75000,0,-2000,-77000
2026-09-14,6165.TW,-17927,0,21000,3073
2026-09-14,6166.TW,168100,0,-177850,-9750
2026-09-14,6168.TW,1668552,0,93339,1761891
2026-09-14,6176.TW,-157833,0,48091,-109742
2026-09-14,6177.TW,-410705,-91000,9000,-492705
2026-09-14,6183.TW,-3000,0,2000,-1000
2026-09-14,6184.TW,-26000,0,0,-26000
2026-09-14,6189.TW,122000,0,2398,124398
2026-09-14,6191.TW,91578,17000,16156,124734
2026-09-14,6192.TW,-6000,0,2030,-3970
2026-09-14,6196.TW,688635,7000,37230,732865
2026-09-14,6197.TW,9691,0,-33080,-23389
2026-09-14,6201.TW,-1000,0,0,-1000
2026-09-14,6202.TW,49017,0,-4629,44388
2026-09-14,6205.TW,26000,0,-514,25486
2026-09-14,6206.TW,-97368,28000,-34007,-103375
2026-09-14,6209.TW,-536441,0,-248956,-785397
2026-09-14,6213.TW,929114,13000,-258551,683563
2026-09-14,6214.TW,-268373,-10592,-31942,-310907
2026-09-14,6215.TW,-22000,0,-2992,-24992
2026-09-14,6216.TW,-41000,0,-768,-41768
2026-09-14,6224.TW,-17206,0,36000,18794
2026-09-14,6225.TW,-22000,0,0,-22000
2026-09-14,6226.TW,2114120,0,-70476,2043644
2026-09-14,6230.TW,22000,0,0,22000
2026-09-14,6235.TW,-5000,0,-14,-5014
2026-09-14,6239.TW,1359132,-945000,304866,718998
2026-09-14,6243.TW,36719,0,684,37403
2026-09-14,6257.TW,334181,9000,9252,352433
2026-09-14,6269.TW,-422162,0,-199195,-621357
2026-09-14,6271.TW,142903,0,-29454,113449
2026-09-14,6272.TW,22000,0,1000,23000
2026-09-14,6277.TW,23095,0,-13000,10095
2026-09-14,6278.TW,218792,15000,34488,268280
2026-09-14,6281.TW,7000,0,0,7000
2026-09-14,6282.TW,263500,51000,-71610,242890
2026-09-14,6283.TW,-38000,0,1000,-37000
2026-09-14,6285.TW,-37987,25000,15187,2200
2026-09-14,6405.TW,-18000,0,0,-18000
2026-09-14,6409.TW,-59927,74000,-1453,12620
2026-09-14,6412.TW,95032,25000,2113,122145
2026-09-14,6414.TW,66380,15000,-1073,80307
2026-09-14,6415.TW,221976,4230,42215,268421
2026-09-14,6416.TW,-119406,0,-6460,-125866
2026-09-14,6426.TW,243246,-33000,-6987,203259
2026-09-14,6431.TW,-5000,0,0,-5000
2026-09-14,6438.TW,-99982,0,-11199,-111181
2026-09-14,6442.TW,-104015,12000,-62349,-154364
2026-09-14,6443.TW,-524995,0,-147000,-671995
2026-09-14,6446.TW,519089,2409,4066,525564
2026-09-14,6449.TW,452302,-500000,-2313,-50011
2026-09-14,6451.TW,280257,0,-7934,272323
2026-09-14,6456.TW,-54787,0,-4628,-59415
2026-09-14,6464.TW,0,0,0,0
2026-09-14,6472.TW,4233,0,2225,6458
2026-09-14,6477.TW,-40750,0,0,-40750
2026-09-14,6491.TW,17685,0,-14607,3078
2026-09-14,6504.TW,-8000,0,0,-8000
2026-09-14,6505.TW,-3621850,0,-102524,-3724374
2026-09-14,6515.TW,57590,-67570,991,-8989
2026-09-14,6525.TW,135710,0,8906,144616
2026-09-14,6526.TW,99951,0,-2066,97885
2026-09-14,6531.TW,353401,-6000,-46496,300905
2026-09-14,6533.TW,-12000,0,833,-11167
2026-09-14,6534.TW,-6000,0,-5190,-11190
2026-09-14,6541.TW,118667,0,0,118667
2026-09-14,6550.TW,-832883,0,0,-832883
2026-09-14,6552.TW,0,0,-1000,-1000
2026-09-14,6558.TW,-6000,0,0,-6000
2026-09-14,6573.TW,2180,0,0,2180
2026-09-14,6579.TW,59581,0,3658,63239
2026-09-14,6581.TW,-6000,0,2000,-4000
2026-09-14,6582.TW,-5000,0,0,-5000
2026-09-14,6585.TW,24000,0,0,24000
2026-09-14,6589.TW,259720,0,584,260304
2026-09-14,6591.TW,-7000,0,467,-6533
2026-09-14,6592.TW,31440,-30000,-1934,-494
2026-09-14,6598.TW,-38000,0,2000,-36000
2026-09-14,6605.TW,-3410,0,-2598,-6008
2026-09-14,6606.TW,-22000,0,11000,-11000
2026-09-14,6614.TW,2000,0,0,2000
2026-09-14,6625.TW,-10000,0,9534,-466
2026-09-14,6645.TW,1000,0,-6166,-5166
2026-09-14,6655.TW,-6000,0,0,-6000
2026-09-14,6657.TW,-26000,0,0,-26000
2026-09-14,6658.TW,15000,0,-508,14492
2026-09-14,6666.TW,-2000,0,0,-2000
2026-09-14,6668.TW,175787,0,0,175787
2026-09-14,6669.TW,-337202,120617,-29334,-245919
2026-09-14,6670.TW,-4905,-7000,-8000,-19905
2026-09-14,6671.TW,50,0,0,50
2026-09-14,6672.TW,251794,0,26032,277826
2026-09-14,6674.TW,0,0,0,0
2026-09-14,6689.TW,51922,0,4157,56079
2026-09-14,6691.TW,3564,1000,-7025,-2461
2026-09-14,6695.TW,-47000,0,-354,-47354
2026-09-14,6698.TW,8010,0,0,8010
2026-09-14,6706.TW,-230906,0,446230,215324
2026-09-14,6715.TW,55318,0,454,55772
2026-09-14,6719.TW,93622,0,15530,109152
2026-09-14,6722.TW,-10000,0,0,-10000
2026-09-14,6742.TW,21000,0,0,21000
2026-09-14,6743.TW,-51790,0,1000,-50790
2026-09-14,6753.TW,-85000,0,-3524,-88524
2026-09-14,6754.TW,-3000,0,0,-3000
2026-09-14,6756.TW,-8000,0,690,-7310
2026-09-14,6757.TW,-124000,0,-1000,-125000
2026-09-14,6768.TW,121000,0,1000,122000
2026-09-14,6770.TW,7338220,0,-880820,6457400
2026-09-14,6776.TW,11000,0,0,11000
2026-09-14,6781.TW,-22714,0,5227,-17487
2026-09-14,6782.TW,35035,-25000,4492,14527
2026-09-14,6789.TW,117842,0,-10913,106929
2026-09-14,6790.TW,86000,0,5802,91802
2026-09-14,6792.TW,4000,0,0,4000
2026-09-14,6794.TW,-2000,0,0,-2000
2026-09-14,6796.TW,3100,0,0,3100
2026-09-14,6799.TW,22000,0,-104,21896
2026-09-14,6805.TW,270858,-48000,11905,234763
2026-09-14,6807.TW,-1000,0,0,-1000
2026-09-14,6830.TW,190265,0,-14982,175283
2026-09-14,6831.TW,-134995,-20000,-5362,-160357
2026-09-14,6834.TW,-735771,0,-93294,-829065
2026-09-14,6835.TW,-3000,0,0,-3000
2026-09-14,6838.TW,-1000,0,0,-1000
2026-09-14,6854.TW,4994,0,-3258,1736
2026-09-14,6861.TW,-14000,0,15723,1723
2026-09-14,6862.TW,-1223,0,1663,440
2026-09-14,6863.TW,-18000,0,892,-17108
2026-09-14,6869.TW,-5400,0,-277,-5677
2026-09-14,6873.TW,87200,0,0,87200
2026-09-14,6885.TW,-193730,0,-3000,-196730
2026-09-14,6887.TW,0,0,0,0
2026-09-14,6890.TW,-94909,0,431,-94478
2026-09-14,6901.TW,170059,0,14000,184059
2026-09-14,6902.TW,25000,0,-1000,24000
2026-09-14,6906.TW,4000,0,20,4020
2026-09-14,6908.TW,-1000,0,0,-1000
2026-09-14,6909.TW,-290000,0,-5591,-295591
2026-09-14,6914.TW,0,0,0,0
2026-09-14,6916.TW,-7000,0,2000,-5000
2026-09-14,6918.TW,-7000,0,1000,-6000
2026-09-14,6919.TW,-399876,0,-3526,-403402
2026-09-14,6921.TW,2000,0,-6000,-4000
2026-09-14,6923.TW,14000,0,0,14000
2026-09-14,6924.TW,-24150,0,-3891,-28041
2026-09-14,6928.TW,-21000,0,0,-21000
2026-09-14,6931.TW,-3000,0,3000,0
2026-09-14,6933.TW,172725,0,2792,175517
2026-09-14,6934.TW,0,0,0,0
2026-09-14,6936.TW,-6000,0,0,-6000
2026-09-14,6937.TW,14080,0,-2958,11122
2026-09-14,6944.TW,38037,460,5471,43968
2026-09-14,6947.TW,-4000,0,0,-4000
2026-09-14,6949.TW,-107878,0,-66643,-174521
2026-09-14,6951.TW,-1000,0,499,-501
2026-09-14,6952.TW,-8000,0,0,-8000
2026-09-14,6957.TW,8000,0,-4000,4000
2026-09-14,6958.TW,-7000,0,0,-7000
2026-09-14,6962.TW,446064,0,390,446454
2026-09-14,6965.TW,0,0,0,0
2026-09-14,6969.TW,-24000,0,-2660,-26660
2026-09-14,6988.TW,-17000,0,-2000,-19000
2026-09-14,6994.TW,55000,0,-4460,50540
2026-09-14,7610.TW,-153900,0,-727,-154627
2026-09-14,7631.TW,-20000,0,4147,-15853
2026-09-14,7689.TW,3000,0,0,3000
2026-09-14,7705.TW,-4000,0,7000,3000
2026-09-14,7711.TW,-38000,0,-7155,-45155
2026-09-14,7721.TW,-13000,0,1000,-12000
2026-09-14,7722.TW,-5286,0,1,-5285
2026-09-14,7730.TW,-5000,0,-330,-5330
2026-09-14,7732.TW,-2000,0,0,-2000
2026-09-14,7736.TW,7000,0,0,7000
2026-09-14,7740.TW,-18633,0,782,-17851
2026-09-14,7749.TW,-20000,0,-9055,-29055
2026-09-14,7750.TW,-125846,1000,-318,-125164
2026-09-14,7760.TW,-7000,0,0,-7000
2026-09-14,7765.TW,61000,0,17159,78159
2026-09-14,7768.TW,-2100,0,0,-2100
2026-09-14,7769.TW,45322,-7620,1853,39555
2026-09-14,7780.TW,-360000,-60000,-9035,-429035
2026-09-14,7786.TW,5061,0,0,5061
2026-09-14,7788.TW,185165,0,21080,206245
2026-09-14,7791.TW,1000,0,0,1000
2026-09-14,7795.TW,202151,1000,10736,213887
2026-09-14,7799.TW,33095,0,-6000,27095
2026-09-14,7803.TW,-11000,0,-5000,-16000
2026-09-14,7818.TW,-8000,0,0,-8000
2026-09-14,7821.TW,-39000,0,0,-39000
2026-09-14,7822.TW,-6000,0,10303,4303
2026-09-14,7823.TW,12000,0,-1933,10067
2026-09-14,7827.TW,-25998,0,-1182,-27180
2026-09-14,7835.TW,-5000,0,-7000,-12000
2026-09-14,7855.TW,-15000,0,0,-15000
2026-09-14,8011.TW,5000,0,0,5000
2026-09-14,8016.TW,109000,-15000,-8849,85151
2026-09-14,8021.TW,331541,0,19291,350832
2026-09-14,8028.TW,-578633,425000,-3759,-157392
2026-09-14,8033.TW,-529942,0,-147,-530089
2026-09-14,8039.TW,-436112,10000,484062,57950
2026-09-14,8045.TW,33000,0,-234,32766
2026-09-14,8046.TW,782253,-91000,109617,800870
2026-09-14,8070.TW,860150,0,-12753,847397
2026-09-14,8072.TW,-2000,0,-1000,-3000
2026-09-14,8081.TW,94355,500,223,95078
2026-09-14,8103.TW,-107752,0,16462,-91290
2026-09-14,8104.TW,27000,0,0,27000
2026-09-14,8105.TW,104229,0,1999,106228
2026-09-14,8110.TW,590590,0,-13252,577338
2026-09-14,8112.TW,-955551,0,-36226,-991777
2026-09-14,8114.TW,21000,0,-747,20253
2026-09-14,8131.TW,-386000,0,-11416,-397416
2026-09-14,8150.TW,940985,0,55065,996050
2026-09-14,8162.TW,15000,0,1755,16755
2026-09-14,8163.TW,-71000,0,-1062,-72062
2026-09-14,8201.TW,-6000,0,0,-6000
2026-09-14,8210.TW,117021,0,-2978,114043
2026-09-14,8213.TW,54000,0,-103,53897
2026-09-14,8215.TW,-2870,57000,-467,53663
2026-09-14,8222.TW,-81000,0,-1000,-82000
2026-09-14,8249.TW,24000,0,0,24000
2026-09-14,8261.TW,601403,0,16008,617411
2026-09-14,8271.TW,-77673,0,-8487,-86160
2026-09-14,8341.TW,-39000,0,-812,-39812
2026-09-14,8367.TW,-2000,0,0,-2000
2026-09-14,8374.TW,50,0,-37609,-37559
2026-09-14,8404.TW,62000,0,0,62000
2026-09-14,8411.TW,-15000,0,-80848,-95848
2026-09-14,8422.TW,970173,9000,-83000,896173
2026-09-14,8429.TW,-10000,0,0,-10000
2026-09-14,8438.TW,17000,0,0,17000
2026-09-14,8442.TW,-8000,0,0,-8000
2026-09-14,8443.TW,-7000,0,0,-7000
2026-09-14,8454.TW,42768,983,2109,45860
2026-09-14,8462.TW,-63,0,1981,1918
2026-09-14,8463.TW,-4000,0,6000,2000
2026-09-14,8464.TW,71011,52005,13959,136975
2026-09-14,8466.TW,-6000,0,0,-6000
2026-09-14,8467.TW,3000,0,0,3000
2026-09-14,8473.TW,-6340,0,0,-6340
2026-09-14,8476.TW,-58000,0,0,-58000
2026-09-14,8478.TW,1495,0,1000,2495
2026-09-14,8481.TW,-1000,0,1000,0
2026-09-14,8482.TW,-1000,0,0,-1000
2026-09-14,8487.TW,0,0,-2017,-2017
2026-09-14,8488.TW,-10000,0,0,-10000
2026-09-14,8499.TW,16000,0,-386,15614
2026-09-14,8926.TW,-649759,48721,5092,-595946
2026-09-14,8940.TW,1000,0,0,1000
2026-09-14,8996.TW,-1477847,-267000,84032,-1660815
2026-09-14,9103.TW,-338000,0,-700,-338700
2026-09-14,9105.TW,-6516601,0,135559,-6381042
2026-09-14,9136.TW,2000,0,-614,1386
2026-09-14,9802.TW,-28886,-35000,23,-63863
2026-09-14,9902.TW,-13150,0,4000,-9150
2026-09-14,9904.TW,-2377938,57000,43409,-2277529
2026-09-14,9905.TW,-42000,0,7000,-35000
2026-09-14,9906.TW,-15000,0,0,-15000
2026-09-14,9907.TW,-80000,0,-46000,-126000
2026-09-14,9908.TW,-52943,0,-43,-52986
2026-09-14,9910.TW,-104175,57812,3353,-43010
2026-09-14,9911.TW,-76000,0,0,-76000
2026-09-14,9912.TW,-1000,0,0,-1000
2026-09-14,9914.TW,11015,0,-104224,-93209
2026-09-14,9917.TW,55860,18000,0,73860
2026-09-14,9918.TW,-3000,0,0,-3000
2026-09-14,9919.TW,19000,0,0,19000
2026-09-14,9921.TW,428338,0,-34083,394255
2026-09-14,9924.TW,-28000,0,0,-28000
2026-09-14,9925.TW,-114570,0,26000,-88570
2026-09-14,9926.TW,-1758,0,0,-1758
2026-09-14,9927.TW,-19000,0,0,-19000
2026-09-14,9929.TW,-2000,0,0,-2000
2026-09-14,9930.TW,-57000,0,844,-56156
2026-09-14,9931.TW,-5000,0,-98,-5098
2026-09-14,9933.TW,-323177,-71200,1722,-392655
2026-09-14,9934.TW,-232000,0,-81000,-313000
2026-09-14,9935.TW,-129000,0,7000,-122000
2026-09-14,9937.TW,-5000,0,5000,0
2026-09-14,9938.TW,410000,0,-162264,247736
2026-09-14,9939.TW,-430317,0,5132,-425185
2026-09-14,9940.TW,26000,0,869,26869
2026-09-14,9941.TW,638757,448000,16290,1103047
2026-09-14,9942.TW,-25000,0,8000,-17000
2026-09-14,9943.TW,0,0,0,0
2026-09-14,9944.TW,-11000,0,8000,-3000
2026-09-14,9945.TW,84824,0,120758,205582
2026-09-14,9946.TW,-90000,0,6000,-84000
2026-09-14,9955.TW,-38000,0,0,-38000
2026-09-14,9958.TW,464487,0,-64095,400392
2026-09-15,0050.TW,-38426153,0,5058489,-33367664
2026-09-15,0051.TW,-971,0,-60730,-61701
2026-09-15,0052.TW,-4074788,30000,1774399,-2270389
2026-09-15,0053.TW,-5925,0,-245826,-251751
2026-09-15,0055.TW,44090,0,-748666,-704576
2026-09-15,0056.TW,-14399210,0,1483425,-12915785
2026-09-15,0057.TW,0,0,-8000,-8000
2026-09-15,0061.TW,39000,0,-13226,25774
2026-09-15,1101.TW,-11863321,-201000,377641,-11686680
2026-09-15,1102.TW,710351,230952,-61196,880107
2026-09-15,1103.TW,-161000,0,8000,-153000
2026-09-15,1104.TW,-217418,32000,7000,-178418
2026-09-15,1108.TW,-14000,0,0,-14000
2026-09-15,1109.TW,-19000,0,4000,-15000
2026-09-15,1110.TW,-76000,0,-21000,-97000
2026-09-15,1201.TW,-131000,0,7000,-124000
2026-09-15,1203.TW,-14000,0,0,-14000
2026-09-15,1210.TW,-356578,7000,-100426,-450004
2026-09-15,1215.TW,-624922,-20000,6927,-637995
2026-09-15,1216.TW,-2092996,-221421,97116,-2217301
2026-09-15,1217.TW,-7000,0,49000,42000
2026-09-15,1218.TW,-86000,0,6953,-79047
2026-09-15,1219.TW,-39000,0,4000,-35000
2026-09-15,1220.TW,-4666,0,0,-4666
2026-09-15,1225.TW,-1000,0,0,-1000
2026-09-15,1227.TW,-130000,-92000,11955,-210045
2026-09-15,1229.TW,-375387,90000,28401,-256986
2026-09-15,1231.TW,-190000,-42000,7832,-224168
2026-09-15,1232.TW,-14001,-16000,4000,-26001
2026-09-15,1233.TW,0,0,0,0
2026-09-15,1234.TW,-2462,0,-343,-2805
2026-09-15,1235.TW,-8000,0,0,-8000
2026-09-15,1236.TW,-13000,0,1000,-12000
2026-09-15,1256.TW,-4000,0,-3000,-7000
2026-09-15,1301.TW,-5809722,-5000,-51270,-5865992
2026-09-15,1303.TW,-16389070,3289,-763664,-17149445
2026-09-15,1304.TW,-391307,0,-48854,-440161
2026-09-15,1305.TW,-249687,0,7983,-241704
2026-09-15,1307.TW,-158000,0,-8597,-166597
2026-09-15,1308.TW,-93676,0,500,-93176
2026-09-15,1309.TW,71051,0,1672,72723
2026-09-15,1310.TW,-535000,0,7000,-528000
2026-09-15,1312.TW,-795847,0,51265,-744582
2026-09-15,1313.TW,-145422,0,30994,-114428
2026-09-15,1314.TW,-3189885,0,40221,-3149664
2026-09-15,1315.TW,-7000,0,0,-7000
2026-09-15,1316.TW,-156800,0,5984,-150816
2026-09-15,1319.TW,309927,-13000,8752,305679
2026-09-15,1321.TW,-2000,0,8000,6000
2026-09-15,1323.TW,-14000,0,0,-14000
2026-09-15,1324.TW,-5000,0,0,-5000
2026-09-15,1325.TW,12751,0,0,12751
2026-09-15,1326.TW,-7503086,27000,-232049,-7708135
2026-09-15,1337.TW,-35000,0,0,-35000
2026-09-15,1338.TW,-5000,0,0,-5000
2026-09-15,1339.TW,-12000,0,1391,-10609
2026-09-15,1340.TW,-2000,0,0,-2000
2026-09-15,1341.TW,-2000,0,0,-2000
2026-09-15,1342.TW,6040,0,1000,7040
2026-09-15,1402.TW,-865179,-2387025,58858,-3193346
2026-09-15,1409.TW,-2649292,-166000,-136971,-2952263
2026-09-15,1410.TW,-26000,0,1000,-25000
2026-09-15,1413.TW,-2000,0,1000,-1000
2026-09-15,1414.TW,-45167,0,8000,-37167
2026-09-15,1416.TW,-26000,0,4000,-22000
2026-09-15,1417.TW,-73000,0,0,-73000
2026-09-15,1418.TW,0,0,0,0
2026-09-15,1419.TW,-14038,-49000,1000,-62038
2026-09-15,1423.TW,-1000,0,0,-1000
2026-09-15,1432.TW,-12000,0,0,-12000
2026-09-15,1434.TW,-345000,-15000,18227,-341773
2026-09-15,1435.TW,-3000,0,0,-3000
2026-09-15,1436.TW,-3725,0,0,-3725
2026-09-15,1437.TW,-17050,0,-5000,-22050
2026-09-15,1438.TW,-6000,0,0,-6000
2026-09-15,1439.TW,-7000,0,1000,-6000
2026-09-15,1440.TW,-18000,-252000,-27160,-297160
2026-09-15,1441.TW,-3000,0,0,-3000
2026-09-15,1442.TW,4000,0,0,4000
2026-09-15,1443.TW,-4000,0,0,-4000
2026-09-15,1444.TW,-338000,0,6000,-332000
2026-09-15,1445.TW,-5000,0,0,-5000
2026-09-15,1446.TW,-3000,0,0,-3000
2026-09-15,1447.TW,-60620,0,0,-60620
2026-09-15,1449.TW,-23171,0,3000,-20171
2026-09-15,1451.TW,-11000,0,0,-11000
2026-09-15,1452.TW,-5000,0,0,-5000
2026-09-15,1453.TW,-14000,0,3000,-11000
2026-09-15,1454.TW,-11000,0,1000,-10000
2026-09-15,1455.TW,-141000,0,12669,-128331
2026-09-15,1456.TW,-10000,0,3999,-6001
2026-09-15,1457.TW,-7915,0,0,-7915
2026-09-15,1459.TW,-68000,0,0,-68000
2026-09-15,1460.TW,-67000,0,0,-67000
2026-09-15,1463.TW,158000,0,-2000,156000
2026-09-15,1464.TW,-169000,0,20000,-149000
2026-09-15,1465.TW,-14000,0,0,-14000
2026-09-15,1466.TW,-23000,0,4000,-19000
2026-09-15,1467.TW,-21000,0,2000,-19000
2026-09-15,1468.TW,-7000,0,-1000,-8000
2026-09-15,1470.TW,-3000,0,0,-3000
2026-09-15,1471.TW,-37000,0,0,-37000
2026-09-15,1472.TW,2000,0,-9000,-7000
2026-09-15,1473.TW,-74000,0,0,-74000
2026-09-15,1474.TW,-17000,0,0,-17000
2026-09-15,1475.TW,-1000,0,0,-1000
2026-09-15,1476.TW,-12550,17000,-2924,1526
2026-09-15,1477.TW,-326650,10,-31378,-358018
2026-09-15,1503.TW,-285364,7000,-14952,-293316
2026-09-15,1504.TW,-982256,-69000,-9326,-1060582
2026-09-15,1506.TW,-32000,0,3000,-29000
2026-09-15,1512.TW,-5000,0,0,-5000
2026-09-15,1513.TW,-330048,23000,-23003,-330051
2026-09-15,1514.TW,-72012,-20000,-4295,-96307
2026-09-15,1515.TW,-23000,0,2930,-20070
2026-09-15,1516.TW,-1001,0,0,-1001
2026-09-15,1517.TW,28000,0,3000,31000
2026-09-15,1519.TW,-28608,-116513,-29856,-174977
2026-09-15,1521.TW,-4000,0,2000,-2000
2026-09-15,1522.TW,-25000,0,5000,-20000
2026-09-15,1524.TW,-38840,0,0,-38840
2026-09-15,1525.TW,-1000,0,0,-1000
2026-09-15,1526.TW,-7000,0,0,-7000
2026-09-15,1527.TW,-54091,0,0,-54091
2026-09-15,1528.TW,-2643990,0,-15400,-2659390
2026-09-15,1529.TW,5880,0,2000,7880
2026-09-15,1530.TW,-2000,0,-7,-2007
2026-09-15,1531.TW,-8000,0,0,-8000
2026-09-15,1532.TW,-77000,0,4000,-73000
2026-09-15,1533.TW,-34000,0,1000,-33000
2026-09-15,1535.TW,-21000,0,6000,-15000
2026-09-15,1536.TW,-783000,0,-29415,-812415
2026-09-15,1537.TW,-8047,0,1000,-7047
2026-09-15,1539.TW,-4000,0,0,-4000
2026-09-15,1540.TW,3000,0,0,3000
2026-09-15,1541.TW,-3938,0,0,-3938
2026-09-15,1558.TW,2098,0,0,2098
2026-09-15,1560.TW,-139752,-1000,2117,-138635
2026-09-15,1563.TW,48943,0,0,48943
2026-09-15,1568.TW,-23940,0,-3650,-27590
2026-09-15,1582.TW,-85980,0,39061,-46919
2026-09-15,1583.TW,-3000,0,0,-3000
2026-09-15,1587.TW,-24000,0,0,-24000
2026-09-15,1590.TW,5252,1900,2931,10083
2026-09-15,1597.TW,153817,0,-13455,140362
2026-09-15,1598.TW,-72860,0,3000,-69860
2026-09-15,1603.TW,1000,0,7000,8000
2026-09-15,1604.TW,-68000,0,6000,-62000
2026-09-15,1605.TW,-2718389,-1000,-217910,-2937299
2026-09-15,1608.TW,-469000,-91816,28757,-532059
2026-09-15,1609.TW,28886,-64000,-10053,-45167
2026-09-15,1611.TW,-149732,0,5000,-144732
2026-09-15,1612.TW,-98000,0,16526,-81474
2026-09-15,1614.TW,-11000,0,0,-11000
2026-09-15,1615.TW,-7000,0,0,-7000
2026-09-15,1616.TW,-24570,0,0,-24570
2026-09-15,1617.TW,38295,0,1000,39295
2026-09-15,1618.TW,-86164,0,-1037,-87201
2026-09-15,1623.TW,7000,0,-265,6735
2026-09-15,1626.TW,-6000,0,1000,-5000
2026-09-15,1702.TW,47000,0,3000,50000
2026-09-15,1707.TW,-142626,0,4834,-137792
2026-09-15,1708.TW,50028,0,-47355,2673
2026-09-15,1709.TW,-385959,0,-5218,-391177
2026-09-15,1710.TW,-86273,0,-20050,-106323
2026-09-15,1711.TW,-288896,0,-47162,-336058
2026-09-15,1712.TW,-225209,37003,22515,-165691
2026-09-15,1713.TW,-65931,0,0,-65931
2026-09-15,1714.TW,-645334,0,4942,-640392
2026-09-15,1717.TW,-1735462,4000,-243645,-1975107
2026-09-15,1718.TW,-150150,0,-59117,-209267
2026-09-15,1720.TW,-13000,0,16000,3000
2026-09-15,1721.TW,18905,0,5000,23905
2026-09-15,1722.TW,-530696,-119000,15000,-634696
2026-09-15,1723.TW,-57000,0,-627,-57627
2026-09-15,1725.TW,-3000,0,1000,-2000
2026-09-15,1726.TW,-5758,0,0,-5758
2026-09-15,1727.TW,-35745,0,59775,24030
2026-09-15,1730.TW,-10000,0,0,-10000
2026-09-15,1731.TW,-4000,0,0,-4000
2026-09-15,1732.TW,-24000,0,-1000,-25000
2026-09-15,1733.TW,-56001,0,0,-56001
2026-09-15,1734.TW,14123,0,0,14123
2026-09-15,1735.TW,4000,0,4938,8938
2026-09-15,1736.TW,107849,-91000,4434,21283
2026-09-15,1737.TW,-67000,0,-34000,-101000
2026-09-15,1752.TW,-9000,0,0,-9000
2026-09-15,1760.TW,-1,0,0,-1
2026-09-15,1762.TW,-11000,0,2000,-9000
2026-09-15,1773.TW,-29850,38000,2754,10904
2026-09-15,1776.TW,-9000,0,0,-9000
2026-09-15,1783.TW,-22000,0,-16000,-38000
2026-09-15,1786.TW,-8295,0,2023,-6272
2026-09-15,1789.TW,-51000,0,21831,-29169
2026-09-15,1795.TW,151288,6000,17821,175109
2026-09-15,1802.TW,-3211871,4000,-479354,-3687225
2026-09-15,1805.TW,-7000,0,0,-7000
2026-09-15,1806.TW,-16000,0,4000,-12000
2026-09-15,1808.TW,-267000,0,-8000,-275000
2026-09-15,1809.TW,-244010,0,674,-243336
2026-09-15,1810.TW,-19559,17047,16950,14438
2026-09-15,1817.TW,2000,0,0,2000
2026-09-15,1903.TW,-15000,0,-309,-15309
2026-09-15,1904.TW,-80767,-192000,-3000,-275767
2026-09-15,1905.TW,-416861,0,11141,-405720
2026-09-15,1906.TW,-13000,0,3000,-10000
2026-09-15,1907.TW,-120700,13578,37000,-70122
2026-09-15,1909.TW,-761000,0,91988,-669012
2026-09-15,2002.TW,-20768018,-110000,258601,-20619417
2026-09-15,2006.TW,-213805,-202886,56514,-360177
2026-09-15,2007.TW,-182000,0,0,-182000
2026-09-15,2008.TW,-19000,0,0,-19000
2026-09-15,2009.TW,-328000,0,-16171,-344171
2026-09-15,2010.TW,-199000,0,6815,-192185
2026-09-15,2012.TW,0,0,-1000,-1000
2026-09-15,2013.TW,-15000,0,3000,-12000
2026-09-15,2014.TW,-1442000,0,11000,-1431000
2026-09-15,2015.TW,-33000,0,16000,-17000
2026-09-15,2017.TW,-95704,0,3000,-92704
2026-09-15,2020.TW,-29638,0,4000,-25638
2026-09-15,2022.TW,-106000,0,0,-106000
2026-09-15,2023.TW,-838000,-138000,99000,-877000
2026-09-15,2024.TW,-3000,0,0,-3000
2026-09-15,2025.TW,-125905,0,-3000,-128905
2026-09-15,2027.TW,701000,100000,-708438,92562
2026-09-15,2028.TW,-42000,0,7000,-35000
2026-09-15,2029.TW,-128000,0,6773,-121227
2026-09-15,2030.TW,180566,0,22000,202566
2026-09-15,2031.TW,-20999,0,6000,-14999
2026-09-15,2032.TW,-133000,0,-1846,-134846
2026-09-15,2033.TW,-64985,0,0,-64985
2026-09-15,2034.TW,293777,0,42035,335812
2026-09-15,2038.TW,-148000,0,7000,-141000
2026-09-15,2049.TW,1641970,23000,93935,1758905
2026-09-15,2059.TW,-41776,4000,7193,-30583
2026-09-15,2062.TW,-50001,0,4000,-46001
2026-09-15,2069.TW,121642,0,12000,133642
2026-09-15,2072.TW,-45619,0,0,-45619
2026-09-15,2101.TW,-55656,0,11000,-44656
2026-09-15,2102.TW,54000,0,0,54000
2026-09-15,2103.TW,176794,0,78962,255756
2026-09-15,2104.TW,-87000,0,-51000,-138000
2026-09-15,2105.TW,-2209760,283228,342,-1926190
2026-09-15,2106.TW,-366671,83000,7976,-275695
2026-09-15,2107.TW,-10576,0,21000,10424
2026-09-15,2108.TW,-179514,0,-4972,-184486
2026-09-15,2109.TW,-35148,0,25000,-10148
2026-09-15,2114.TW,-3000,0,0,-3000
2026-09-15,2115.TW,-3000,0,0,-3000
2026-09-15,2201.TW,-1072534,-87000,-49728,-1209262
2026-09-15,2204.TW,-280000,-56067,9276,-326791
2026-09-15,2206.TW,-85784,105000,15000,34216
2026-09-15,2207.TW,-17351,-2240,11938,-7653
2026-09-15,2208.TW,-196000,0,9000,-187000
2026-09-15,2211.TW,-278000,-55000,-14471,-347471
2026-09-15,2227.TW,-49356,0,3000,-46356
2026-09-15,2228.TW,15030,0,0,15030
2026-09-15,2231.TW,-4000,0,893,-3107
2026-09-15,2233.TW,-3909,0,2261,-1648
2026-09-15,2236.TW,-30000,0,-3000,-33000
2026-09-15,2237.TW,-11000,0,0,-11000
2026-09-15,2239.TW,-2000,0,900,-1100
2026-09-15,2241.TW,-5001,0,-1000,-6001
2026-09-15,2243.TW,-28000,0,-425,-28425
2026-09-15,2247.TW,8015,-5497,0,2518
2026-09-15,2248.TW,1000,0,-3000,-2000
2026-09-15,2250.TW,-17000,0,0,-17000
2026-09-15,2254.TW,-37000,0,-164866,-201866
2026-09-15,2258.TW,-110000,0,6302,-103698
2026-09-15,2301.TW,-3201494,20000,27894,-3153600
2026-09-15,2302.TW,-528770,0,-18559,-547329
2026-09-15,2303.TW,-23400191,9489479,-600600,-14511312
2026-09-15,2305.TW,-1322802,0,-145577,-1468379
2026-09-15,2308.TW,1846904,-964339,247861,1130426
2026-09-15,2312.TW,-1241461,254000,-394039,-1381500
2026-09-15,2313.TW,-22055,-451000,-161266,-634321
2026-09-15,2314.TW,0,0,0,0
2026-09-15,2316.TW,75950,0,11418,87368
2026-09-15,2317.TW,-2393248,-91147,317717,-2166678
2026-09-15,2323.TW,-1613022,0,-100258,-1713280
2026-09-15,2324.TW,-19035391,-266000,-2089568,-21390959
2026-09-15,2327.TW,-686673,197000,16338,-473335
2026-09-15,2328.TW,-392910,0,-81070,-473980
2026-09-15,2329.TW,358317,0,-8677,349640
2026-09-15,2330.TW,-4226760,-13848,350547,-3890061
2026-09-15,2331.TW,-206000,0,6734,-199266
2026-09-15,2332.TW,-1074000,0,-19706,-1093706
2026-09-15,2337.TW,-1312556,-32000,-88378,-1432934
2026-09-15,2338.TW,-1563900,0,1434,-1562466
2026-09-15,2340.TW,-368800,0,-80261,-449061
2026-09-15,2342.TW,-1779759,0,-604,-1780363
2026-09-15,2344.TW,-4095284,-5474000,1037727,-8531557
2026-09-15,2345.TW,-536354,6150,-17781,-547985
2026-09-15,2347.TW,-1077766,1163300,1303,86837
2026-09-15,2348.TW,20500,0,2900,23400
2026-09-15,2349.TW,114322,0,0,114322
2026-09-15,2351.TW,730753,8000,-93502,645251
2026-09-15,2352.TW,-1185441,-20000,-14505,-1219946
2026-09-15,2353.TW,-2088764,236000,-306452,-2159216
2026-09-15,2354.TW,2185499,65000,-149790,2100709
2026-09-15,2355.TW,-104443,0,-80420,-184863
2026-09-15,2356.TW,-1538374,-966000,-107606,-2611980
2026-09-15,2357.TW,-295469,237700,-31798,-89567
2026-09-15,2359.TW,-566709,0,-26424,-593133
2026-09-15,2360.TW,-73294,-12847,21305,-64836
2026-09-15,2362.TW,-212124,0,13812,-198312
2026-09-15,2363.TW,-636260,0,-193287,-829547
2026-09-15,2364.TW,-10645,0,2000,-8645
2026-09-15,2365.TW,-113000,0,0,-113000
2026-09-15,2367.TW,116550,0,-30882,85668
2026-09-15,2368.TW,-350849,-181000,-302156,-834005
2026-09-15,2369.TW,34996,0,-20024,14972
2026-09-15,2371.TW,1101219,0,50876,1152095
2026-09-15,2373.TW,-16000,0,3000,-13000
2026-09-15,2374.TW,-142671,-54000,-20204,-216875
2026-09-15,2375.TW,-4000,0,-19887,-23887
2026-09-15,2376.TW,-692211,162000,-31501,-561712
2026-09-15,2377.TW,159803,-65000,-223339,-128536
2026-09-15,2379.TW,-60226,139000,-40217,38557
2026-09-15,2380.TW,2000,0,0,2000
2026-09-15,2382.TW,522204,432942,86442,1041588
2026-09-15,2383.TW,-176927,-99300,-1823,-278050
2026-09-15,2385.TW,413493,75900,-10412,478981
2026-09-15,2387.TW,-70000,12053,11000,-46947
2026-09-15,2388.TW,-899502,0,-240567,-1140069
2026-09-15,2390.TW,-105800,0,0,-105800
2026-09-15,2392.TW,42872,-100000,-44381,-101509
2026-09-15,2393.TW,-250895,44537,21639,-184719
2026-09-15,2395.TW,881674,-10000,43136,914810
2026-09-15,2397.TW,-48000,0,11000,-37000
2026-09-15,2399.TW,-797109,0,4691,-792418
2026-09-15,2401.TW,-525400,0,-127359,-652759
2026-09-15,2402.TW,-372540,0,-27673,-400213
2026-09-15,2404.TW,312111,-27000,24278,309389
2026-09-15,2405.TW,-188000,0,0,-188000
2026-09-15,2406.TW,-510000,0,3314,-506686
2026-09-15,2408.TW,-6568377,-1525000,167468,-7925909
2026-09-15,2409.TW,-37756960,0,-4132553,-41889513
2026-09-15,2412.TW,11835598,-33000,99000,11901598
2026-09-15,2413.TW,-76000,0,645,-75355
2026-09-15,2414.TW,-35932,0,6000,-29932
2026-09-15,2415.TW,1246,0,0,1246
2026-09-15,2417.TW,21000,0,0,21000
2026-09-15,2419.TW,156791,0,-4357,152434
2026-09-15,2420.TW,-4790,0,7559,2769
2026-09-15,2421.TW,45366,-11000,-134275,-99909
2026-09-15,2423.TW,-19000,0,1000,-18000
2026-09-15,2424.TW,-2000,0,0,-2000
2026-09-15,2425.TW,89283,0,-3300,85983
2026-09-15,2426.TW,-1159776,0,-301734,-1461510
2026-09-15,2427.TW,120080,0,9000,129080
2026-09-15,2428.TW,192446,0,11516,203962
2026-09-15,2429.TW,-32000,0,0,-32000
2026-09-15,2430.TW,-12000,0,9000,-3000
2026-09-15,2431.TW,-35000,0,0,-35000
2026-09-15,2432.TW,-8000,0,0,-8000
2026-09-15,2433.TW,-43000,0,1000,-42000
2026-09-15,2434.TW,-25768,0,1000,-24768
2026-09-15,2436.TW,-1581000,37000,-99869,-1643869
2026-09-15,2438.TW,-23000,0,-2000,-25000
2026-09-15,2439.TW,-72627,0,-6938,-79565
2026-09-15,2440.TW,-66000,0,1000,-65000
2026-09-15,2441.TW,1199272,73000,46003,1318275
2026-09-15,2442.TW,-147000,0,4000,-143000
2026-09-15,2444.TW,68700,0,0,68700
2026-09-15,2449.TW,-1874741,-61000,-143786,-2079527
2026-09-15,2450.TW,-14000,0,3000,-11000
2026-09-15,2451.TW,-163770,-13600,-14478,-191848
2026-09-15,2453.TW,-63769,0,1000,-62769
2026-09-15,2454.TW,-999999,-19057,35344,-983712
2026-09-15,2455.TW,-131090,-64000,-137770,-332860
2026-09-15,2457.TW,172000,0,-30792,141208
2026-09-15,2458.TW,-63915,-174000,-8983,-246898
2026-09-15,2459.TW,-11000,0,1000,-10000
2026-09-15,2460.TW,-14958,0,1000,-13958
2026-09-15,2461.TW,34000,0,7000,41000
2026-09-15,2462.TW,-7000,0,3000,-4000
2026-09-15,2464.TW,-634203,0,-20021,-654224
2026-09-15,2465.TW,-163990,0,0,-163990
2026-09-15,2466.TW,13916,0,-2000,11916
2026-09-15,2467.TW,-210144,1000,-7057,-216201
2026-09-15,2468.TW,-511020,0,17130,-493890
2026-09-15,2471.TW,79000,0,1000,80000
2026-09-15,2472.TW,703312,-558000,-20110,125202
2026-09-15,2474.TW,-1036001,-50000,-18632,-1104633
2026-09-15,2476.TW,-260364,0,-20316,-280680
2026-09-15,2477.TW,-17000,5257,1000,-10743
2026-09-15,2478.TW,135100,0,-15587,119513
2026-09-15,2480.TW,224449,0,12379,236828
2026-09-15,2481.TW,-10846456,892000,-370807,-10325263
2026-09-15,2482.TW,-2000,0,637,-1363
2026-09-15,2483.TW,-7000,0,1000,-6000
2026-09-15,2484.TW,467944,0,1210,469154
2026-09-15,2485.TW,-91176,0,-20174,-111350
2026-09-15,2486.TW,-824070,41000,5600,-777470
2026-09-15,2488.TW,7000,0,1000,8000
2026-09-15,2489.TW,-2270058,-29800,-53169,-2353027
2026-09-15,2491.TW,-41141,0,-9000,-50141
2026-09-15,2492.TW,1482191,-1523000,518206,477397
2026-09-15,2493.TW,100088,-1000,-6120,92968
2026-09-15,2495.TW,-206648,0,-19813,-226461
2026-09-15,2497.TW,-39155,0,-2000,-41155
2026-09-15,2498.TW,-582548,0,-38644,-621192
2026-09-15,2501.TW,-2746394,0,6915,-2739479
2026-09-15,2504.TW,-701746,-48935,20196,-730485
2026-09-15,2505.TW,-31000,0,5000,-26000
2026-09-15,2506.TW,-121000,0,0,-121000
2026-09-15,2509.TW,4000,0,0,4000
2026-09-15,2511.TW,-121000,0,25000,-96000
2026-09-15,2514.TW,-36000,0,5844,-30156
2026-09-15,2515.TW,-2745940,-220000,-3702,-2969642
2026-09-15,2516.TW,-11000,0,0,-11000
2026-09-15,2520.TW,-195922,-113000,11163,-297759
2026-09-15,2524.TW,-44000,0,1000,-43000
2026-09-15,2527.TW,-322830,0,15224,-307606
2026-09-15,2528.TW,13000,15877,-92000,-63123
2026-09-15,2530.TW,-479920,134236,14000,-331684
2026-09-15,2534.TW,-41002,0,6999,-34003
2026-09-15,2535.TW,-6478,-20000,5841,-20637
2026-09-15,2536.TW,-125000,0,10000,-115000
2026-09-15,2537.TW,3000,0,0,3000
2026-09-15,2538.TW,-163930,0,0,-163930
2026-09-15,2539.TW,-517000,8000,12844,-496156
2026-09-15,2540.TW,-2973,0,4000,1027
2026-09-15,2542.TW,-2607103,1123400,23922,-1459781
2026-09-15,2543.TW,-6359,-51000,-1200,-58559
2026-09-15,2545.TW,-31000,0,4493,-26507
2026-09-15,2546.TW,-61796,0,-4000,-65796
2026-09-15,2547.TW,-716000,38779,25598,-651623
2026-09-15,2548.TW,-948717,-17200,32784,-933133
2026-09-15,2597.TW,-4400,26839,2951,25390
2026-09-15,2601.TW,-321667,0,0,-321667
2026-09-15,2603.TW,-2746255,1435800,-100757,-1411212
2026-09-15,2605.TW,-699992,-112000,-572389,-1384381
2026-09-15,2606.TW,-317229,388000,-132105,-61334
2026-09-15,2607.TW,60250,0,11000,71250
2026-09-15,2608.TW,-88000,0,5959,-82041
2026-09-15,2609.TW,2547014,86000,-171176,2461838
2026-09-15,2610.TW,-10365354,-231000,158192,-10438162
2026-09-15,2611.TW,-87774,0,0,-87774
2026-09-15,2612.TW,-13365,0,-46327,-59692
2026-09-15,2613.TW,-1000,0,0,-1000
2026-09-15,2614.TW,-220000,0,0,-220000
2026-09-15,2615.TW,920976,-48000,-169519,703457
2026-09-15,2616.TW,-9200,0,0,-9200
2026-09-15,2617.TW,207056,0,-7320,199736
2026-09-15,2618.TW,-5970145,2515052,8716,-3446377
2026-09-15,2630.TW,-37253,0,-42784,-80037
2026-09-15,2633.TW,-2924984,947000,16000,-1961984
2026-09-15,2634.TW,-30941,74000,-208039,-164980
2026-09-15,2636.TW,-66080,0,-1241,-67321
2026-09-15,2637.TW,-1114492,636000,-89185,-567677
2026-09-15,2642.TW,-4000,0,0,-4000
2026-09-15,2645.TW,-312864,-40000,-9873,-362737
2026-09-15,2646.TW,-2041804,0,20906,-2020898
2026-09-15,2701.TW,-35000,0,0,-35000
2026-09-15,2702.TW,-11000,0,-1000,-12000
2026-09-15,2704.TW,-42000,0,0,-42000
2026-09-15,2705.TW,-9000,0,2000,-7000
2026-09-15,2706.TW,-52000,0,0,-52000
2026-09-15,2707.TW,-16000,-15000,2982,-28018
2026-09-15,2712.TW,-3000,0,0,-3000
2026-09-15,2722.TW,-8000,0,3000,-5000
2026-09-15,2723.TW,12000,0,3000,15000
2026-09-15,2727.TW,-23001,0,348,-22653
2026-09-15,2731.TW,58000,2305,-2715,57590
2026-09-15,2739.TW,-32000,0,0,-32000
2026-09-15,2748.TW,-1000,0,1000,0
2026-09-15,2753.TW,-27000,3103,746,-23151
2026-09-15,2762.TW,-3960,0,0,-3960
2026-09-15,2801.TW,-21978244,3842000,224982,-17911262
2026-09-15,2812.TW,-5600525,11000,169000,-5420525
2026-09-15,2816.TW,86270,0,0,86270
2026-09-15,2820.TW,1383073,0,18000,1401073
2026-09-15,2832.TW,79815,6768,69,86652
2026-09-15,2834.TW,-13984751,-63000,317412,-13730339
2026-09-15,2836.TW,-513180,0,61500,-451680
2026-09-15,2838.TW,-215767,4000,118000,-93767
2026-09-15,2845.TW,-2210158,-15000,139974,-2085184
2026-09-15,2849.TW,-69000,0,0,-69000
2026-09-15,2850.TW,-58240,0,-2235,-60475
2026-09-15,2851.TW,-569183,0,106582,-462601
2026-09-15,2852.TW,-98337,0,0,-98337
2026-09-15,2855.TW,-3273167,1457900,0,-1815267
2026-09-15,2880.TW,3528163,-627200,456390,3357353
2026-09-15,2881.TW,-4298703,1807960,155726,-2335017
2026-09-15,2882.TW,-6081599,1243000,197787,-4640812
2026-09-15,2883.TW,-16415364,-183000,550728,-16047636
2026-09-15,2884.TW,-9521342,4558000,486845,-4476497
2026-09-15,2885.TW,-13466870,-197000,81613,-13582257
2026-09-15,2886.TW,-5029761,5013000,109166,92405
2026-09-15,2887.TW,-429822,3580000,256762,3406940
2026-09-15,2889.TW,-5861000,0,100217,-5760783
2026-09-15,2890.TW,-3338525,3331000,-228350,-235875
2026-09-15,2891.TW,13796579,2998538,-249750,16545367
2026-09-15,2892.TW,-4150526,3370000,42706,-737820
2026-09-15,2897.TW,-1023086,0,169876,-853210
2026-09-15,2901.TW,0,0,0,0
2026-09-15,2903.TW,-932900,-185000,40522,-1077378
2026-09-15,2904.TW,-7000,0,0,-7000
2026-09-15,2905.TW,302167,0,117000,419167
2026-09-15,2906.TW,-28000,0,7056,-20944
2026-09-15,2908.TW,5000,0,0,5000
2026-09-15,2910.TW,-3000,0,0,-3000
2026-09-15,2911.TW,-17000,0,0,-17000
2026-09-15,2912.TW,4326,60523,24898,89747
2026-09-15,2913.TW,-115537,0,22000,-93537
2026-09-15,2915.TW,185619,-7000,-78816,99803
2026-09-15,2923.TW,-241000,0,-7000,-248000
2026-09-15,2929.TW,-17000,0,0,-17000
2026-09-15,2939.TW,-4000,0,0,-4000
2026-09-15,2945.TW,-1000,0,-8000,-9000
2026-09-15,3002.TW,6000,0,-1000,5000
2026-09-15,3003.TW,41021,0,-2668,38353
2026-09-15,3004.TW,-9000,-40000,-278,-49278
2026-09-15,3005.TW,-496968,111438,-11690,-397220
2026-09-15,3006.TW,-1601440,-6000,-163320,-1770760
2026-09-15,3008.TW,368333,-285913,2971,85391
2026-09-15,3010.TW,-257000,-25000,2721,-279279
2026-09-15,3011.TW,228158,0,1000,229158
2026-09-15,3013.TW,-32339,13000,-17180,-36519
2026-09-15,3014.TW,92221,16122,978,109321
2026-09-15,3015.TW,-31000,0,-5323,-36323
2026-09-15,3016.TW,-3056715,7000,-293052,-3342767
2026-09-15,3017.TW,500572,-46000,-21804,432768
2026-09-15,3018.TW,-1000,0,0,-1000
2026-09-15,3019.TW,-698164,0,-49839,-748003
2026-09-15,3021.TW,40000,0,3000,43000
2026-09-15,3022.TW,87890,0,110,88000
2026-09-15,3023.TW,-272586,289000,8467,24881
2026-09-15,3024.TW,-624118,0,0,-624118
2026-09-15,3025.TW,-2205,0,0,-2205
2026-09-15,3026.TW,-263093,176000,10340,-76753
2026-09-15,3027.TW,-111000,0,863,-110137
2026-09-15,3028.TW,-165000,8800,-667,-156867
2026-09-15,3029.TW,431246,0,-3443,427803
2026-09-15,3030.TW,-924,12000,-8421,2655
2026-09-15,3031.TW,-34100,0,2990,-31110
2026-09-15,3032.TW,-107000,0,2761,-104239
2026-09-15,3033.TW,254100,0,-123869,130231
2026-09-15,3034.TW,-472872,85500,-65629,-453001
2026-09-15,3035.TW,-63993,0,-95535,-159528
2026-09-15,3036.TW,-495174,36533,88556,-370085
2026-09-15,3037.TW,-387537,347600,-19617,-59554
2026-09-15,3038.TW,1000,0,1000,2000
2026-09-15,3040.TW,57000,0,0,57000
2026-09-15,3041.TW,-161000,0,0,-161000
2026-09-15,3042.TW,1992635,55000,65265,2112900
2026-09-15,3043.TW,-8000,0,8000,0
2026-09-15,3044.TW,-667180,16000,-46505,-697685
2026-09-15,3045.TW,2396812,-46000,-191870,2158942
2026-09-15,3046.TW,-59000,0,2479,-56521
2026-09-15,3047.TW,-27850,0,-229,-28079
2026-09-15,3048.TW,-153940,0,6451,-147489
2026-09-15,3049.TW,-303000,0,-962,-303962
2026-09-15,3050.TW,-208000,0,-17000,-225000
2026-09-15,3051.TW,-72760,0,-306,-73066
2026-09-15,3052.TW,-45000,0,0,-45000
2026-09-15,3054.TW,-15000,0,2000,-13000
2026-09-15,3055.TW,110100,0,-30000,80100
2026-09-15,3056.TW,154000,0,7000,161000
2026-09-15,3057.TW,-21000,0,-377,-21377
2026-09-15,3058.TW,-294000,0,0,-294000
2026-09-15,3059.TW,190000,0,-12442,177558
2026-09-15,3060.TW,-278555,0,-1226,-279781
2026-09-15,3062.TW,-238000,0,-3704,-241704
2026-09-15,3090.TW,-123446,49000,-32534,-106980
2026-09-15,3092.TW,-10000,0,999,-9001
2026-09-15,3094.TW,-853372,0,1839,-851533
2026-09-15,3130.TW,-15000,0,0,-15000
2026-09-15,3135.TW,-116000,0,9,-115991
2026-09-15,3138.TW,5996,0,-1179,4817
2026-09-15,3149.TW,-723378,0,-48373,-771751
2026-09-15,3150.TW,4000,0,-12000,-8000
2026-09-15,3164.TW,0,0,0,0
2026-09-15,3167.TW,-696894,69000,-11090,-638984
2026-09-15,3168.TW,-4000,0,0,-4000
2026-09-15,3189.TW,539042,695000,-101486,1132556
2026-09-15,3209.TW,-195000,0,1206,-193794
2026-09-15,3229.TW,769205,0,0,769205
2026-09-15,3231.TW,-1692485,974000,-131279,-849764
2026-09-15,3257.TW,7250,0,1000,8250
2026-09-15,3266.TW,-29000,0,0,-29000
2026-09-15,3296.TW,-14000,0,-5000,-19000
2026-09-15,3305.TW,-315500,0,-31756,-347256
2026-09-15,3308.TW,1000,0,0,1000
2026-09-15,3311.TW,23618,0,3000,26618
2026-09-15,3312.TW,-41000,0,-4005,-45005
2026-09-15,3321.TW,-52000,0,1000,-51000
2026-09-15,3338.TW,24005,0,-4000,20005
2026-09-15,3346.TW,0,0,0,0
2026-09-15,3376.TW,-1259039,-15000,-206785,-1480824
2026-09-15,3380.TW,-85427,33000,23994,-28433
2026-09-15,3406.TW,694552,395000,125052,1214604
2026-09-15,3413.TW,-74000,0,-2457,-76457
2026-09-15,3416.TW,-36000,0,1,-35999
2026-09-15,3419.TW,-24000,0,1000,-23000
2026-09-15,3437.TW,-169381,0,0,-169381
2026-09-15,3443.TW,-197458,103000,11917,-82541
2026-09-15,3447.TW,-17000,0,0,-17000
2026-09-15,3450.TW,-620406,-387000,-99325,-1106731
2026-09-15,3481.TW,-6356831,-200,-1952908,-8309939
2026-09-15,3494.TW,-8000,0,0,-8000
2026-09-15,3501.TW,-11000,0,0,-11000
2026-09-15,3504.TW,-23795,0,20,-23775
2026-09-15,3515.TW,-75000,0,-20431,-95431
2026-09-15,3518.TW,10362,0,0,10362
2026-09-15,3528.TW,-53000,0,3000,-50000
2026-09-15,3530.TW,-19000,0,0,-19000
2026-09-15,3532.TW,-555029,-15000,84530,-485499
2026-09-15,3533.TW,-47619,-6100,-30022,-83741
2026-09-15,3535.TW,-112000,0,2557,-109443
2026-09-15,3543.TW,-70000,0,0,-70000
2026-09-15,3545.TW,-93636,0,-79,-93715
2026-09-15,3550.TW,-179887,0,-2530,-182417
2026-09-15,3557.TW,-6000,0,0,-6000
2026-09-15,3563.TW,-23000,-11000,-249,-34249
2026-09-15,3576.TW,-1425760,0,8000,-1417760
2026-09-15,3583.TW,-97407,-47000,-34567,-178974
2026-09-15,3588.TW,-34713,0,-241,-34954
2026-09-15,3592.TW,19109,-1000,1000,19109
2026-09-15,3596.TW,-225000,0,5060,-219940
2026-09-15,3605.TW,-101342,0,164460,63118
2026-09-15,3607.TW,-76000,0,0,-76000
2026-09-15,3617.TW,2504,0,-6841,-4337
2026-09-15,3622.TW,-33850,0,-3000,-36850
2026-09-15,3645.TW,54622,0,-186,54436
2026-09-15,3652.TW,9000,0,1000,10000
2026-09-15,3653.TW,-49307,19440,33682,3815
2026-09-15,3661.TW,-132959,-154500,-77540,-364999
2026-09-15,3665.TW,-197760,29000,17174,-151586
2026-09-15,3669.TW,-40581,0,0,-40581
2026-09-15,3673.TW,-594114,0,-69679,-663793
2026-09-15,3679.TW,2000,1468,0,3468
2026-09-15,3686.TW,-4000,0,0,-4000
2026-09-15,3694.TW,-97000,0,-4000,-101000
2026-09-15,3701.TW,-128816,0,-2,-128818
2026-09-15,3702.TW,906969,-154000,-91318,661651
2026-09-15,3703.TW,-300000,-63000,-5000,-368000
2026-09-15,3704.TW,-4461060,0,5161,-4455899
2026-09-15,3705.TW,15292,0,0,15292
2026-09-15,3706.TW,-172554,-502000,-420374,-1094928
2026-09-15,3708.TW,-159000,0,993,-158007
2026-09-15,3711.TW,-5096924,-972000,-74295,-6143219
2026-09-15,3712.TW,-247415,0,0,-247415
2026-09-15,3714.TW,-459683,125000,6628,-328055
2026-09-15,3715.TW,-21551,0,-103256,-124807
2026-09-15,3716.TW,-141000,0,-1000,-142000
2026-09-15,3717.TW,-142000,0,4576,-137424
2026-09-15,4104.TW,3000,0,1000,4000
2026-09-15,4106.TW,-25000,0,3000,-22000
2026-09-15,4108.TW,-1000,0,2000,1000
2026-09-15,4119.TW,68199,0,3248,71447
2026-09-15,4133.TW,0,0,0,0
2026-09-15,4137.TW,-25000,3141,-1003,-22862
2026-09-15,4142.TW,167000,0,12000,179000
2026-09-15,4148.TW,-28000,0,0,-28000
2026-09-15,4155.TW,-12000,0,0,-12000
2026-09-15,4164.TW,-126414,0,-14010,-140424
2026-09-15,4169.TW,4796,0,0,4796
2026-09-15,4178.TW,-4000,0,0,-4000
2026-09-15,4190.TW,0,0,0,0
2026-09-15,4195.TW,-10000,0,1998,-8002
2026-09-15,4306.TW,-232060,0,35000,-197060
2026-09-15,4414.TW,-18000,0,14000,-4000
2026-09-15,4426.TW,-28000,0,-5000,-33000
2026-09-15,4438.TW,-29000,0,1791,-27209
2026-09-15,4440.TW,-3000,0,-6000,-9000
2026-09-15,4441.TW,0,0,0,0
2026-09-15,4526.TW,-69000,0,-3144,-72144
2026-09-15,4532.TW,-88000,17383,25971,-44646
2026-09-15,4536.TW,32000,0,1000,33000
2026-09-15,4540.TW,251320,0,1645,252965
2026-09-15,4545.TW,-19000,0,0,-19000
2026-09-15,4551.TW,-26040,0,-9251,-35291
2026-09-15,4552.TW,18000,0,0,18000
2026-09-15,4555.TW,-12000,0,-1491,-13491
2026-09-15,4557.TW,-1000,0,1000,0
2026-09-15,4560.TW,10000,0,0,10000
2026-09-15,4562.TW,29000,0,-1870,27130
2026-09-15,4564.TW,51830,0,1921,53751
2026-09-15,4566.TW,-17000,0,777,-16223
2026-09-15,4569.TW,-930,0,-335,-1265
2026-09-15,4571.TW,-25000,0,-3501,-28501
2026-09-15,4572.TW,-2000,0,0,-2000
2026-09-15,4576.TW,332215,0,39914,372129
2026-09-15,4581.TW,-1000,0,0,-1000
2026-09-15,4582.TW,-23900,0,8965,-14935
2026-09-15,4583.TW,-12000,-11000,1000,-22000
2026-09-15,4585.TW,54000,-13000,211,41211
2026-09-15,4588.TW,-9000,0,-430,-9430
2026-09-15,4590.TW,-56000,0,-376,-56376
2026-09-15,4720.TW,-67585,0,-102,-67687
2026-09-15,4722.TW,-243000,-16000,115,-258885
2026-09-15,4736.TW,52463,0,3000,55463
2026-09-15,4737.TW,-18000,0,0,-18000
2026-09-15,4739.TW,-80000,0,-16917,-96917
2026-09-15,4746.TW,119000,0,0,119000
2026-09-15,4755.TW,-6000,0,1000,-5000
2026-09-15,4763.TW,-3787497,140881,307197,-3339419
2026-09-15,4764.TW,6108,0,-10164,-4056
2026-09-15,4766.TW,26801,-10000,-236,16565
2026-09-15,4770.TW,-43999,-1000,-3930,-48929
2026-09-15,4771.TW,42862,0,10756,53618
2026-09-15,4807.TW,102060,0,1092,103152
2026-09-15,4904.TW,1246799,-137000,64795,1174594
2026-09-15,4906.TW,-387457,0,-16387,-403844
2026-09-15,4912.TW,-21000,0,0,-21000
2026-09-15,4915.TW,169417,807000,-376033,600384
2026-09-15,4916.TW,-118000,0,-8968,-126968
2026-09-15,4919.TW,80795,70000,-72578,78217
2026-09-15,4927.TW,-85035,0,3591,-81444
2026-09-15,4930.TW,0,0,0,0
2026-09-15,4934.TW,-131000,0,0,-131000
2026-09-15,4935.TW,-39000,0,2000,-37000
2026-09-15,4938.TW,-1180496,-389000,-630236,-2199732
2026-09-15,4942.TW,-40000,0,1395,-38605
2026-09-15,4949.TW,36000,0,0,36000
2026-09-15,4952.TW,-27041,0,9152,-17889
2026-09-15,4956.TW,-137000,0,-488,-137488
2026-09-15,4958.TW,-1784423,-6000,303471,-1486952
2026-09-15,4960.TW,143684,0,-41198,102486
2026-09-15,4961.TW,270486,0,31353,301839
2026-09-15,4967.TW,-702526,0,-63000,-765526
2026-09-15,4968.TW,-23606,0,-1189,-24795
2026-09-15,4976.TW,4000,0,1909,5909
2026-09-15,4977.TW,512292,0,-71123,441169
2026-09-15,4989.TW,-276000,0,-4817,-280817
2026-09-15,4994.TW,-2000,0,1000,-1000
2026-09-15,4999.TW,-1000,0,-61,-1061
2026-09-15,5007.TW,-12000,0,1000,-11000
2026-09-15,5203.TW,-32000,0,1000,-31000
2026-09-15,5215.TW,-13000,0,1000,-12000
2026-09-15,5222.TW,-24980,0,1314,-23666
2026-09-15,5225.TW,9000,0,1314,10314
2026-09-15,5234.TW,-18000,-15000,-5851,-38851
2026-09-15,5236.TW,-7000,0,-1501,-8501
2026-09-15,5243.TW,-217000,0,-43211,-260211
2026-09-15,5244.TW,25000,0,0,25000
2026-09-15,5258.TW,-3000,0,2626,-374
2026-09-15,5269.TW,-19167,52000,10979,43812
2026-09-15,5283.TW,-3000,0,0,-3000
2026-09-15,5284.TW,-35617,0,-7178,-42795
2026-09-15,5285.TW,-140755,0,3680,-137075
2026-09-15,5288.TW,3111,0,2775,5886
2026-09-15,5292.TW,-24950,0,-3070,-28020
2026-09-15,5306.TW,0,0,0,0
2026-09-15,5388.TW,20938,0,48383,69321
2026-09-15,5434.TW,-51853,91000,7033,46180
2026-09-15,5469.TW,-66646,-83000,-3000,-152646
2026-09-15,5471.TW,-179000,0,-2335,-181335
2026-09-15,5484.TW,-3000,0,0,-3000
2026-09-15,5515.TW,-69158,0,-1437,-70595
2026-09-15,5519.TW,51350,0,2364,53714
2026-09-15,5521.TW,-37000,0,8000,-29000
2026-09-15,5522.TW,-455000,13626,13000,-428374
2026-09-15,5525.TW,-32000,0,0,-32000
2026-09-15,5531.TW,-67000,0,0,-67000
2026-09-15,5533.TW,-11000,0,0,-11000
2026-09-15,5534.TW,-365143,0,-93698,-458841
2026-09-15,5538.TW,-1000,0,-2000,-3000
2026-09-15,5546.TW,-3000,0,0,-3000
2026-09-15,5607.TW,-9000,-35000,0,-44000
2026-09-15,5608.TW,397786,0,-202639,195147
2026-09-15,5706.TW,-8000,0,4000,-4000
2026-09-15,5871.TW,-1402601,33941,14562,-1354098
2026-09-15,5876.TW,1222179,647000,133561,2002740
2026-09-15,5880.TW,-4900459,-46000,1030916,-3915543
2026-09-15,5907.TW,-81000,0,0,-81000
2026-09-15,6005.TW,-6216468,18000,0,-6198468
2026-09-15,6024.TW,-172800,0,0,-172800
2026-09-15,6108.TW,980141,0,1000,981141
2026-09-15,6112.TW,-541760,0,-11293,-553053
2026-09-15,6115.TW,-10000,0,3000,-7000
2026-09-15,6116.TW,-1048394,0,-270021,-1318415
2026-09-15,6117.TW,-10810,0,-30296,-41106
2026-09-15,6120.TW,-403907,0,32300,-371607
2026-09-15,6128.TW,11000,0,14000,25000
2026-09-15,6133.TW,-630000,0,2000,-628000
2026-09-15,6136.TW,-92930,0,1000,-91930
2026-09-15,6139.TW,814584,-11000,41230,844814
2026-09-15,6141.TW,-397258,0,0,-397258
2026-09-15,6142.TW,-58000,0,2000,-56000
2026-09-15,6152.TW,-202415,0,-8000,-210415
2026-09-15,6153.TW,-252000,0,-25164,-277164
2026-09-15,6155.TW,35165,0,0,35165
2026-09-15,6164.TW,-53900,0,-2000,-55900
2026-09-15,6165.TW,-30000,0,21000,-9000
2026-09-15,6166.TW,20548,0,3076,23624
2026-09-15,6168.TW,178287,0,-7898,170389
2026-09-15,6176.TW,-245759,-1000,-34806,-281565
2026-09-15,6177.TW,-461000,21344,8281,-431375
2026-09-15,6183.TW,-9000,0,6000,-3000
2026-09-15,6184.TW,-52000,0,0,-52000
2026-09-15,6189.TW,-12000,0,4750,-7250
2026-09-15,6191.TW,-1836,-67000,-7512,-76348
2026-09-15,6192.TW,-17140,0,1778,-15362
2026-09-15,6196.TW,228493,1000,13577,243070
2026-09-15,6197.TW,-155980,-20000,-10685,-186665
2026-09-15,6201.TW,-4000,0,3000,-1000
2026-09-15,6202.TW,-290950,0,1128,-289822
2026-09-15,6205.TW,-42964,0,548,-42416
2026-09-15,6206.TW,-64702,0,1805,-62897
2026-09-15,6209.TW,35397,0,-5397,30000
2026-09-15,6213.TW,733544,119000,-152225,700319
2026-09-15,6214.TW,1020537,44408,-83195,981750
2026-09-15,6215.TW,-34001,0,-3147,-37148
2026-09-15,6216.TW,-35000,0,1353,-33647
2026-09-15,6224.TW,267168,0,81000,348168
2026-09-15,6225.TW,4000,0,0,4000
2026-09-15,6226.TW,4727975,0,58166,4786141
2026-09-15,6230.TW,-21000,0,0,-21000
2026-09-15,6235.TW,55060,0,3000,58060
2026-09-15,6239.TW,-470432,-9000,-20745,-500177
2026-09-15,6243.TW,-24042,0,-98,-24140
2026-09-15,6257.TW,-278153,-14000,4315,-287838
2026-09-15,6269.TW,-352800,-59000,-28559,-440359
2026-09-15,6271.TW,483806,0,40409,524215
2026-09-15,6272.TW,9000,0,2000,11000
2026-09-15,6277.TW,-37000,0,1000,-36000
2026-09-15,6278.TW,145122,50000,-2648,192474
2026-09-15,6281.TW,-1000,0,0,-1000
2026-09-15,6282.TW,-911041,0,32481,-878560
2026-09-15,6283.TW,-38000,0,0,-38000
2026-09-15,6285.TW,-192688,242000,-56995,-7683
2026-09-15,6405.TW,-23000,0,0,-23000
2026-09-15,6409.TW,1694,9000,6120,16814
2026-09-15,6412.TW,24000,0,-18375,5625
2026-09-15,6414.TW,-93033,35000,8657,-49376
2026-09-15,6415.TW,-16927,-6000,-16316,-39243
2026-09-15,6416.TW,154176,0,23000,177176
2026-09-15,6426.TW,-243031,0,-29388,-272419
2026-09-15,6431.TW,-1000,0,-1000,-2000
2026-09-15,6438.TW,-30672,0,-9816,-40488
2026-09-15,6442.TW,592891,-245000,-31594,316297
2026-09-15,6443.TW,-848500,0,-37777,-886277
2026-09-15,6446.TW,153994,-3591,4494,154897
2026-09-15,6449.TW,606022,-718000,-1740,-113718
2026-09-15,6451.TW,-137475,20000,-26996,-144471
2026-09-15,6456.TW,-606000,0,-32761,-638761
2026-09-15,6464.TW,-11000,0,0,-11000
2026-09-15,6472.TW,78748,18000,25436,122184
2026-09-15,6477.TW,-63000,0,1000,-62000
2026-09-15,6491.TW,-43763,0,26402,-17361
2026-09-15,6504.TW,-6000,0,0,-6000
2026-09-15,6505.TW,-4083116,12000,-373011,-4444127
2026-09-15,6515.TW,4638,-67000,-1150,-63512
2026-09-15,6525.TW,47194,0,-7060,40134
2026-09-15,6526.TW,6161,1000,1260,8421
2026-09-15,6531.TW,-665198,0,-40771,-705969
2026-09-15,6533.TW,-90000,0,-2213,-92213
2026-09-15,6534.TW,-5000,0,961,-4039
2026-09-15,6541.TW,-27000,0,778,-26222
2026-09-15,6550.TW,85858,0,0,85858
2026-09-15,6552.TW,-6000,0,0,-6000
2026-09-15,6558.TW,42121,0,0,42121
2026-09-15,6573.TW,-31000,0,2000,-29000
2026-09-15,6579.TW,-22728,-33000,31060,-24668
2026-09-15,6581.TW,0,0,0,0
2026-09-15,6582.TW,-7000,0,0,-7000
2026-09-15,6585.TW,-16372,0,1010,-15362
2026-09-15,6589.TW,202666,-15000,7000,194666
2026-09-15,6591.TW,-7000,0,-32,-7032
2026-09-15,6592.TW,-33000,0,7800,-25200
2026-09-15,6598.TW,-3021,0,0,-3021
2026-09-15,6605.TW,181614,-28000,2140,155754
2026-09-15,6606.TW,-9000,0,0,-9000
2026-09-15,6614.TW,-3000,0,0,-3000
2026-09-15,6625.TW,2030,0,528,2558
2026-09-15,6641.TW,0,0,465,465
2026-09-15,6645.TW,-4000,0,-2120,-6120
2026-09-15,6655.TW,-7000,0,0,-7000
2026-09-15,6657.TW,59000,0,0,59000
2026-09-15,6658.TW,-5947,0,-708,-6655
2026-09-15,6666.TW,-4000,0,1000,-3000
2026-09-15,6668.TW,-290952,0,1000,-289952
2026-09-15,6669.TW,-772694,-8000,327216,-453478
2026-09-15,6670.TW,46100,-12000,-38069,-3969
2026-09-15,6671.TW,-1000,0,0,-1000
2026-09-15,6672.TW,500330,90000,11116,601446
2026-09-15,6674.TW,-2000,0,0,-2000
2026-09-15,6689.TW,-153000,0,-157,-153157
2026-09-15,6691.TW,-42088,4000,5370,-32718
2026-09-15,6695.TW,-36202,0,620,-35582
2026-09-15,6698.TW,58000,0,0,58000
2026-09-15,6706.TW,-453863,0,-119504,-573367
2026-09-15,6715.TW,214066,-61000,17481,170547
2026-09-15,6719.TW,-11000,-15000,-8111,-34111
2026-09-15,6722.TW,-8000,0,0,-8000
2026-09-15,6742.TW,-67950,0,0,-67950
2026-09-15,6743.TW,116179,5618,1000,122797
2026-09-15,6753.TW,-32995,0,-21217,-54212
2026-09-15,6754.TW,-1000,0,0,-1000
2026-09-15,6756.TW,-17000,0,-2315,-19315
2026-09-15,6757.TW,-395318,0,-54000,-449318
2026-09-15,6768.TW,35110,0,-3806,31304
2026-09-15,6770.TW,-72078419,52000,-2644329,-74670748
2026-09-15,6771.TW,-3000,0,-104,-3104
2026-09-15,6776.TW,3000,0,0,3000
2026-09-15,6781.TW,-95617,7000,-9461,-98078
2026-09-15,6782.TW,-9056,0,-21728,-30784
2026-09-15,6789.TW,18537,-20000,-17787,-19250
2026-09-15,6790.TW,-6000,0,0,-6000
2026-09-15,6792.TW,-11000,0,-2000,-13000
2026-09-15,6794.TW,-2000,0,0,-2000
2026-09-15,6796.TW,0,0,0,0
2026-09-15,6799.TW,-38000,0,-619,-38619
2026-09-15,6805.TW,405904,-154000,-41191,210713
2026-09-15,6807.TW,0,0,0,0
2026-09-15,6830.TW,-24154,-5000,-8428,-37582
2026-09-15,6831.TW,8475,-21000,-31323,-43848
2026-09-15,6834.TW,-44838,0,-21347,-66185
2026-09-15,6835.TW,0,0,0,0
2026-09-15,6838.TW,-7000,0,0,-7000
2026-09-15,6854.TW,-117747,0,1860,-115887
2026-09-15,6861.TW,-658465,0,15808,-642657
2026-09-15,6862.TW,-6200,0,-1854,-8054
2026-09-15,6863.TW,-53000,0,0,-53000
2026-09-15,6869.TW,63181,0,2029,65210
2026-09-15,6873.TW,-42014,0,5000,-37014
2026-09-15,6885.TW,-81920,0,-3000,-84920
2026-09-15,6887.TW,-6000,0,3000,-3000
2026-09-15,6890.TW,-527,-38000,2588,-35939
2026-09-15,6901.TW,90000,0,14000,104000
2026-09-15,6902.TW,2000,0,0,2000
2026-09-15,6906.TW,-2000,0,0,-2000
2026-09-15,6908.TW,0,0,1000,1000
2026-09-15,6909.TW,-109835,0,-449,-110284
2026-09-15,6914.TW,5000,0,0,5000
2026-09-15,6916.TW,-11000,0,0,-11000
2026-09-15,6919.TW,-744092,-138000,18938,-863154
2026-09-15,6921.TW,-2000,0,-6000,-8000
2026-09-15,6923.TW,33000,0,0,33000
2026-09-15,6924.TW,-24000,0,-46,-24046
2026-09-15,6928.TW,-15000,0,0,-15000
2026-09-15,6931.TW,-5000,0,0,-5000
2026-09-15,6933.TW,-18700,0,-5401,-24101
2026-09-15,6934.TW,0,0,0,0
2026-09-15,6936.TW,2000,0,0,2000
2026-09-15,6937.TW,-53963,0,-9144,-63107
2026-09-15,6944.TW,-8614,6460,-333,-2487
2026-09-15,6947.TW,-18000,0,0,-18000
2026-09-15,6949.TW,-139805,0,8075,-131730
2026-09-15,6951.TW,0,0,-1105,-1105
2026-09-15,6952.TW,0,0,0,0
2026-09-15,6955.TW,-2000,0,3000,1000
2026-09-15,6957.TW,-5000,0,0,-5000
2026-09-15,6958.TW,-18000,0,-7000,-25000
2026-09-15,6962.TW,-103000,0,-2228,-105228
2026-09-15,6965.TW,4000,0,0,4000
2026-09-15,6969.TW,-47000,0,-11495,-58495
2026-09-15,6988.TW,-4000,0,2999,-1001
2026-09-15,6994.TW,462370,0,-136540,325830
2026-09-15,7610.TW,28707,0,547,29254
2026-09-15,7631.TW,-5990,0,-1000,-6990
2026-09-15,7689.TW,-1940,0,0,-1940
2026-09-15,7705.TW,-9000,0,0,-9000
2026-09-15,7711.TW,-774946,0,23347,-751599
2026-09-15,7721.TW,-27000,0,-1000,-28000
2026-09-15,7722.TW,-6609,6000,999,390
2026-09-15,7730.TW,4200,0,929,5129
2026-09-15,7732.TW,0,0,0,0
2026-09-15,7736.TW,0,0,0,0
2026-09-15,7740.TW,-19760,0,30,-19730
2026-09-15,7749.TW,-5903,0,764,-5139
2026-09-15,7750.TW,-21843,0,831,-21012
2026-09-15,7760.TW,-8000,0,-1000,-9000
2026-09-15,7765.TW,-52000,0,-17159,-69159
2026-09-15,7768.TW,-5000,0,0,-5000
2026-09-15,7769.TW,-60515,-3000,-1579,-65094
2026-09-15,7780.TW,-54000,0,-4214,-58214
2026-09-15,7786.TW,64002,0,0,64002
2026-09-15,7788.TW,-280395,0,-39220,-319615
2026-09-15,7791.TW,-4000,0,0,-4000
2026-09-15,7795.TW,-126647,-10000,-65007,-201654
2026-09-15,7799.TW,-5000,30000,0,25000
2026-09-15,7803.TW,-11000,0,1890,-9110
2026-09-15,7818.TW,-15070,0,0,-15070
2026-09-15,7821.TW,-38000,0,1000,-37000
2026-09-15,7822.TW,2000,0,6690,8690
2026-09-15,7823.TW,-8000,0,-139,-8139
2026-09-15,7827.TW,-29234,0,159,-29075
2026-09-15,7835.TW,1000,0,0,1000
2026-09-15,7855.TW,23000,0,0,23000
2026-09-15,8011.TW,10000,0,0,10000
2026-09-15,8016.TW,-61000,10000,-1617,-52617
2026-09-15,8021.TW,-92465,13000,10564,-68901
2026-09-15,8028.TW,-1268508,394000,-285,-874793
2026-09-15,8033.TW,-366724,0,1062,-365662
2026-09-15,8039.TW,-1324159,61000,326105,-937054
2026-09-15,8045.TW,34000,0,2020,36020
2026-09-15,8046.TW,520242,153000,115858,789100
2026-09-15,8070.TW,-252815,-100000,9355,-343460
2026-09-15,8072.TW,-168000,0,0,-168000
2026-09-15,8081.TW,28520,9100,-1146,36474
2026-09-15,8103.TW,-81293,0,4367,-76926
2026-09-15,8104.TW,-51000,0,0,-51000
2026-09-15,8105.TW,-412022,0,-2000,-414022
2026-09-15,8110.TW,-106060,0,-11089,-117149
2026-09-15,8112.TW,-1843786,100000,-62219,-1806005
2026-09-15,8114.TW,-28000,0,2022,-25978
2026-09-15,8131.TW,-581000,0,-3434,-584434
2026-09-15,8150.TW,-3098044,69000,-114199,-3143243
2026-09-15,8162.TW,-35000,0,-2263,-37263
2026-09-15,8163.TW,-189756,0,1987,-187769
2026-09-15,8201.TW,-6000,0,0,-6000
2026-09-15,8210.TW,-268512,20000,979,-247533
2026-09-15,8213.TW,-122000,0,2997,-119003
2026-09-15,8215.TW,-76000,0,1902,-74098
2026-09-15,8222.TW,-148980,0,2000,-146980
2026-09-15,8249.TW,44000,0,1000,45000
2026-09-15,8261.TW,-60320,0,-44224,-104544
2026-09-15,8271.TW,-183094,0,-7715,-190809
2026-09-15,8341.TW,-39932,0,9300,-30632
2026-09-15,8367.TW,-3000,0,0,-3000
2026-09-15,8374.TW,-18000,0,-16500,-34500
2026-09-15,8404.TW,-37000,0,2675,-34325
2026-09-15,8411.TW,-19000,0,-71000,-90000
2026-09-15,8422.TW,-1091493,806000,-1000,-286493
2026-09-15,8429.TW,-52000,0,0,-52000
2026-09-15,8438.TW,-22000,0,0,-22000
2026-09-15,8442.TW,7000,1830,5000,13830
2026-09-15,8443.TW,4000,0,0,4000
2026-09-15,8454.TW,79863,-39017,4462,45308
2026-09-15,8462.TW,-26000,0,0,-26000
2026-09-15,8463.TW,-3000,0,0,-3000
2026-09-15,8464.TW,162632,4005,2944,169581
2026-09-15,8466.TW,-1000,0,0,-1000
2026-09-15,8467.TW,-4000,0,0,-4000
2026-09-15,8473.TW,-187000,0,-1000,-188000
2026-09-15,8476.TW,-76411,0,0,-76411
2026-09-15,8478.TW,8000,0,1000,9000
2026-09-15,8481.TW,-1000,0,0,-1000
2026-09-15,8482.TW,-1000,0,0,-1000
2026-09-15,8487.TW,0,0,-3011,-3011
2026-09-15,8488.TW,-5000,0,0,-5000
2026-09-15,8499.TW,6000,0,0,6000
2026-09-15,8926.TW,133869,30721,7826,172416
2026-09-15,8940.TW,-3000,0,0,-3000
2026-09-15,8996.TW,60880,1000,-22226,39654
2026-09-15,9103.TW,-177000,0,-506,-177506
2026-09-15,9105.TW,-815500,0,101587,-713913
2026-09-15,9136.TW,47000,0,500,47500
2026-09-15,9802.TW,112737,-42000,3000,73737
2026-09-15,9902.TW,-7000,0,-8082,-15082
2026-09-15,9904.TW,1381146,188000,-19555,1549591
2026-09-15,9905.TW,-18000,0,-4000,-22000
2026-09-15,9906.TW,14000,0,3000,17000
2026-09-15,9907.TW,-84000,-184050,996,-267054
2026-09-15,9908.TW,-40000,0,6999,-33001
2026-09-15,9910.TW,198249,112812,18759,329820
2026-09-15,9911.TW,-176000,11000,4000,-161000
2026-09-15,9912.TW,-3000,0,-13,-3013
2026-09-15,9914.TW,92287,-49000,-50619,-7332
2026-09-15,9917.TW,-90880,-22000,9000,-103880
2026-09-15,9918.TW,-4000,0,0,-4000
2026-09-15,9919.TW,2000,0,3000,5000
2026-09-15,9921.TW,540167,-8000,1626,533793
2026-09-15,9924.TW,-75000,0,1000,-74000
2026-09-15,9925.TW,-134000,0,5990,-128010
2026-09-15,9926.TW,-4000,0,0,-4000
2026-09-15,9927.TW,-23000,0,1000,-22000
2026-09-15,9929.TW,-3000,0,0,-3000
2026-09-15,9930.TW,-15000,0,6990,-8010
2026-09-15,9931.TW,-1000,0,-6,-1006
2026-09-15,9933.TW,1371249,-89000,-53097,1229152
2026-09-15,9934.TW,-353000,0,0,-353000
2026-09-15,9935.TW,-21000,6467,0,-14533
2026-09-15,9937.TW,-19000,0,-1000,-20000
2026-09-15,9938.TW,139000,19381,-16000,142381
2026-09-15,9939.TW,-99000,-25000,-61832,-185832
2026-09-15,9940.TW,7000,0,13838,20838
2026-09-15,9941.TW,86126,1000,9454,96580
2026-09-15,9942.TW,-10130,0,0,-10130
2026-09-15,9943.TW,-15000,0,0,-15000
2026-09-15,9944.TW,-7000,0,0,-7000
2026-09-15,9945.TW,1607431,26000,59636,1693067
2026-09-15,9946.TW,-110000,0,-5000,-115000
2026-09-15,9955.TW,-20000,0,0,-20000
2026-09-15,9958.TW,93085,-37000,18445,74530
2026-09-16,0050.TW,-16246339,2800000,-1662868,-15109207
2026-09-16,0051.TW,3754,0,-9623,-5869
2026-09-16,0052.TW,-3895435,18000,2589049,-1288386
2026-09-16,0053.TW,11009,0,-53956,-42947
2026-09-16,0055.TW,41056,0,-237841,-196785
2026-09-16,0056.TW,-609329,1800000,-224000,966671
2026-09-16,0057.TW,0,0,-8000,-8000
2026-09-16,0061.TW,63000,0,-27180,35820
2026-09-16,1101.TW,-1181801,1483000,339882,641081
2026-09-16,1102.TW,-1274294,309528,36487,-928279
2026-09-16,1103.TW,-144000,0,0,-144000
2026-09-16,1104.TW,-92435,5000,611,-86824
2026-09-16,1108.TW,-33000,0,0,-33000
2026-09-16,1109.TW,-93000,0,0,-93000
2026-09-16,1110.TW,-94000,0,0,-94000
2026-09-16,1201.TW,-74000,0,0,-74000
2026-09-16,1203.TW,-6000,0,0,-6000
2026-09-16,1210.TW,-959000,0,22459,-936541
2026-09-16,1215.TW,-97990,-2000,-2550,-102540
2026-09-16,1216.TW,547433,66614,-203443,410604
2026-09-16,1217.TW,0,0,0,0
2026-09-16,1218.TW,106076,0,-6,106070
2026-09-16,1219.TW,-18000,0,0,-18000
2026-09-16,1220.TW,8990,0,-225,8765
2026-09-16,1225.TW,11000,0,1000,12000
2026-09-16,1227.TW,-134035,-36000,-93,-170128
2026-09-16,1229.TW,-517315,0,-23054,-540369
2026-09-16,1231.TW,-31703,-17000,-755,-49458
2026-09-16,1232.TW,-10369,-7000,0,-17369
2026-09-16,1233.TW,2000,0,0,2000
2026-09-16,1234.TW,2000,0,-448,1552
2026-09-16,1235.TW,-5000,0,0,-5000
2026-09-16,1236.TW,-9000,0,0,-9000
2026-09-16,1256.TW,-15338,0,-4000,-19338
2026-09-16,1301.TW,-4953433,0,-470892,-5424325
2026-09-16,1303.TW,-6798444,2714701,274434,-3809309
2026-09-16,1304.TW,425964,0,-113492,312472
2026-09-16,1305.TW,225401,0,1001,226402
2026-09-16,1307.TW,-9000,0,-2161,-11161
2026-09-16,1308.TW,133046,0,-305,132741
2026-09-16,1309.TW,285794,0,-972,284822
2026-09-16,1310.TW,268316,0,10989,279305
2026-09-16,1312.TW,3302996,0,352640,3655636
2026-09-16,1313.TW,451391,0,5659,457050
2026-09-16,1314.TW,3962934,0,-164434,3798500
2026-09-16,1315.TW,-4000,0,0,-4000
2026-09-16,1316.TW,281434,0,0,281434
2026-09-16,1319.TW,-372492,-64000,464757,28265
2026-09-16,1321.TW,-4000,0,0,-4000
2026-09-16,1323.TW,-17000,0,0,-17000
2026-09-16,1324.TW,-2000,0,0,-2000
2026-09-16,1325.TW,28796,0,0,28796
2026-09-16,1326.TW,-1952804,0,-108616,-2061420
2026-09-16,1337.TW,-41672,0,0,-41672
2026-09-16,1338.TW,1000,0,0,1000
2026-09-16,1339.TW,-2000,0,-1000,-3000
2026-09-16,1340.TW,39000,0,0,39000
2026-09-16,1342.TW,-18238,0,0,-18238
2026-09-16,1402.TW,-2893473,-2984596,-330403,-6208472
2026-09-16,1409.TW,-1221507,-22000,319383,-924124
2026-09-16,1410.TW,13000,0,0,13000
2026-09-16,1413.TW,-1000,0,0,-1000
2026-09-16,1414.TW,13000,0,3000,16000
2026-09-16,1416.TW,-53265,0,0,-53265
2026-09-16,1417.TW,-16000,0,1000,-15000
2026-09-16,1418.TW,0,0,0,0
2026-09-16,1419.TW,-15130,-20000,0,-35130
2026-09-16,1423.TW,0,0,0,0
2026-09-16,1432.TW,-4000,0,0,-4000
2026-09-16,1434.TW,247381,-2000,5956,251337
2026-09-16,1436.TW,16470,0,0,16470
2026-09-16,1437.TW,-39000,0,0,-39000
2026-09-16,1438.TW,-3000,0,0,-3000
2026-09-16,1439.TW,0,0,0,0
2026-09-16,1440.TW,-580000,-99000,-15065,-694065
2026-09-16,1441.TW,-6000,0,0,-6000
2026-09-16,1442.TW,40031,0,1773,41804
2026-09-16,1443.TW,1000,0,0,1000
2026-09-16,1444.TW,-115640,0,0,-115640
2026-09-16,1445.TW,61000,0,5000,66000
2026-09-16,1446.TW,-94000,0,0,-94000
2026-09-16,1447.TW,-151713,0,0,-151713
2026-09-16,1449.TW,-1,0,0,-1
2026-09-16,1451.TW,0,0,0,0
2026-09-16,1452.TW,-13001,0,0,-13001
2026-09-16,1453.TW,-5000,0,0,-5000
2026-09-16,1454.TW,1000,0,-2000,-1000
2026-09-16,1455.TW,-86000,0,-6870,-92870
2026-09-16,1456.TW,10000,0,1000,11000
2026-09-16,1457.TW,-20000,0,0,-20000
2026-09-16,1459.TW,12000,0,-13000,-1000
2026-09-16,1460.TW,-60000,0,0,-60000
2026-09-16,1463.TW,117000,0,1000,118000
2026-09-16,1464.TW,-265000,0,0,-265000
2026-09-16,1465.TW,813,0,0,813
2026-09-16,1466.TW,-2000,0,0,-2000
2026-09-16,1467.TW,17000,0,-14000,3000
2026-09-16,1468.TW,-2000,0,1000,-1000
2026-09-16,1470.TW,3000,0,0,3000
2026-09-16,1471.TW,-77000,0,3000,-74000
2026-09-16,1472.TW,-11000,0,-10000,-21000
2026-09-16,1473.TW,-6001,0,0,-6001
2026-09-16,1474.TW,-12000,0,0,-12000
2026-09-16,1475.TW,-1000,0,0,-1000
2026-09-16,1476.TW,-38114,88000,6690,56576
2026-09-16,1477.TW,-656073,113103,-8379,-551349
2026-09-16,1503.TW,-211128,-14000,25822,-199306
2026-09-16,1504.TW,-1024081,1742000,287561,1005480
2026-09-16,1506.TW,-11000,0,0,-11000
2026-09-16,1512.TW,-5000,0,0,-5000
2026-09-16,1513.TW,184964,-16000,19418,188382
2026-09-16,1514.TW,-140924,-8000,-42336,-191260
2026-09-16,1515.TW,35045,0,-18137,16908
2026-09-16,1516.TW,-2000,0,0,-2000
2026-09-16,1517.TW,7000,0,-1009,5991
2026-09-16,1519.TW,-25977,195365,2965,172353
2026-09-16,1521.TW,0,0,0,0
2026-09-16,1522.TW,-244000,0,0,-244000
2026-09-16,1524.TW,15000,0,0,15000
2026-09-16,1525.TW,-3000,0,0,-3000
2026-09-16,1526.TW,21000,0,0,21000
2026-09-16,1527.TW,-15000,0,0,-15000
2026-09-16,1528.TW,-281800,0,87,-281713
2026-09-16,1529.TW,1287668,0,-6000,1281668
2026-09-16,1530.TW,8000,0,-83,7917
2026-09-16,1531.TW,19000,0,-14000,5000
2026-09-16,1532.TW,-28000,0,0,-28000
2026-09-16,1533.TW,2000,0,0,2000
2026-09-16,1535.TW,0,0,0,0
2026-09-16,1536.TW,-248000,0,23091,-224909
2026-09-16,1537.TW,5000,0,0,5000
2026-09-16,1539.TW,-1000,0,0,-1000
2026-09-16,1540.TW,29000,0,0,29000
2026-09-16,1541.TW,0,0,0,0
2026-09-16,1558.TW,-18514,0,0,-18514
2026-09-16,1560.TW,-108065,38000,-2913,-72978
2026-09-16,1563.TW,73629,0,12000,85629
2026-09-16,1568.TW,149000,0,-2456,146544
2026-09-16,1582.TW,86980,0,-42793,44187
2026-09-16,1583.TW,-18000,0,0,-18000
2026-09-16,1587.TW,15000,0,0,15000
2026-09-16,1590.TW,-209352,2000,4698,-202654
2026-09-16,1597.TW,3780,0,15137,18917
2026-09-16,1598.TW,5874,0,0,5874
2026-09-16,1603.TW,-9000,0,0,-9000
2026-09-16,1604.TW,-48953,0,0,-48953
2026-09-16,1605.TW,1560872,-174000,-288596,1098276
2026-09-16,1608.TW,419452,-74218,-150436,194798
2026-09-16,1609.TW,219275,-26000,-47997,145278
2026-09-16,1611.TW,-89328,0,0,-89328
2026-09-16,1612.TW,97299,0,-1900,95399
2026-09-16,1614.TW,6000,0,0,6000
2026-09-16,1615.TW,5000,0,0,5000
2026-09-16,1616.TW,-27040,0,527,-26513
2026-09-16,1617.TW,90092,0,3000,93092
2026-09-16,1618.TW,-8000,0,0,-8000
2026-09-16,1623.TW,-11000,0,-320,-11320
2026-09-16,1626.TW,-12000,0,-1000,-13000
2026-09-16,1702.TW,14001,0,435,14436
2026-09-16,1707.TW,-76806,0,-10207,-87013
2026-09-16,1708.TW,-253668,0,22750,-230918
2026-09-16,1709.TW,4542390,0,-8192,4534198
2026-09-16,1710.TW,-38020,0,6627,-31393
2026-09-16,1711.TW,155014,0,-2535,152479
2026-09-16,1712.TW,-53000,16098,-194935,-231837
2026-09-16,1713.TW,-66000,0,0,-66000
2026-09-16,1714.TW,-178448,0,98278,-80170
2026-09-16,1717.TW,-1504274,175000,1112182,-217092
2026-09-16,1718.TW,1213977,0,198103,1412080
2026-09-16,1720.TW,-34000,0,0,-34000
2026-09-16,1721.TW,-45472,0,0,-45472
2026-09-16,1722.TW,-1145478,-17000,40000,-1122478
2026-09-16,1723.TW,-212000,-21000,-41121,-274121
2026-09-16,1725.TW,8000,0,1000,9000
2026-09-16,1726.TW,-4035,0,0,-4035
2026-09-16,1727.TW,2140327,0,68688,2209015
2026-09-16,1730.TW,-3000,0,3000,0
2026-09-16,1731.TW,-4000,0,0,-4000
2026-09-16,1732.TW,-3000,0,0,-3000
2026-09-16,1733.TW,8000,0,0,8000
2026-09-16,1734.TW,-48926,0,0,-48926
2026-09-16,1735.TW,0,0,-2158,-2158
2026-09-16,1736.TW,125254,-56000,-23277,45977
2026-09-16,1737.TW,-48000,0,-9000,-57000
2026-09-16,1752.TW,3000,0,0,3000
2026-09-16,1760.TW,-23000,0,0,-23000
2026-09-16,1762.TW,-6000,0,-24,-6024
2026-09-16,1773.TW,-35490,0,-1678,-37168
2026-09-16,1776.TW,46000,0,0,46000
2026-09-16,1783.TW,-5000,0,-14000,-19000
2026-09-16,1786.TW,692,0,0,692
2026-09-16,1789.TW,-98000,0,0,-98000
2026-09-16,1795.TW,-118885,2000,-12277,-129162
2026-09-16,1802.TW,1384637,21000,1250364,2656001
2026-09-16,1805.TW,-1000,0,0,-1000
2026-09-16,1806.TW,4000,0,0,4000
2026-09-16,1808.TW,-666611,0,92000,-574611
2026-09-16,1809.TW,274595,0,-1900,272695
2026-09-16,1810.TW,165625,-57279,-9000,99346
2026-09-16,1817.TW,-1000,0,0,-1000
2026-09-16,1903.TW,-35993,0,309,-35684
2026-09-16,1904.TW,-160993,-75000,-42000,-277993
2026-09-16,1905.TW,104785,0,-45420,59365
2026-09-16,1906.TW,-9000,0,0,-9000
2026-09-16,1907.TW,79934,-45623,-24000,10311
2026-09-16,1909.TW,-112828,0,356432,243604
2026-09-16,2002.TW,-16480507,-4022000,137003,-20365504
2026-09-16,2006.TW,664213,-526183,2987,141017
2026-09-16,2007.TW,5000,0,0,5000
2026-09-16,2008.TW,-1000,0,0,-1000
2026-09-16,2009.TW,159000,0,-4338,154662
2026-09-16,2010.TW,8560,0,-47,8513
2026-09-16,2012.TW,-6000,0,0,-6000
2026-09-16,2013.TW,-8000,0,980,-7020
2026-09-16,2014.TW,-211217,0,0,-211217
2026-09-16,2015.TW,-164809,0,4000,-160809
2026-09-16,2017.TW,55559,0,0,55559
2026-09-16,2020.TW,-31000,0,0,-31000
2026-09-16,2022.TW,-44799,0,0,-44799
2026-09-16,2023.TW,-429000,-18000,0,-447000
2026-09-16,2025.TW,66627,0,0,66627
2026-09-16,2027.TW,2416,1983000,394992,2380408
2026-09-16,2028.TW,-21000,0,0,-21000
2026-09-16,2029.TW,-144567,0,1890,-142677
2026-09-16,2030.TW,592988,0,132000,724988
2026-09-16,2031.TW,-85000,0,1829,-83171
2026-09-16,2032.TW,-154015,0,0,-154015
2026-09-16,2033.TW,344951,0,10,344961
2026-09-16,2034.TW,55723,0,170,55893
2026-09-16,2038.TW,33000,0,0,33000
2026-09-16,2049.TW,-192384,-2000,-86652,-281036
2026-09-16,2059.TW,-63429,59000,-24668,-29097
2026-09-16,2062.TW,-45000,0,0,-45000
2026-09-16,2069.TW,163352,0,0,163352
2026-09-16,2072.TW,-27767,0,-2562,-30329
2026-09-16,2101.TW,-1163449,0,-1737,-1165186
2026-09-16,2102.TW,26000,0,0,26000
2026-09-16,2103.TW,1967830,0,88671,2056501
2026-09-16,2104.TW,563604,0,8000,571604
2026-09-16,2105.TW,-5612435,223634,137364,-5251437
2026-09-16,2106.TW,-702000,12000,1814,-688186
2026-09-16,2107.TW,-47578,0,0,-47578
2026-09-16,2108.TW,235628,0,-3351,232277
2026-09-16,2109.TW,-10114,0,0,-10114
2026-09-16,2114.TW,-6000,0,3000,-3000
2026-09-16,2115.TW,-4000,0,0,-4000
2026-09-16,2201.TW,-397603,-11000,338242,-70361
2026-09-16,2204.TW,-145335,-17240,343,-162232
2026-09-16,2206.TW,-123558,0,3000,-120558
2026-09-16,2207.TW,151980,-268554,11852,-104722
2026-09-16,2208.TW,-69999,0,0,-69999
2026-09-16,2211.TW,-218939,-8000,99,-226840
2026-09-16,2227.TW,-14079,0,0,-14079
2026-09-16,2228.TW,-5000,0,281,-4719
2026-09-16,2231.TW,12000,0,1333,13333
2026-09-16,2233.TW,83597,0,-1137,82460
2026-09-16,2236.TW,14606,0,-172653,-158047
2026-09-16,2237.TW,0,0,0,0
2026-09-16,2239.TW,-2000,0,0,-2000
2026-09-16,2241.TW,32000,0,2404,34404
2026-09-16,2243.TW,-12000,0,1000,-11000
2026-09-16,2247.TW,2000,-1931,0,69
2026-09-16,2248.TW,-2000,0,2000,0
2026-09-16,2250.TW,20000,0,0,20000
2026-09-16,2254.TW,-137000,0,-4207,-141207
2026-09-16,2258.TW,-70000,0,-4455,-74455
2026-09-16,2301.TW,-1279251,12000,-1366149,-2633400
2026-09-16,2302.TW,1742151,0,17567,1759718
2026-09-16,2303.TW,6968509,3910000,1279156,12157665
2026-09-16,2305.TW,4869912,0,-4830,4865082
2026-09-16,2308.TW,-844243,551888,-273963,-566318
2026-09-16,2312.TW,-2424703,39000,-325501,-2711204
2026-09-16,2313.TW,-1741460,330410,289503,-1121547
2026-09-16,2314.TW,0,0,0,0
2026-09-16,2316.TW,140412,0,12491,152903
2026-09-16,2317.TW,-1688228,1281857,-2183450,-2589821
2026-09-16,2323.TW,-99270,0,204000,104730
2026-09-16,2324.TW,-2774177,-28000,-577925,-3380102
2026-09-16,2327.TW,-6396915,678020,-351270,-6070165
2026-09-16,2328.TW,200600,0,173377,373977
2026-09-16,2329.TW,364505,0,69823,434328
2026-09-16,2330.TW,-8744380,166543,762216,-7815621
2026-09-16,2331.TW,156000,0,-13000,143000
2026-09-16,2332.TW,1198810,0,99352,1298162
2026-09-16,2337.TW,4067604,211000,92290,4370894
2026-09-16,2338.TW,-619811,0,354143,-265668
2026-09-16,2340.TW,1371931,0,142903,1514834
2026-09-16,2342.TW,1674726,0,8366,1683092
2026-09-16,2344.TW,18474026,177000,2261017,20912043
2026-09-16,2345.TW,-258252,-128504,-112584,-499340
2026-09-16,2347.TW,593648,-506207,111056,198497
2026-09-16,2348.TW,57590,0,1000,58590
2026-09-16,2349.TW,-216775,0,0,-216775
2026-09-16,2351.TW,531077,0,-182550,348527
2026-09-16,2352.TW,1350,-118000,186448,69798
2026-09-16,2353.TW,5967010,1007027,4692942,11666979
2026-09-16,2354.TW,690218,-95000,243588,838806
2026-09-16,2355.TW,124789,0,40835,165624
2026-09-16,2356.TW,-2062473,596000,1615059,148586
2026-09-16,2357.TW,-626615,861000,-97170,137215
2026-09-16,2359.TW,-148744,0,17948,-130796
2026-09-16,2360.TW,-103031,25486,1560,-75985
2026-09-16,2362.TW,35211,0,-4903,30308
2026-09-16,2363.TW,1673303,0,28811,1702114
2026-09-16,2364.TW,26057,0,-20,26037
2026-09-16,2365.TW,50000,0,-4000,46000
2026-09-16,2367.TW,147000,0,-168280,-21280
2026-09-16,2368.TW,-349215,-269060,-18076,-636351
2026-09-16,2369.TW,99430,0,-3113,96317
2026-09-16,2371.TW,136612,-130000,89000,95612
2026-09-16,2373.TW,-1000,0,0,-1000
2026-09-16,2374.TW,935407,-22000,-10753,902654
2026-09-16,2375.TW,197948,0,13359,211307
2026-09-16,2376.TW,-1171985,1097000,285310,210325
2026-09-16,2377.TW,1081110,953212,646782,2681104
2026-09-16,2379.TW,949632,-29000,-26867,893765
2026-09-16,2380.TW,19800,0,-1000,18800
2026-09-16,2382.TW,-157642,3774542,714229,4331129
2026-09-16,2383.TW,67823,-147000,-74794,-153971
2026-09-16,2385.TW,1272248,-640788,36133,667593
2026-09-16,2387.TW,9374,5932,0,15306
2026-09-16,2388.TW,-115413,0,154099,38686
2026-09-16,2390.TW,129000,0,0,129000
2026-09-16,2392.TW,110314,-39000,40423,111737
2026-09-16,2393.TW,1115114,23765,-207479,931400
2026-09-16,2395.TW,387308,-149000,-41117,197191
2026-09-16,2397.TW,-11940,0,-46000,-57940
2026-09-16,2399.TW,414535,0,-2388,412147
2026-09-16,2401.TW,225030,0,119586,344616
2026-09-16,2402.TW,132010,0,-956,131054
2026-09-16,2404.TW,61299,-43000,-28385,-10086
2026-09-16,2405.TW,82000,0,0,82000
2026-09-16,2406.TW,441354,0,-132999,308355
2026-09-16,2408.TW,6507978,823000,806832,8137810
2026-09-16,2409.TW,52472596,4000,4134486,56611082
2026-09-16,2412.TW,5858787,-328774,41000,5571013
2026-09-16,2413.TW,966125,0,36343,1002468
2026-09-16,2414.TW,-22560,0,-4000,-26560
2026-09-16,2415.TW,6000,0,0,6000
2026-09-16,2417.TW,29001,0,0,29001
2026-09-16,2419.TW,386149,0,16000,402149
2026-09-16,2420.TW,-22958,0,-175,-23133
2026-09-16,2421.TW,-99080,-26000,-12058,-137138
2026-09-16,2423.TW,-9000,0,0,-9000
2026-09-16,2424.TW,-11000,0,4000,-7000
2026-09-16,2425.TW,228237,0,-47000,181237
2026-09-16,2426.TW,2442990,0,93316,2536306
2026-09-16,2427.TW,-741954,0,-7000,-748954
2026-09-16,2428.TW,-156104,0,-13871,-169975
2026-09-16,2429.TW,58000,0,0,58000
2026-09-16,2430.TW,-16000,0,6000,-10000
2026-09-16,2431.TW,0,0,0,0
2026-09-16,2432.TW,-1000,0,0,-1000
2026-09-16,2433.TW,0,0,0,0
2026-09-16,2434.TW,5322,0,0,5322
2026-09-16,2436.TW,885295,0,47709,933004
2026-09-16,2438.TW,-17000,0,0,-17000
2026-09-16,2439.TW,435158,-1212,-12798,421148
2026-09-16,2440.TW,10000,0,1000,11000
2026-09-16,2441.TW,-162244,10000,-191900,-344144
2026-09-16,2442.TW,-373682,0,0,-373682
2026-09-16,2444.TW,-6000,0,0,-6000
2026-09-16,2449.TW,469437,-130390,392676,731723
2026-09-16,2450.TW,3000,0,0,3000
2026-09-16,2451.TW,625504,-297100,74275,402679
2026-09-16,2453.TW,254000,0,-2000,252000
2026-09-16,2454.TW,997028,-483152,215266,729142
2026-09-16,2455.TW,-1483357,-64290,-180728,-1728375
2026-09-16,2457.TW,128191,0,35375,163566
2026-09-16,2458.TW,-103187,-6682,185007,75138
2026-09-16,2459.TW,-1050,0,0,-1050
2026-09-16,2460.TW,-40910,0,0,-40910
2026-09-16,2461.TW,4986,0,0,4986
2026-09-16,2462.TW,39000,0,-1000,38000
2026-09-16,2464.TW,-395429,9000,125998,-260431
2026-09-16,2465.TW,-201024,0,0,-201024
2026-09-16,2466.TW,64691,0,0,64691
2026-09-16,2467.TW,-197741,0,691,-197050
2026-09-16,2468.TW,1065000,0,-28061,1036939
2026-09-16,2471.TW,8420,0,0,8420
2026-09-16,2472.TW,537893,-513800,-140,23953
2026-09-16,2474.TW,-1128123,1215501,57832,145210
2026-09-16,2476.TW,-276421,0,2825,-273596
2026-09-16,2477.TW,7000,3741,0,10741
2026-09-16,2478.TW,176157,0,2729,178886
2026-09-16,2480.TW,44998,-691,-9134,35173
2026-09-16,2481.TW,9276631,3761600,422374,13460605
2026-09-16,2482.TW,34000,0,-4717,29283
2026-09-16,2483.TW,127994,0,4000,131994
2026-09-16,2484.TW,1265181,0,38163,1303344
2026-09-16,2485.TW,514780,0,-35340,479440
2026-09-16,2486.TW,-322819,5000,-329075,-646894
2026-09-16,2488.TW,-1001,0,0,-1001
2026-09-16,2489.TW,6108900,-23000,265702,6351602
2026-09-16,2491.TW,6897,0,-3000,3897
2026-09-16,2492.TW,166320,-59000,-439966,-332646
2026-09-16,2493.TW,-355556,0,104392,-251164
2026-09-16,2495.TW,99110,0,-8000,91110
2026-09-16,2497.TW,6473,0,201,6674
2026-09-16,2498.TW,330849,0,247048,577897
2026-09-16,2501.TW,-1264332,0,-92000,-1356332
2026-09-16,2504.TW,-307000,16355,4000,-286645
2026-09-16,2505.TW,-26000,0,0,-26000
2026-09-16,2506.TW,-29000,0,0,-29000
2026-09-16,2509.TW,-13000,0,0,-13000
2026-09-16,2511.TW,-134000,0,0,-134000
2026-09-16,2514.TW,-35000,0,-250,-35250
2026-09-16,2515.TW,-309000,-60000,-2966,-371966
2026-09-16,2516.TW,15000,0,1000,16000
2026-09-16,2520.TW,-354840,-44000,-116734,-515574
2026-09-16,2524.TW,-24000,0,0,-24000
2026-09-16,2527.TW,32120,0,-9648,22472
2026-09-16,2528.TW,45000,11297,-86000,-29703
2026-09-16,2530.TW,-189540,17956,0,-171584
2026-09-16,2534.TW,-6000,0,0,-6000
2026-09-16,2535.TW,-29000,-9000,2000,-36000
2026-09-16,2536.TW,-98403,0,2000,-96403
2026-09-16,2537.TW,92115,0,0,92115
2026-09-16,2538.TW,-321000,0,0,-321000
2026-09-16,2539.TW,17731,-129000,1021,-110248
2026-09-16,2540.TW,85412,0,25000,110412
2026-09-16,2542.TW,-4409817,3911000,276991,-221826
2026-09-16,2543.TW,476109,-20000,5004,461113
2026-09-16,2545.TW,-4000,0,900,-3100
2026-09-16,2546.TW,-33916,0,15000,-18916
2026-09-16,2547.TW,-133000,27593,6001,-99406
2026-09-16,2548.TW,-314397,-3000,-18682,-336079
2026-09-16,2597.TW,-34313,-2179,6000,-30492
2026-09-16,2601.TW,-392848,0,0,-392848
2026-09-16,2603.TW,1055253,1741000,570711,3366964
2026-09-16,2605.TW,1675177,-44000,1576139,3207316
2026-09-16,2606.TW,-421700,743000,-10180,311120
2026-09-16,2607.TW,-21798,0,122,-21676
2026-09-16,2608.TW,-49000,0,5000,-44000
2026-09-16,2609.TW,13282855,-883000,194977,12594832
2026-09-16,2610.TW,-4188173,1008000,-305462,-3485635
2026-09-16,2611.TW,-77000,0,0,-77000
2026-09-16,2612.TW,101039,0,752,101791
2026-09-16,2613.TW,-5890,0,0,-5890
2026-09-16,2614.TW,-250000,0,0,-250000
2026-09-16,2615.TW,3038414,-77000,776602,3738016
2026-09-16,2616.TW,-13000,0,0,-13000
2026-09-16,2617.TW,-200706,0,-1226,-201932
2026-09-16,2618.TW,-2897687,2100585,64772,-732330
2026-09-16,2630.TW,37766,0,-1061,36705
2026-09-16,2633.TW,-2365579,1607000,30350,-728229
2026-09-16,2634.TW,1846225,43000,2547038,4436263
2026-09-16,2636.TW,-10593,0,67000,56407
2026-09-16,2637.TW,3167013,-271000,-3663,2892350
2026-09-16,2642.TW,6000,0,1000,7000
2026-09-16,2645.TW,272190,-356000,4774,-79036
2026-09-16,2646.TW,-1242854,1000,0,-1241854
2026-09-16,2701.TW,-10000,0,0,-10000
2026-09-16,2702.TW,-8000,0,-2000,-10000
2026-09-16,2704.TW,-12000,0,0,-12000
2026-09-16,2705.TW,-21000,0,2000,-19000
2026-09-16,2706.TW,-16000,0,0,-16000
2026-09-16,2707.TW,-42812,-6000,-219,-49031
2026-09-16,2712.TW,-1000,0,0,-1000
2026-09-16,2722.TW,0,0,0,0
2026-09-16,2723.TW,-44000,0,0,-44000
2026-09-16,2727.TW,-91217,2000,-23788,-113005
2026-09-16,2731.TW,-51000,-7745,861,-57884
2026-09-16,2739.TW,-1000,0,0,-1000
2026-09-16,2748.TW,-27000,0,0,-27000
2026-09-16,2753.TW,-24000,2208,990,-20802
2026-09-16,2762.TW,-1000,0,-2000,-3000
2026-09-16,2801.TW,-1367186,12195000,140975,10968789
2026-09-16,2812.TW,2123566,-1934312,26000,215254
2026-09-16,2816.TW,196626,0,3000,199626
2026-09-16,2820.TW,900189,0,854,901043
2026-09-16,2832.TW,70789,4815,-552,75052
2026-09-16,2834.TW,11140556,-4371679,-45000,6723877
2026-09-16,2836.TW,-705021,0,13000,-692021
2026-09-16,2838.TW,-150723,2000,-7660,-156383
2026-09-16,2845.TW,1962013,-347000,21053,1636066
2026-09-16,2849.TW,-33000,0,0,-33000
2026-09-16,2850.TW,-23309,0,0,-23309
2026-09-16,2851.TW,-713180,208000,-138308,-643488
2026-09-16,2852.TW,-9347,0,0,-9347
2026-09-16,2855.TW,-1602306,1559000,0,-43306
2026-09-16,2880.TW,2310385,-1547000,-163425,599960
2026-09-16,2881.TW,-5296098,6000000,226192,930094
2026-09-16,2882.TW,-5144129,9138000,254843,4248714
2026-09-16,2883.TW,2108080,11139000,-729434,12517646
2026-09-16,2884.TW,6518233,7852000,63626,14433859
2026-09-16,2885.TW,735963,183000,198033,1116996
2026-09-16,2886.TW,-1771630,883000,345019,-543611
2026-09-16,2887.TW,7598667,8184340,836074,16619081
2026-09-16,2889.TW,9670315,0,0,9670315
2026-09-16,2890.TW,-12738874,16189000,698117,4148243
2026-09-16,2891.TW,2219592,9254589,1466650,12940831
2026-09-16,2892.TW,1700986,5959000,308027,7968013
2026-09-16,2897.TW,357640,0,-490,357150
2026-09-16,2901.TW,6010,0,0,6010
2026-09-16,2903.TW,-938950,-72000,25833,-985117
2026-09-16,2904.TW,-13000,0,0,-13000
2026-09-16,2905.TW,339888,0,-6000,333888
2026-09-16,2906.TW,-17000,0,1400,-15600
2026-09-16,2908.TW,44820,0,0,44820
2026-09-16,2910.TW,-3000,0,0,-3000
2026-09-16,2911.TW,24000,0,0,24000
2026-09-16,2912.TW,-496802,386882,3000,-106920
2026-09-16,2913.TW,-25000,0,-10000,-35000
2026-09-16,2915.TW,276518,-487000,-370209,-580691
2026-09-16,2923.TW,-54000,0,8000,-46000
2026-09-16,2929.TW,20000,0,0,20000
2026-09-16,2939.TW,-2000,0,0,-2000
2026-09-16,2945.TW,2000,0,-2000,0
2026-09-16,3002.TW,27000,0,-1000,26000
2026-09-16,3003.TW,-16087,0,96,-15991
2026-09-16,3004.TW,4576,-40000,13353,-22071
2026-09-16,3005.TW,-278477,264886,11699,-1892
2026-09-16,3006.TW,1766701,32000,119300,1918001
2026-09-16,3008.TW,-18961,-38292,-64785,-122038
2026-09-16,3010.TW,-32500,-3833,-15342,-51675
2026-09-16,3011.TW,125000,0,-1000,124000
2026-09-16,3013.TW,53859,2000,1999,57858
2026-09-16,3014.TW,430043,9978,1018,441039
2026-09-16,3015.TW,35968,-34780,-9184,-7996
2026-09-16,3016.TW,433173,0,134324,567497
2026-09-16,3017.TW,-200344,80000,30090,-90254
2026-09-16,3018.TW,-3000,0,0,-3000
2026-09-16,3019.TW,437577,0,641257,1078834
2026-09-16,3021.TW,15000,0,2417,17417
2026-09-16,3022.TW,-54536,-1264,1321,-54479
2026-09-16,3023.TW,126136,20000,14199,160335
2026-09-16,3024.TW,139000,0,0,139000
2026-09-16,3025.TW,13988,0,0,13988
2026-09-16,3026.TW,125747,256300,-2801,379246
2026-09-16,3027.TW,-8000,0,-2002,-10002
2026-09-16,3028.TW,-24000,-3012,23995,-3017
2026-09-16,3029.TW,-975741,-1041,-5345,-982127
2026-09-16,3030.TW,23836,1300,1057,26193
2026-09-16,3031.TW,239000,0,0,239000
2026-09-16,3032.TW,44141,0,-2000,42141
2026-09-16,3033.TW,16954,-2154,16692,31492
2026-09-16,3034.TW,603662,343000,109565,1056227
2026-09-16,3035.TW,336702,0,17283,353985
2026-09-16,3036.TW,-2061888,-309152,296965,-2074075
2026-09-16,3037.TW,-1301686,-169000,-37256,-1507942
2026-09-16,3038.TW,6210,0,0,6210
2026-09-16,3040.TW,69000,0,0,69000
2026-09-16,3041.TW,5481,0,0,5481
2026-09-16,3042.TW,1725301,6300,-364759,1366842
2026-09-16,3043.TW,13000,0,0,13000
2026-09-16,3044.TW,-887201,481000,-24128,-430329
2026-09-16,3045.TW,2247997,425061,-522407,2150651
2026-09-16,3046.TW,-9917,0,-49884,-59801
2026-09-16,3047.TW,120000,0,-70,119930
2026-09-16,3048.TW,36390,0,33773,70163
2026-09-16,3049.TW,303947,0,22569,326516
2026-09-16,3050.TW,-6000,0,-1000,-7000
2026-09-16,3051.TW,146740,0,0,146740
2026-09-16,3052.TW,-28000,0,0,-28000
2026-09-16,3054.TW,14000,0,0,14000
2026-09-16,3055.TW,205007,0,-14000,191007
2026-09-16,3056.TW,153000,0,0,153000
2026-09-16,3057.TW,21000,0,-2000,19000
2026-09-16,3058.TW,-28000,0,0,-28000
2026-09-16,3059.TW,44000,0,-4895,39105
2026-09-16,3060.TW,41140,0,17004,58144
2026-09-16,3062.TW,363001,0,129395,492396
2026-09-16,3090.TW,420056,7000,32865,459921
2026-09-16,3092.TW,33000,0,-53,32947
2026-09-16,3094.TW,561258,0,-1892,559366
2026-09-16,3130.TW,-4000,0,0,-4000
2026-09-16,3135.TW,47453,0,-465,46988
2026-09-16,3138.TW,41000,0,2864,43864
2026-09-16,3149.TW,989859,0,6753,996612
2026-09-16,3150.TW,-4000,0,-3000,-7000
2026-09-16,3164.TW,0,0,0,0
2026-09-16,3167.TW,-351852,1000,2472,-348380
2026-09-16,3189.TW,-20476,151000,-247924,-117400
2026-09-16,3209.TW,458956,0,-42546,416410
2026-09-16,3229.TW,39772,0,-2000,37772
2026-09-16,3231.TW,-9686915,1993000,-1706679,-9400594
2026-09-16,3257.TW,35000,0,0,35000
2026-09-16,3266.TW,-15000,0,0,-15000
2026-09-16,3296.TW,-9990,0,2000,-7990
2026-09-16,3305.TW,67100,0,-1003,66097
2026-09-16,3308.TW,-4000,0,111,-3889
2026-09-16,3311.TW,39461,0,2000,41461
2026-09-16,3312.TW,20982,0,24003,44985
2026-09-16,3321.TW,47000,0,0,47000
2026-09-16,3338.TW,70727,0,0,70727
2026-09-16,3346.TW,54042,0,0,54042
2026-09-16,3376.TW,-787464,70000,-26003,-743467
2026-09-16,3380.TW,387551,5000,24583,417134
2026-09-16,3406.TW,-151777,-60000,-94348,-306125
2026-09-16,3413.TW,-36335,0,385,-35950
2026-09-16,3416.TW,-46643,0,7000,-39643
2026-09-16,3419.TW,6000,0,0,6000
2026-09-16,3432.TW,2000,0,0,2000
2026-09-16,3437.TW,543229,0,0,543229
2026-09-16,3443.TW,-14527,31300,-48047,-31274
2026-09-16,3447.TW,24000,0,0,24000
2026-09-16,3450.TW,845100,257000,58656,1160756
2026-09-16,3481.TW,20867981,3000,6082416,26953397
2026-09-16,3494.TW,-10000,0,0,-10000
2026-09-16,3501.TW,-20000,0,0,-20000
2026-09-16,3504.TW,207000,0,-1319,205681
2026-09-16,3515.TW,278663,-436,61641,339868
2026-09-16,3518.TW,170470,0,0,170470
2026-09-16,3528.TW,7000,0,-1000,6000
2026-09-16,3530.TW,15070,0,13,15083
2026-09-16,3532.TW,1020549,99000,841680,1961229
2026-09-16,3533.TW,228945,-65350,-69238,94357
2026-09-16,3535.TW,316233,0,17959,334192
2026-09-16,3543.TW,-999,0,0,-999
2026-09-16,3545.TW,178233,0,-2000,176233
2026-09-16,3550.TW,299000,0,-2030,296970
2026-09-16,3557.TW,6000,0,0,6000
2026-09-16,3563.TW,-44727,-2000,-4309,-51036
2026-09-16,3576.TW,-176500,0,-2000,-178500
2026-09-16,3583.TW,84567,-73000,983,12550
2026-09-16,3588.TW,31264,0,999,32263
2026-09-16,3592.TW,87173,0,-484,86689
2026-09-16,3593.TW,-1000,0,0,-1000
2026-09-16,3596.TW,-286000,-592,-79010,-365602
2026-09-16,3605.TW,1066850,0,183719,1250569
2026-09-16,3607.TW,9000,0,26000,35000
2026-09-16,3617.TW,14003,-515,-15232,-1744
2026-09-16,3622.TW,-16000,-1914,219,-17695
2026-09-16,3645.TW,135259,0,1896,137155
2026-09-16,3652.TW,27000,0,-7000,20000
2026-09-16,3653.TW,175582,-55000,-10626,109956
2026-09-16,3661.TW,-441386,-36000,-24777,-502163
2026-09-16,3665.TW,-251094,6213,-81093,-325974
2026-09-16,3669.TW,52930,0,-4000,48930
2026-09-16,3673.TW,1000333,0,63730,1064063
2026-09-16,3679.TW,-5000,1044,0,-3956
2026-09-16,3686.TW,-5000,0,0,-5000
2026-09-16,3694.TW,49000,0,1,49001
2026-09-16,3701.TW,192157,0,1923,194080
2026-09-16,3702.TW,-203169,-423994,-172333,-799496
2026-09-16,3703.TW,31240,-26000,0,5240
2026-09-16,3704.TW,449093,0,-3989,445104
2026-09-16,3705.TW,7000,0,0,7000
2026-09-16,3706.TW,1117027,-506000,-102392,508635
2026-09-16,3708.TW,-282000,-14000,0,-296000
2026-09-16,3711.TW,2606164,-1038000,95086,1663250
2026-09-16,3712.TW,-65999,0,0,-65999
2026-09-16,3714.TW,3812929,18000,135442,3966371
2026-09-16,3715.TW,387218,0,7854,395072
2026-09-16,3716.TW,-90000,0,0,-90000
2026-09-16,3717.TW,310594,0,-7100,303494
2026-09-16,4104.TW,3080,0,0,3080
2026-09-16,4106.TW,3000,0,0,3000
2026-09-16,4108.TW,6000,0,3000,9000
2026-09-16,4119.TW,-27645,0,2011,-25634
2026-09-16,4133.TW,1000,0,0,1000
2026-09-16,4137.TW,-10000,2235,844,-6921
2026-09-16,4142.TW,-54670,0,-1,-54671
2026-09-16,4148.TW,-7000,0,0,-7000
2026-09-16,4155.TW,40999,0,-2000,38999
2026-09-16,4164.TW,31923,0,-20000,11923
2026-09-16,4169.TW,-3000,0,0,-3000
2026-09-16,4178.TW,9000,0,0,9000
2026-09-16,4190.TW,0,0,0,0
2026-09-16,4195.TW,0,0,-1,-1
2026-09-16,4306.TW,-63000,0,0,-63000
2026-09-16,4414.TW,26000,0,-6000,20000
2026-09-16,4426.TW,-10000,0,0,-10000
2026-09-16,4438.TW,-77000,0,-62190,-139190
2026-09-16,4439.TW,4000,0,-2000,2000
2026-09-16,4440.TW,18000,0,-6000,12000
2026-09-16,4441.TW,12000,0,0,12000
2026-09-16,4526.TW,360454,0,-10845,349609
2026-09-16,4532.TW,-13940,12369,-1010,-2581
2026-09-16,4536.TW,10000,0,0,10000
2026-09-16,4540.TW,-1203705,0,-1560,-1205265
2026-09-16,4545.TW,-11970,0,3000,-8970
2026-09-16,4551.TW,-24350,0,-6249,-30599
2026-09-16,4552.TW,42000,0,-2000,40000
2026-09-16,4555.TW,52892,0,1900,54792
2026-09-16,4557.TW,-8000,0,0,-8000
2026-09-16,4560.TW,-4000,0,0,-4000
2026-09-16,4562.TW,31000,0,771,31771
2026-09-16,4564.TW,-112950,0,78999,-33951
2026-09-16,4566.TW,97120,0,42948,140068
2026-09-16,4569.TW,-5000,0,0,-5000
2026-09-16,4571.TW,-762,0,0,-762
2026-09-16,4572.TW,1000,0,0,1000
2026-09-16,4576.TW,-220921,0,-6365,-227286
2026-09-16,4581.TW,-4000,0,0,-4000
2026-09-16,4582.TW,-2000,0,-3000,-5000
2026-09-16,4583.TW,26105,-2000,-68,24037
2026-09-16,4585.TW,-7000,-6000,-8788,-21788
2026-09-16,4588.TW,19000,0,340,19340
2026-09-16,4590.TW,150000,0,958,150958
2026-09-16,4720.TW,78936,0,0,78936
2026-09-16,4722.TW,68533,7000,2387,77920
2026-09-16,4736.TW,-10962,10000,4000,3038
2026-09-16,4737.TW,16000,0,-35000,-19000
2026-09-16,4739.TW,-36000,0,604,-35396
2026-09-16,4746.TW,22400,0,0,22400
2026-09-16,4755.TW,6000,0,21000,27000
2026-09-16,4763.TW,-1182039,771520,-42835,-453354
2026-09-16,4764.TW,11862,0,2831,14693
2026-09-16,4766.TW,31668,-2000,-451,29217
2026-09-16,4770.TW,9000,0,-662,8338
2026-09-16,4771.TW,-31533,0,-5034,-36567
2026-09-16,4807.TW,-259645,0,-3092,-262737
2026-09-16,4904.TW,-701209,464000,157589,-79620
2026-09-16,4906.TW,744782,0,2079,746861
2026-09-16,4912.TW,17958,0,0,17958
2026-09-16,4915.TW,-1406932,751000,-9359,-665291
2026-09-16,4916.TW,191035,0,7359,198394
2026-09-16,4919.TW,250647,10000,31880,292527
2026-09-16,4927.TW,774431,0,40585,815016
2026-09-16,4930.TW,15000,0,0,15000
2026-09-16,4934.TW,4185,0,0,4185
2026-09-16,4935.TW,9000,0,0,9000
2026-09-16,4938.TW,-1015008,155845,101842,-757321
2026-09-16,4942.TW,-8920,0,-2954,-11874
2026-09-16,4949.TW,48233,0,0,48233
2026-09-16,4952.TW,50000,0,-1546,48454
2026-09-16,4956.TW,1203569,0,-1001,1202568
2026-09-16,4958.TW,1779283,299000,-427844,1650439
2026-09-16,4960.TW,1012370,0,405,1012775
2026-09-16,4961.TW,524975,0,13458,538433
2026-09-16,4967.TW,956708,-400,80349,1036657
2026-09-16,4968.TW,60231,0,25805,86036
2026-09-16,4976.TW,24500,0,-703,23797
2026-09-16,4977.TW,1028665,0,109556,1138221
2026-09-16,4989.TW,510523,0,-28637,481886
2026-09-16,4999.TW,0,0,0,0
2026-09-16,5007.TW,-4000,0,0,-4000
2026-09-16,5203.TW,12000,0,0,12000
2026-09-16,5215.TW,4000,0,1000,5000
2026-09-16,5222.TW,20059,0,-50,20009
2026-09-16,5225.TW,24000,0,0,24000
2026-09-16,5234.TW,8000,-12000,-1196,-5196
2026-09-16,5236.TW,20054,0,0,20054
2026-09-16,5243.TW,201979,0,-10250,191729
2026-09-16,5244.TW,90000,0,0,90000
2026-09-16,5258.TW,44933,0,0,44933
2026-09-16,5269.TW,555896,3000,20071,578967
2026-09-16,5283.TW,2000,0,0,2000
2026-09-16,5284.TW,-16750,0,-2585,-19335
2026-09-16,5285.TW,-141524,0,-22005,-163529
2026-09-16,5288.TW,1789,0,707,2496
2026-09-16,5292.TW,-11576,0,944,-10632
2026-09-16,5306.TW,-27000,0,1000,-26000
2026-09-16,5388.TW,-62984,-1294,-7491,-71769
2026-09-16,5434.TW,197085,-94000,1490,104575
2026-09-16,5469.TW,101527,825000,16006,942533
2026-09-16,5471.TW,75900,0,-43,75857
2026-09-16,5484.TW,10000,0,1000,11000
2026-09-16,5515.TW,-33355,0,4130,-29225
2026-09-16,5519.TW,-39523,0,-251,-39774
2026-09-16,5521.TW,70043,0,2000,72043
2026-09-16,5522.TW,-671000,-136728,3000,-804728
2026-09-16,5525.TW,-8000,0,0,-8000
2026-09-16,5531.TW,54000,0,0,54000
2026-09-16,5533.TW,-120000,0,0,-120000
2026-09-16,5534.TW,-126299,0,-123679,-249978
2026-09-16,5538.TW,-51000,0,0,-51000
2026-09-16,5546.TW,3000,0,0,3000
2026-09-16,5607.TW,-42213,-14000,16000,-40213
2026-09-16,5608.TW,32404,0,191941,224345
2026-09-16,5706.TW,-11000,0,0,-11000
2026-09-16,5871.TW,-434701,1212118,1966,779383
2026-09-16,5876.TW,210996,1043000,181369,1435365
2026-09-16,5880.TW,1449488,2791000,234402,4474890
2026-09-16,5907.TW,-50000,0,0,-50000
2026-09-16,6005.TW,-387161,-4155876,0,-4543037
2026-09-16,6024.TW,-31100,0,0,-31100
2026-09-16,6108.TW,299535,0,6000,305535
2026-09-16,6112.TW,72000,0,13001,85001
2026-09-16,6115.TW,28000,0,5000,33000
2026-09-16,6116.TW,5426269,0,667586,6093855
2026-09-16,6117.TW,11000,0,-32131,-21131
2026-09-16,6120.TW,39823,0,-6523,33300
2026-09-16,6128.TW,-6000,0,-2000,-8000
2026-09-16,6133.TW,776200,0,4000,780200
2026-09-16,6136.TW,99900,0,0,99900
2026-09-16,6139.TW,-28162,-130500,-105452,-264114
2026-09-16,6141.TW,-99118,0,0,-99118
2026-09-16,6142.TW,30999,0,0,30999
2026-09-16,6152.TW,429197,0,3000,432197
2026-09-16,6153.TW,295798,0,54350,350148
2026-09-16,6155.TW,22410,0,1000,23410
2026-09-16,6164.TW,-9000,0,0,-9000
2026-09-16,6165.TW,53000,0,11000,64000
2026-09-16,6166.TW,-10210,0,2309,-7901
2026-09-16,6168.TW,2518692,0,59222,2577914
2026-09-16,6176.TW,120034,-897,-24801,94336
2026-09-16,6177.TW,-58000,15187,927,-41886
2026-09-16,6183.TW,-5000,0,0,-5000
2026-09-16,6184.TW,-1000,0,0,-1000
2026-09-16,6189.TW,61000,-1965,87,59122
2026-09-16,6191.TW,493153,-5000,-11438,476715
2026-09-16,6192.TW,-17000,0,-270,-17270
2026-09-16,6196.TW,-79186,550,377,-78259
2026-09-16,6197.TW,102103,-9000,-46016,47087
2026-09-16,6201.TW,-1000,0,0,-1000
2026-09-16,6202.TW,118565,0,-221,118344
2026-09-16,6205.TW,9000,0,-3978,5022
2026-09-16,6206.TW,-43877,-793,31375,-13295
2026-09-16,6209.TW,957436,0,168978,1126414
2026-09-16,6213.TW,-77775,512000,-146776,287449
2026-09-16,6214.TW,-71859,157,3811,-67891
2026-09-16,6215.TW,23000,0,1100,24100
2026-09-16,6216.TW,48000,0,-291,47709
2026-09-16,6224.TW,176073,0,0,176073
2026-09-16,6225.TW,-1000,0,0,-1000
2026-09-16,6226.TW,-248000,0,-18584,-266584
2026-09-16,6230.TW,-21000,0,0,-21000
2026-09-16,6235.TW,28012,0,-470,27542
2026-09-16,6239.TW,1435719,-806000,113988,743707
2026-09-16,6243.TW,44028,0,0,44028
2026-09-16,6257.TW,825928,-645000,-60366,120562
2026-09-16,6269.TW,320588,-24000,132603,429191
2026-09-16,6271.TW,206417,210000,-28494,387923
2026-09-16,6272.TW,138000,0,-999,137001
2026-09-16,6277.TW,1364,0,-35300,-33936
2026-09-16,6278.TW,-407185,12000,66462,-328723
2026-09-16,6281.TW,-11000,0,0,-11000
2026-09-16,6282.TW,648756,-57000,-121483,470273
2026-09-16,6283.TW,-4000,0,0,-4000
2026-09-16,6285.TW,-1565050,-736000,51060,-2249990
2026-09-16,6405.TW,50000,0,0,50000
2026-09-16,6409.TW,90083,-26120,802,64765
2026-09-16,6412.TW,-43050,-1236,-1554,-45840
2026-09-16,6414.TW,-233217,6000,-28215,-255432
2026-09-16,6415.TW,-208349,4000,31474,-172875
2026-09-16,6416.TW,62000,0,11000,73000
2026-09-16,6426.TW,356175,0,23512,379687
2026-09-16,6431.TW,-3000,0,-1000,-4000
2026-09-16,6438.TW,6487,0,2448,8935
2026-09-16,6442.TW,214665,0,23067,237732
2026-09-16,6443.TW,1027420,0,-107000,920420
2026-09-16,6446.TW,-114832,-84375,2035,-197172
2026-09-16,6449.TW,72328,0,19387,91715
2026-09-16,6451.TW,704551,2000,-47115,659436
2026-09-16,6456.TW,661809,0,59261,721070
2026-09-16,6464.TW,2000,0,0,2000
2026-09-16,6472.TW,86045,0,-938,85107
2026-09-16,6477.TW,7700,0,41000,48700
2026-09-16,6491.TW,22829,0,-1274,21555
2026-09-16,6504.TW,9000,0,0,9000
2026-09-16,6505.TW,-7951540,2583000,-940942,-6309482
2026-09-16,6515.TW,-43819,-34000,6406,-71413
2026-09-16,6525.TW,-50503,0,-1545,-52048
2026-09-16,6526.TW,218964,-221000,-1680,-3716
2026-09-16,6531.TW,405547,-8000,20463,418010
2026-09-16,6533.TW,67214,10000,-120,77094
2026-09-16,6534.TW,-5000,0,989,-4011
2026-09-16,6541.TW,128000,0,-836,127164
2026-09-16,6550.TW,58543,0,0,58543
2026-09-16,6552.TW,7000,0,0,7000
2026-09-16,6558.TW,28000,0,0,28000
2026-09-16,6573.TW,23000,0,1000,24000
2026-09-16,6579.TW,64606,-14000,-35296,15310
2026-09-16,6581.TW,4000,0,0,4000
2026-09-16,6582.TW,1000,0,0,1000
2026-09-16,6585.TW,27982,0,-19000,8982
2026-09-16,6589.TW,152080,-7000,-1000,144080
2026-09-16,6591.TW,32000,0,-973,31027
2026-09-16,6592.TW,-139000,0,3724,-135276
2026-09-16,6598.TW,-23000,0,0,-23000
2026-09-16,6605.TW,-44247,-12000,-27751,-83998
2026-09-16,6606.TW,29000,0,-4000,25000
2026-09-16,6614.TW,-1000,0,0,-1000
2026-09-16,6625.TW,1000,0,0,1000
2026-09-16,6641.TW,0,0,96,96
2026-09-16,6645.TW,-6000,0,-17000,-23000
2026-09-16,6657.TW,-1978,0,0,-1978
2026-09-16,6658.TW,20346,0,600,20946
2026-09-16,6666.TW,-3000,0,0,-3000
2026-09-16,6668.TW,-224076,0,0,-224076
2026-09-16,6669.TW,-2768693,213780,-599492,-3154405
2026-09-16,6670.TW,-43531,8000,4950,-30581
2026-09-16,6671.TW,2000,0,0,2000
2026-09-16,6672.TW,495718,9000,24774,529492
2026-09-16,6674.TW,1000,0,0,1000
2026-09-16,6689.TW,-279000,0,0,-279000
2026-09-16,6691.TW,200379,-200000,12586,12965
2026-09-16,6695.TW,74001,0,-86,73915
2026-09-16,6698.TW,31000,0,0,31000
2026-09-16,6706.TW,-1414895,0,255394,-1159501
2026-09-16,6715.TW,193079,87000,74388,354467
2026-09-16,6719.TW,57351,-7000,-5002,45349
2026-09-16,6722.TW,-4000,0,0,-4000
2026-09-16,6742.TW,240000,0,0,240000
2026-09-16,6743.TW,-59016,3998,0,-55018
2026-09-16,6753.TW,7401,0,-26101,-18700
2026-09-16,6754.TW,-2000,0,0,-2000
2026-09-16,6756.TW,35083,0,-1128,33955
2026-09-16,6757.TW,-225000,0,-2000,-227000
2026-09-16,6768.TW,6000,0,-194,5806
2026-09-16,6770.TW,42640791,423000,1992694,45056485
2026-09-16,6771.TW,6000,0,-3030,2970
2026-09-16,6776.TW,7000,0,0,7000
2026-09-16,6781.TW,10102,1000,-1527,9575
2026-09-16,6782.TW,-28057,0,-850,-28907
2026-09-16,6789.TW,478674,-456000,26106,48780
2026-09-16,6790.TW,-5000,0,0,-5000
2026-09-16,6792.TW,-6000,0,0,-6000
2026-09-16,6794.TW,-3000,0,0,-3000
2026-09-16,6796.TW,-11950,0,0,-11950
2026-09-16,6799.TW,24000,0,-26,23974
2026-09-16,6805.TW,297673,-64000,7198,240871
2026-09-16,6830.TW,-170125,-3000,3684,-169441
2026-09-16,6831.TW,-2164,0,3844,1680
2026-09-16,6834.TW,93484,0,-2816,90668
2026-09-16,6835.TW,7000,0,0,7000
2026-09-16,6838.TW,-1000,0,2000,1000
2026-09-16,6854.TW,41000,0,-3311,37689
2026-09-16,6861.TW,-372256,0,27014,-345242
2026-09-16,6862.TW,27217,0,7,27224
2026-09-16,6863.TW,-19000,0,-80,-19080
2026-09-16,6869.TW,131115,0,2953,134068
2026-09-16,6873.TW,-65000,0,-2000,-67000
2026-09-16,6885.TW,181632,0,-1000,180632
2026-09-16,6887.TW,-1000,0,-1000,-2000
2026-09-16,6890.TW,-79048,-5000,-6847,-90895
2026-09-16,6901.TW,203360,0,-5000,198360
2026-09-16,6902.TW,-960,0,0,-960
2026-09-16,6906.TW,-8950,0,0,-8950
2026-09-16,6908.TW,0,0,-100,-100
2026-09-16,6909.TW,53100,0,0,53100
2026-09-16,6914.TW,-3000,0,0,-3000
2026-09-16,6916.TW,-5000,0,0,-5000
2026-09-16,6918.TW,-4000,0,1000,-3000
2026-09-16,6919.TW,-79608,-55000,28650,-105958
2026-09-16,6921.TW,-3000,0,-3226,-6226
2026-09-16,6923.TW,-3000,0,0,-3000
2026-09-16,6924.TW,5900,0,-2782,3118
2026-09-16,6928.TW,10000,0,1000,11000
2026-09-16,6931.TW,-5000,0,0,-5000
2026-09-16,6933.TW,-82114,0,10839,-71275
2026-09-16,6934.TW,6000,0,0,6000
2026-09-16,6936.TW,1000,0,0,1000
2026-09-16,6937.TW,116020,0,16772,132792
2026-09-16,6944.TW,-93440,454,-22795,-115781
2026-09-16,6947.TW,25890,0,0,25890
2026-09-16,6949.TW,-304842,0,-226828,-531670
2026-09-16,6951.TW,-2000,0,-2000,-4000
2026-09-16,6952.TW,5000,0,0,5000
2026-09-16,6955.TW,-6000,0,2810,-3190
2026-09-16,6957.TW,138227,0,-9000,129227
2026-09-16,6958.TW,-8000,0,0,-8000
2026-09-16,6962.TW,118541,0,-49216,69325
2026-09-16,6965.TW,-5000,0,0,-5000
2026-09-16,6969.TW,11000,0,-480,10520
2026-09-16,6988.TW,0,0,-16000,-16000
2026-09-16,6994.TW,248000,0,-667,247333
2026-09-16,7610.TW,-387009,0,-459,-387468
2026-09-16,7631.TW,-898,0,1900,1002
2026-09-16,7689.TW,5000,0,0,5000
2026-09-16,7705.TW,1000,0,0,1000
2026-09-16,7711.TW,54000,0,30002,84002
2026-09-16,7721.TW,20000,0,0,20000
2026-09-16,7722.TW,-8100,0,0,-8100
2026-09-16,7730.TW,1000,0,3000,4000
2026-09-16,7736.TW,0,0,0,0
2026-09-16,7740.TW,24007,0,1950,25957
2026-09-16,7749.TW,-71910,0,-1547,-73457
2026-09-16,7750.TW,-38636,1000,-1659,-39295
2026-09-16,7760.TW,-9000,0,0,-9000
2026-09-16,7765.TW,-61000,0,0,-61000
2026-09-16,7768.TW,12031,0,0,12031
2026-09-16,7769.TW,-37200,11000,686,-25514
2026-09-16,7780.TW,-61000,0,-272,-61272
2026-09-16,7786.TW,-24075,0,1000,-23075
2026-09-16,7788.TW,-104126,0,86703,-17423
2026-09-16,7791.TW,3000,0,1000,4000
2026-09-16,7795.TW,22197,-4000,-13654,4543
2026-09-16,7799.TW,340704,14000,31004,385708
2026-09-16,7803.TW,-10000,0,3509,-6491
2026-09-16,7818.TW,-7000,0,0,-7000
2026-09-16,7821.TW,0,0,0,0
2026-09-16,7822.TW,32000,0,3926,35926
2026-09-16,7823.TW,-6000,0,-20,-6020
2026-09-16,7827.TW,-23803,0,-147,-23950
2026-09-16,7835.TW,3000,0,-1000,2000
2026-09-16,7855.TW,8000,0,0,8000
2026-09-16,8011.TW,85000,0,0,85000
2026-09-16,8016.TW,83139,-371,179,82947
2026-09-16,8021.TW,-972920,2000,-2568,-973488
2026-09-16,8028.TW,-1447130,1590000,41814,184684
2026-09-16,8033.TW,485253,0,5751,491004
2026-09-16,8039.TW,-1365697,12000,-591171,-1944868
2026-09-16,8045.TW,-361000,0,-1843,-362843
2026-09-16,8046.TW,77772,5000,-154769,-71997
2026-09-16,8070.TW,-15892,-40849,20090,-36651
2026-09-16,8072.TW,-3000,0,0,-3000
2026-09-16,8081.TW,98755,-411,0,98344
2026-09-16,8103.TW,-1019522,0,64682,-954840
2026-09-16,8104.TW,51000,0,0,51000
2026-09-16,8105.TW,109638,0,-31,109607
2026-09-16,8110.TW,844524,0,4920,849444
2026-09-16,8112.TW,-2668274,13795,-362195,-3016674
2026-09-16,8114.TW,46876,0,192,47068
2026-09-16,8131.TW,94220,0,6727,100947
2026-09-16,8150.TW,2600224,6000,-132668,2473556
2026-09-16,8162.TW,2000,0,-6000,-4000
2026-09-16,8163.TW,148000,0,8264,156264
2026-09-16,8201.TW,-5000,0,0,-5000
2026-09-16,8210.TW,98956,-243000,393,-143651
2026-09-16,8213.TW,-33000,0,309,-32691
2026-09-16,8215.TW,-1135232,-63000,-6357,-1204589
2026-09-16,8222.TW,-2700,0,-1000,-3700
2026-09-16,8249.TW,43004,0,0,43004
2026-09-16,8261.TW,509527,0,99064,608591
2026-09-16,8271.TW,255122,-600,53301,307823
2026-09-16,8341.TW,-28305,0,571,-27734
2026-09-16,8367.TW,-1000,0,0,-1000
2026-09-16,8374.TW,-2000,0,-12847,-14847
2026-09-16,8404.TW,13034,0,0,13034
2026-09-16,8411.TW,-14000,0,-17000,-31000
2026-09-16,8422.TW,84447,-870000,-9921,-795474
2026-09-16,8429.TW,27000,0,0,27000
2026-09-16,8438.TW,38517,0,1029,39546
2026-09-16,8442.TW,-18000,1302,2000,-14698
2026-09-16,8454.TW,71581,-8303,-867,62411
2026-09-16,8462.TW,-62306,0,-370,-62676
2026-09-16,8463.TW,-3000,0,0,-3000
2026-09-16,8464.TW,3904,-45378,-293,-41767
2026-09-16,8466.TW,-3000,0,0,-3000
2026-09-16,8467.TW,-11000,0,0,-11000
2026-09-16,8473.TW,-171000,0,0,-171000
2026-09-16,8476.TW,34000,0,0,34000
2026-09-16,8478.TW,17000,0,0,17000
2026-09-16,8482.TW,-4000,0,0,-4000
2026-09-16,8487.TW,0,0,-4,-4
2026-09-16,8488.TW,4000,0,0,4000
2026-09-16,8499.TW,0,0,125,125
2026-09-16,8926.TW,829665,-60863,4145,772947
2026-09-16,8940.TW,-2000,0,-1000,-3000
2026-09-16,8996.TW,290475,-5000,-10991,274484
2026-09-16,9103.TW,0,0,-54,-54
2026-09-16,9105.TW,-125650,0,-11078,-136728
2026-09-16,9136.TW,17000,0,750,17750
2026-09-16,9802.TW,-132000,-17000,577,-148423
2026-09-16,9902.TW,-2000,0,0,-2000
2026-09-16,9904.TW,-3054533,3454000,203062,602529
2026-09-16,9905.TW,5172,0,0,5172
2026-09-16,9906.TW,6000,0,-1000,5000
2026-09-16,9907.TW,-260499,-56459,0,-316958
2026-09-16,9908.TW,-39000,0,0,-39000
2026-09-16,9910.TW,-753097,626192,-21383,-148288
2026-09-16,9911.TW,-103000,0,0,-103000
2026-09-16,9912.TW,-2000,0,2000,0
2026-09-16,9914.TW,-211000,-20000,-32183,-263183
2026-09-16,9917.TW,-56675,-96000,0,-152675
2026-09-16,9918.TW,-4000,0,0,-4000
2026-09-16,9919.TW,17000,0,0,17000
2026-09-16,9921.TW,177363,-1000,1513,177876
2026-09-16,9924.TW,-12997,0,0,-12997
2026-09-16,9925.TW,-119811,0,0,-119811
2026-09-16,9926.TW,1000,0,0,1000
2026-09-16,9927.TW,-26940,0,0,-26940
2026-09-16,9928.TW,0,0,0,0
2026-09-16,9929.TW,-1000,0,0,-1000
2026-09-16,9930.TW,-1000,0,0,-1000
2026-09-16,9931.TW,-2000,0,-141,-2141
2026-09-16,9933.TW,1716290,-90600,-162723,1462967
2026-09-16,9934.TW,-238000,0,-6000,-244000
2026-09-16,9935.TW,-56000,4602,0,-51398
2026-09-16,9937.TW,-4000,0,0,-4000
2026-09-16,9938.TW,-61000,13791,22039,-25170
2026-09-16,9939.TW,8000,-3000,440,5440
2026-09-16,9940.TW,-38965,0,-104,-39069
2026-09-16,9941.TW,-568100,667000,-126680,-27780
2026-09-16,9942.TW,-9000,0,0,-9000
2026-09-16,9943.TW,-2000,0,0,-2000
2026-09-16,9944.TW,-9000,0,-1000,-10000
2026-09-16,9945.TW,244995,558000,207614,1010609
2026-09-16,9946.TW,29000,0,0,29000
2026-09-16,9955.TW,3000,0,1000,4000
2026-09-16,9958.TW,489946,-10000,713,480659
2026-09-17,0050.TW,8036956,1500000,6600027,16136983
2026-09-17,0051.TW,0,0,-8161,-8161
2026-09-17,0052.TW,-241266,11000,3424966,3194700
2026-09-17,0053.TW,1004,0,-20283,-19279
2026-09-17,0055.TW,-9955,0,-728336,-738291
2026-09-17,0056.TW,6992780,1250000,5296737,13539517
2026-09-17,0057.TW,0,0,-14000,-14000
2026-09-17,0061.TW,29000,0,-6126,22874
2026-09-17,1101.TW,11739053,66000,290817,12095870
2026-09-17,1102.TW,3359522,180000,5891,3545413
2026-09-17,1103.TW,-135000,0,4000,-131000
2026-09-17,1104.TW,-36867,0,2874,-33993
2026-09-17,1108.TW,113000,0,3000,116000
2026-09-17,1109.TW,5000,0,732,5732
2026-09-17,1110.TW,-18000,0,2000,-16000
2026-09-17,1201.TW,33000,0,2000,35000
2026-09-17,1203.TW,2000,0,2000,4000
2026-09-17,1210.TW,228095,0,6000,234095
2026-09-17,1215.TW,62515,0,4530,67045
2026-09-17,1216.TW,1953302,48000,-3221,1998081
2026-09-17,1217.TW,211000,0,2000,213000
2026-09-17,1218.TW,-3000,0,2000,-1000
2026-09-17,1219.TW,23161,0,4000,27161
2026-09-17,1220.TW,15805,0,1000,16805
2026-09-17,1225.TW,-2000,0,1000,-1000
2026-09-17,1227.TW,94000,0,4000,98000
2026-09-17,1229.TW,175885,-1000,7967,182852
2026-09-17,1231.TW,39000,-320,2172,40852
2026-09-17,1232.TW,25000,0,2000,27000
2026-09-17,1233.TW,1000,0,0,1000
2026-09-17,1234.TW,18000,0,4000,22000
2026-09-17,1235.TW,2000,0,1000,3000
2026-09-17,1236.TW,5000,0,0,5000
2026-09-17,1256.TW,11000,0,-5000,6000
2026-09-17,1301.TW,9109152,0,874762,9983914
2026-09-17,1303.TW,-4967411,23317000,722608,19072197
2026-09-17,1304.TW,2086038,0,3501,2089539
2026-09-17,1305.TW,1147085,0,4226,1151311
2026-09-17,1307.TW,151821,0,-9000,142821
2026-09-17,1308.TW,527676,0,-4403,523273
2026-09-17,1309.TW,1081797,0,9768,1091565
2026-09-17,1310.TW,2846852,0,-12000,2834852
2026-09-17,1312.TW,6040680,0,586176,6626856
2026-09-17,1313.TW,2815000,0,3197,2818197
2026-09-17,1314.TW,25034061,0,2277281,27311342
2026-09-17,1315.TW,5000,0,0,5000
2026-09-17,1316.TW,230421,0,1000,231421
2026-09-17,1319.TW,511329,-1000,46834,557163
2026-09-17,1321.TW,71000,0,1000,72000
2026-09-17,1323.TW,7000,0,0,7000
2026-09-17,1324.TW,-2000,0,1000,-1000
2026-09-17,1325.TW,102000,0,1000,103000
2026-09-17,1326.TW,7698517,0,951752,8650269
2026-09-17,1337.TW,92672,0,2000,94672
2026-09-17,1338.TW,3000,0,1000,4000
2026-09-17,1339.TW,1000,0,-116,884
2026-09-17,1340.TW,0,0,3000,3000
2026-09-17,1341.TW,1000,0,0,1000
2026-09-17,1342.TW,30000,0,1000,31000
2026-09-17,1402.TW,5452551,-1860000,100517,3693068
2026-09-17,1409.TW,5640949,0,-184580,5456369
2026-09-17,1410.TW,-2000,0,0,-2000
2026-09-17,1413.TW,-1000,0,1000,0
2026-09-17,1414.TW,30670,0,0,30670
2026-09-17,1416.TW,-14840,0,0,-14840
2026-09-17,1417.TW,-10000,0,1000,-9000
2026-09-17,1418.TW,1000,0,0,1000
2026-09-17,1419.TW,9000,0,2000,11000
2026-09-17,1423.TW,6000,0,0,6000
2026-09-17,1432.TW,1000,0,0,1000
2026-09-17,1434.TW,1386123,0,7000,1393123
2026-09-17,1435.TW,5000,0,1000,6000
2026-09-17,1436.TW,47949,0,0,47949
2026-09-17,1437.TW,49000,0,1000,50000
2026-09-17,1438.TW,8000,0,1000,9000
2026-09-17,1439.TW,-1000,0,0,-1000
2026-09-17,1440.TW,914717,0,24000,938717
2026-09-17,1442.TW,258941,0,1000,259941
2026-09-17,1443.TW,2000,0,0,2000
2026-09-17,1444.TW,429838,0,5000,434838
2026-09-17,1445.TW,5579,0,1000,6579
2026-09-17,1446.TW,-35000,0,-3000,-38000
2026-09-17,1447.TW,294980,0,5000,299980
2026-09-17,1449.TW,104442,0,586,105028
2026-09-17,1451.TW,-18000,0,2000,-16000
2026-09-17,1452.TW,-30000,0,4000,-26000
2026-09-17,1453.TW,0,0,0,0
2026-09-17,1454.TW,11000,0,2000,13000
2026-09-17,1455.TW,579461,0,13000,592461
2026-09-17,1456.TW,-10992,0,1000,-9992
2026-09-17,1457.TW,-10000,0,2000,-8000
2026-09-17,1459.TW,4000,0,4000,8000
2026-09-17,1460.TW,43830,0,3000,46830
2026-09-17,1463.TW,4000,0,1000,5000
2026-09-17,1464.TW,50894,0,2000,52894
2026-09-17,1465.TW,61000,0,2000,63000
2026-09-17,1466.TW,26900,0,0,26900
2026-09-17,1467.TW,33000,0,-21000,12000
2026-09-17,1468.TW,19000,0,-2000,17000
2026-09-17,1470.TW,2000,0,1000,3000
2026-09-17,1471.TW,2000,0,3000,5000
2026-09-17,1472.TW,-1000,0,-10000,-11000
2026-09-17,1473.TW,3000,0,1000,4000
2026-09-17,1474.TW,-38000,0,5000,-33000
2026-09-17,1475.TW,0,0,1000,1000
2026-09-17,1476.TW,-254004,53000,4393,-196611
2026-09-17,1477.TW,563103,-126543,2020,438580
2026-09-17,1503.TW,38004,-1000,-2648,34356
2026-09-17,1504.TW,-248659,31000,82001,-135658
2026-09-17,1506.TW,-3000,0,1000,-2000
2026-09-17,1512.TW,5000,0,0,5000
2026-09-17,1513.TW,564241,420000,52258,1036499
2026-09-17,1514.TW,411456,-679,3003,413780
2026-09-17,1515.TW,144560,0,35,144595
2026-09-17,1516.TW,-2001,0,1000,-1001
2026-09-17,1517.TW,53000,0,2000,55000
2026-09-17,1519.TW,16882,3000,1244,21126
2026-09-17,1521.TW,-1000,0,1000,0
2026-09-17,1522.TW,127403,0,3035,130438
2026-09-17,1524.TW,117338,0,0,117338
2026-09-17,1525.TW,1000,0,0,1000
2026-09-17,1526.TW,4000,0,1000,5000
2026-09-17,1527.TW,-10000,0,2000,-8000
2026-09-17,1528.TW,-152852,0,840,-152012
2026-09-17,1529.TW,394759,0,-11000,383759
2026-09-17,1530.TW,2000,0,935,2935
2026-09-17,1531.TW,12000,0,1000,13000
2026-09-17,1532.TW,108000,0,1000,109000
2026-09-17,1533.TW,26000,0,0,26000
2026-09-17,1535.TW,6000,0,3000,9000
2026-09-17,1536.TW,370000,0,-13642,356358
2026-09-17,1537.TW,-2000,0,3000,1000
2026-09-17,1539.TW,-1000,0,1000,0
2026-09-17,1540.TW,58000,0,4000,62000
2026-09-17,1541.TW,-1000,0,1000,0
2026-09-17,1558.TW,40693,0,1000,41693
2026-09-17,1560.TW,530041,52000,107717,689758
2026-09-17,1563.TW,148612,0,2002,150614
2026-09-17,1568.TW,25040,0,240,25280
2026-09-17,1582.TW,11434,0,-90,11344
2026-09-17,1583.TW,0,0,2000,2000
2026-09-17,1587.TW,21000,0,0,21000
2026-09-17,1590.TW,-227512,-1092,1244,-227360
2026-09-17,1597.TW,-96568,0,-11355,-107923
2026-09-17,1598.TW,50000,0,1000,51000
2026-09-17,1603.TW,46000,0,0,46000
2026-09-17,1604.TW,13664,0,3000,16664
2026-09-17,1605.TW,1331900,30000,286449,1648349
2026-09-17,1608.TW,244714,0,-10778,233936
2026-09-17,1609.TW,1276087,0,4594,1280681
2026-09-17,1611.TW,20328,0,-9000,11328
2026-09-17,1612.TW,96012,0,2427,98439
2026-09-17,1614.TW,7000,0,1000,8000
2026-09-17,1615.TW,8000,0,0,8000
2026-09-17,1616.TW,128659,0,1000,129659
2026-09-17,1617.TW,114902,0,1000,115902
2026-09-17,1618.TW,143011,0,923,143934
2026-09-17,1623.TW,9000,0,797,9797
2026-09-17,1626.TW,13000,0,0,13000
2026-09-17,1702.TW,68309,0,1899,70208
2026-09-17,1707.TW,-20655,0,-557,-21212
2026-09-17,1708.TW,1847972,0,69668,1917640
2026-09-17,1709.TW,-122335,0,128493,6158
2026-09-17,1710.TW,3177381,0,521662,3699043
2026-09-17,1711.TW,433617,0,9123,442740
2026-09-17,1712.TW,-76199,23448,2000,-50751
2026-09-17,1713.TW,-66000,0,0,-66000
2026-09-17,1714.TW,2497270,0,9091,2506361
2026-09-17,1717.TW,-419790,0,-50481,-470271
2026-09-17,1718.TW,11689299,0,527273,12216572
2026-09-17,1720.TW,16000,0,2000,18000
2026-09-17,1721.TW,147924,0,-1000,146924
2026-09-17,1722.TW,184000,-1000,18000,201000
2026-09-17,1723.TW,20147,3000,566,23713
2026-09-17,1725.TW,29000,0,0,29000
2026-09-17,1726.TW,-1000,0,1000,0
2026-09-17,1727.TW,3435056,0,138782,3573838
2026-09-17,1730.TW,-2000,0,0,-2000
2026-09-17,1731.TW,12000,0,2000,14000
2026-09-17,1732.TW,12000,0,-4000,8000
2026-09-17,1733.TW,5000,0,0,5000
2026-09-17,1734.TW,37595,0,2000,39595
2026-09-17,1735.TW,1000,0,0,1000
2026-09-17,1736.TW,320014,-60000,570,260584
2026-09-17,1737.TW,-36000,0,1000,-35000
2026-09-17,1752.TW,1000,0,0,1000
2026-09-17,1760.TW,14000,0,1000,15000
2026-09-17,1762.TW,22000,0,1000,23000
2026-09-17,1773.TW,223790,0,6588,230378
2026-09-17,1776.TW,5000,0,1000,6000
2026-09-17,1783.TW,6000,0,-16000,-10000
2026-09-17,1786.TW,48000,0,1005,49005
2026-09-17,1789.TW,372861,0,6013,378874
2026-09-17,1795.TW,375948,0,2108,378056
2026-09-17,1802.TW,-105125,47000,445420,387295
2026-09-17,1805.TW,2134,0,-1000,1134
2026-09-17,1806.TW,18000,0,5000,23000
2026-09-17,1808.TW,1273390,0,5000,1278390
2026-09-17,1809.TW,179538,0,2791,182329
2026-09-17,1810.TW,396119,0,-9000,387119
2026-09-17,1817.TW,-6000,0,0,-6000
2026-09-17,1903.TW,4000,0,1526,5526
2026-09-17,1904.TW,733186,0,8000,741186
2026-09-17,1905.TW,741030,0,29917,770947
2026-09-17,1906.TW,-3000,0,-1000,-4000
2026-09-17,1907.TW,191015,0,-6000,185015
2026-09-17,1909.TW,148576,0,-7000,141576
2026-09-17,2002.TW,-2671748,79000,423451,-2169297
2026-09-17,2006.TW,2783655,-527000,33674,2290329
2026-09-17,2007.TW,19000,0,4000,23000
2026-09-17,2008.TW,0,0,0,0
2026-09-17,2009.TW,240968,0,4374,245342
2026-09-17,2010.TW,247100,0,9000,256100
2026-09-17,2012.TW,-6000,0,1000,-5000
2026-09-17,2013.TW,-2000,0,1000,-1000
2026-09-17,2014.TW,311523,0,6000,317523
2026-09-17,2015.TW,33199,0,3000,36199
2026-09-17,2017.TW,53085,0,4000,57085
2026-09-17,2020.TW,23341,0,1000,24341
2026-09-17,2022.TW,93832,0,3000,96832
2026-09-17,2023.TW,-220980,0,7000,-213980
2026-09-17,2024.TW,0,0,0,0
2026-09-17,2025.TW,248023,0,-1000,247023
2026-09-17,2027.TW,1564764,1985000,150654,3700418
2026-09-17,2028.TW,25000,0,4000,29000
2026-09-17,2029.TW,100795,0,12492,113287
2026-09-17,2030.TW,953152,0,9000,962152
2026-09-17,2031.TW,165909,0,6812,172721
2026-09-17,2032.TW,179170,0,0,179170
2026-09-17,2033.TW,303943,0,5994,309937
2026-09-17,2034.TW,956460,0,4103,960563
2026-09-17,2038.TW,30339,0,-1000,29339
2026-09-17,2049.TW,753765,-1000,34655,787420
2026-09-17,2059.TW,-124112,68056,6572,-49484
2026-09-17,2062.TW,9289,0,3000,12289
2026-09-17,2069.TW,88552,0,0,88552
2026-09-17,2072.TW,110338,0,-818,109520
2026-09-17,2101.TW,-18509,0,5303,-13206
2026-09-17,2102.TW,164000,0,8000,172000
2026-09-17,2103.TW,3616927,0,21413,3638340
2026-09-17,2104.TW,2383058,0,6000,2389058
2026-09-17,2105.TW,-481000,0,2045,-478955
2026-09-17,2106.TW,-222037,0,7000,-215037
2026-09-17,2107.TW,8158,0,1000,9158
2026-09-17,2108.TW,341035,0,17573,358608
2026-09-17,2109.TW,3021,0,1000,4021
2026-09-17,2114.TW,-3000,0,2000,-1000
2026-09-17,2115.TW,11000,0,1000,12000
2026-09-17,2201.TW,1010112,0,36091,1046203
2026-09-17,2204.TW,27190,24731,1871,53792
2026-09-17,2206.TW,249000,0,8000,257000
2026-09-17,2207.TW,37552,43000,11000,91552
2026-09-17,2208.TW,192135,0,6000,198135
2026-09-17,2211.TW,-60000,0,902,-59098
2026-09-17,2227.TW,15611,0,0,15611
2026-09-17,2228.TW,47000,0,0,47000
2026-09-17,2231.TW,35000,0,1406,36406
2026-09-17,2233.TW,7403,0,2215,9618
2026-09-17,2236.TW,67178,0,341,67519
2026-09-17,2237.TW,15000,0,0,15000
2026-09-17,2239.TW,17000,0,-180,16820
2026-09-17,2241.TW,115513,0,1000,116513
2026-09-17,2243.TW,103999,0,-18,103981
2026-09-17,2247.TW,22900,2073,0,24973
2026-09-17,2248.TW,-8000,0,0,-8000
2026-09-17,2250.TW,-3000,0,0,-3000
2026-09-17,2254.TW,104000,0,-13936,90064
2026-09-17,2258.TW,178303,0,26712,205015
2026-09-17,2301.TW,24125,42000,40662,106787
2026-09-17,2302.TW,471302,0,97800,569102
2026-09-17,2303.TW,8951822,27909000,3569325,40430147
2026-09-17,2305.TW,1514000,0,33558,1547558
2026-09-17,2308.TW,-662977,253498,254228,-155251
2026-09-17,2312.TW,1584468,0,-233228,1351240
2026-09-17,2313.TW,-8055735,560000,15402,-7480333
2026-09-17,2316.TW,-310978,0,-24352,-335330
2026-09-17,2317.TW,8880253,109104,825876,9815233
2026-09-17,2323.TW,2187828,0,47592,2235420
2026-09-17,2324.TW,-1455877,4000,393038,-1058839
2026-09-17,2327.TW,-2052950,156000,129284,-1767666
2026-09-17,2328.TW,301000,0,14624,315624
2026-09-17,2329.TW,-141151,0,-22352,-163503
2026-09-17,2330.TW,4794190,-59590,509161,5243761
2026-09-17,2331.TW,368000,0,11000,379000
2026-09-17,2332.TW,611414,0,30318,641732
2026-09-17,2337.TW,-3470365,-12000,-37446,-3519811
2026-09-17,2338.TW,-39677,0,-315659,-355336
2026-09-17,2340.TW,218169,0,-18764,199405
2026-09-17,2342.TW,-10262,0,8445,-1817
2026-09-17,2344.TW,-10245462,-51000,1057983,-9238479
2026-09-17,2345.TW,480351,-1210000,34833,-694816
2026-09-17,2347.TW,387200,24000,-18243,392957
2026-09-17,2348.TW,538630,0,14005,552635
2026-09-17,2349.TW,-91280,0,3000,-88280
2026-09-17,2351.TW,451042,30000,-15187,465855
2026-09-17,2352.TW,1506841,20000,57516,1584357
2026-09-17,2353.TW,7032082,814000,276286,8122368
2026-09-17,2354.TW,1546696,0,47297,1593993
2026-09-17,2355.TW,17544,0,34136,51680
2026-09-17,2356.TW,-219969,16000,128103,-75866
2026-09-17,2357.TW,218598,-298000,65131,-14271
2026-09-17,2359.TW,-582270,0,52890,-529380
2026-09-17,2360.TW,70641,-27193,31224,74672
2026-09-17,2362.TW,116014,0,12000,128014
2026-09-17,2363.TW,1530591,0,60454,1591045
2026-09-17,2364.TW,157183,0,-1000,156183
2026-09-17,2365.TW,308491,0,1000,309491
2026-09-17,2367.TW,-97074,0,-6879,-103953
2026-09-17,2368.TW,-3669475,36000,242134,-3391341
2026-09-17,2369.TW,-1751972,0,2153,-1749819
2026-09-17,2371.TW,13811002,22000,479325,14312327
2026-09-17,2373.TW,7000,0,3000,10000
2026-09-17,2374.TW,86644,0,-9213,77431
2026-09-17,2375.TW,-79043,0,-13739,-92782
2026-09-17,2376.TW,-1025111,1412000,78302,465191
2026-09-17,2377.TW,1766448,-174000,75964,1668412
2026-09-17,2379.TW,1511281,-80000,11214,1442495
2026-09-17,2380.TW,47200,0,1000,48200
2026-09-17,2382.TW,4789559,3040000,145000,7974559
2026-09-17,2383.TW,275422,-743000,293974,-173604
2026-09-17,2385.TW,95810,1000,-19293,77517
2026-09-17,2387.TW,-13473,16621,1000,4148
2026-09-17,2388.TW,-938376,0,22739,-915637
2026-09-17,2390.TW,177037,0,0,177037
2026-09-17,2392.TW,24000,0,21363,45363
2026-09-17,2393.TW,191272,49145,-31891,208526
2026-09-17,2395.TW,1288266,-2000,13338,1299604
2026-09-17,2397.TW,16990,0,6000,22990
2026-09-17,2399.TW,4227424,0,36075,4263499
2026-09-17,2401.TW,281825,0,16999,298824
2026-09-17,2402.TW,55660,0,-8076,47584
2026-09-17,2404.TW,-16618,-55000,-11573,-83191
2026-09-17,2405.TW,191000,0,1000,192000
2026-09-17,2406.TW,43000,0,-14001,28999
2026-09-17,2408.TW,308582,554000,143769,1006351
2026-09-17,2409.TW,53222717,-21000,2322410,55524127
2026-09-17,2412.TW,10044192,-563000,28000,9509192
2026-09-17,2413.TW,-775440,0,-34179,-809619
2026-09-17,2414.TW,40000,0,3000,43000
2026-09-17,2415.TW,44000,0,-1051,42949
2026-09-17,2417.TW,107061,0,1000,108061
2026-09-17,2419.TW,582528,0,-5000,577528
2026-09-17,2420.TW,27695,0,882,28577
2026-09-17,2421.TW,182209,0,51105,233314
2026-09-17,2423.TW,6000,0,0,6000
2026-09-17,2424.TW,-12000,0,-4000,-16000
2026-09-17,2425.TW,133038,0,1000,134038
2026-09-17,2426.TW,-2431443,0,52565,-2378878
2026-09-17,2427.TW,235655,0,1000,236655
2026-09-17,2428.TW,24267,0,602,24869
2026-09-17,2429.TW,11220,0,0,11220
2026-09-17,2430.TW,3000,0,0,3000
2026-09-17,2431.TW,15000,0,1000,16000
2026-09-17,2432.TW,1000,0,-2000,-1000
2026-09-17,2433.TW,18000,0,0,18000
2026-09-17,2434.TW,-21852,0,0,-21852
2026-09-17,2436.TW,734206,-18000,-18594,697612
2026-09-17,2438.TW,-16000,0,1904,-14096
2026-09-17,2439.TW,1081444,0,10164,1091608
2026-09-17,2440.TW,56000,0,-1000,55000
2026-09-17,2441.TW,2203744,-2000,111943,2313687
2026-09-17,2442.TW,314027,0,1000,315027
2026-09-17,2444.TW,93000,0,1000,94000
2026-09-17,2449.TW,2268760,-2000,298779,2565539
2026-09-17,2450.TW,8000,0,1000,9000
2026-09-17,2451.TW,-331663,-104000,-54786,-490449
2026-09-17,2453.TW,-202700,0,0,-202700
2026-09-17,2454.TW,300476,37185,81950,419611
2026-09-17,2455.TW,81717,551000,489421,1122138
2026-09-17,2457.TW,265586,0,1199,266785
2026-09-17,2458.TW,-165000,0,-8974,-173974
2026-09-17,2459.TW,-5000,0,2000,-3000
2026-09-17,2460.TW,93000,0,1000,94000
2026-09-17,2461.TW,274000,0,-1000,273000
2026-09-17,2462.TW,23000,0,1000,24000
2026-09-17,2464.TW,-1298066,11000,-73745,-1360811
2026-09-17,2465.TW,46,0,0,46
2026-09-17,2466.TW,96067,0,2000,98067
2026-09-17,2467.TW,-136068,0,9201,-126867
2026-09-17,2468.TW,-5554,0,0,-5554
2026-09-17,2471.TW,127643,0,-5000,122643
2026-09-17,2472.TW,313151,-500000,-9292,-196141
2026-09-17,2474.TW,102145,428000,20763,550908
2026-09-17,2476.TW,129711,0,104508,234219
2026-09-17,2477.TW,10000,7250,5000,22250
2026-09-17,2478.TW,-168000,0,641,-167359
2026-09-17,2480.TW,101826,0,2330,104156
2026-09-17,2481.TW,-12215249,1908000,-119812,-10427061
2026-09-17,2482.TW,5000,0,3399,8399
2026-09-17,2483.TW,-1946,0,-4000,-5946
2026-09-17,2484.TW,264074,0,-8171,255903
2026-09-17,2485.TW,-481371,0,-92020,-573391
2026-09-17,2486.TW,-715716,0,10112,-705604
2026-09-17,2488.TW,11000,0,0,11000
2026-09-17,2489.TW,5734962,0,1186619,6921581
2026-09-17,2491.TW,49000,0,1000,50000
2026-09-17,2492.TW,-4678098,-1523000,25588,-6175510
2026-09-17,2493.TW,-201300,0,89652,-111648
2026-09-17,2495.TW,475642,0,2000,477642
2026-09-17,2496.TW,-1000,0,0,-1000
2026-09-17,2497.TW,36244,0,1010,37254
2026-09-17,2498.TW,-307157,0,-36154,-343311
2026-09-17,2501.TW,297182,0,-7368,289814
2026-09-17,2504.TW,-196000,59769,13000,-123231
2026-09-17,2505.TW,30000,0,1000,31000
2026-09-17,2506.TW,-35000,0,2000,-33000
2026-09-17,2509.TW,13000,0,2000,15000
2026-09-17,2511.TW,191000,0,8000,199000
2026-09-17,2514.TW,11000,0,1913,12913
2026-09-17,2515.TW,5824344,-9000,30637,5845981
2026-09-17,2516.TW,14963,0,1000,15963
2026-09-17,2520.TW,1022931,-900,55892,1077923
2026-09-17,2524.TW,33000,0,3000,36000
2026-09-17,2527.TW,105881,0,1000,106881
2026-09-17,2528.TW,106000,21895,-108000,19895
2026-09-17,2530.TW,52000,34802,3000,89802
2026-09-17,2534.TW,101000,0,4000,105000
2026-09-17,2535.TW,44000,0,-1000,43000
2026-09-17,2536.TW,486000,0,3000,489000
2026-09-17,2537.TW,205112,0,2000,207112
2026-09-17,2538.TW,-21996,0,2000,-19996
2026-09-17,2539.TW,54000,0,10302,64302
2026-09-17,2540.TW,538954,0,4000,542954
2026-09-17,2542.TW,-1302064,3013000,85192,1796128
2026-09-17,2543.TW,423381,0,2002,425383
2026-09-17,2545.TW,44000,0,5000,49000
2026-09-17,2546.TW,26791,0,2000,28791
2026-09-17,2547.TW,158362,53478,3950,215790
2026-09-17,2548.TW,206460,0,41774,248234
2026-09-17,2597.TW,110884,0,2000,112884
2026-09-17,2601.TW,47564,0,4000,51564
2026-09-17,2603.TW,577527,2214000,351175,3142702
2026-09-17,2605.TW,6569328,0,824162,7393490
2026-09-17,2606.TW,-218115,324000,116165,222050
2026-09-17,2607.TW,149495,0,3000,152495
2026-09-17,2608.TW,-22999,0,3000,-19999
2026-09-17,2609.TW,21855407,415000,896526,23166933
2026-09-17,2610.TW,5877570,1218000,441266,7536836
2026-09-17,2611.TW,61000,0,0,61000
2026-09-17,2612.TW,202340,0,4283,206623
2026-09-17,2613.TW,106400,0,5000,111400
2026-09-17,2614.TW,49000,0,1000,50000
2026-09-17,2615.TW,4971217,0,2054885,7026102
2026-09-17,2616.TW,20000,0,5742,25742
2026-09-17,2617.TW,576162,0,7533,583695
2026-09-17,2618.TW,3947844,2641000,227831,6816675
2026-09-17,2630.TW,71100,0,-3569,67531
2026-09-17,2633.TW,-816000,949000,17000,150000
2026-09-17,2634.TW,-786281,0,-225010,-1011291
2026-09-17,2636.TW,191243,0,3000,194243
2026-09-17,2637.TW,148901,-291000,-7634,-149733
2026-09-17,2642.TW,0,0,-1000,-1000
2026-09-17,2645.TW,336394,1000,11652,349046
2026-09-17,2646.TW,500,0,-31000,-30500
2026-09-17,2701.TW,-4000,0,0,-4000
2026-09-17,2702.TW,7000,0,1000,8000
2026-09-17,2704.TW,3000,0,1000,4000
2026-09-17,2705.TW,6000,0,1000,7000
2026-09-17,2706.TW,-31000,0,2000,-29000
2026-09-17,2707.TW,7000,0,1000,8000
2026-09-17,2712.TW,-4000,0,1000,-3000
2026-09-17,2722.TW,2000,0,1000,3000
2026-09-17,2723.TW,-14710,0,2000,-12710
2026-09-17,2727.TW,-64759,0,-485,-65244
2026-09-17,2731.TW,80396,0,999,81395
2026-09-17,2739.TW,-2000,0,0,-2000
2026-09-17,2748.TW,4000,0,2000,6000
2026-09-17,2753.TW,-1000,4280,2786,6066
2026-09-17,2762.TW,30000,0,0,30000
2026-09-17,2801.TW,-5460779,9468000,392076,4399297
2026-09-17,2812.TW,2185823,2000,87476,2275299
2026-09-17,2816.TW,377507,0,1000,378507
2026-09-17,2820.TW,2939937,0,6961,2946898
2026-09-17,2832.TW,205044,9333,-93,214284
2026-09-17,2834.TW,26930791,15000,440000,27385791
2026-09-17,2836.TW,1926310,0,10419,1936729
2026-09-17,2838.TW,1010775,0,13000,1023775
2026-09-17,2845.TW,3909231,-1000,-93025,3815206
2026-09-17,2849.TW,95020,0,8000,103020
2026-09-17,2850.TW,67160,0,1888,69048
2026-09-17,2851.TW,2074409,0,-33346,2041063
2026-09-17,2852.TW,78000,0,2000,80000
2026-09-17,2855.TW,1220019,447000,0,1667019
2026-09-17,2880.TW,5363261,-2023000,134275,3474536
2026-09-17,2881.TW,2286403,-1395000,-507368,384035
2026-09-17,2882.TW,528383,-1737000,-205267,-1413884
2026-09-17,2883.TW,12687715,-2270000,842935,11260650
2026-09-17,2884.TW,3450313,8685000,526747,12662060
2026-09-17,2885.TW,7850133,-8334690,172473,-312084
2026-09-17,2886.TW,1750413,3715000,471067,5936480
2026-09-17,2887.TW,-13872550,8063000,403597,-5405953
2026-09-17,2889.TW,-1564885,0,15259,-1549626
2026-09-17,2890.TW,-4833970,7975000,25834,3166864
2026-09-17,2891.TW,3567129,3698000,-3710,7261419
2026-09-17,2892.TW,4325130,6181000,411265,10917395
2026-09-17,2897.TW,2670190,0,-168000,2502190
2026-09-17,2901.TW,11000,0,0,11000
2026-09-17,2903.TW,-33403,0,18000,-15403
2026-09-17,2904.TW,20000,0,1000,21000
2026-09-17,2905.TW,871528,0,7000,878528
2026-09-17,2906.TW,8000,0,-2008,5992
2026-09-17,2908.TW,87000,0,2000,89000
2026-09-17,2910.TW,1000,0,1000,2000
2026-09-17,2911.TW,1000,0,1000,2000
2026-09-17,2912.TW,194370,280000,7000,481370
2026-09-17,2913.TW,737466,0,-6000,731466
2026-09-17,2915.TW,1272653,0,24072,1296725
2026-09-17,2923.TW,61000,0,-9000,52000
2026-09-17,2929.TW,29000,0,3000,32000
2026-09-17,2939.TW,1000,0,0,1000
2026-09-17,2945.TW,-4000,0,2000,-2000
2026-09-17,3002.TW,111000,0,1090,112090
2026-09-17,3003.TW,-38718,0,-4978,-43696
2026-09-17,3004.TW,80000,-70000,-14951,-4951
2026-09-17,3005.TW,1929679,206250,40562,2176491
2026-09-17,3006.TW,-1276211,0,-72451,-1348662
2026-09-17,3008.TW,-10634,33546,53517,76429
2026-09-17,3010.TW,-59539,0,1436,-58103
2026-09-17,3011.TW,13000,0,0,13000
2026-09-17,3013.TW,-21972,0,-1,-21973
2026-09-17,3014.TW,351599,20854,988,373441
2026-09-17,3015.TW,27828,6000,998,34826
2026-09-17,3016.TW,-1247702,0,-94444,-1342146
2026-09-17,3017.TW,-154755,11229,55613,-87913
2026-09-17,3018.TW,-14000,0,0,-14000
2026-09-17,3019.TW,-412351,0,-104765,-517116
2026-09-17,3021.TW,-31999,0,-6417,-38416
2026-09-17,3022.TW,922989,0,20924,943913
2026-09-17,3023.TW,-31131,-63000,-392,-94523
2026-09-17,3024.TW,733001,0,1000,734001
2026-09-17,3025.TW,43000,0,0,43000
2026-09-17,3026.TW,-524612,752000,11103,238491
2026-09-17,3027.TW,-1000,0,1000,0
2026-09-17,3028.TW,-164000,0,5005,-158995
2026-09-17,3029.TW,410783,0,-85855,324928
2026-09-17,3030.TW,-57986,0,1586,-56400
2026-09-17,3031.TW,634337,0,6791,641128
2026-09-17,3032.TW,29001,0,5400,34401
2026-09-17,3033.TW,-80000,0,1223,-78777
2026-09-17,3034.TW,219882,-22000,2847,200729
2026-09-17,3035.TW,1244978,0,247287,1492265
2026-09-17,3036.TW,470075,2582000,405663,3457738
2026-09-17,3037.TW,806925,-1519000,97536,-614539
2026-09-17,3038.TW,29689,0,0,29689
2026-09-17,3040.TW,3000,0,0,3000
2026-09-17,3041.TW,118245,0,0,118245
2026-09-17,3042.TW,1049423,-117000,34335,966758
2026-09-17,3043.TW,7000,0,1000,8000
2026-09-17,3044.TW,-565096,-22000,-62303,-649399
2026-09-17,3045.TW,762211,51000,-33300,779911
2026-09-17,3046.TW,40030,0,-5000,35030
2026-09-17,3047.TW,308220,0,1000,309220
2026-09-17,3048.TW,-15660,0,1766,-13894
2026-09-17,3049.TW,-275501,0,-4000,-279501
2026-09-17,3050.TW,155000,0,1000,156000
2026-09-17,3051.TW,135286,0,1970,137256
2026-09-17,3052.TW,-7000,0,2000,-5000
2026-09-17,3054.TW,41000,0,-1000,40000
2026-09-17,3055.TW,87975,0,7000,94975
2026-09-17,3056.TW,465298,0,3175,468473
2026-09-17,3057.TW,25000,0,-7,24993
2026-09-17,3058.TW,164000,0,1000,165000
2026-09-17,3059.TW,352370,0,585,352955
2026-09-17,3060.TW,102173,0,-17501,84672
2026-09-17,3062.TW,434702,0,3404,438106
2026-09-17,3090.TW,-53408,0,-33372,-86780
2026-09-17,3092.TW,64000,0,892,64892
2026-09-17,3094.TW,521284,0,2592,523876
2026-09-17,3130.TW,-27000,0,0,-27000
2026-09-17,3135.TW,-65980,0,-148,-66128
2026-09-17,3138.TW,-521960,0,28171,-493789
2026-09-17,3149.TW,63666,0,-5927,57739
2026-09-17,3150.TW,-4000,0,-51,-4051
2026-09-17,3164.TW,-1000,0,1000,0
2026-09-17,3167.TW,-513881,250000,-7967,-271848
2026-09-17,3168.TW,0,0,1000,1000
2026-09-17,3189.TW,-3703899,313000,70004,-3320895
2026-09-17,3209.TW,105265,0,1654,106919
2026-09-17,3229.TW,122524,0,1000,123524
2026-09-17,3231.TW,8826396,2001000,743936,11571332
2026-09-17,3257.TW,42000,0,0,42000
2026-09-17,3266.TW,7000,0,0,7000
2026-09-17,3296.TW,34000,0,2000,36000
2026-09-17,3305.TW,-88597,0,3505,-85092
2026-09-17,3308.TW,11000,0,2215,13215
2026-09-17,3311.TW,-324747,0,0,-324747
2026-09-17,3312.TW,179555,0,-16732,162823
2026-09-17,3321.TW,22000,0,1000,23000
2026-09-17,3338.TW,46970,0,1000,47970
2026-09-17,3346.TW,52110,0,0,52110
2026-09-17,3376.TW,-395883,0,-61303,-457186
2026-09-17,3380.TW,334903,0,10976,345879
2026-09-17,3406.TW,-860842,-30000,102742,-788100
2026-09-17,3413.TW,-3309,0,18177,14868
2026-09-17,3416.TW,-29292,0,1970,-27322
2026-09-17,3419.TW,44000,0,5000,49000
2026-09-17,3432.TW,1000,0,0,1000
2026-09-17,3437.TW,587000,0,0,587000
2026-09-17,3443.TW,-410128,430200,-12465,7607
2026-09-17,3447.TW,5000,0,1000,6000
2026-09-17,3450.TW,-3168969,869000,-131045,-2431014
2026-09-17,3481.TW,-3825990,-1204000,54366,-4975624
2026-09-17,3494.TW,-21000,0,0,-21000
2026-09-17,3501.TW,22000,0,0,22000
2026-09-17,3504.TW,-285406,0,908,-284498
2026-09-17,3515.TW,64779,0,-22821,41958
2026-09-17,3518.TW,259000,0,1000,260000
2026-09-17,3528.TW,34377,0,1000,35377
2026-09-17,3530.TW,11000,0,1000,12000
2026-09-17,3532.TW,-385703,0,-49033,-434736
2026-09-17,3533.TW,25689,-50054,34716,10351
2026-09-17,3535.TW,126050,0,29657,155707
2026-09-17,3543.TW,-279360,0,-1000,-280360
2026-09-17,3545.TW,274199,0,3000,277199
2026-09-17,3550.TW,282950,0,-2810,280140
2026-09-17,3557.TW,3000,0,1000,4000
2026-09-17,3563.TW,76678,0,3798,80476
2026-09-17,3576.TW,685100,0,9000,694100
2026-09-17,3583.TW,61422,0,7898,69320
2026-09-17,3588.TW,22605,0,-59,22546
2026-09-17,3592.TW,51170,0,1000,52170
2026-09-17,3596.TW,-33000,0,3265,-29735
2026-09-17,3605.TW,373663,0,-67357,306306
2026-09-17,3607.TW,63000,0,-27000,36000
2026-09-17,3617.TW,37475,50000,-2122,85353
2026-09-17,3622.TW,99501,0,1366,100867
2026-09-17,3645.TW,111417,0,2818,114235
2026-09-17,3652.TW,4000,0,0,4000
2026-09-17,3653.TW,39491,51947,-18859,72579
2026-09-17,3661.TW,-411193,-363500,28350,-746343
2026-09-17,3665.TW,155576,71500,5458,232534
2026-09-17,3669.TW,40000,0,1000,41000
2026-09-17,3673.TW,474,0,16233,16707
2026-09-17,3679.TW,1000,2024,0,3024
2026-09-17,3686.TW,2000,0,1000,3000
2026-09-17,3694.TW,137630,0,-1,137629
2026-09-17,3701.TW,-40605,0,76325,35720
2026-09-17,3702.TW,4960366,781000,579784,6321150
2026-09-17,3703.TW,282030,0,4000,286030
2026-09-17,3704.TW,87059,0,1374,88433
2026-09-17,3705.TW,40214,0,1000,41214
2026-09-17,3706.TW,2807652,-9000,-48868,2749784
2026-09-17,3708.TW,224000,2000,1402,227402
2026-09-17,3711.TW,2463346,375000,216745,3055091
2026-09-17,3712.TW,183398,0,1000,184398
2026-09-17,3714.TW,-1157260,0,77320,-1079940
2026-09-17,3715.TW,-1055070,0,-63163,-1118233
2026-09-17,3716.TW,-55000,0,1000,-54000
2026-09-17,3717.TW,791148,0,-336574,454574
2026-09-17,4104.TW,61270,0,1000,62270
2026-09-17,4106.TW,-10000,0,0,-10000
2026-09-17,4108.TW,-8000,0,-3000,-11000
2026-09-17,4119.TW,14911,0,1000,15911
2026-09-17,4133.TW,2000,0,0,2000
2026-09-17,4137.TW,-11000,4332,-2,-6670
2026-09-17,4142.TW,605172,0,3234,608406
2026-09-17,4148.TW,1000,0,1000,2000
2026-09-17,4155.TW,41721,0,0,41721
2026-09-17,4164.TW,47069,0,-20000,27069
2026-09-17,4169.TW,-41095,0,0,-41095
2026-09-17,4178.TW,14000,0,2000,16000
2026-09-17,4190.TW,4000,0,0,4000
2026-09-17,4195.TW,-18000,0,1951,-16049
2026-09-17,4306.TW,184470,0,3000,187470
2026-09-17,4414.TW,22000,0,-8000,14000
2026-09-17,4426.TW,1000,0,3000,4000
2026-09-17,4438.TW,12074,0,-37005,-24931
2026-09-17,4439.TW,-3000,0,1000,-2000
2026-09-17,4440.TW,5000,0,-1000,4000
2026-09-17,4441.TW,19000,0,-1000,18000
2026-09-17,4526.TW,480444,0,-5624,474820
2026-09-17,4532.TW,926851,23972,10883,961706
2026-09-17,4536.TW,43199,0,0,43199
2026-09-17,4540.TW,-324634,0,115,-324519
2026-09-17,4545.TW,21000,0,1000,22000
2026-09-17,4551.TW,6500,0,5518,12018
2026-09-17,4552.TW,183000,0,-1000,182000
2026-09-17,4555.TW,10000,0,-1000,9000
2026-09-17,4557.TW,-1000,0,0,-1000
2026-09-17,4560.TW,-4000,0,0,-4000
2026-09-17,4562.TW,77004,0,1000,78004
2026-09-17,4564.TW,111172,0,-77000,34172
2026-09-17,4566.TW,234600,0,-8000,226600
2026-09-17,4569.TW,55000,0,900,55900
2026-09-17,4571.TW,7000,0,0,7000
2026-09-17,4572.TW,3000,0,0,3000
2026-09-17,4576.TW,-64738,0,47332,-17406
2026-09-17,4581.TW,-3000,0,0,-3000
2026-09-17,4582.TW,-1000,0,-6224,-7224
2026-09-17,4583.TW,28000,0,-82,27918
2026-09-17,4585.TW,-11000,0,-1944,-12944
2026-09-17,4588.TW,13000,0,-52,12948
2026-09-17,4590.TW,62000,0,188,62188
2026-09-17,4720.TW,70000,0,1000,71000
2026-09-17,4722.TW,35800,0,-8588,27212
2026-09-17,4736.TW,115494,9000,1147,125641
2026-09-17,4737.TW,8000,0,0,8000
2026-09-17,4739.TW,143042,0,19087,162129
2026-09-17,4746.TW,541996,0,0,541996
2026-09-17,4755.TW,4980,0,3000,7980
2026-09-17,4763.TW,466138,1269000,10155,1745293
2026-09-17,4764.TW,29013,50000,-63224,15789
2026-09-17,4766.TW,57987,0,1319,59306
2026-09-17,4770.TW,430178,0,-5794,424384
2026-09-17,4771.TW,297540,0,5531,303071
2026-09-17,4807.TW,-46960,0,2000,-44960
2026-09-17,4904.TW,581430,244000,74000,899430
2026-09-17,4906.TW,607627,0,23456,631083
2026-09-17,4912.TW,119092,0,0,119092
2026-09-17,4915.TW,-1520120,0,10237,-1509883
2026-09-17,4916.TW,446702,0,83881,530583
2026-09-17,4919.TW,-52660,0,-36686,-89346
2026-09-17,4927.TW,809800,0,0,809800
2026-09-17,4930.TW,0,0,0,0
2026-09-17,4934.TW,112000,0,1000,113000
2026-09-17,4935.TW,7000,0,0,7000
2026-09-17,4938.TW,1329003,294000,-46412,1576591
2026-09-17,4942.TW,14000,0,954,14954
2026-09-17,4943.TW,-2000,0,0,-2000
2026-09-17,4949.TW,168160,0,3000,171160
2026-09-17,4952.TW,56000,0,-87,55913
2026-09-17,4956.TW,1177000,0,6842,1183842
2026-09-17,4958.TW,-6621778,-542000,-262269,-7426047
2026-09-17,4960.TW,821044,0,13919,834963
2026-09-17,4961.TW,546735,0,-10642,536093
2026-09-17,4967.TW,-309991,0,-55019,-365010
2026-09-17,4968.TW,150881,0,3862,154743
2026-09-17,4976.TW,-46928,0,1000,-45928
2026-09-17,4977.TW,-1176304,0,-55816,-1232120
2026-09-17,4989.TW,-150070,0,-16863,-166933
2026-09-17,4994.TW,-1000,0,0,-1000
2026-09-17,4999.TW,0,0,2572,2572
2026-09-17,5007.TW,8000,0,1000,9000
2026-09-17,5203.TW,39100,0,0,39100
2026-09-17,5215.TW,-3000,0,0,-3000
2026-09-17,5222.TW,-15000,0,1107,-13893
2026-09-17,5225.TW,11000,0,0,11000
2026-09-17,5234.TW,26787,21000,1683,49470
2026-09-17,5236.TW,10656,0,3000,13656
2026-09-17,5243.TW,239996,0,-5055,234941
2026-09-17,5244.TW,139044,0,1000,140044
2026-09-17,5258.TW,44711,0,0,44711
2026-09-17,5269.TW,264334,-35,-24658,239641
2026-09-17,5283.TW,6000,0,1000,7000
2026-09-17,5284.TW,-15960,0,5751,-10209
2026-09-17,5285.TW,811994,0,43767,855761
2026-09-17,5288.TW,95016,0,1465,96481
2026-09-17,5292.TW,57006,0,-43,56963
2026-09-17,5306.TW,10950,0,0,10950
2026-09-17,5388.TW,694007,0,11198,705205
2026-09-17,5434.TW,-64372,-114000,-586,-178958
2026-09-17,5469.TW,-827364,0,6060,-821304
2026-09-17,5471.TW,-89726,0,1000,-88726
2026-09-17,5484.TW,-8207,0,0,-8207
2026-09-17,5515.TW,22000,0,1000,23000
2026-09-17,5519.TW,49000,0,31,49031
2026-09-17,5521.TW,587118,0,2000,589118
2026-09-17,5522.TW,36448,-154967,4000,-114519
2026-09-17,5525.TW,20000,0,1000,21000
2026-09-17,5531.TW,31000,0,5000,36000
2026-09-17,5533.TW,-11000,0,1000,-10000
2026-09-17,5534.TW,159774,0,-7767,152007
2026-09-17,5538.TW,-2000,0,-1000,-3000
2026-09-17,5546.TW,1000,0,4000,5000
2026-09-17,5607.TW,157338,0,-1000,156338
2026-09-17,5608.TW,647644,0,5000,652644
2026-09-17,5706.TW,13887,0,-12000,1887
2026-09-17,5871.TW,-112350,-118000,29624,-200726
2026-09-17,5876.TW,2123542,575000,170986,2869528
2026-09-17,5880.TW,7180538,76000,257630,7514168
2026-09-17,5906.TW,1000,0,0,1000
2026-09-17,5907.TW,3000,0,1000,4000
2026-09-17,6005.TW,1779972,-667000,0,1112972
2026-09-17,6024.TW,148475,0,1000,149475
2026-09-17,6108.TW,462068,0,-1996,460072
2026-09-17,6112.TW,112080,0,-8240,103840
2026-09-17,6115.TW,10000,0,1000,11000
2026-09-17,6116.TW,-687897,0,-449547,-1137444
2026-09-17,6117.TW,49210,0,-29000,20210
2026-09-17,6120.TW,571075,0,3000,574075
2026-09-17,6128.TW,6000,0,4000,10000
2026-09-17,6133.TW,3139779,0,964,3140743
2026-09-17,6136.TW,27000,0,0,27000
2026-09-17,6139.TW,-323838,-214000,-62918,-600756
2026-09-17,6141.TW,-175295,0,-1000,-176295
2026-09-17,6142.TW,58000,0,-1000,57000
2026-09-17,6152.TW,400790,0,7000,407790
2026-09-17,6153.TW,221123,0,-2999,218124
2026-09-17,6155.TW,130000,0,-3000,127000
2026-09-17,6164.TW,49000,0,1000,50000
2026-09-17,6165.TW,137002,0,17000,154002
2026-09-17,6166.TW,-1574,0,-714,-2288
2026-09-17,6168.TW,1145742,0,28621,1174363
2026-09-17,6176.TW,404935,0,494,405429
2026-09-17,6177.TW,329076,29435,-10591,347920
2026-09-17,6183.TW,2000,0,5000,7000
2026-09-17,6184.TW,30000,0,1000,31000
2026-09-17,6189.TW,216000,0,3197,219197
2026-09-17,6191.TW,-189100,13000,9414,-166686
2026-09-17,6192.TW,160,0,1000,1160
2026-09-17,6196.TW,-67925,1000,-859,-67784
2026-09-17,6197.TW,190976,0,34616,225592
2026-09-17,6201.TW,4000,0,0,4000
2026-09-17,6202.TW,-77084,0,1553,-75531
2026-09-17,6205.TW,101078,0,-687,100391
2026-09-17,6206.TW,364884,0,100725,465609
2026-09-17,6209.TW,-904967,0,-80503,-985470
2026-09-17,6213.TW,-12078005,356000,19847,-11702158
2026-09-17,6214.TW,528367,0,18000,546367
2026-09-17,6215.TW,50027,0,1131,51158
2026-09-17,6216.TW,29000,0,3451,32451
2026-09-17,6224.TW,156427,0,2000,158427
2026-09-17,6225.TW,7000,0,0,7000
2026-09-17,6226.TW,3463046,0,862285,4325331
2026-09-17,6230.TW,12131,0,1000,13131
2026-09-17,6235.TW,163851,0,3636,167487
2026-09-17,6239.TW,1275987,-4000,113183,1385170
2026-09-17,6243.TW,37600,0,-2,37598
2026-09-17,6257.TW,8544484,-6000,476380,9014864
2026-09-17,6269.TW,-595944,0,-31032,-626976
2026-09-17,6271.TW,345061,0,-10911,334150
2026-09-17,6272.TW,-76000,0,-1,-76001
2026-09-17,6277.TW,48056,0,0,48056
2026-09-17,6278.TW,136242,9000,-22840,122402
2026-09-17,6281.TW,3000,0,0,3000
2026-09-17,6282.TW,281686,10000,-43345,248341
2026-09-17,6283.TW,-8000,0,1000,-7000
2026-09-17,6285.TW,944875,3000,60429,1008304
2026-09-17,6405.TW,58000,0,8937,66937
2026-09-17,6409.TW,29785,-27000,-3104,-319
2026-09-17,6412.TW,179000,0,6948,185948
2026-09-17,6414.TW,25285,0,2816,28101
2026-09-17,6415.TW,-88239,-1000,-18581,-107820
2026-09-17,6416.TW,348480,0,0,348480
2026-09-17,6426.TW,123000,0,-10114,112886
2026-09-17,6431.TW,3000,0,1000,4000
2026-09-17,6438.TW,16177,0,1339,17516
2026-09-17,6442.TW,-430971,-175000,-45315,-651286
2026-09-17,6443.TW,-256609,0,-27561,-284170
2026-09-17,6446.TW,-529891,2000,18345,-509546
2026-09-17,6449.TW,-123649,0,-1291,-124940
2026-09-17,6451.TW,-124444,0,-12836,-137280
2026-09-17,6456.TW,1915,0,25234,27149
2026-09-17,6464.TW,2000,0,1000,3000
2026-09-17,6472.TW,438539,0,18589,457128
2026-09-17,6477.TW,-31000,0,-40000,-71000
2026-09-17,6491.TW,256357,0,9168,265525
2026-09-17,6504.TW,3000,0,0,3000
2026-09-17,6505.TW,8158606,5451000,1159922,14769528
2026-09-17,6515.TW,-77437,-41016,1311,-117142
2026-09-17,6525.TW,17816,0,32966,50782
2026-09-17,6526.TW,90250,0,-65,90185
2026-09-17,6531.TW,-531350,9000,-7469,-529819
2026-09-17,6533.TW,65608,0,28301,93909
2026-09-17,6534.TW,0,0,1459,1459
2026-09-17,6541.TW,40131,0,4365,44496
2026-09-17,6552.TW,-1000,0,0,-1000
2026-09-17,6558.TW,19058,0,0,19058
2026-09-17,6573.TW,-21000,0,-2000,-23000
2026-09-17,6579.TW,150163,0,1960,152123
2026-09-17,6581.TW,0,0,1000,1000
2026-09-17,6582.TW,5000,0,2000,7000
2026-09-17,6585.TW,27160,0,0,27160
2026-09-17,6589.TW,738953,0,2149,741102
2026-09-17,6591.TW,37000,0,1003,38003
2026-09-17,6592.TW,-21989,0,3811,-18178
2026-09-17,6598.TW,6000,0,1000,7000
2026-09-17,6605.TW,585561,0,1171,586732
2026-09-17,6606.TW,14000,0,3000,17000
2026-09-17,6614.TW,2000,0,1000,3000
2026-09-17,6625.TW,21000,0,0,21000
2026-09-17,6641.TW,2000,0,0,2000
2026-09-17,6645.TW,-2000,0,-206,-2206
2026-09-17,6655.TW,0,0,0,0
2026-09-17,6657.TW,-8000,0,0,-8000
2026-09-17,6658.TW,-18025,0,-219,-18244
2026-09-17,6666.TW,3000,0,0,3000
2026-09-17,6668.TW,959334,0,0,959334
2026-09-17,6669.TW,64967,-580500,-18813,-534346
2026-09-17,6670.TW,35083,0,2,35085
2026-09-17,6671.TW,1000,0,0,1000
2026-09-17,6672.TW,-1423957,0,-74864,-1498821
2026-09-17,6674.TW,1000,0,1000,2000
2026-09-17,6689.TW,91816,0,-5000,86816
2026-09-17,6691.TW,-126334,-5000,-4565,-135899
2026-09-17,6695.TW,183849,0,1999,185848
2026-09-17,6698.TW,23000,0,0,23000
2026-09-17,6706.TW,-823000,0,-111345,-934345
2026-09-17,6715.TW,863287,-671000,-16361,175926
2026-09-17,6719.TW,-112990,0,1885,-111105
2026-09-17,6722.TW,0,0,0,0
2026-09-17,6742.TW,281155,0,7950,289105
2026-09-17,6743.TW,-32920,7748,1000,-24172
2026-09-17,6753.TW,108070,0,1099,109169
2026-09-17,6754.TW,8000,0,1000,9000
2026-09-17,6756.TW,40917,0,-582,40335
2026-09-17,6757.TW,52040,0,3000,55040
2026-09-17,6768.TW,122460,0,1660,124120
2026-09-17,6770.TW,32652611,-13000,3410413,36050024
2026-09-17,6771.TW,-2000,0,2000,0
2026-09-17,6776.TW,13000,0,0,13000
2026-09-17,6781.TW,-36335,-22,-12119,-48476
2026-09-17,6782.TW,296217,0,-371,295846
2026-09-17,6789.TW,-59193,-1000,-6332,-66525
2026-09-17,6790.TW,-11000,0,2000,-9000
2026-09-17,6792.TW,-5000,0,1000,-4000
2026-09-17,6794.TW,-3000,0,0,-3000
2026-09-17,6796.TW,13000,0,0,13000
2026-09-17,6799.TW,81002,0,-45,80957
2026-09-17,6805.TW,-48262,288000,9214,248952
2026-09-17,6807.TW,2000,0,0,2000
2026-09-17,6830.TW,-82187,0,-11050,-93237
2026-09-17,6831.TW,2833,0,-6605,-3772
2026-09-17,6834.TW,46457,0,26472,72929
2026-09-17,6835.TW,2000,0,1000,3000
2026-09-17,6838.TW,37000,0,0,37000
2026-09-17,6854.TW,22000,0,224,22224
2026-09-17,6861.TW,7236,0,-15750,-8514
2026-09-17,6862.TW,21000,0,-2360,18640
2026-09-17,6863.TW,8000,0,1000,9000
2026-09-17,6869.TW,421557,0,12707,434264
2026-09-17,6873.TW,194883,0,1000,195883
2026-09-17,6885.TW,591220,0,1000,592220
2026-09-17,6887.TW,2000,0,0,2000
2026-09-17,6890.TW,-20391,0,1295,-19096
2026-09-17,6901.TW,356390,0,-2000,354390
2026-09-17,6902.TW,40980,0,0,40980
2026-09-17,6906.TW,5050,0,0,5050
2026-09-17,6908.TW,1000,0,2000,3000
2026-09-17,6909.TW,36046,0,1000,37046
2026-09-17,6914.TW,2132,0,2000,4132
2026-09-17,6916.TW,-2000,0,290,-1710
2026-09-17,6918.TW,-4000,0,1000,-3000
2026-09-17,6919.TW,135118,0,7415,142533
2026-09-17,6921.TW,-1000,0,-5268,-6268
2026-09-17,6923.TW,17000,0,0,17000
2026-09-17,6924.TW,2100,0,593,2693
2026-09-17,6928.TW,4000,0,1000,5000
2026-09-17,6931.TW,14000,0,1000,15000
2026-09-17,6933.TW,-384338,0,43,-384295
2026-09-17,6934.TW,2000,0,0,2000
2026-09-17,6936.TW,0,0,0,0
2026-09-17,6937.TW,20563,0,8590,29153
2026-09-17,6944.TW,-9101,0,4465,-4636
2026-09-17,6947.TW,17009,0,0,17009
2026-09-17,6949.TW,-71733,0,-143236,-214969
2026-09-17,6951.TW,-2000,0,0,-2000
2026-09-17,6952.TW,4000,0,2000,6000
2026-09-17,6955.TW,-1000,0,3000,2000
2026-09-17,6957.TW,233000,0,-24111,208889
2026-09-17,6958.TW,6000,0,3000,9000
2026-09-17,6962.TW,181000,0,2085,183085
2026-09-17,6965.TW,9000,0,1000,10000
2026-09-17,6969.TW,14000,0,-6245,7755
2026-09-17,6988.TW,-25000,0,-9000,-34000
2026-09-17,6994.TW,-125869,0,-99,-125968
2026-09-17,7610.TW,-128961,0,646,-128315
2026-09-17,7631.TW,2989,0,-1148,1841
2026-09-17,7689.TW,-6048,0,1000,-5048
2026-09-17,7705.TW,-1000,0,1000,0
2026-09-17,7711.TW,38996,0,15618,54614
2026-09-17,7721.TW,-16000,0,1000,-15000
2026-09-17,7722.TW,6000,0,2000,8000
2026-09-17,7730.TW,13011,0,19,13030
2026-09-17,7732.TW,0,0,0,0
2026-09-17,7736.TW,2000,0,0,2000
2026-09-17,7740.TW,-11805,0,2081,-9724
2026-09-17,7749.TW,-31000,0,-22,-31022
2026-09-17,7750.TW,-27015,6000,1800,-19215
2026-09-17,7760.TW,6000,0,0,6000
2026-09-17,7765.TW,350,0,1000,1350
2026-09-17,7768.TW,6090,0,0,6090
2026-09-17,7769.TW,44008,-1000,18680,61688
2026-09-17,7780.TW,181000,0,3277,184277
2026-09-17,7786.TW,75000,0,-5000,70000
2026-09-17,7788.TW,16298,0,-60710,-44412
2026-09-17,7791.TW,2000,0,0,2000
2026-09-17,7795.TW,-181590,0,35938,-145652
2026-09-17,7799.TW,564103,20000,5595,589698
2026-09-17,7803.TW,-32000,0,-4000,-36000
2026-09-17,7818.TW,-6900,0,2000,-4900
2026-09-17,7821.TW,18000,0,0,18000
2026-09-17,7822.TW,50000,0,3632,53632
2026-09-17,7823.TW,4100,0,-135,3965
2026-09-17,7827.TW,59110,0,-2477,56633
2026-09-17,7835.TW,0,0,-1000,-1000
2026-09-17,7855.TW,1000,0,0,1000
2026-09-17,8011.TW,50000,0,0,50000
2026-09-17,8016.TW,-31923,0,-544,-32467
2026-09-17,8021.TW,1638443,-25000,-35778,1577665
2026-09-17,8028.TW,-1870975,1971000,78686,178711
2026-09-17,8033.TW,251824,0,-5781,246043
2026-09-17,8039.TW,-476958,-1585000,-234607,-2296565
2026-09-17,8045.TW,106000,0,1260,107260
2026-09-17,8046.TW,-1303101,115000,53281,-1134820
2026-09-17,8070.TW,424107,420000,26000,870107
2026-09-17,8072.TW,20000,0,0,20000
2026-09-17,8081.TW,95020,-4000,983,92003
2026-09-17,8103.TW,-362991,0,40703,-322288
2026-09-17,8104.TW,33123,0,1000,34123
2026-09-17,8105.TW,308011,0,556,308567
2026-09-17,8110.TW,-1892710,0,-7654,-1900364
2026-09-17,8112.TW,-1451109,0,-2202,-1453311
2026-09-17,8114.TW,96347,0,886,97233
2026-09-17,8131.TW,-147147,0,-6597,-153744
2026-09-17,8150.TW,1372868,0,-8065,1364803
2026-09-17,8162.TW,9020,0,-2030,6990
2026-09-17,8163.TW,-6810,0,5778,-1032
2026-09-17,8201.TW,-5000,0,0,-5000
2026-09-17,8210.TW,-49134,-57000,2463,-103671
2026-09-17,8213.TW,26000,0,1447,27447
2026-09-17,8215.TW,202714,10000,1944,214658
2026-09-17,8222.TW,19079,0,0,19079
2026-09-17,8249.TW,8373,0,1000,9373
2026-09-17,8261.TW,-69234,0,-80370,-149604
2026-09-17,8271.TW,-885383,0,-38340,-923723
2026-09-17,8341.TW,-10624,0,916,-9708
2026-09-17,8367.TW,-6000,0,1000,-5000
2026-09-17,8374.TW,7000,0,-16029,-9029
2026-09-17,8404.TW,141000,0,4252,145252
2026-09-17,8411.TW,-8000,0,-43000,-51000
2026-09-17,8422.TW,-733000,-1015000,16921,-1731079
2026-09-17,8429.TW,8000,0,4000,12000
2026-09-17,8438.TW,51000,0,-992,50008
2026-09-17,8442.TW,3000,2524,0,5524
2026-09-17,8443.TW,1000,0,0,1000
2026-09-17,8454.TW,171640,0,584,172224
2026-09-17,8462.TW,10047,0,0,10047
2026-09-17,8463.TW,18000,0,0,18000
2026-09-17,8464.TW,118927,-76000,2822,45749
2026-09-17,8466.TW,2000,0,0,2000
2026-09-17,8467.TW,-1000,0,1000,0
2026-09-17,8473.TW,443979,0,1000,444979
2026-09-17,8476.TW,121701,0,1000,122701
2026-09-17,8478.TW,49050,0,0,49050
2026-09-17,8481.TW,0,0,1000,1000
2026-09-17,8482.TW,7000,0,0,7000
2026-09-17,8487.TW,0,0,-3000,-3000
2026-09-17,8488.TW,-37000,0,0,-37000
2026-09-17,8499.TW,-783,0,2044,1261
2026-09-17,8926.TW,411300,8000,16327,435627
2026-09-17,8940.TW,-2000,0,1000,-1000
2026-09-17,8996.TW,-102561,-16000,25811,-92750
2026-09-17,9103.TW,33000,0,102,33102
2026-09-17,9105.TW,1191000,0,-394578,796422
2026-09-17,9136.TW,0,0,0,0
2026-09-17,9802.TW,111396,0,-169,111227
2026-09-17,9902.TW,16000,0,1000,17000
2026-09-17,9904.TW,2443288,3027000,-5861,5464427
2026-09-17,9905.TW,34000,0,2000,36000
2026-09-17,9906.TW,3000,0,0,3000
2026-09-17,9907.TW,42000,68884,7000,117884
2026-09-17,9908.TW,-4547,0,2000,-2547
2026-09-17,9910.TW,117876,479000,-5961,590915
2026-09-17,9911.TW,-90000,0,6000,-84000
2026-09-17,9912.TW,3000,0,0,3000
2026-09-17,9914.TW,-236963,38000,4223,-194740
2026-09-17,9917.TW,129000,-115000,2000,16000
2026-09-17,9918.TW,5000,0,2000,7000
2026-09-17,9919.TW,46000,0,1000,47000
2026-09-17,9921.TW,162544,0,4023,166567
2026-09-17,9924.TW,528,0,2000,2528
2026-09-17,9925.TW,-103189,0,1303,-101886
2026-09-17,9926.TW,1000,0,2000,3000
2026-09-17,9927.TW,14966,0,1000,15966
2026-09-17,9929.TW,-1000,0,0,-1000
2026-09-17,9930.TW,-1000,0,-3000,-4000
2026-09-17,9931.TW,5000,0,1000,6000
2026-09-17,9933.TW,-281092,13700,13000,-254392
2026-09-17,9934.TW,-8000,0,-8000,-16000
2026-09-17,9935.TW,38000,8919,0,46919
2026-09-17,9937.TW,3000,0,2000,5000
2026-09-17,9938.TW,69540,26728,178,96446
2026-09-17,9939.TW,4000,0,-1728,2272
2026-09-17,9940.TW,-7820,0,5920,-1900
2026-09-17,9941.TW,-187143,0,-17957,-205100
2026-09-17,9942.TW,8088,0,0,8088
2026-09-17,9943.TW,-1000,0,2000,1000
2026-09-17,9944.TW,-3000,0,1000,-2000
2026-09-17,9945.TW,3330599,887000,1065377,5282976
2026-09-17,9946.TW,49000,0,1000,50000
2026-09-17,9955.TW,9585,0,0,9585
2026-09-17,9958.TW,862537,-5523,24600,881614
2026-09-18,0050.TW,-16340894,920000,26692603,11271709
2026-09-18,0051.TW,1006,0,32925,33931
2026-09-18,0052.TW,169787,30000,8895387,9095174
2026-09-18,0053.TW,4002,0,6992,10994
2026-09-18,0055.TW,-56151,0,-819742,-875893
2026-09-18,0056.TW,-2863418,2490000,-2297592,-2671010
2026-09-18,0057.TW,1,0,29000,29001
2026-09-18,0061.TW,67000,0,-11232,55768
2026-09-18,1101.TW,-4088563,10000,1169950,-2908613
2026-09-18,1102.TW,-1632428,1485518,174203,27293
2026-09-18,1103.TW,715000,0,12000,727000
2026-09-18,1104.TW,-98000,0,26492,-71508
2026-09-18,1108.TW,111000,0,4000,115000
2026-09-18,1109.TW,21000,0,13000,34000
2026-09-18,1110.TW,-10000,0,7000,-3000
2026-09-18,1201.TW,-7229898,0,1205000,-6024898
2026-09-18,1203.TW,8000,0,2000,10000
2026-09-18,1210.TW,986238,-153000,55311,888549
2026-09-18,1215.TW,208363,0,16073,224436
2026-09-18,1216.TW,306570,-960975,310189,-344216
2026-09-18,1217.TW,104022,0,23000,127022
2026-09-18,1218.TW,122673,0,13000,135673
2026-09-18,1219.TW,144041,0,16000,160041
2026-09-18,1220.TW,34286,0,2279,36565
2026-09-18,1225.TW,8091,0,4000,12091
2026-09-18,1227.TW,-131795,0,41997,-89798
2026-09-18,1229.TW,393639,-12882,-84173,296584
2026-09-18,1231.TW,90329,0,3000,93329
2026-09-18,1232.TW,32788,0,7000,39788
2026-09-18,1233.TW,9000,0,1000,10000
2026-09-18,1234.TW,12000,0,4000,16000
2026-09-18,1235.TW,5000,0,3000,8000
2026-09-18,1236.TW,5000,0,1000,6000
2026-09-18,1256.TW,-2175,0,-4000,-6175
2026-09-18,1301.TW,-1085969,-2000,-159103,-1247072
2026-09-18,1303.TW,-10938712,443167,30891,-10464654
2026-09-18,1304.TW,-731356,0,51106,-680250
2026-09-18,1305.TW,-1038748,0,22002,-1016746
2026-09-18,1307.TW,-80564,-4998,-2625,-88187
2026-09-18,1308.TW,-389361,0,25231,-364130
2026-09-18,1309.TW,-228535,0,13907,-214628
2026-09-18,1310.TW,-987061,0,20000,-967061
2026-09-18,1312.TW,-2452622,0,-70339,-2522961
2026-09-18,1313.TW,-371134,0,10056,-361078
2026-09-18,1314.TW,3440796,0,492749,3933545
2026-09-18,1315.TW,15000,0,0,15000
2026-09-18,1316.TW,-311857,0,5480,-306377
2026-09-18,1319.TW,413694,-1050,35000,447644
2026-09-18,1321.TW,4000,0,10000,14000
2026-09-18,1323.TW,2000,0,1000,3000
2026-09-18,1324.TW,6000,0,0,6000
2026-09-18,1325.TW,51990,0,1000,52990
2026-09-18,1326.TW,-2370030,442000,-158568,-2086598
2026-09-18,1337.TW,5000,0,2000,7000
2026-09-18,1338.TW,8000,0,1000,9000
2026-09-18,1339.TW,49000,0,5000,54000
2026-09-18,1340.TW,42010,0,2000,44010
2026-09-18,1341.TW,0,0,1000,1000
2026-09-18,1342.TW,11468,0,1000,12468
2026-09-18,1402.TW,1456670,-1913390,382238,-74482
2026-09-18,1409.TW,-1334883,0,151855,-1183028
2026-09-18,1410.TW,2000,0,1000,3000
2026-09-18,1413.TW,6000,0,2000,8000
2026-09-18,1414.TW,-60409,0,4000,-56409
2026-09-18,1416.TW,-71324,0,-3000,-74324
2026-09-18,1417.TW,-109000,0,6000,-103000
2026-09-18,1418.TW,1000,0,1000,2000
2026-09-18,1419.TW,25000,0,13000,38000
2026-09-18,1423.TW,9000,0,1000,10000
2026-09-18,1432.TW,8000,0,1000,9000
2026-09-18,1434.TW,-191836,0,78000,-113836
2026-09-18,1435.TW,7000,0,1000,8000
2026-09-18,1436.TW,80447,0,5000,85447
2026-09-18,1437.TW,39000,0,-2000,37000
2026-09-18,1438.TW,23000,0,1000,24000
2026-09-18,1439.TW,1000,0,2000,3000
2026-09-18,1440.TW,-178437,0,80000,-98437
2026-09-18,1442.TW,-93149,0,6000,-87149
2026-09-18,1443.TW,2000,0,3000,5000
2026-09-18,1444.TW,-1073754,0,617000,-456754
2026-09-18,1445.TW,12000,0,1000,13000
2026-09-18,1446.TW,24000,0,2000,26000
2026-09-18,1447.TW,-389368,0,11000,-378368
2026-09-18,1449.TW,21719,0,2197,23916
2026-09-18,1451.TW,-23000,0,3000,-20000
2026-09-18,1452.TW,-20099,0,1000,-19099
2026-09-18,1453.TW,-6000,0,2000,-4000
2026-09-18,1454.TW,3000,0,2000,5000
2026-09-18,1455.TW,3349,0,-61000,-57651
2026-09-18,1456.TW,32208,0,7000,39208
2026-09-18,1457.TW,-65000,0,3000,-62000
2026-09-18,1459.TW,25000,0,5000,30000
2026-09-18,1460.TW,4726,0,8000,12726
2026-09-18,1463.TW,20000,0,2000,22000
2026-09-18,1464.TW,-15000,0,7000,-8000
2026-09-18,1465.TW,46944,0,1000,47944
2026-09-18,1466.TW,-1336,0,-1000,-2336
2026-09-18,1467.TW,4000,0,2000,6000
2026-09-18,1468.TW,6000,0,3000,9000
2026-09-18,1470.TW,7000,0,1000,8000
2026-09-18,1471.TW,7000,0,2000,9000
2026-09-18,1472.TW,-9000,0,-26000,-35000
2026-09-18,1473.TW,-16589,0,2000,-14589
2026-09-18,1474.TW,-17000,0,3000,-14000
2026-09-18,1475.TW,2000,0,0,2000
2026-09-18,1476.TW,-465508,74239,24827,-366442
2026-09-18,1477.TW,-68313,-202003,23909,-246407
2026-09-18,1503.TW,-201296,74000,17785,-109511
2026-09-18,1504.TW,-3762700,13936,136788,-3611976
2026-09-18,1506.TW,-22000,0,4000,-18000
2026-09-18,1512.TW,9000,0,2000,11000
2026-09-18,1513.TW,-36190,431918,79393,475121
2026-09-18,1514.TW,91141,0,11000,102141
2026-09-18,1515.TW,256100,0,7128,263228
2026-09-18,1516.TW,3999,0,0,3999
2026-09-18,1517.TW,54000,0,6000,60000
2026-09-18,1519.TW,273189,22000,39423,334612
2026-09-18,1521.TW,1000,0,2000,3000
2026-09-18,1522.TW,-209624,0,11016,-198608
2026-09-18,1524.TW,675,0,3000,3675
2026-09-18,1525.TW,2000,0,1000,3000
2026-09-18,1526.TW,-27000,0,-2000,-29000
2026-09-18,1527.TW,-8000,0,1000,-7000
2026-09-18,1528.TW,316556,0,2607,319163
2026-09-18,1529.TW,176908,0,28000,204908
2026-09-18,1530.TW,5000,0,975,5975
2026-09-18,1531.TW,-80000,0,2000,-78000
2026-09-18,1532.TW,169323,0,19000,188323
2026-09-18,1533.TW,2000,0,1000,3000
2026-09-18,1535.TW,28000,0,2000,30000
2026-09-18,1536.TW,-293349,0,26181,-267168
2026-09-18,1537.TW,47000,0,-14000,33000
2026-09-18,1539.TW,7000,0,1000,8000
2026-09-18,1540.TW,10000,0,1000,11000
2026-09-18,1541.TW,4000,0,2000,6000
2026-09-18,1558.TW,57000,0,3000,60000
2026-09-18,1560.TW,-314121,298000,-807,-16928
2026-09-18,1563.TW,-210628,0,2997,-207631
2026-09-18,1568.TW,-47805,0,13381,-34424
2026-09-18,1582.TW,-9928,0,5466,-4462
2026-09-18,1583.TW,-7000,0,2000,-5000
2026-09-18,1587.TW,24000,0,1000,25000
2026-09-18,1590.TW,-319178,7000,24524,-287654
2026-09-18,1597.TW,-33114,0,1328,-31786
2026-09-18,1598.TW,-62846,0,7000,-55846
2026-09-18,1603.TW,48000,0,18000,66000
2026-09-18,1604.TW,-52000,0,16000,-36000
2026-09-18,1605.TW,-5197241,-282327,242291,-5237277
2026-09-18,1608.TW,-746678,-4937,17622,-733993
2026-09-18,1609.TW,600903,0,42051,642954
2026-09-18,1611.TW,-4190496,0,1297000,-2893496
2026-09-18,1612.TW,39000,-4559,-4991,29450
2026-09-18,1614.TW,18000,0,2000,20000
2026-09-18,1615.TW,-32964,0,23000,-9964
2026-09-18,1616.TW,127341,0,1983,129324
2026-09-18,1617.TW,79355,0,2000,81355
2026-09-18,1618.TW,171091,0,-2000,169091
2026-09-18,1623.TW,41000,0,24,41024
2026-09-18,1626.TW,6000,0,3000,9000
2026-09-18,1702.TW,71170,0,18000,89170
2026-09-18,1707.TW,-84090,0,4990,-79100
2026-09-18,1708.TW,335169,0,-46919,288250
2026-09-18,1709.TW,-13361132,0,-70260,-13431392
2026-09-18,1710.TW,-612493,0,-189730,-802223
2026-09-18,1711.TW,-530496,0,-2760,-533256
2026-09-18,1712.TW,-159572,37159,22450,-99963
2026-09-18,1713.TW,-71000,0,-2000,-73000
2026-09-18,1714.TW,-2400078,0,-20612,-2420690
2026-09-18,1717.TW,-1557260,686000,80922,-790338
2026-09-18,1718.TW,-4697300,0,-219360,-4916660
2026-09-18,1720.TW,-60000,0,12000,-48000
2026-09-18,1721.TW,-52893,0,2000,-50893
2026-09-18,1722.TW,150689,266000,62000,478689
2026-09-18,1723.TW,-205280,0,18886,-186394
2026-09-18,1725.TW,14000,0,2000,16000
2026-09-18,1726.TW,-180,0,3000,2820
2026-09-18,1727.TW,1690882,0,-222646,1468236
2026-09-18,1730.TW,1000,0,1000,2000
2026-09-18,1731.TW,29000,0,1000,30000
2026-09-18,1732.TW,11000,0,0,11000
2026-09-18,1733.TW,-15000,0,1000,-14000
2026-09-18,1734.TW,39686,0,-4000,35686
2026-09-18,1735.TW,3000,0,43,3043
2026-09-18,1736.TW,-104076,-90000,15768,-178308
2026-09-18,1737.TW,-1419880,0,56000,-1363880
2026-09-18,1752.TW,9000,0,1000,10000
2026-09-18,1760.TW,-54785,0,1000,-53785
2026-09-18,1762.TW,21000,0,5000,26000
2026-09-18,1773.TW,11761,0,4896,16657
2026-09-18,1776.TW,-12000,0,3000,-9000
2026-09-18,1783.TW,35000,0,-9000,26000
2026-09-18,1786.TW,2000,0,14965,16965
2026-09-18,1789.TW,-321048,0,52000,-269048
2026-09-18,1795.TW,-50492,0,674,-49818
2026-09-18,1802.TW,-6341528,123000,341689,-5876839
2026-09-18,1805.TW,18000,0,2000,20000
2026-09-18,1806.TW,6944,0,16000,22944
2026-09-18,1808.TW,2077175,0,-1000,2076175
2026-09-18,1809.TW,-57970,0,5328,-52642
2026-09-18,1810.TW,529660,0,10000,539660
2026-09-18,1817.TW,-3000,0,1019,-1981
2026-09-18,1903.TW,-94558,0,25000,-69558
2026-09-18,1904.TW,-208938,0,72000,-136938
2026-09-18,1905.TW,-757488,0,12412,-745076
2026-09-18,1906.TW,-19000,0,5000,-14000
2026-09-18,1907.TW,-83176,0,94000,10824
2026-09-18,1909.TW,-203000,0,59241,-143759
2026-09-18,2002.TW,-1699231,14578,763000,-921653
2026-09-18,2006.TW,2070755,-483257,-18773,1568725
2026-09-18,2007.TW,54000,0,5000,59000
2026-09-18,2008.TW,3000,0,3000,6000
2026-09-18,2009.TW,365000,0,14513,379513
2026-09-18,2010.TW,20865,0,26000,46865
2026-09-18,2012.TW,17000,0,4000,21000
2026-09-18,2013.TW,-51808,0,18054,-33754
2026-09-18,2014.TW,331000,0,61000,392000
2026-09-18,2015.TW,7070,0,32000,39070
2026-09-18,2017.TW,-49086,0,28000,-21086
2026-09-18,2020.TW,-23805,0,10000,-13805
2026-09-18,2022.TW,88602,0,3000,91602
2026-09-18,2023.TW,-933292,0,75000,-858292
2026-09-18,2024.TW,1000,0,1000,2000
2026-09-18,2025.TW,44332,0,2000,46332
2026-09-18,2027.TW,1231443,4755,-150135,1086063
2026-09-18,2028.TW,12000,0,5000,17000
2026-09-18,2029.TW,14717,0,17000,31717
2026-09-18,2030.TW,424361,0,-9000,415361
2026-09-18,2031.TW,418656,-3896,11815,426575
2026-09-18,2032.TW,177079,0,2000,179079
2026-09-18,2033.TW,966305,0,-1267,965038
2026-09-18,2034.TW,1501667,0,12485,1514152
2026-09-18,2038.TW,23125,0,8000,31125
2026-09-18,2049.TW,-567539,-4419,-28718,-600676
2026-09-18,2059.TW,-129133,2330,-1662,-128465
2026-09-18,2062.TW,-298,0,9000,8702
2026-09-18,2069.TW,230336,0,0,230336
2026-09-18,2072.TW,-69168,0,2000,-67168
2026-09-18,2101.TW,-58637,0,34672,-23965
2026-09-18,2102.TW,-4103335,0,60000,-4043335
2026-09-18,2103.TW,-1157915,0,4311,-1153604
2026-09-18,2104.TW,-670659,0,48000,-622659
2026-09-18,2105.TW,-2168932,64621,172681,-1931630
2026-09-18,2106.TW,-947141,0,83000,-864141
2026-09-18,2107.TW,161987,0,-5000,156987
2026-09-18,2108.TW,-112973,0,33814,-79159
2026-09-18,2109.TW,9709,0,4000,13709
2026-09-18,2114.TW,-1000,0,0,-1000
2026-09-18,2115.TW,9000,0,1000,10000
2026-09-18,2201.TW,-2715270,-143000,180733,-2677537
2026-09-18,2204.TW,-127995,36265,31645,-60085
2026-09-18,2206.TW,129516,-150000,39000,18516
2026-09-18,2207.TW,-33114,58822,30000,55708
2026-09-18,2208.TW,357192,0,46000,403192
2026-09-18,2211.TW,-38640,-1612,19040,-21212
2026-09-18,2227.TW,8624,0,4000,12624
2026-09-18,2228.TW,-351932,0,36011,-315921
2026-09-18,2231.TW,62851,0,9518,72369
2026-09-18,2233.TW,57000,0,-1785,55215
2026-09-18,2236.TW,49685,0,2073,51758
2026-09-18,2237.TW,14000,0,0,14000
2026-09-18,2239.TW,12000,0,5000,17000
2026-09-18,2241.TW,183544,0,-1000,182544
2026-09-18,2243.TW,0,0,0,0
2026-09-18,2247.TW,13000,3285,1000,17285
2026-09-18,2248.TW,16000,0,-1000,15000
2026-09-18,2250.TW,5000,0,1000,6000
2026-09-18,2254.TW,227000,0,3229,230229
2026-09-18,2258.TW,228000,0,33820,261820
2026-09-18,2301.TW,-3141261,11300,133774,-2996187
2026-09-18,2302.TW,473785,0,3000,476785
2026-09-18,2303.TW,28365568,13630188,3573793,45569549
2026-09-18,2305.TW,2428480,0,50000,2478480
2026-09-18,2308.TW,2830326,-20146,340208,3150388
2026-09-18,2312.TW,-1435149,0,-151578,-1586727
2026-09-18,2313.TW,2897881,-13984,244279,3128176
2026-09-18,2314.TW,2000,0,0,2000
2026-09-18,2316.TW,-204462,0,3676,-200786
2026-09-18,2317.TW,-6697630,-544169,1212845,-6028954
2026-09-18,2323.TW,-1229326,0,49000,-1180326
2026-09-18,2324.TW,-5201380,767243,937609,-3496528
2026-09-18,2327.TW,2423004,637109,1004558,4064671
2026-09-18,2328.TW,-154998,0,10000,-144998
2026-09-18,2329.TW,1447022,0,44000,1491022
2026-09-18,2330.TW,6039352,478401,1361432,7879185
2026-09-18,2331.TW,-301464,0,19000,-282464
2026-09-18,2332.TW,79875,0,4000,83875
2026-09-18,2337.TW,9853099,83000,553765,10489864
2026-09-18,2338.TW,-1185755,0,-20666,-1206421
2026-09-18,2340.TW,1262155,0,143659,1405814
2026-09-18,2342.TW,533248,0,3317,536565
2026-09-18,2344.TW,42774232,-208886,3489976,46055322
2026-09-18,2345.TW,-255616,-670784,170953,-755447
2026-09-18,2347.TW,392052,39040,137640,568732
2026-09-18,2348.TW,-437642,0,11794,-425848
2026-09-18,2349.TW,-202712,0,3000,-199712
2026-09-18,2351.TW,-34201,0,-35263,-69464
2026-09-18,2352.TW,712116,0,58953,771069
2026-09-18,2353.TW,-2255356,37266,368130,-1849960
2026-09-18,2354.TW,-3949618,-5000,2320,-3952298
2026-09-18,2355.TW,-345000,0,36618,-308382
2026-09-18,2356.TW,-311311,-885339,226462,-970188
2026-09-18,2357.TW,194424,-977208,-15451,-798235
2026-09-18,2359.TW,-641900,0,-22317,-664217
2026-09-18,2360.TW,-166234,88874,82438,5078
2026-09-18,2362.TW,244150,0,18013,262163
2026-09-18,2363.TW,277825,0,194124,471949
2026-09-18,2364.TW,16743,0,1000,17743
2026-09-18,2365.TW,-172000,0,3000,-169000
2026-09-18,2367.TW,182266,0,-21503,160763
2026-09-18,2368.TW,70518,737542,312541,1120601
2026-09-18,2369.TW,-1665000,0,10917,-1654083
2026-09-18,2371.TW,-7058976,-385000,-82622,-7526598
2026-09-18,2373.TW,12000,0,5000,17000
2026-09-18,2374.TW,213000,0,16216,229216
2026-09-18,2375.TW,199466,0,5895,205361
2026-09-18,2376.TW,346772,232241,165332,744345
2026-09-18,2377.TW,306772,-14000,-3287,289485
2026-09-18,2379.TW,976575,-11652,64409,1029332
2026-09-18,2380.TW,30000,0,2000,32000
2026-09-18,2382.TW,-6125357,5115730,350163,-659464
2026-09-18,2383.TW,315586,-580397,58264,-206547
2026-09-18,2385.TW,53621,472146,59562,585329
2026-09-18,2387.TW,61000,26341,3490,90831
2026-09-18,2388.TW,-713935,0,23805,-690130
2026-09-18,2390.TW,37400,0,3000,40400
2026-09-18,2392.TW,-240000,0,568,-239432
2026-09-18,2393.TW,1030383,76632,-267397,839618
2026-09-18,2395.TW,-26983,-25901,8994,-43890
2026-09-18,2397.TW,10999,0,-7000,3999
2026-09-18,2399.TW,-1597204,0,-13142,-1610346
2026-09-18,2401.TW,336653,0,160561,497214
2026-09-18,2402.TW,-96730,0,-54618,-151348
2026-09-18,2404.TW,744459,97000,131766,973225
2026-09-18,2405.TW,278000,0,2000,280000
2026-09-18,2406.TW,20002,0,29310,49312
2026-09-18,2408.TW,32233006,3977574,1100734,37311314
2026-09-18,2409.TW,-52162597,3630311,3469798,-45062488
2026-09-18,2412.TW,7428946,-1132314,425000,6721632
2026-09-18,2413.TW,-152000,0,-191,-152191
2026-09-18,2414.TW,46965,0,0,46965
2026-09-18,2415.TW,-1000,0,2000,1000
2026-09-18,2417.TW,14058,0,2000,16058
2026-09-18,2419.TW,-339995,0,5943,-334052
2026-09-18,2420.TW,-38886,0,8801,-30085
2026-09-18,2421.TW,220946,-15000,128043,333989
2026-09-18,2423.TW,24000,0,8000,32000
2026-09-18,2424.TW,-3000,0,0,-3000
2026-09-18,2425.TW,108298,0,1000,109298
2026-09-18,2426.TW,5263810,0,542538,5806348
2026-09-18,2427.TW,475493,0,0,475493
2026-09-18,2428.TW,211440,0,9713,221153
2026-09-18,2429.TW,44000,0,2000,46000
2026-09-18,2430.TW,-6000,0,11000,5000
2026-09-18,2431.TW,31000,0,0,31000
2026-09-18,2432.TW,-6000,0,1000,-5000
2026-09-18,2433.TW,3000,0,6000,9000
2026-09-18,2434.TW,64883,0,0,64883
2026-09-18,2436.TW,-58038,0,34872,-23166
2026-09-18,2438.TW,83000,0,1000,84000
2026-09-18,2439.TW,145174,0,9983,155157
2026-09-18,2440.TW,82000,0,3000,85000
2026-09-18,2441.TW,2513968,-5000,144153,2653121
2026-09-18,2442.TW,-342439,0,5000,-337439
2026-09-18,2444.TW,10668,0,1000,11668
2026-09-18,2449.TW,21780880,-146035,3040136,24674981
2026-09-18,2450.TW,13000,0,10000,23000
2026-09-18,2451.TW,423489,-8000,22687,438176
2026-09-18,2453.TW,100199,0,7000,107199
2026-09-18,2454.TW,2886195,-119993,291712,3057914
2026-09-18,2455.TW,-641603,211000,214503,-216100
2026-09-18,2457.TW,-132212,0,33645,-98567
2026-09-18,2458.TW,136003,-128195,34202,42010
2026-09-18,2459.TW,-24000,0,6000,-18000
2026-09-18,2460.TW,-3812,0,6000,2188
2026-09-18,2461.TW,119805,0,2000,121805
2026-09-18,2462.TW,30000,0,0,30000
2026-09-18,2464.TW,4138089,8000,251203,4397292
2026-09-18,2465.TW,295425,0,1000,296425
2026-09-18,2466.TW,720419,0,0,720419
2026-09-18,2467.TW,-232605,0,8621,-223984
2026-09-18,2468.TW,240306,0,138308,378614
2026-09-18,2471.TW,284162,0,1000,285162
2026-09-18,2472.TW,531115,-500000,941,32056
2026-09-18,2474.TW,-427362,288095,74972,-64295
2026-09-18,2476.TW,471912,0,358263,830175
2026-09-18,2477.TW,116000,11489,7000,134489
2026-09-18,2478.TW,367294,0,-11104,356190
2026-09-18,2480.TW,370525,-1160,8000,377365
2026-09-18,2481.TW,3262230,1217000,239205,4718435
2026-09-18,2482.TW,42000,0,2811,44811
2026-09-18,2483.TW,35000,0,5000,40000
2026-09-18,2484.TW,-614620,0,2523,-612097
2026-09-18,2485.TW,214146,0,12080,226226
2026-09-18,2486.TW,177683,0,35414,213097
2026-09-18,2488.TW,22000,0,5000,27000
2026-09-18,2489.TW,-341405,0,133733,-207672
2026-09-18,2491.TW,-7770,0,-2000,-9770
2026-09-18,2492.TW,4413898,-61000,156422,4509320
2026-09-18,2493.TW,75679,0,-115208,-39529
2026-09-18,2495.TW,84796,0,12000,96796
2026-09-18,2497.TW,-67015,0,1545,-65470
2026-09-18,2498.TW,-1146875,-344000,77115,-1413760
2026-09-18,2501.TW,-1878473,0,59129,-1819344
2026-09-18,2504.TW,461107,96304,102000,659411
2026-09-18,2505.TW,-2367900,0,808000,-1559900
2026-09-18,2506.TW,-1262000,0,33000,-1229000
2026-09-18,2509.TW,37000,0,2000,39000
2026-09-18,2511.TW,-688730,0,246000,-442730
2026-09-18,2514.TW,-45040,0,18800,-26240
2026-09-18,2515.TW,-2481850,0,8514,-2473336
2026-09-18,2516.TW,40969,0,3000,43969
2026-09-18,2520.TW,908527,0,107847,1016374
2026-09-18,2524.TW,-41000,0,999,-40001
2026-09-18,2527.TW,544045,0,32820,576865
2026-09-18,2528.TW,117450,34699,-273000,-120851
2026-09-18,2530.TW,118926,55152,-142000,32078
2026-09-18,2534.TW,46000,0,33000,79000
2026-09-18,2535.TW,-44930,0,10980,-33950
2026-09-18,2536.TW,-50035,0,3000,-47035
2026-09-18,2537.TW,-624499,0,5000,-619499
2026-09-18,2538.TW,-4198114,0,103000,-4095114
2026-09-18,2539.TW,490730,0,55896,546626
2026-09-18,2540.TW,-270454,0,58000,-212454
2026-09-18,2542.TW,1041385,4108390,-144087,5005688
2026-09-18,2543.TW,101630,0,27237,128867
2026-09-18,2545.TW,89180,0,11000,100180
2026-09-18,2546.TW,68109,0,2000,70109
2026-09-18,2547.TW,949000,84750,18162,1051912
2026-09-18,2548.TW,1016829,0,40119,1056948
2026-09-18,2597.TW,2600,0,17000,19600
2026-09-18,2601.TW,-10745202,0,3113000,-7632202
2026-09-18,2603.TW,714802,-10813,-19465,684524
2026-09-18,2605.TW,-2211083,0,788889,-1422194
2026-09-18,2606.TW,360695,10000,113622,484317
2026-09-18,2607.TW,-29710,0,38015,8305
2026-09-18,2608.TW,-27887,0,125000,97113
2026-09-18,2609.TW,-4059571,-90572,490296,-3659847
2026-09-18,2610.TW,-4707761,1950765,319412,-2437584
2026-09-18,2611.TW,-26000,0,2000,-24000
2026-09-18,2612.TW,-66690,0,12294,-54396
2026-09-18,2613.TW,32023,0,1000,33023
2026-09-18,2614.TW,-44612,0,20000,-24612
2026-09-18,2615.TW,2887045,-786715,-149105,1951225
2026-09-18,2616.TW,-7000,0,1928,-5072
2026-09-18,2617.TW,-215850,0,15988,-199862
2026-09-18,2618.TW,-11354448,9293811,324133,-1736504
2026-09-18,2630.TW,127969,0,5845,133814
2026-09-18,2633.TW,-9178684,999605,152586,-8026493
2026-09-18,2634.TW,858948,0,-129271,729677
2026-09-18,2636.TW,14514,0,7904,22418
2026-09-18,2637.TW,586396,-316279,43973,314090
2026-09-18,2642.TW,-9000,0,2000,-7000
2026-09-18,2645.TW,-59475,0,324481,265006
2026-09-18,2646.TW,-1184251,3000,149052,-1032199
2026-09-18,2701.TW,-3000,0,7000,4000
2026-09-18,2702.TW,7000,0,2000,9000
2026-09-18,2704.TW,-14000,0,7000,-7000
2026-09-18,2705.TW,16000,0,3000,19000
2026-09-18,2706.TW,-59000,0,6000,-53000
2026-09-18,2707.TW,-55000,0,4887,-50113
2026-09-18,2712.TW,2000,0,1000,3000
2026-09-18,2722.TW,1000,0,7000,8000
2026-09-18,2723.TW,-60000,0,8000,-52000
2026-09-18,2727.TW,-56497,0,-9176,-65673
2026-09-18,2731.TW,-40000,0,6920,-33080
2026-09-18,2739.TW,16000,0,1000,17000
2026-09-18,2748.TW,11000,0,4000,15000
2026-09-18,2753.TW,-24980,5857,2990,-16133
2026-09-18,2762.TW,4000,0,2000,6000
2026-09-18,2801.TW,-11776156,-40816,1283224,-10533748
2026-09-18,2812.TW,-5148726,61788,549000,-4537938
2026-09-18,2816.TW,-261000,0,4000,-257000
2026-09-18,2820.TW,691000,0,145997,836997
2026-09-18,2832.TW,-63916,14790,8798,-40328
2026-09-18,2834.TW,-23884693,52413,979242,-22853038
2026-09-18,2836.TW,-1298788,0,98030,-1200758
2026-09-18,2838.TW,-1261304,2000,335476,-923828
2026-09-18,2845.TW,-4678739,-5000,379964,-4303775
2026-09-18,2849.TW,179111,0,93000,272111
2026-09-18,2850.TW,-8000,1000,34864,27864
2026-09-18,2851.TW,169849,0,-37037,132812
2026-09-18,2852.TW,29347,0,-7000,22347
2026-09-18,2855.TW,1065148,420816,0,1485964
2026-09-18,2880.TW,3931048,-4364791,1149897,716154
2026-09-18,2881.TW,-1794526,-1921652,1198869,-2517309
2026-09-18,2882.TW,-43387,-8530045,1243552,-7329880
2026-09-18,2883.TW,-8141925,-633893,1007774,-7768044
2026-09-18,2884.TW,-17250967,1205760,468684,-15576523
2026-09-18,2885.TW,9335275,-5834995,782010,4282290
2026-09-18,2886.TW,2500838,-5024975,1037526,-1486611
2026-09-18,2887.TW,-8002342,-2448561,-501554,-10952457
2026-09-18,2889.TW,-7903851,0,362539,-7541312
2026-09-18,2890.TW,-1206681,-992176,803171,-1395686
2026-09-18,2891.TW,2892081,-1613535,1395677,2674223
2026-09-18,2892.TW,6709988,-1115255,1192021,6786754
2026-09-18,2897.TW,-1202810,0,413442,-789368
2026-09-18,2901.TW,2000,0,1000,3000
2026-09-18,2903.TW,107000,0,68000,175000
2026-09-18,2904.TW,10000,0,1000,11000
2026-09-18,2905.TW,-255601,0,45000,-210601
2026-09-18,2906.TW,17000,0,30101,47101
2026-09-18,2908.TW,46180,0,7000,53180
2026-09-18,2910.TW,6000,0,2000,8000
2026-09-18,2911.TW,11000,0,1000,12000
2026-09-18,2912.TW,-582961,123039,57439,-402483
2026-09-18,2913.TW,-1990926,0,1573000,-417926
2026-09-18,2915.TW,-139813,0,120151,-19662
2026-09-18,2923.TW,158000,0,40409,198409
2026-09-18,2929.TW,130000,0,1000,131000
2026-09-18,2939.TW,-2000,0,1000,-1000
2026-09-18,2945.TW,-1000,0,0,-1000
2026-09-18,3002.TW,10000,0,4185,14185
2026-09-18,3003.TW,-45849,0,4669,-41180
2026-09-18,3004.TW,71838,-40000,1619,33457
2026-09-18,3005.TW,-48195,247003,60002,258810
2026-09-18,3006.TW,2924740,482000,586235,3992975
2026-09-18,3008.TW,-375708,131930,79532,-164246
2026-09-18,3010.TW,-67000,0,10456,-56544
2026-09-18,3011.TW,19170,0,1000,20170
2026-09-18,3013.TW,-259138,0,-5879,-265017
2026-09-18,3014.TW,372850,31698,10212,414760
2026-09-18,3015.TW,11248,0,7000,18248
2026-09-18,3016.TW,-478742,0,231849,-246893
2026-09-18,3017.TW,-1310,41794,165403,205887
2026-09-18,3018.TW,0,0,1000,1000
2026-09-18,3019.TW,-112000,0,-553,-112553
2026-09-18,3021.TW,-59900,0,0,-59900
2026-09-18,3022.TW,152484,0,-8454,144030
2026-09-18,3023.TW,363981,-54000,13074,323055
2026-09-18,3024.TW,-885740,0,4000,-881740
2026-09-18,3025.TW,11000,0,1000,12000
2026-09-18,3026.TW,662634,268000,18239,948873
2026-09-18,3027.TW,-35000,0,19000,-16000
2026-09-18,3028.TW,-24000,0,4995,-19005
2026-09-18,3029.TW,2738447,-1660,75637,2812424
2026-09-18,3030.TW,-37119,-1000,13182,-24937
2026-09-18,3031.TW,-1560765,0,-1063,-1561828
2026-09-18,3032.TW,-40996,0,0,-40996
2026-09-18,3033.TW,-655250,-4685,-34082,-694017
2026-09-18,3034.TW,1842211,215476,156869,2214556
2026-09-18,3035.TW,1798239,0,919898,2718137
2026-09-18,3036.TW,-3459879,686003,117717,-2656159
2026-09-18,3037.TW,3073914,811935,197702,4083551
2026-09-18,3038.TW,-26000,0,7000,-19000
2026-09-18,3040.TW,6000,0,1000,7000
2026-09-18,3041.TW,115546,0,2000,117546
2026-09-18,3042.TW,4047573,160000,185879,4393452
2026-09-18,3043.TW,14000,0,2000,16000
2026-09-18,3044.TW,518662,-23322,27602,522942
2026-09-18,3045.TW,-333734,2148492,54543,1869301
2026-09-18,3046.TW,-40083,0,2000,-38083
2026-09-18,3047.TW,94036,0,3000,97036
2026-09-18,3048.TW,111144,0,4998,116142
2026-09-18,3049.TW,117260,0,11423,128683
2026-09-18,3050.TW,-61000,0,7000,-54000
2026-09-18,3051.TW,333231,0,-3998,329233
2026-09-18,3052.TW,-34000,0,3000,-31000
2026-09-18,3054.TW,22000,0,1000,23000
2026-09-18,3055.TW,271000,0,7000,278000
2026-09-18,3056.TW,965426,0,22614,988040
2026-09-18,3057.TW,36000,0,0,36000
2026-09-18,3058.TW,143000,0,2000,145000
2026-09-18,3059.TW,-275000,0,2147,-272853
2026-09-18,3060.TW,-41839,0,6002,-35837
2026-09-18,3062.TW,-104000,0,12866,-91134
2026-09-18,3090.TW,886130,0,20855,906985
2026-09-18,3092.TW,59000,0,1000,60000
2026-09-18,3094.TW,2740300,0,15842,2756142
2026-09-18,3130.TW,-25000,0,-1000,-26000
2026-09-18,3135.TW,45031,0,-272,44759
2026-09-18,3138.TW,-637814,0,67537,-570277
2026-09-18,3149.TW,478088,0,557,478645
2026-09-18,3150.TW,2000,0,-10000,-8000
2026-09-18,3164.TW,4000,0,1000,5000
2026-09-18,3167.TW,-612448,55000,40172,-517276
2026-09-18,3168.TW,0,0,0,0
2026-09-18,3189.TW,2660019,308000,205557,3173576
2026-09-18,3209.TW,-26000,0,2892,-23108
2026-09-18,3229.TW,319765,0,15414,335179
2026-09-18,3231.TW,-3502354,3044019,633184,174849
2026-09-18,3257.TW,52000,0,3000,55000
2026-09-18,3266.TW,4000,0,5000,9000
2026-09-18,3296.TW,64000,0,7622,71622
2026-09-18,3305.TW,-51416,0,-1442,-52858
2026-09-18,3308.TW,10000,0,0,10000
2026-09-18,3311.TW,199519,0,15000,214519
2026-09-18,3312.TW,480885,0,6057,486942
2026-09-18,3321.TW,13000,0,1000,14000
2026-09-18,3338.TW,201120,0,11000,212120
2026-09-18,3346.TW,-71250,0,181244,109994
2026-09-18,3376.TW,-232011,44000,-29542,-217553
2026-09-18,3380.TW,-546948,0,14525,-532423
2026-09-18,3406.TW,-1261819,182000,153183,-926636
2026-09-18,3413.TW,-16258,0,9219,-7039
2026-09-18,3416.TW,-45000,0,3001,-41999
2026-09-18,3419.TW,-5000,0,1000,-4000
2026-09-18,3432.TW,-1000,0,0,-1000
2026-09-18,3437.TW,-433351,0,7200,-426151
2026-09-18,3443.TW,-515777,90547,45855,-379375
2026-09-18,3447.TW,-14000,0,2000,-12000
2026-09-18,3450.TW,-641850,6000,-68932,-704782
2026-09-18,3481.TW,-22782285,-1832293,-2071247,-26685825
2026-09-18,3494.TW,-4000,0,3000,-1000
2026-09-18,3501.TW,-13880,0,2000,-11880
2026-09-18,3504.TW,241161,0,7182,248343
2026-09-18,3515.TW,73000,0,-3162,69838
2026-09-18,3518.TW,55000,0,1000,56000
2026-09-18,3528.TW,6880,0,4000,10880
2026-09-18,3530.TW,39000,0,4000,43000
2026-09-18,3532.TW,-521471,-2000,-229765,-753236
2026-09-18,3533.TW,-77446,-48941,4871,-121516
2026-09-18,3535.TW,89220,0,-825,88395
2026-09-18,3543.TW,-259000,0,2000,-257000
2026-09-18,3545.TW,452023,0,11000,463023
2026-09-18,3550.TW,651699,0,1495,653194
2026-09-18,3557.TW,6000,0,1000,7000
2026-09-18,3563.TW,64906,0,5955,70861
2026-09-18,3576.TW,4541628,0,88000,4629628
2026-09-18,3583.TW,49268,0,13772,63040
2026-09-18,3588.TW,56345,0,2102,58447
2026-09-18,3592.TW,-28052,-699,3000,-25751
2026-09-18,3593.TW,-2000,0,0,-2000
2026-09-18,3596.TW,-215000,0,7435,-207565
2026-09-18,3605.TW,4964719,0,-138774,4825945
2026-09-18,3607.TW,-1000,0,2000,1000
2026-09-18,3617.TW,41054,0,-4339,36715
2026-09-18,3622.TW,-58000,0,6974,-51026
2026-09-18,3645.TW,-33610,0,4912,-28698
2026-09-18,3652.TW,17000,0,1000,18000
2026-09-18,3653.TW,18289,-1696,2003,18596
2026-09-18,3661.TW,2543786,-2126268,80419,497937
2026-09-18,3665.TW,758512,315753,31628,1105893
2026-09-18,3669.TW,-15721,0,5000,-10721
2026-09-18,3673.TW,-310680,0,-20785,-331465
2026-09-18,3679.TW,-2000,3208,4000,5208
2026-09-18,3686.TW,4000,0,1000,5000
2026-09-18,3694.TW,106000,0,2000,108000
2026-09-18,3701.TW,73008,0,4075,77083
2026-09-18,3702.TW,174248,1283526,-215705,1242069
2026-09-18,3703.TW,-15173,0,49000,33827
2026-09-18,3704.TW,914000,0,22540,936540
2026-09-18,3705.TW,114148,0,0,114148
2026-09-18,3706.TW,-1009794,-163175,-35452,-1208421
2026-09-18,3708.TW,52000,0,6000,58000
2026-09-18,3711.TW,7214976,-560598,996401,7650779
2026-09-18,3712.TW,-28270,0,4000,-24270
2026-09-18,3714.TW,4644423,0,441727,5086150
2026-09-18,3715.TW,-162984,0,18434,-144550
2026-09-18,3716.TW,-187286,0,7000,-180286
2026-09-18,3717.TW,4855298,0,-294992,4560306
2026-09-18,4104.TW,35000,0,3000,38000
2026-09-18,4106.TW,22000,0,6000,28000
2026-09-18,4108.TW,20000,0,2000,22000
2026-09-18,4119.TW,-14227,0,6174,-8053
2026-09-18,4133.TW,18000,0,1000,19000
2026-09-18,4137.TW,-1000,6865,5676,11541
2026-09-18,4142.TW,102000,0,26000,128000
2026-09-18,4148.TW,0,0,0,0
2026-09-18,4155.TW,72000,0,2000,74000
2026-09-18,4164.TW,-999,0,2000,1001
2026-09-18,4169.TW,48840,0,1000,49840
2026-09-18,4178.TW,25000,0,3000,28000
2026-09-18,4190.TW,16000,0,1000,17000
2026-09-18,4195.TW,12000,0,1852,13852
2026-09-18,4306.TW,14183,0,-9000,5183
2026-09-18,4414.TW,18000,0,6000,24000
2026-09-18,4426.TW,18000,0,-1000,17000
2026-09-18,4438.TW,-13753,0,820,-12933
2026-09-18,4439.TW,3000,0,1000,4000
2026-09-18,4440.TW,24000,0,-9000,15000
2026-09-18,4441.TW,13000,0,2000,15000
2026-09-18,4526.TW,73029,0,4633,77662
2026-09-18,4532.TW,-272436,31430,2000,-239006
2026-09-18,4536.TW,79000,0,-1000,78000
2026-09-18,4540.TW,121192,0,1000,122192
2026-09-18,4545.TW,16000,0,4000,20000
2026-09-18,4551.TW,6748,0,1227,7975
2026-09-18,4552.TW,-117000,0,2000,-115000
2026-09-18,4555.TW,-17000,0,712,-16288
2026-09-18,4557.TW,-4000,0,3000,-1000
2026-09-18,4560.TW,-41000,0,0,-41000
2026-09-18,4562.TW,48000,0,3000,51000
2026-09-18,4564.TW,32786,0,9364,42150
2026-09-18,4566.TW,11429,0,2000,13429
2026-09-18,4569.TW,-1979,0,-5,-1984
2026-09-18,4571.TW,6083,0,1000,7083
2026-09-18,4572.TW,2462,0,1000,3462
2026-09-18,4576.TW,294244,0,85166,379410
2026-09-18,4581.TW,1000,0,0,1000
2026-09-18,4582.TW,5000,0,0,5000
2026-09-18,4583.TW,-396,-3000,3110,-286
2026-09-18,4585.TW,77600,0,1802,79402
2026-09-18,4588.TW,15000,0,0,15000
2026-09-18,4590.TW,99075,0,5,99080
2026-09-18,4720.TW,-103100,0,-1000,-104100
2026-09-18,4722.TW,177786,0,-204,177582
2026-09-18,4736.TW,16165,50000,1000,67165
2026-09-18,4737.TW,6000,0,1000,7000
2026-09-18,4739.TW,-173000,0,659,-172341
2026-09-18,4746.TW,282153,0,2000,284153
2026-09-18,4755.TW,63851,0,4000,67851
2026-09-18,4763.TW,6423582,984000,464321,7871903
2026-09-18,4764.TW,-69834,0,-3248,-73082
2026-09-18,4766.TW,79559,-13000,-1000,65559
2026-09-18,4770.TW,210174,0,84284,294458
2026-09-18,4771.TW,49649,0,-4058,45591
2026-09-18,4807.TW,28000,0,-1000,27000
2026-09-18,4904.TW,813191,-882567,236000,166624
2026-09-18,4906.TW,180316,0,71411,251727
2026-09-18,4912.TW,160067,0,2000,162067
2026-09-18,4915.TW,2898000,-2183,-247749,2648068
2026-09-18,4916.TW,229552,0,38380,267932
2026-09-18,4919.TW,-135200,-391000,206397,-319803
2026-09-18,4927.TW,503648,0,9000,512648
2026-09-18,4930.TW,9000,0,1000,10000
2026-09-18,4934.TW,-42999,0,6000,-36999
2026-09-18,4935.TW,-21000,0,3004,-17996
2026-09-18,4938.TW,-635904,-232060,191845,-676119
2026-09-18,4942.TW,-17000,0,8000,-9000
2026-09-18,4949.TW,73200,0,2000,75200
2026-09-18,4952.TW,55880,0,6000,61880
2026-09-18,4956.TW,-634248,0,5335,-628913
2026-09-18,4958.TW,-9026745,-432397,-252538,-9711680
2026-09-18,4960.TW,-4326155,0,121792,-4204363
2026-09-18,4961.TW,328403,0,-20000,308403
2026-09-18,4967.TW,588139,0,9491,597630
2026-09-18,4968.TW,39940,0,5427,45367
2026-09-18,4976.TW,95597,0,6001,101598
2026-09-18,4977.TW,121613,0,1976,123589
2026-09-18,4989.TW,471104,0,-8193,462911
2026-09-18,4994.TW,-21000,0,7000,-14000
2026-09-18,4999.TW,3000,0,3782,6782
2026-09-18,5007.TW,18000,0,4000,22000
2026-09-18,5203.TW,-5890,0,13000,7110
2026-09-18,5215.TW,-2000,0,3000,1000
2026-09-18,5222.TW,47664,0,3799,51463
2026-09-18,5225.TW,25000,0,3000,28000
2026-09-18,5234.TW,-60874,0,4122,-56752
2026-09-18,5236.TW,-1537,0,3000,1463
2026-09-18,5243.TW,7784,0,7917,15701
2026-09-18,5244.TW,192370,0,1000,193370
2026-09-18,5258.TW,-23700,0,5000,-18700
2026-09-18,5269.TW,318996,-1378,21854,339472
2026-09-18,5283.TW,66000,0,-1000,65000
2026-09-18,5284.TW,-13000,0,870,-12130
2026-09-18,5285.TW,-185709,0,7383,-178326
2026-09-18,5288.TW,1,0,2761,2762
2026-09-18,5292.TW,9915,0,-340,9575
2026-09-18,5306.TW,-30573,0,11000,-19573
2026-09-18,5388.TW,-617637,0,3553,-614084
2026-09-18,5434.TW,-17564,-141000,5939,-152625
2026-09-18,5469.TW,-806473,0,19979,-786494
2026-09-18,5471.TW,-110815,0,23005,-87810
2026-09-18,5484.TW,23000,0,-1000,22000
2026-09-18,5515.TW,-10434,0,7135,-3299
2026-09-18,5519.TW,80210,0,13000,93210
2026-09-18,5521.TW,409000,0,25000,434000
2026-09-18,5522.TW,-72756,-131592,50000,-154348
2026-09-18,5525.TW,58000,0,4000,62000
2026-09-18,5531.TW,-3568385,0,37000,-3531385
2026-09-18,5533.TW,8000,0,4000,12000
2026-09-18,5534.TW,314886,0,-21092,293794
2026-09-18,5538.TW,2000,0,4000,6000
2026-09-18,5546.TW,4000,0,0,4000
2026-09-18,5607.TW,-64426,0,4000,-60426
2026-09-18,5608.TW,316300,0,3897,320197
2026-09-18,5706.TW,9769,0,-4000,5769
2026-09-18,5871.TW,-1914087,-31630,138625,-1807092
2026-09-18,5876.TW,-471717,446862,319430,294575
2026-09-18,5880.TW,1224859,-1878809,1338729,684779
2026-09-18,5906.TW,0,0,0,0
2026-09-18,5907.TW,211000,0,2000,213000
2026-09-18,6005.TW,-1466982,-540321,0,-2007303
2026-09-18,6024.TW,-38277,0,3000,-35277
2026-09-18,6108.TW,-290252,0,-6000,-296252
2026-09-18,6112.TW,1689300,0,246802,1936102
2026-09-18,6115.TW,26000,0,-9000,17000
2026-09-18,6116.TW,-3044666,0,75719,-2968947
2026-09-18,6117.TW,-8459,0,-26000,-34459
2026-09-18,6120.TW,-224318,0,52600,-171718
2026-09-18,6128.TW,7000,0,6000,13000
2026-09-18,6133.TW,11645,0,-196,11449
2026-09-18,6136.TW,9002,0,5000,14002
2026-09-18,6139.TW,912248,-178000,124287,858535
2026-09-18,6141.TW,489000,0,2000,491000
2026-09-18,6142.TW,72999,0,3000,75999
2026-09-18,6152.TW,672960,0,0,672960
2026-09-18,6153.TW,-577000,0,23772,-553228
2026-09-18,6155.TW,334247,0,-1000,333247
2026-09-18,6164.TW,308000,0,0,308000
2026-09-18,6165.TW,340000,0,20000,360000
2026-09-18,6166.TW,-70900,0,9881,-61019
2026-09-18,6168.TW,4171919,0,-11319,4160600
2026-09-18,6176.TW,886831,-36171,15053,865713
2026-09-18,6177.TW,324060,46647,-6000,364707
2026-09-18,6183.TW,2000,0,2000,4000
2026-09-18,6184.TW,158370,0,2000,160370
2026-09-18,6189.TW,198111,-3434,4225,198902
2026-09-18,6191.TW,112936,34000,-2801,144135
2026-09-18,6192.TW,22000,0,0,22000
2026-09-18,6196.TW,172720,-1000,106419,278139
2026-09-18,6197.TW,413979,0,84465,498444
2026-09-18,6201.TW,-9000,0,1000,-8000
2026-09-18,6202.TW,133390,0,25371,158761
2026-09-18,6205.TW,-38000,0,1000,-37000
2026-09-18,6206.TW,-381554,-575,-24207,-406336
2026-09-18,6209.TW,627319,0,164779,792098
2026-09-18,6213.TW,2704685,889000,-4596,3589089
2026-09-18,6214.TW,514886,0,20000,534886
2026-09-18,6215.TW,-29000,0,776,-28224
2026-09-18,6216.TW,-8000,0,3083,-4917
2026-09-18,6224.TW,444037,0,2000,446037
2026-09-18,6225.TW,0,0,0,0
2026-09-18,6226.TW,2494521,0,-901387,1593134
2026-09-18,6230.TW,26030,0,3000,29030
2026-09-18,6235.TW,-69376,0,6664,-62712
2026-09-18,6239.TW,5113233,-2618835,863241,3357639
2026-09-18,6243.TW,65026,0,1000,66026
2026-09-18,6257.TW,13229168,23000,1777243,15029411
2026-09-18,6269.TW,-967000,0,15946,-951054
2026-09-18,6271.TW,282047,0,18726,300773
2026-09-18,6272.TW,47000,0,-1000,46000
2026-09-18,6277.TW,45899,0,5000,50899
2026-09-18,6278.TW,188,30000,189268,219456
2026-09-18,6281.TW,-8000,0,2000,-6000
2026-09-18,6282.TW,-589790,0,47127,-542663
2026-09-18,6283.TW,82000,0,1000,83000
2026-09-18,6285.TW,-526669,2000,-35180,-559849
2026-09-18,6405.TW,-34411,0,-7920,-42331
2026-09-18,6409.TW,106959,-37481,13391,82869
2026-09-18,6412.TW,2102,0,20440,22542
2026-09-18,6414.TW,-59330,-25000,4247,-80083
2026-09-18,6415.TW,1079410,-11000,-63909,1004501
2026-09-18,6416.TW,173627,0,4000,177627
2026-09-18,6426.TW,1203511,0,-3579,1199932
2026-09-18,6431.TW,3000,0,2000,5000
2026-09-18,6438.TW,21000,0,56926,77926
2026-09-18,6442.TW,205911,-147000,35285,94196
2026-09-18,6443.TW,1540645,0,-5084,1535561
2026-09-18,6446.TW,-9221504,8555302,27842,-638360
2026-09-18,6449.TW,-34189,0,8951,-25238
2026-09-18,6451.TW,610681,0,8840,619521
2026-09-18,6456.TW,-226856,0,-43643,-270499
2026-09-18,6464.TW,5200,0,1000,6200
2026-09-18,6472.TW,343592,398611,97271,839474
2026-09-18,6477.TW,110995,0,5000,115995
2026-09-18,6491.TW,-85797,0,-8841,-94638
2026-09-18,6504.TW,-2000,0,1000,-1000
2026-09-18,6505.TW,-2501065,-180461,279224,-2402302
2026-09-18,6515.TW,15105,-13000,5397,7502
2026-09-18,6525.TW,444075,-1886,8542,450731
2026-09-18,6526.TW,668072,-1000,343346,1010418
2026-09-18,6531.TW,1042411,-138000,42063,946474
2026-09-18,6533.TW,875035,0,-14955,860080
2026-09-18,6534.TW,-22000,0,1000,-21000
2026-09-18,6541.TW,-52878,0,1788,-51090
2026-09-18,6552.TW,17000,0,1000,18000
2026-09-18,6558.TW,34007,0,2000,36007
2026-09-18,6573.TW,37000,0,0,37000
2026-09-18,6579.TW,5371,0,6000,11371
2026-09-18,6581.TW,8000,0,1000,9000
2026-09-18,6582.TW,-1992,0,1000,-992
2026-09-18,6585.TW,-10000,0,1100,-8900
2026-09-18,6589.TW,513354,0,14213,527567
2026-09-18,6591.TW,64000,0,0,64000
2026-09-18,6592.TW,-595900,0,40247,-555653
2026-09-18,6598.TW,-24000,0,1000,-23000
2026-09-18,6605.TW,210997,0,5418,216415
2026-09-18,6606.TW,10000,0,0,10000
2026-09-18,6614.TW,-3000,0,1000,-2000
2026-09-18,6625.TW,20050,0,1000,21050
2026-09-18,6641.TW,-1000,0,1000,0
2026-09-18,6645.TW,-15000,0,1000,-14000
2026-09-18,6655.TW,1000,0,1000,2000
2026-09-18,6657.TW,-13308,0,1000,-12308
2026-09-18,6658.TW,29516,0,1005,30521
2026-09-18,6666.TW,-2000,0,-1000,-3000
2026-09-18,6668.TW,16809,0,27053,43862
2026-09-18,6669.TW,-325425,-677007,42963,-959469
2026-09-18,6670.TW,5092,19390,-10000,14482
2026-09-18,6671.TW,5000,0,0,5000
2026-09-18,6672.TW,1408371,2000,52482,1462853
2026-09-18,6674.TW,3000,0,1000,4000
2026-09-18,6689.TW,-34790,0,2000,-32790
2026-09-18,6691.TW,519725,-2000,45226,562951
2026-09-18,6695.TW,219172,0,0,219172
2026-09-18,6698.TW,18000,0,1000,19000
2026-09-18,6706.TW,123917,0,144814,268731
2026-09-18,6715.TW,-403768,-265000,49587,-619181
2026-09-18,6719.TW,-8078,0,1997,-6081
2026-09-18,6722.TW,4000,0,1000,5000
2026-09-18,6742.TW,-391665,0,-6702,-398367
2026-09-18,6743.TW,75244,12278,6000,93522
2026-09-18,6753.TW,43563,0,56028,99591
2026-09-18,6754.TW,3000,0,0,3000
2026-09-18,6756.TW,44000,0,3000,47000
2026-09-18,6757.TW,-97000,0,19000,-78000
2026-09-18,6768.TW,-18507,-1981,2000,-18488
2026-09-18,6770.TW,77685143,3803009,7791436,89279588
2026-09-18,6771.TW,1000,0,0,1000
2026-09-18,6776.TW,26000,0,1000,27000
2026-09-18,6781.TW,-40776,0,25181,-15595
2026-09-18,6782.TW,-72753,0,14838,-57915
2026-09-18,6789.TW,310174,1000,52003,363177
2026-09-18,6790.TW,19000,0,1998,20998
2026-09-18,6792.TW,-2000,0,5000,3000
2026-09-18,6794.TW,3000,0,1000,4000
2026-09-18,6796.TW,6000,0,1000,7000
2026-09-18,6799.TW,55100,0,1316,56416
2026-09-18,6805.TW,-236676,497000,45288,305612
2026-09-18,6807.TW,1000,0,1000,2000
2026-09-18,6830.TW,920181,0,52713,972894
2026-09-18,6831.TW,176198,-190000,9864,-3938
2026-09-18,6834.TW,1000549,0,15330,1015879
2026-09-18,6835.TW,4000,0,0,4000
2026-09-18,6838.TW,-54666,0,16000,-38666
2026-09-18,6854.TW,141000,0,-3822,137178
2026-09-18,6861.TW,141000,0,25528,166528
2026-09-18,6862.TW,11000,0,643,11643
2026-09-18,6863.TW,-11000,0,3797,-7203
2026-09-18,6869.TW,34453,0,26362,60815
2026-09-18,6873.TW,88971,0,8000,96971
2026-09-18,6885.TW,130215,0,3000,133215
2026-09-18,6887.TW,6000,0,1000,7000
2026-09-18,6890.TW,-105645,0,13099,-92546
2026-09-18,6901.TW,4000,0,-13000,-9000
2026-09-18,6902.TW,69000,0,4095,73095
2026-09-18,6906.TW,6000,0,149,6149
2026-09-18,6908.TW,1000,0,1000,2000
2026-09-18,6909.TW,105000,0,0,105000
2026-09-18,6914.TW,21000,0,0,21000
2026-09-18,6916.TW,-2000,0,0,-2000
2026-09-18,6918.TW,1000,0,-1000,0
2026-09-18,6919.TW,210434,3000,107097,320531
2026-09-18,6921.TW,1000,0,0,1000
2026-09-18,6923.TW,122184,0,8052,130236
2026-09-18,6924.TW,8000,0,990,8990
2026-09-18,6928.TW,13000,0,0,13000
2026-09-18,6931.TW,9000,0,0,9000
2026-09-18,6933.TW,-181013,0,-3394,-184407
2026-09-18,6934.TW,8000,0,0,8000
2026-09-18,6936.TW,5000,0,1000,6000
2026-09-18,6937.TW,296275,0,43682,339957
2026-09-18,6944.TW,60714,-10600,26455,76569
2026-09-18,6947.TW,57985,0,3000,60985
2026-09-18,6949.TW,-513269,209000,-53757,-358026
2026-09-18,6951.TW,0,0,499,499
2026-09-18,6952.TW,-1000,0,1000,0
2026-09-18,6955.TW,1000,0,-10,990
2026-09-18,6957.TW,-119000,0,0,-119000
2026-09-18,6958.TW,13000,0,13000,26000
2026-09-18,6962.TW,21000,0,6406,27406
2026-09-18,6965.TW,4000,0,2000,6000
2026-09-18,6969.TW,0,0,-10030,-10030
2026-09-18,6988.TW,-35000,0,-1000,-36000
2026-09-18,6994.TW,148100,0,285,148385
2026-09-18,7610.TW,-280156,11000,2606,-266550
2026-09-18,7631.TW,20000,0,-1508,18492
2026-09-18,7689.TW,0,0,2000,2000
2026-09-18,7705.TW,3000,0,0,3000
2026-09-18,7711.TW,153594,18000,-40292,131302
2026-09-18,7721.TW,21000,0,0,21000
2026-09-18,7722.TW,-13455,0,3000,-10455
2026-09-18,7730.TW,6000,0,2009,8009
2026-09-18,7732.TW,1000,0,1000,2000
2026-09-18,7736.TW,2000,0,1000,3000
2026-09-18,7740.TW,-6042,0,6411,369
2026-09-18,7749.TW,-19000,0,3560,-15440
2026-09-18,7750.TW,-20819,-5000,11410,-14409
2026-09-18,7760.TW,1000,0,2000,3000
2026-09-18,7765.TW,62389,0,0,62389
2026-09-18,7768.TW,19851,0,1000,20851
2026-09-18,7769.TW,44092,2351,28355,74798
2026-09-18,7780.TW,366000,0,-5429,360571
2026-09-18,7786.TW,29073,0,-3000,26073
2026-09-18,7788.TW,7320,0,29395,36715
2026-09-18,7791.TW,8000,0,1000,9000
2026-09-18,7795.TW,-284478,6000,-6635,-285113
2026-09-18,7799.TW,125622,15000,-39000,101622
2026-09-18,7803.TW,11000,0,-1787,9213
2026-09-18,7818.TW,18000,0,2000,20000
2026-09-18,7821.TW,44000,0,3000,47000
2026-09-18,7822.TW,-9000,0,-6174,-15174
2026-09-18,7823.TW,-5000,0,2006,-2994
2026-09-18,7827.TW,161000,0,-756,160244
2026-09-18,7835.TW,3000,0,-2000,1000
2026-09-18,7855.TW,14000,0,0,14000
2026-09-18,8011.TW,-58649,0,3000,-55649
2026-09-18,8016.TW,149000,-797,5084,153287
2026-09-18,8021.TW,-823535,1000,78368,-744167
2026-09-18,8028.TW,398724,0,10827,409551
2026-09-18,8033.TW,524404,0,-19369,505035
2026-09-18,8039.TW,1886851,-1991000,239993,135844
2026-09-18,8045.TW,18845,0,1375,20220
2026-09-18,8046.TW,-393073,855128,138658,600713
2026-09-18,8070.TW,225565,-3369,12000,234196
2026-09-18,8072.TW,230000,0,1000,231000
2026-09-18,8081.TW,-17820,0,3621,-14199
2026-09-18,8103.TW,-744934,0,-158165,-903099
2026-09-18,8104.TW,-137788,0,-1000,-138788
2026-09-18,8105.TW,181916,0,85,182001
2026-09-18,8110.TW,2308000,0,193446,2501446
2026-09-18,8112.TW,-1725841,0,50013,-1675828
2026-09-18,8114.TW,-24000,0,2997,-21003
2026-09-18,8131.TW,512413,0,35716,548129
2026-09-18,8150.TW,13540649,0,2459480,16000129
2026-09-18,8162.TW,73010,0,-2838,70172
2026-09-18,8163.TW,-94000,0,15304,-78696
2026-09-18,8201.TW,-18000,0,1000,-17000
2026-09-18,8210.TW,64940,-212000,14472,-132588
2026-09-18,8213.TW,14061,0,10902,24963
2026-09-18,8215.TW,-669709,0,9000,-660709
2026-09-18,8222.TW,41000,0,1000,42000
2026-09-18,8249.TW,90300,0,1000,91300
2026-09-18,8261.TW,1227009,0,11847,1238856
2026-09-18,8271.TW,-495095,0,3252,-491843
2026-09-18,8341.TW,43000,0,5983,48983
2026-09-18,8367.TW,6000,0,1000,7000
2026-09-18,8374.TW,-17000,0,-8819,-25819
2026-09-18,8404.TW,-11660,0,20634,8974
2026-09-18,8411.TW,3000,0,-42000,-39000
2026-09-18,8422.TW,3430104,-909000,-270815,2250289
2026-09-18,8429.TW,22000,0,2000,24000
2026-09-18,8438.TW,-35000,0,1949,-33051
2026-09-18,8442.TW,-2000,4000,0,2000
2026-09-18,8443.TW,5000,0,1000,6000
2026-09-18,8454.TW,12543,9137,18843,40523
2026-09-18,8462.TW,-3000,0,3000,0
2026-09-18,8463.TW,14000,0,3000,17000
2026-09-18,8464.TW,78837,-62751,17993,34079
2026-09-18,8466.TW,8000,0,1000,9000
2026-09-18,8467.TW,3000,0,0,3000
2026-09-18,8473.TW,-49551,0,1500,-48051
2026-09-18,8476.TW,22099,0,3000,25099
2026-09-18,8478.TW,-20017,0,4000,-16017
2026-09-18,8481.TW,1000,0,0,1000
2026-09-18,8482.TW,4000,0,1000,5000
2026-09-18,8487.TW,1000,0,0,1000
2026-09-18,8488.TW,28000,0,-4000,24000
2026-09-18,8499.TW,21000,0,1258,22258
2026-09-18,8926.TW,71854,0,46652,118506
2026-09-18,8940.TW,16000,0,-2000,14000
2026-09-18,8996.TW,589764,-20347,36969,606386
2026-09-18,9103.TW,-10000,0,-784,-10784
2026-09-18,9105.TW,-4868800,0,-35356,-4904156
2026-09-18,9136.TW,94000,0,0,94000
2026-09-18,9802.TW,-16373,-90000,8980,-97393
2026-09-18,9902.TW,0,0,5000,5000
2026-09-18,9904.TW,-5800307,3015862,365419,-2419026
2026-09-18,9905.TW,2828,0,4000,6828
2026-09-18,9906.TW,31000,0,4829,35829
2026-09-18,9907.TW,-101000,100261,73899,73160
2026-09-18,9908.TW,7000,0,28000,35000
2026-09-18,9910.TW,-343814,473000,54041,183227
2026-09-18,9911.TW,-35000,0,11000,-24000
2026-09-18,9912.TW,7000,0,1000,8000
2026-09-18,9914.TW,-260191,0,-18379,-278570
2026-09-18,9917.TW,360211,-87000,7000,280211
2026-09-18,9918.TW,4000,0,2000,6000
2026-09-18,9919.TW,40000,0,8000,48000
2026-09-18,9921.TW,313009,-162000,10822,161831
2026-09-18,9924.TW,-28000,0,2000,-26000
2026-09-18,9925.TW,-133000,0,14000,-119000
2026-09-18,9926.TW,4000,0,1000,5000
2026-09-18,9927.TW,16000,0,5000,21000
2026-09-18,9928.TW,0,0,1000,1000
2026-09-18,9929.TW,3000,0,2000,5000
2026-09-18,9930.TW,-150,0,20000,19850
2026-09-18,9931.TW,3000,0,1000,4000
2026-09-18,9933.TW,-102878,0,36000,-66878
2026-09-18,9934.TW,-266124,0,5000,-261124
2026-09-18,9935.TW,-142232,14134,3000,-125098
2026-09-18,9937.TW,14000,0,5000,19000
2026-09-18,9938.TW,-750299,38794,974,-710531
2026-09-18,9939.TW,155000,-1448,14641,168193
2026-09-18,9940.TW,108005,0,36000,144005
2026-09-18,9941.TW,-604000,-102183,70338,-635845
2026-09-18,9942.TW,-12870,0,2000,-10870
2026-09-18,9943.TW,-55000,0,3000,-52000
2026-09-18,9944.TW,-1000,0,1000,0
2026-09-18,9945.TW,-1552202,689000,-36496,-899698
2026-09-18,9946.TW,-231000,0,90000,-141000
2026-09-18,9955.TW,-20159,0,0,-20159
2026-09-18,9958.TW,741246,0,-9498,731748
2026-09-21,0050.TW,-15742529,2704000,15959576,2921047
2026-09-21,0051.TW,114,0,1998,2112
2026-09-21,0052.TW,1439605,0,1084836,2524441
2026-09-21,0053.TW,4000,0,-6702,-2702
2026-09-21,0055.TW,39001,0,229751,268752
2026-09-21,0056.TW,1157573,310000,-1649244,-181671
2026-09-21,0057.TW,0,0,348,348
2026-09-21,0061.TW,87394,0,-61105,26289
2026-09-21,1101.TW,-5824469,1000,129921,-5693548
2026-09-21,1102.TW,293070,52050,51452,396572
2026-09-21,1103.TW,-206000,0,9000,-197000
2026-09-21,1104.TW,-360000,2000,7760,-350240
2026-09-21,1108.TW,0,0,5000,5000
2026-09-21,1109.TW,2000,0,3280,5280
2026-09-21,1110.TW,-60000,0,7000,-53000
2026-09-21,1201.TW,339000,0,-193000,146000
2026-09-21,1203.TW,-7000,0,3000,-4000
2026-09-21,1210.TW,-223946,2000,10012,-211934
2026-09-21,1215.TW,-435171,0,2806,-432365
2026-09-21,1216.TW,-774708,104103,1779,-668826
2026-09-21,1217.TW,101000,0,5000,106000
2026-09-21,1218.TW,-135000,0,5000,-130000
2026-09-21,1219.TW,47008,0,3000,50008
2026-09-21,1220.TW,5822,0,2167,7989
2026-09-21,1225.TW,-1000,0,3000,2000
2026-09-21,1227.TW,-164203,0,10402,-153801
2026-09-21,1229.TW,-763985,3999,20603,-739383
2026-09-21,1231.TW,-19197,0,2947,-16250
2026-09-21,1232.TW,-243,0,2000,1757
2026-09-21,1233.TW,3000,0,1000,4000
2026-09-21,1234.TW,-7000,0,5921,-1079
2026-09-21,1235.TW,1000,0,1000,2000
2026-09-21,1236.TW,1991,0,1000,2991
2026-09-21,1256.TW,-6000,0,-2000,-8000
2026-09-21,1301.TW,1077211,0,223211,1300422
2026-09-21,1303.TW,2173486,3134000,401683,5709169
2026-09-21,1304.TW,263445,0,6486,269931
2026-09-21,1305.TW,211064,0,8078,219142
2026-09-21,1307.TW,67000,0,4000,71000
2026-09-21,1308.TW,519234,0,8171,527405
2026-09-21,1309.TW,183139,0,1169,184308
2026-09-21,1310.TW,419752,0,12000,431752
2026-09-21,1312.TW,419452,0,-271955,147497
2026-09-21,1313.TW,757366,0,14734,772100
2026-09-21,1314.TW,15575211,0,1484565,17059776
2026-09-21,1315.TW,10000,0,1000,11000
2026-09-21,1316.TW,-397324,0,4000,-393324
2026-09-21,1319.TW,222339,1000,6491,229830
2026-09-21,1321.TW,-17000,0,3000,-14000
2026-09-21,1323.TW,-4000,0,1000,-3000
2026-09-21,1324.TW,0,0,1000,1000
2026-09-21,1325.TW,38099,0,1000,39099
2026-09-21,1326.TW,-1525691,0,154971,-1370720
2026-09-21,1337.TW,11000,0,3000,14000
2026-09-21,1338.TW,-108000,0,3000,-105000
2026-09-21,1339.TW,12000,0,3000,15000
2026-09-21,1340.TW,10000,0,2000,12000
2026-09-21,1342.TW,-26000,0,1000,-25000
2026-09-21,1402.TW,304274,-1313070,-200718,-1209514
2026-09-21,1409.TW,614032,2000,-101280,514752
2026-09-21,1410.TW,-2000,0,0,-2000
2026-09-21,1413.TW,0,0,1000,1000
2026-09-21,1414.TW,13757,0,1000,14757
2026-09-21,1416.TW,-64276,0,2000,-62276
2026-09-21,1417.TW,-6000,0,2000,-4000
2026-09-21,1418.TW,3000,0,0,3000
2026-09-21,1419.TW,-1000,0,2000,1000
2026-09-21,1423.TW,-1000,0,2000,1000
2026-09-21,1432.TW,6000,0,1000,7000
2026-09-21,1434.TW,689009,2000,19000,710009
2026-09-21,1435.TW,-2000,0,2000,0
2026-09-21,1436.TW,-70000,0,2000,-68000
2026-09-21,1437.TW,-22530,0,2000,-20530
2026-09-21,1438.TW,-7000,0,2000,-5000
2026-09-21,1439.TW,4000,0,1000,5000
2026-09-21,1440.TW,302736,0,19000,321736
2026-09-21,1442.TW,-198000,0,3925,-194075
2026-09-21,1443.TW,0,0,1000,1000
2026-09-21,1444.TW,138076,0,-53000,85076
2026-09-21,1445.TW,4000,0,1000,5000
2026-09-21,1446.TW,-92000,0,2000,-90000
2026-09-21,1447.TW,117704,0,10000,127704
2026-09-21,1449.TW,108442,0,545,108987
2026-09-21,1451.TW,2000,0,2000,4000
2026-09-21,1452.TW,-10,0,0,-10
2026-09-21,1453.TW,0,0,2000,2000
2026-09-21,1454.TW,-1000,0,2000,1000
2026-09-21,1455.TW,-191012,0,5207,-185805
2026-09-21,1456.TW,-5000,0,-3000,-8000
2026-09-21,1457.TW,-20000,0,6000,-14000
2026-09-21,1459.TW,7000,0,2000,9000
2026-09-21,1460.TW,2000,0,9000,11000
2026-09-21,1463.TW,29000,0,1000,30000
2026-09-21,1464.TW,-22716,0,-7000,-29716
2026-09-21,1465.TW,-29000,0,1000,-28000
2026-09-21,1466.TW,59978,0,0,59978
2026-09-21,1467.TW,-7000,0,1000,-6000
2026-09-21,1468.TW,0,0,2000,2000
2026-09-21,1470.TW,1000,0,0,1000
2026-09-21,1471.TW,56002,0,-1000,55002
2026-09-21,1472.TW,17000,0,-18000,-1000
2026-09-21,1473.TW,-21000,0,1000,-20000
2026-09-21,1474.TW,-4000,0,1000,-3000
2026-09-21,1475.TW,0,0,1000,1000
2026-09-21,1476.TW,-698357,7748,3950,-686659
2026-09-21,1477.TW,-258638,167504,-2740,-93874
2026-09-21,1503.TW,-10493,-4000,10385,-4108
2026-09-21,1504.TW,-1416402,-7000,105696,-1317706
2026-09-21,1506.TW,8000,0,1000,9000
2026-09-21,1512.TW,10000,0,-1000,9000
2026-09-21,1513.TW,176389,394999,67743,639131
2026-09-21,1514.TW,484198,0,1853,486051
2026-09-21,1515.TW,-57519,0,3280,-54239
2026-09-21,1516.TW,9000,0,0,9000
2026-09-21,1517.TW,-25723,0,3000,-22723
2026-09-21,1519.TW,-38879,-1000,-10091,-49970
2026-09-21,1521.TW,6000,0,0,6000
2026-09-21,1522.TW,23850,0,3949,27799
2026-09-21,1524.TW,62185,0,2000,64185
2026-09-21,1525.TW,2000,0,1000,3000
2026-09-21,1526.TW,-3000,0,1000,-2000
2026-09-21,1527.TW,42341,0,2000,44341
2026-09-21,1528.TW,2676006,0,76346,2752352
2026-09-21,1529.TW,-138545,0,2000,-136545
2026-09-21,1530.TW,-3000,0,1824,-1176
2026-09-21,1531.TW,-4000,0,2000,-2000
2026-09-21,1532.TW,-51261,0,3999,-47262
2026-09-21,1533.TW,11000,0,0,11000
2026-09-21,1535.TW,-3000,0,2000,-1000
2026-09-21,1536.TW,100019,0,9591,109610
2026-09-21,1537.TW,-6000,0,842,-5158
2026-09-21,1539.TW,1000,0,1000,2000
2026-09-21,1540.TW,26000,0,1000,27000
2026-09-21,1541.TW,-4000,0,0,-4000
2026-09-21,1558.TW,-25000,0,1000,-24000
2026-09-21,1560.TW,497876,509000,-67974,938902
2026-09-21,1563.TW,-142656,0,2000,-140656
2026-09-21,1568.TW,-24390,0,1420,-22970
2026-09-21,1582.TW,-2444,0,97,-2347
2026-09-21,1583.TW,10000,0,1000,11000
2026-09-21,1587.TW,31000,0,0,31000
2026-09-21,1590.TW,-242181,-2000,3480,-240701
2026-09-21,1597.TW,-27898,0,-1718,-29616
2026-09-21,1598.TW,116988,0,3000,119988
2026-09-21,1603.TW,17000,0,2000,19000
2026-09-21,1604.TW,-29587,0,4000,-25587
2026-09-21,1605.TW,3076871,7000,165358,3249229
2026-09-21,1608.TW,93000,0,-6523,86477
2026-09-21,1609.TW,-106068,0,77280,-28788
2026-09-21,1611.TW,1029513,0,-233000,796513
2026-09-21,1612.TW,68000,0,-990,67010
2026-09-21,1614.TW,10000,0,3000,13000
2026-09-21,1615.TW,40000,0,2000,42000
2026-09-21,1616.TW,160000,0,2652,162652
2026-09-21,1617.TW,42914,0,1999,44913
2026-09-21,1618.TW,-27102,0,153,-26949
2026-09-21,1623.TW,-32066,0,291,-31775
2026-09-21,1626.TW,5000,0,0,5000
2026-09-21,1702.TW,87574,0,2000,89574
2026-09-21,1707.TW,-76987,0,1795,-75192
2026-09-21,1708.TW,-312020,0,-9694,-321714
2026-09-21,1709.TW,3512168,0,145629,3657797
2026-09-21,1710.TW,2313378,0,417914,2731292
2026-09-21,1711.TW,163183,0,8330,171513
2026-09-21,1712.TW,-180000,57842,4855,-117303
2026-09-21,1713.TW,-121830,0,2000,-119830
2026-09-21,1714.TW,1443052,0,-24068,1418984
2026-09-21,1717.TW,-822772,3000,8774,-810998
2026-09-21,1718.TW,2483804,0,635011,3118815
2026-09-21,1720.TW,-19100,0,2235,-16865
2026-09-21,1721.TW,322000,0,0,322000
2026-09-21,1722.TW,-684745,1000,-9000,-692745
2026-09-21,1723.TW,-113000,0,1009,-111991
2026-09-21,1725.TW,25000,0,3000,28000
2026-09-21,1726.TW,-7000,0,1000,-6000
2026-09-21,1727.TW,-1609254,0,-61213,-1670467
2026-09-21,1730.TW,-1000,0,1000,0
2026-09-21,1731.TW,11000,0,1000,12000
2026-09-21,1732.TW,3000,0,1000,4000
2026-09-21,1733.TW,-8000,0,2000,-6000
2026-09-21,1734.TW,-215778,0,1000,-214778
2026-09-21,1735.TW,10000,0,1839,11839
2026-09-21,1736.TW,-75919,-62000,2243,-135676
2026-09-21,1737.TW,360823,0,2000,362823
2026-09-21,1752.TW,-4000,0,2000,-2000
2026-09-21,1760.TW,-1000,0,1000,0
2026-09-21,1762.TW,4000,0,-108,3892
2026-09-21,1773.TW,-57252,1000,-16400,-72652
2026-09-21,1776.TW,4000,0,1000,5000
2026-09-21,1783.TW,1000,0,-9000,-8000
2026-09-21,1786.TW,-11786,0,-59,-11845
2026-09-21,1789.TW,16294,0,10000,26294
2026-09-21,1795.TW,-107000,1000,-131,-106131
2026-09-21,1802.TW,4389882,4000,1069544,5463426
2026-09-21,1805.TW,-1000,0,1000,0
2026-09-21,1806.TW,1810,0,4000,5810
2026-09-21,1808.TW,501100,0,10000,511100
2026-09-21,1809.TW,711998,0,4611,716609
2026-09-21,1810.TW,232027,0,5998,238025
2026-09-21,1817.TW,-3000,0,1000,-2000
2026-09-21,1903.TW,26000,0,2859,28859
2026-09-21,1904.TW,-57427,0,-25000,-82427
2026-09-21,1905.TW,88011,0,20543,108554
2026-09-21,1906.TW,-12000,0,1000,-11000
2026-09-21,1907.TW,-369247,4000,21000,-344247
2026-09-21,1909.TW,-488000,0,13000,-475000
2026-09-21,2002.TW,-19712424,14000,88166,-19610258
2026-09-21,2006.TW,-161520,1000,16396,-144124
2026-09-21,2007.TW,20000,0,5000,25000
2026-09-21,2008.TW,1000,0,2000,3000
2026-09-21,2009.TW,255110,0,7243,262353
2026-09-21,2010.TW,75340,0,6620,81960
2026-09-21,2012.TW,23000,0,3000,26000
2026-09-21,2013.TW,3000,0,2000,5000
2026-09-21,2014.TW,-57080,0,16000,-41080
2026-09-21,2015.TW,-50981,0,7000,-43981
2026-09-21,2017.TW,-28178,0,40000,11822
2026-09-21,2020.TW,-39000,0,3000,-36000
2026-09-21,2022.TW,-40555,0,4000,-36555
2026-09-21,2023.TW,-353375,3000,21000,-329375
2026-09-21,2024.TW,-1000,0,0,-1000
2026-09-21,2025.TW,25146,0,2000,27146
2026-09-21,2027.TW,-1688399,-6000,-154121,-1848520
2026-09-21,2028.TW,-69000,0,3000,-66000
2026-09-21,2029.TW,62164,0,-45000,17164
2026-09-21,2030.TW,-1195849,0,-62000,-1257849
2026-09-21,2031.TW,-49142,0,-751,-49893
2026-09-21,2032.TW,-20015,0,1999,-18016
2026-09-21,2033.TW,24474,0,-2737,21737
2026-09-21,2034.TW,147551,0,5567,153118
2026-09-21,2038.TW,9792,0,1000,10792
2026-09-21,2049.TW,66556,1000,3935,71491
2026-09-21,2059.TW,-114412,14005,-1916,-102323
2026-09-21,2062.TW,42450,0,5999,48449
2026-09-21,2069.TW,13289,0,-2000,11289
2026-09-21,2072.TW,-63499,0,2000,-61499
2026-09-21,2101.TW,-126501,0,7765,-118736
2026-09-21,2102.TW,-245000,0,5000,-240000
2026-09-21,2103.TW,-213946,0,-51422,-265368
2026-09-21,2104.TW,141891,0,11000,152891
2026-09-21,2105.TW,-592000,52000,51635,-488365
2026-09-21,2106.TW,-133000,0,11000,-122000
2026-09-21,2107.TW,-122751,0,2000,-120751
2026-09-21,2108.TW,-24001,0,6066,-17935
2026-09-21,2109.TW,-367,0,3000,2633
2026-09-21,2114.TW,-4000,0,1000,-3000
2026-09-21,2115.TW,4000,0,1000,5000
2026-09-21,2201.TW,-1773000,1000,56764,-1715236
2026-09-21,2204.TW,-46000,59952,6696,20648
2026-09-21,2206.TW,124495,3000,8000,135495
2026-09-21,2207.TW,-108409,5000,6696,-96713
2026-09-21,2208.TW,475713,0,13000,488713
2026-09-21,2211.TW,-240000,0,4451,-235549
2026-09-21,2227.TW,885,0,4000,4885
2026-09-21,2228.TW,118948,0,-14000,104948
2026-09-21,2231.TW,76303,0,3230,79533
2026-09-21,2233.TW,-16000,0,1792,-14208
2026-09-21,2236.TW,24365,0,24551,48916
2026-09-21,2237.TW,-14000,0,0,-14000
2026-09-21,2239.TW,25000,0,3787,28787
2026-09-21,2241.TW,-216000,0,1645,-214355
2026-09-21,2243.TW,121750,0,1141,122891
2026-09-21,2247.TW,8111,5025,1000,14136
2026-09-21,2248.TW,0,0,0,0
2026-09-21,2250.TW,-17000,0,0,-17000
2026-09-21,2254.TW,302000,0,978,302978
2026-09-21,2258.TW,-120117,0,23439,-96678
2026-09-21,2301.TW,1657198,-162084,427910,1923024
2026-09-21,2302.TW,94741,0,1000,95741
2026-09-21,2303.TW,-5725538,7900796,3606620,5781878
2026-09-21,2305.TW,148728,0,-27465,121263
2026-09-21,2308.TW,2274214,3392561,899725,6566500
2026-09-21,2312.TW,2526552,3000,124465,2654017
2026-09-21,2313.TW,-8496526,-1032430,-178419,-9707375
2026-09-21,2314.TW,-1000,0,0,-1000
2026-09-21,2316.TW,-158950,0,12212,-146738
2026-09-21,2317.TW,-5703695,406651,-4330,-5301374
2026-09-21,2323.TW,573898,0,64000,637898
2026-09-21,2324.TW,-9828289,-38573,-217409,-10084271
2026-09-21,2327.TW,1155616,687326,405292,2248234
2026-09-21,2328.TW,1029360,0,142479,1171839
2026-09-21,2329.TW,-904000,0,17522,-886478
2026-09-21,2330.TW,2689504,734606,614602,4038712
2026-09-21,2331.TW,714346,0,2000,716346
2026-09-21,2332.TW,-603425,0,86518,-516907
2026-09-21,2337.TW,-3069476,-2000,-91880,-3163356
2026-09-21,2338.TW,-862735,0,-246645,-1109380
2026-09-21,2340.TW,224006,0,55019,279025
2026-09-21,2342.TW,69006,0,2014,71020
2026-09-21,2344.TW,-23211982,-855220,-1234113,-25301315
2026-09-21,2345.TW,182324,-785580,115622,-487634
2026-09-21,2347.TW,-485858,-31000,15258,-501600
2026-09-21,2348.TW,12780,0,-1162,11618
2026-09-21,2349.TW,412226,0,7000,419226
2026-09-21,2351.TW,-236800,0,-15425,-252225
2026-09-21,2352.TW,2916780,0,65973,2982753
2026-09-21,2353.TW,3290238,44227,-708071,2626394
2026-09-21,2354.TW,-2359140,3000,-105936,-2462076
2026-09-21,2355.TW,243000,0,-77141,165859
2026-09-21,2356.TW,-988043,-518874,80281,-1426636
2026-09-21,2357.TW,-561949,-7202,-19188,-588339
2026-09-21,2359.TW,-5000,0,127878,122878
2026-09-21,2360.TW,594191,-264075,-29209,300907
2026-09-21,2362.TW,10498,0,6000,16498
2026-09-21,2363.TW,3954180,0,665917,4620097
2026-09-21,2364.TW,84217,0,0,84217
2026-09-21,2365.TW,358227,0,2000,360227
2026-09-21,2367.TW,551118,0,92541,643659
2026-09-21,2368.TW,-1587862,-134046,377818,-1344090
2026-09-21,2369.TW,-1943913,0,25341,-1918572
2026-09-21,2371.TW,8130762,-861,299722,8429623
2026-09-21,2373.TW,-3000,0,1000,-2000
2026-09-21,2374.TW,-196000,0,3521,-192479
2026-09-21,2375.TW,-410874,0,1025,-409849
2026-09-21,2376.TW,570476,37442,-112629,495289
2026-09-21,2377.TW,794077,31000,182010,1007087
2026-09-21,2379.TW,1612927,-18453,112436,1706910
2026-09-21,2380.TW,4000,0,0,4000
2026-09-21,2382.TW,-1255121,1675299,95374,515552
2026-09-21,2383.TW,369859,-772021,90813,-311349
2026-09-21,2385.TW,-46954,-89011,-30128,-166093
2026-09-21,2387.TW,-408,40293,2000,41885
2026-09-21,2388.TW,-859908,0,4086,-855822
2026-09-21,2390.TW,146310,0,6000,152310
2026-09-21,2392.TW,827872,0,352341,1180213
2026-09-21,2393.TW,-175324,119137,1186,-55001
2026-09-21,2395.TW,720210,51916,67872,839998
2026-09-21,2397.TW,42000,0,1000,43000
2026-09-21,2399.TW,3782389,0,74745,3857134
2026-09-21,2401.TW,-83709,0,58221,-25488
2026-09-21,2402.TW,-63000,0,-40239,-103239
2026-09-21,2404.TW,-603031,572000,-7876,-38907
2026-09-21,2405.TW,255000,0,4000,259000
2026-09-21,2406.TW,75000,0,42264,117264
2026-09-21,2408.TW,-4122631,-38146,-145219,-4305996
2026-09-21,2409.TW,235893466,-27329,22412688,258278825
2026-09-21,2412.TW,1074976,305371,105000,1485347
2026-09-21,2413.TW,1080400,0,63830,1144230
2026-09-21,2414.TW,-52985,0,-5000,-57985
2026-09-21,2415.TW,4000,0,1000,5000
2026-09-21,2417.TW,76070,0,3000,79070
2026-09-21,2419.TW,1058822,0,81399,1140221
2026-09-21,2420.TW,-5000,0,1573,-3427
2026-09-21,2421.TW,-17295,-29000,-35373,-81668
2026-09-21,2423.TW,6000,0,2000,8000
2026-09-21,2424.TW,-2000,0,0,-2000
2026-09-21,2425.TW,82073,0,-2344,79729
2026-09-21,2426.TW,-1979143,0,-102132,-2081275
2026-09-21,2427.TW,8850,0,2000,10850
2026-09-21,2428.TW,-215000,0,6637,-208363
2026-09-21,2429.TW,133077,0,0,133077
2026-09-21,2430.TW,7000,0,0,7000
2026-09-21,2431.TW,4000,0,1000,5000
2026-09-21,2432.TW,-3000,0,0,-3000
2026-09-21,2433.TW,-1000,0,2000,1000
2026-09-21,2434.TW,-51905,0,0,-51905
2026-09-21,2436.TW,-1715811,0,106244,-1609567
2026-09-21,2438.TW,-41000,0,-1000,-42000
2026-09-21,2439.TW,377193,0,-2359,374834
2026-09-21,2440.TW,132000,0,4000,136000
2026-09-21,2441.TW,260099,167000,223568,650667
2026-09-21,2442.TW,-56997,0,-5000,-61997
2026-09-21,2444.TW,386199,0,6020,392219
2026-09-21,2449.TW,2032750,4558342,1016586,7607678
2026-09-21,2450.TW,0,0,3000,3000
2026-09-21,2451.TW,666676,-9000,22503,680179
2026-09-21,2453.TW,3349,0,2000,5349
2026-09-21,2454.TW,3156867,312803,346817,3816487
2026-09-21,2455.TW,-904650,1525000,-48103,572247
2026-09-21,2457.TW,180270,0,18000,198270
2026-09-21,2458.TW,-142907,-98000,-696,-241603
2026-09-21,2459.TW,-11000,0,1000,-10000
2026-09-21,2460.TW,11084,0,-2000,9084
2026-09-21,2461.TW,-73632,0,2000,-71632
2026-09-21,2462.TW,45000,0,1000,46000
2026-09-21,2464.TW,-1745097,6000,-82366,-1821463
2026-09-21,2465.TW,-143361,0,-1040,-144401
2026-09-21,2466.TW,148289,0,2000,150289
2026-09-21,2467.TW,-212207,0,19230,-192977
2026-09-21,2468.TW,-1099556,0,-96308,-1195864
2026-09-21,2471.TW,80066,0,28000,108066
2026-09-21,2472.TW,-152358,-656000,-3315,-811673
2026-09-21,2474.TW,-477339,-73001,115042,-435298
2026-09-21,2476.TW,100372,0,-30138,70234
2026-09-21,2477.TW,179000,17574,3000,199574
2026-09-21,2478.TW,37038,0,-1373,35665
2026-09-21,2480.TW,67487,0,0,67487
2026-09-21,2481.TW,-4765038,1000,292468,-4471570
2026-09-21,2482.TW,14000,0,1079,15079
2026-09-21,2483.TW,-68000,0,0,-68000
2026-09-21,2484.TW,145797,0,3940,149737
2026-09-21,2485.TW,949746,0,135579,1085325
2026-09-21,2486.TW,-929740,0,39126,-890614
2026-09-21,2488.TW,10461,0,1000,11461
2026-09-21,2489.TW,-8966505,0,-403737,-9370242
2026-09-21,2491.TW,-245853,0,2000,-243853
2026-09-21,2492.TW,-1491448,-63000,347775,-1206673
2026-09-21,2493.TW,-919000,0,26278,-892722
2026-09-21,2495.TW,134261,0,3703,137964
2026-09-21,2496.TW,-2000,0,1000,-1000
2026-09-21,2497.TW,-190147,0,823,-189324
2026-09-21,2498.TW,1222637,0,21031,1243668
2026-09-21,2501.TW,-924260,0,13948,-910312
2026-09-21,2504.TW,-1557000,149315,19556,-1388129
2026-09-21,2505.TW,794000,0,-113000,681000
2026-09-21,2506.TW,-166000,0,5000,-161000
2026-09-21,2509.TW,-6000,0,3000,-3000
2026-09-21,2511.TW,162374,0,18000,180374
2026-09-21,2514.TW,-7000,0,5000,-2000
2026-09-21,2515.TW,-1988640,-39829,17551,-2010918
2026-09-21,2516.TW,5963,0,2000,7963
2026-09-21,2520.TW,641426,0,-13023,628403
2026-09-21,2524.TW,28000,0,22120,50120
2026-09-21,2527.TW,168998,0,-4471,164527
2026-09-21,2528.TW,410000,53078,-113000,350078
2026-09-21,2530.TW,-103251,87366,-419125,-435010
2026-09-21,2534.TW,78200,0,6000,84200
2026-09-21,2535.TW,-3599,0,2980,-619
2026-09-21,2536.TW,-27000,0,3000,-24000
2026-09-21,2537.TW,149257,0,4000,153257
2026-09-21,2538.TW,338000,0,5000,343000
2026-09-21,2539.TW,-177240,0,23057,-154183
2026-09-21,2540.TW,6001,0,22000,28001
2026-09-21,2542.TW,-4065905,565999,-554464,-4054370
2026-09-21,2543.TW,-387236,0,9891,-377345
2026-09-21,2545.TW,-12005,0,5000,-7005
2026-09-21,2546.TW,-17614,0,2000,-15614
2026-09-21,2547.TW,-61000,129641,12000,80641
2026-09-21,2548.TW,-559398,0,-771,-560169
2026-09-21,2597.TW,8290,1000,4280,13570
2026-09-21,2601.TW,674210,0,-1235237,-561027
2026-09-21,2603.TW,1024761,128803,226301,1379865
2026-09-21,2605.TW,2376791,0,625549,3002340
2026-09-21,2606.TW,341954,-59000,11335,294289
2026-09-21,2607.TW,62585,0,5000,67585
2026-09-21,2608.TW,-26001,0,4998,-21003
2026-09-21,2609.TW,4207738,29000,302140,4538878
2026-09-21,2610.TW,-959500,1110000,107484,257984
2026-09-21,2611.TW,47200,0,2000,49200
2026-09-21,2612.TW,154090,0,-2683,151407
2026-09-21,2613.TW,51103,0,1000,52103
2026-09-21,2614.TW,68000,0,4000,72000
2026-09-21,2615.TW,-4708910,-94817,-225798,-5029525
2026-09-21,2616.TW,-3000,0,2000,-1000
2026-09-21,2617.TW,548271,0,-23329,524942
2026-09-21,2618.TW,1727653,905000,192935,2825588
2026-09-21,2630.TW,124635,0,-24,124611
2026-09-21,2633.TW,-1985500,199999,30000,-1755501
2026-09-21,2634.TW,-1045890,3000,-106405,-1149295
2026-09-21,2636.TW,-9000,0,-17502,-26502
2026-09-21,2637.TW,359947,5000,8159,373106
2026-09-21,2642.TW,0,0,1000,1000
2026-09-21,2645.TW,28058,0,54202,82260
2026-09-21,2646.TW,-965604,3000,36000,-926604
2026-09-21,2701.TW,0,0,4000,4000
2026-09-21,2702.TW,2000,0,1000,3000
2026-09-21,2704.TW,-10000,0,4000,-6000
2026-09-21,2705.TW,-17000,0,2000,-15000
2026-09-21,2706.TW,-43000,0,6000,-37000
2026-09-21,2707.TW,12292,0,1000,13292
2026-09-21,2712.TW,-1000,0,1000,0
2026-09-21,2722.TW,-1000,0,1000,0
2026-09-21,2723.TW,54000,0,-14000,40000
2026-09-21,2727.TW,-15548,0,-22679,-38227
2026-09-21,2731.TW,59000,0,995,59995
2026-09-21,2739.TW,-19000,0,1000,-18000
2026-09-21,2748.TW,-9000,0,0,-9000
2026-09-21,2753.TW,-3000,10375,-22,7353
2026-09-21,2762.TW,-13000,0,1000,-12000
2026-09-21,2801.TW,-3993957,-209000,153077,-4049880
2026-09-21,2812.TW,2788000,0,52489,2840489
2026-09-21,2816.TW,23446,0,4000,27446
2026-09-21,2820.TW,1873132,0,24998,1898130
2026-09-21,2832.TW,-19000,22625,3472,7097
2026-09-21,2834.TW,-1021459,13999,169856,-837604
2026-09-21,2836.TW,-546254,0,21000,-525254
2026-09-21,2838.TW,744607,7000,45897,797504
2026-09-21,2845.TW,1217334,0,65588,1282922
2026-09-21,2849.TW,50345,0,24000,74345
2026-09-21,2850.TW,73218,0,-8000,65218
2026-09-21,2851.TW,2268653,0,-122552,2146101
2026-09-21,2852.TW,-83000,0,3000,-80000
2026-09-21,2855.TW,7302558,5000,0,7307558
2026-09-21,2880.TW,-1198434,-1139430,83410,-2254454
2026-09-21,2881.TW,7344803,-1102504,378785,6621084
2026-09-21,2882.TW,6268529,100259,453782,6822570
2026-09-21,2883.TW,24488572,579766,-315856,24752482
2026-09-21,2884.TW,5086118,771315,848127,6705560
2026-09-21,2885.TW,2186498,143256,135438,2465192
2026-09-21,2886.TW,2871980,567002,83181,3522163
2026-09-21,2887.TW,-8106917,725000,1982929,-5398988
2026-09-21,2889.TW,-425928,0,14139,-411789
2026-09-21,2890.TW,3790257,74678,60036,3924971
2026-09-21,2891.TW,5840484,1043032,245200,7128716
2026-09-21,2892.TW,4848844,309276,72317,5230437
2026-09-21,2897.TW,-2752000,0,35771,-2716229
2026-09-21,2901.TW,-1000,0,1000,0
2026-09-21,2903.TW,503000,0,-9000,494000
2026-09-21,2904.TW,19000,0,1000,20000
2026-09-21,2905.TW,939350,0,-29000,910350
2026-09-21,2906.TW,3000,0,1093,4093
2026-09-21,2908.TW,-25837,0,5000,-20837
2026-09-21,2910.TW,-1000,0,2000,1000
2026-09-21,2911.TW,-1000,0,1000,0
2026-09-21,2912.TW,-576100,-3000,12000,-567100
2026-09-21,2913.TW,-336532,0,-914000,-1250532
2026-09-21,2915.TW,401123,0,18821,419944
2026-09-21,2923.TW,-2000,0,12591,10591
2026-09-21,2929.TW,10000,0,1000,11000
2026-09-21,2939.TW,5000,0,0,5000
2026-09-21,3002.TW,-135000,0,-4489,-139489
2026-09-21,3003.TW,3000,0,-470,2530
2026-09-21,3004.TW,39610,-57000,-269,-17659
2026-09-21,3005.TW,1163551,131816,49491,1344858
2026-09-21,3006.TW,-3468233,1000,-47208,-3514441
2026-09-21,3008.TW,-633308,132983,170034,-330291
2026-09-21,3010.TW,-67555,0,0,-67555
2026-09-21,3011.TW,138000,0,1000,139000
2026-09-21,3013.TW,149646,1000,264,150910
2026-09-21,3014.TW,596010,50553,32796,679359
2026-09-21,3015.TW,-47911,0,4034,-43877
2026-09-21,3016.TW,2418671,0,270195,2688866
2026-09-21,3017.TW,-176396,48145,-7181,-135432
2026-09-21,3018.TW,1000,0,0,1000
2026-09-21,3019.TW,-417542,0,-54057,-471599
2026-09-21,3021.TW,21270,0,1000,22270
2026-09-21,3022.TW,551186,0,70186,621372
2026-09-21,3023.TW,-84088,-2000,1759,-84329
2026-09-21,3024.TW,-403950,0,3000,-400950
2026-09-21,3025.TW,76067,0,1000,77067
2026-09-21,3026.TW,-2058046,10000,94101,-1953945
2026-09-21,3027.TW,163000,0,-16950,146050
2026-09-21,3028.TW,-38195,0,6069,-32126
2026-09-21,3029.TW,-1329878,0,-16488,-1346366
2026-09-21,3030.TW,9040,1000,8639,18679
2026-09-21,3031.TW,-642000,0,3496,-638504
2026-09-21,3032.TW,183000,0,-9002,173998
2026-09-21,3033.TW,-278940,0,-96533,-375473
2026-09-21,3034.TW,51297,-103834,7134,-45403
2026-09-21,3035.TW,282126,0,-213015,69111
2026-09-21,3036.TW,-185606,750540,20051,584985
2026-09-21,3037.TW,1438541,263934,352712,2055187
2026-09-21,3038.TW,-6000,0,1000,-5000
2026-09-21,3040.TW,140000,0,-9000,131000
2026-09-21,3041.TW,450495,0,1000,451495
2026-09-21,3042.TW,-29444,79000,-41553,8003
2026-09-21,3043.TW,42000,0,0,42000
2026-09-21,3044.TW,389834,-20000,69149,438983
2026-09-21,3045.TW,2391247,18584,35000,2444831
2026-09-21,3046.TW,7606,0,-5000,2606
2026-09-21,3047.TW,433000,0,11277,444277
2026-09-21,3048.TW,-110792,0,797,-109995
2026-09-21,3049.TW,456835,0,9998,466833
2026-09-21,3050.TW,296000,0,-4000,292000
2026-09-21,3051.TW,149100,0,2000,151100
2026-09-21,3052.TW,-34000,0,2000,-32000
2026-09-21,3054.TW,8000,0,1000,9000
2026-09-21,3055.TW,-309918,0,53512,-256406
2026-09-21,3056.TW,-176769,0,5149,-171620
2026-09-21,3057.TW,41000,0,2000,43000
2026-09-21,3058.TW,262000,0,2000,264000
2026-09-21,3059.TW,187921,0,1259,189180
2026-09-21,3060.TW,124449,0,2446,126895
2026-09-21,3062.TW,-302601,0,32260,-270341
2026-09-21,3090.TW,-179000,1000,14829,-163171
2026-09-21,3092.TW,13000,0,0,13000
2026-09-21,3094.TW,1105000,0,157995,1262995
2026-09-21,3130.TW,-38000,0,1000,-37000
2026-09-21,3135.TW,-87000,0,-3257,-90257
2026-09-21,3138.TW,-319100,0,-8085,-327185
2026-09-21,3149.TW,643596,0,3255,646851
2026-09-21,3150.TW,-11000,0,3100,-7900
2026-09-21,3164.TW,7000,0,1000,8000
2026-09-21,3167.TW,-576967,-6000,-4409,-587376
2026-09-21,3168.TW,0,0,1000,1000
2026-09-21,3189.TW,-1500839,-74000,919334,-655505
2026-09-21,3209.TW,-70000,0,2000,-68000
2026-09-21,3229.TW,-976932,0,-13414,-990346
2026-09-21,3231.TW,2099827,-3973287,97344,-1776116
2026-09-21,3257.TW,62746,0,1000,63746
2026-09-21,3266.TW,-2000,0,5000,3000
2026-09-21,3296.TW,-6050,0,1688,-4362
2026-09-21,3305.TW,-133683,0,8524,-125159
2026-09-21,3308.TW,2000,0,1000,3000
2026-09-21,3311.TW,-62252,0,2000,-60252
2026-09-21,3312.TW,833000,0,90464,923464
2026-09-21,3321.TW,16000,0,-2000,14000
2026-09-21,3338.TW,38290,0,1000,39290
2026-09-21,3346.TW,423000,0,-169061,253939
2026-09-21,3356.TW,-180569,0,2000,-178569
2026-09-21,3376.TW,-383226,0,4572,-378654
2026-09-21,3380.TW,1225800,0,184979,1410779
2026-09-21,3406.TW,-718157,-41000,-83743,-842900
2026-09-21,3413.TW,-66079,0,-5160,-71239
2026-09-21,3416.TW,-13943,0,5261,-8682
2026-09-21,3419.TW,79000,0,-1000,78000
2026-09-21,3432.TW,9000,0,1000,10000
2026-09-21,3437.TW,-1363914,0,-3200,-1367114
2026-09-21,3443.TW,188848,23373,-3172,209049
2026-09-21,3447.TW,-12000,0,-1000,-13000
2026-09-21,3450.TW,-1300885,2067000,-70228,695887
2026-09-21,3481.TW,33144705,-4898002,6988283,35234986
2026-09-21,3494.TW,-1000,0,1000,0
2026-09-21,3501.TW,-23000,0,1000,-22000
2026-09-21,3504.TW,-263000,0,-2854,-265854
2026-09-21,3515.TW,121000,0,1813,122813
2026-09-21,3518.TW,152405,0,1000,153405
2026-09-21,3528.TW,47460,0,-3000,44460
2026-09-21,3530.TW,10000,0,197,10197
2026-09-21,3532.TW,-548575,-1000,-90375,-639950
2026-09-21,3533.TW,-175036,-22000,7666,-189370
2026-09-21,3535.TW,278000,0,9137,287137
2026-09-21,3543.TW,-127283,0,1000,-126283
2026-09-21,3545.TW,105198,0,2000,107198
2026-09-21,3550.TW,520678,0,2000,522678
2026-09-21,3557.TW,4000,0,0,4000
2026-09-21,3563.TW,-78910,0,-1597,-80507
2026-09-21,3576.TW,136252,0,18000,154252
2026-09-21,3583.TW,-45010,0,-752,-45762
2026-09-21,3588.TW,16960,0,-1,16959
2026-09-21,3591.TW,-620954,0,552941,-68013
2026-09-21,3592.TW,8102,0,1000,9102
2026-09-21,3593.TW,-1000,0,0,-1000
2026-09-21,3596.TW,-231710,0,2270,-229440
2026-09-21,3605.TW,-2966949,0,159913,-2807036
2026-09-21,3607.TW,-13000,0,2000,-11000
2026-09-21,3617.TW,24309,0,-2420,21889
2026-09-21,3622.TW,-56000,0,1441,-54559
2026-09-21,3645.TW,220000,0,14623,234623
2026-09-21,3652.TW,69000,0,6000,75000
2026-09-21,3653.TW,25502,37984,-947,62539
2026-09-21,3661.TW,-185665,-27956,61954,-151667
2026-09-21,3665.TW,-342723,418334,-18136,57475
2026-09-21,3669.TW,-19000,0,1000,-18000
2026-09-21,3673.TW,-307401,0,133596,-173805
2026-09-21,3679.TW,12000,4907,1000,17907
2026-09-21,3686.TW,70000,0,9397,79397
2026-09-21,3694.TW,119000,0,2000,121000
2026-09-21,3701.TW,348140,0,5052,353192
2026-09-21,3702.TW,-849368,-32000,-83659,-965027
2026-09-21,3703.TW,-491000,0,9000,-482000
2026-09-21,3704.TW,1260245,0,14011,1274256
2026-09-21,3705.TW,-22886,0,3000,-19886
2026-09-21,3706.TW,-1066994,-240000,-188540,-1495534
2026-09-21,3708.TW,59000,0,3774,62774
2026-09-21,3711.TW,5123021,541577,1028527,6693125
2026-09-21,3712.TW,536073,0,3000,539073
2026-09-21,3714.TW,-3280603,1000,156333,-3123270
2026-09-21,3715.TW,-218000,0,-3175,-221175
2026-09-21,3716.TW,84170,0,1000,85170
2026-09-21,3717.TW,1028817,0,-191822,836995
2026-09-21,4104.TW,-32000,0,2000,-30000
2026-09-21,4106.TW,-2000,0,1000,-1000
2026-09-21,4108.TW,-42385,0,4000,-38385
2026-09-21,4119.TW,-15570,0,1000,-14570
2026-09-21,4133.TW,-6000,0,0,-6000
2026-09-21,4137.TW,-61000,10501,770,-49729
2026-09-21,4142.TW,84000,0,4000,88000
2026-09-21,4148.TW,-4000,0,0,-4000
2026-09-21,4155.TW,-22000,0,2000,-20000
2026-09-21,4164.TW,34000,0,-23000,11000
2026-09-21,4169.TW,-23000,0,1000,-22000
2026-09-21,4178.TW,-4000,0,2000,-2000
2026-09-21,4190.TW,8000,0,0,8000
2026-09-21,4195.TW,-8000,0,7,-7993
2026-09-21,4306.TW,-253513,0,8000,-245513
2026-09-21,4414.TW,10000,0,2000,12000
2026-09-21,4426.TW,17000,0,1000,18000
2026-09-21,4438.TW,-7000,0,1000,-6000
2026-09-21,4439.TW,0,0,0,0
2026-09-21,4440.TW,-5000,0,-3188,-8188
2026-09-21,4441.TW,-6000,0,0,-6000
2026-09-21,4526.TW,760316,0,5618,765934
2026-09-21,4532.TW,70424,58112,5000,133536
2026-09-21,4536.TW,98300,0,1000,99300
2026-09-21,4540.TW,211954,0,2467,214421
2026-09-21,4545.TW,31000,0,0,31000
2026-09-21,4551.TW,-62260,0,-3227,-65487
2026-09-21,4552.TW,-47000,0,1000,-46000
2026-09-21,4555.TW,7050,0,0,7050
2026-09-21,4557.TW,3000,0,1000,4000
2026-09-21,4560.TW,-18000,0,0,-18000
2026-09-21,4562.TW,89839,0,918,90757
2026-09-21,4564.TW,415103,0,3000,418103
2026-09-21,4566.TW,91450,0,-790,90660
2026-09-21,4569.TW,-1000,0,0,-1000
2026-09-21,4571.TW,-8000,0,-1000,-9000
2026-09-21,4572.TW,-1000,0,0,-1000
2026-09-21,4576.TW,-595000,0,-46556,-641556
2026-09-21,4581.TW,-1000,0,1000,0
2026-09-21,4582.TW,-7000,0,1000,-6000
2026-09-21,4583.TW,-9886,-859,890,-9855
2026-09-21,4585.TW,-2000,0,569,-1431
2026-09-21,4588.TW,51000,0,-4996,46004
2026-09-21,4590.TW,86000,0,19,86019
2026-09-21,4720.TW,-956000,0,2311,-953689
2026-09-21,4722.TW,157847,0,10967,168814
2026-09-21,4736.TW,17398,50000,0,67398
2026-09-21,4737.TW,4000,0,1000,5000
2026-09-21,4739.TW,211211,0,11469,222680
2026-09-21,4746.TW,55000,0,1000,56000
2026-09-21,4755.TW,-59000,0,0,-59000
2026-09-21,4763.TW,-1215416,17000,74185,-1124231
2026-09-21,4764.TW,-133152,0,-244,-133396
2026-09-21,4766.TW,-11000,0,1000,-10000
2026-09-21,4770.TW,38084,0,64975,103059
2026-09-21,4771.TW,109173,0,8363,117536
2026-09-21,4807.TW,-18641,0,1000,-17641
2026-09-21,4904.TW,247526,190678,23000,461204
2026-09-21,4906.TW,1583130,0,93938,1677068
2026-09-21,4912.TW,-13001,0,0,-13001
2026-09-21,4915.TW,-526516,0,14822,-511694
2026-09-21,4916.TW,172097,0,66575,238672
2026-09-21,4919.TW,-6481750,485,-158409,-6639674
2026-09-21,4927.TW,-1789199,0,53466,-1735733
2026-09-21,4930.TW,1000,0,1000,2000
2026-09-21,4934.TW,-262326,0,2000,-260326
2026-09-21,4935.TW,-46000,0,2000,-44000
2026-09-21,4938.TW,-1560446,-375000,31977,-1903469
2026-09-21,4942.TW,-3950,0,149,-3801
2026-09-21,4949.TW,277000,0,-3000,274000
2026-09-21,4952.TW,65000,0,-2000,63000
2026-09-21,4956.TW,-1518510,0,-117,-1518627
2026-09-21,4958.TW,-2053179,-3164181,335380,-4881980
2026-09-21,4960.TW,-2010270,0,18833,-1991437
2026-09-21,4961.TW,-49621,0,-2001,-51622
2026-09-21,4967.TW,133751,0,8172,141923
2026-09-21,4968.TW,98639,0,747,99386
2026-09-21,4976.TW,235015,0,1001,236016
2026-09-21,4977.TW,-86913,0,-35434,-122347
2026-09-21,4989.TW,289966,0,-15923,274043
2026-09-21,4994.TW,10000,0,1000,11000
2026-09-21,4999.TW,12000,0,1000,13000
2026-09-21,5007.TW,-5000,0,3000,-2000
2026-09-21,5203.TW,9000,0,1000,10000
2026-09-21,5215.TW,-2000,0,-1000,-3000
2026-09-21,5222.TW,64693,0,1625,66318
2026-09-21,5225.TW,69201,0,999,70200
2026-09-21,5234.TW,-22000,0,-3770,-25770
2026-09-21,5236.TW,-12991,0,0,-12991
2026-09-21,5243.TW,-124580,0,-18351,-142931
2026-09-21,5244.TW,-11707,0,0,-11707
2026-09-21,5258.TW,-24000,0,-2888,-26888
2026-09-21,5269.TW,13415,-1000,-11872,543
2026-09-21,5283.TW,-43000,0,1000,-42000
2026-09-21,5284.TW,40211,0,-2154,38057
2026-09-21,5285.TW,-565252,0,3706,-561546
2026-09-21,5288.TW,8038,0,803,8841
2026-09-21,5292.TW,-4000,0,-6840,-10840
2026-09-21,5306.TW,-6899,0,1000,-5899
2026-09-21,5388.TW,-456000,0,3799,-452201
2026-09-21,5434.TW,-115310,-17000,-3246,-135556
2026-09-21,5469.TW,7036,0,5000,12036
2026-09-21,5471.TW,-26892,0,-12001,-38893
2026-09-21,5484.TW,32100,0,5000,37100
2026-09-21,5515.TW,-45600,0,-23637,-69237
2026-09-21,5519.TW,-35000,0,2692,-32308
2026-09-21,5521.TW,-40087,0,12000,-28087
2026-09-21,5522.TW,-203000,39866,8000,-155134
2026-09-21,5525.TW,14000,0,4000,18000
2026-09-21,5531.TW,849000,0,11000,860000
2026-09-21,5533.TW,6000,0,3000,9000
2026-09-21,5534.TW,-49000,0,-1575,-50575
2026-09-21,5538.TW,-5000,0,1000,-4000
2026-09-21,5546.TW,-3000,0,2000,-1000
2026-09-21,5607.TW,189000,0,10000,199000
2026-09-21,5608.TW,1151000,0,2999,1153999
2026-09-21,5706.TW,32000,0,1000,33000
2026-09-21,5871.TW,-4238617,-41136,20974,-4258779
2026-09-21,5876.TW,654350,133000,90000,877350
2026-09-21,5880.TW,1770400,407000,582685,2760085
2026-09-21,5906.TW,-2000,0,1000,-1000
2026-09-21,5907.TW,-45000,0,2000,-43000
2026-09-21,6005.TW,1635141,4583,0,1639724
2026-09-21,6024.TW,49986,0,3000,52986
2026-09-21,6108.TW,-186110,0,996,-185114
2026-09-21,6112.TW,-1946398,0,-75899,-2022297
2026-09-21,6115.TW,-64000,0,10000,-54000
2026-09-21,6116.TW,15096160,0,451752,15547912
2026-09-21,6117.TW,63000,0,-26000,37000
2026-09-21,6120.TW,196408,0,-1431,194977
2026-09-21,6128.TW,5500,0,1000,6500
2026-09-21,6133.TW,1132735,0,3232,1135967
2026-09-21,6136.TW,1000,0,2000,3000
2026-09-21,6139.TW,-705296,-4000,-80958,-790254
2026-09-21,6141.TW,77604,0,-55000,22604
2026-09-21,6142.TW,359000,0,2000,361000
2026-09-21,6152.TW,333124,0,-2000,331124
2026-09-21,6153.TW,972228,0,15999,988227
2026-09-21,6155.TW,91236,0,-2000,89236
2026-09-21,6164.TW,-103000,0,1000,-102000
2026-09-21,6165.TW,291002,0,30000,321002
2026-09-21,6166.TW,680302,0,43502,723804
2026-09-21,6168.TW,3108000,0,8078,3116078
2026-09-21,6176.TW,-1403254,-1,-10477,-1413732
2026-09-21,6177.TW,-295936,71355,-1000,-225581
2026-09-21,6183.TW,6000,0,1000,7000
2026-09-21,6184.TW,-57000,0,2000,-55000
2026-09-21,6189.TW,119023,0,5727,124750
2026-09-21,6191.TW,-22662,0,11578,-11084
2026-09-21,6192.TW,-5130,0,1000,-4130
2026-09-21,6196.TW,-139288,0,-81873,-221161
2026-09-21,6197.TW,-91883,0,-59917,-151800
2026-09-21,6201.TW,-7000,0,1000,-6000
2026-09-21,6202.TW,-264695,0,24287,-240408
2026-09-21,6205.TW,215191,0,1715,216906
2026-09-21,6206.TW,426551,0,47976,474527
2026-09-21,6209.TW,-594785,0,-165207,-759992
2026-09-21,6213.TW,5292275,-112000,355416,5535691
2026-09-21,6214.TW,-65782,1000,-3159,-67941
2026-09-21,6215.TW,81360,0,4083,85443
2026-09-21,6216.TW,37000,0,-267,36733
2026-09-21,6224.TW,-59155,0,1000,-58155
2026-09-21,6225.TW,-3000,0,0,-3000
2026-09-21,6226.TW,-376100,0,543000,166900
2026-09-21,6230.TW,3000,0,1000,4000
2026-09-21,6235.TW,97215,0,2152,99367
2026-09-21,6239.TW,1581973,-1231175,538731,889529
2026-09-21,6243.TW,-4090,0,-31,-4121
2026-09-21,6257.TW,3063495,18000,602574,3684069
2026-09-21,6269.TW,-1449582,0,134650,-1314932
2026-09-21,6271.TW,113250,0,-4120,109130
2026-09-21,6272.TW,17000,0,2000,19000
2026-09-21,6277.TW,-11853,0,2000,-9853
2026-09-21,6278.TW,-722251,1000,39990,-681261
2026-09-21,6281.TW,-8000,0,1000,-7000
2026-09-21,6282.TW,-109667,0,275468,165801
2026-09-21,6283.TW,8000,0,1000,9000
2026-09-21,6285.TW,892243,2000,127628,1021871
2026-09-21,6405.TW,163000,0,1005,164005
2026-09-21,6409.TW,-75439,-1000,-6478,-82917
2026-09-21,6412.TW,111510,0,290,111800
2026-09-21,6414.TW,-117842,0,2547,-115295
2026-09-21,6415.TW,-374444,-12000,-46801,-433245
2026-09-21,6416.TW,124937,0,14000,138937
2026-09-21,6426.TW,-324110,0,8180,-315930
2026-09-21,6431.TW,1000,0,0,1000
2026-09-21,6438.TW,23643,0,23159,46802
2026-09-21,6442.TW,-277265,-463000,-8525,-748790
2026-09-21,6443.TW,-426200,0,87815,-338385
2026-09-21,6446.TW,-626371,2545,-14691,-638517
2026-09-21,6449.TW,-115423,0,-3198,-118621
2026-09-21,6451.TW,-277878,0,-6180,-284058
2026-09-21,6456.TW,3157339,0,311574,3468913
2026-09-21,6464.TW,-1000,0,1000,0
2026-09-21,6472.TW,-372638,-45000,-94577,-512215
2026-09-21,6477.TW,-42893,0,2705,-40188
2026-09-21,6491.TW,373579,0,16926,390505
2026-09-21,6504.TW,-3000,0,1000,-2000
2026-09-21,6505.TW,4037600,326792,-91379,4273013
2026-09-21,6515.TW,-363969,-453500,11941,-805528
2026-09-21,6525.TW,-290242,0,1103,-289139
2026-09-21,6526.TW,851986,0,114810,966796
2026-09-21,6531.TW,-409732,63000,-26308,-373040
2026-09-21,6533.TW,-19753,0,-1099,-20852
2026-09-21,6534.TW,3000,0,1002,4002
2026-09-21,6541.TW,-172847,0,3841,-169006
2026-09-21,6552.TW,17000,0,1000,18000
2026-09-21,6558.TW,74000,0,1000,75000
2026-09-21,6573.TW,26000,0,1000,27000
2026-09-21,6579.TW,66600,0,1995,68595
2026-09-21,6581.TW,1000,0,0,1000
2026-09-21,6582.TW,7000,0,0,7000
2026-09-21,6585.TW,0,0,890,890
2026-09-21,6589.TW,-53993,0,3139,-50854
2026-09-21,6591.TW,23000,0,1939,24939
2026-09-21,6592.TW,-182970,0,6272,-176698
2026-09-21,6598.TW,-6000,0,5000,-1000
2026-09-21,6605.TW,62760,0,1428,64188
2026-09-21,6606.TW,-2000,0,1000,-1000
2026-09-21,6614.TW,-8000,0,1000,-7000
2026-09-21,6625.TW,-5000,0,1000,-4000
2026-09-21,6641.TW,1000,0,0,1000
2026-09-21,6645.TW,6000,0,44,6044
2026-09-21,6655.TW,2000,0,1000,3000
2026-09-21,6657.TW,38000,0,1000,39000
2026-09-21,6658.TW,6015,0,180,6195
2026-09-21,6666.TW,0,0,0,0
2026-09-21,6668.TW,67220,0,6954,74174
2026-09-21,6669.TW,199717,-716626,76658,-440251
2026-09-21,6670.TW,-47000,30000,-21507,-38507
2026-09-21,6671.TW,0,0,0,0
2026-09-21,6672.TW,1349941,0,4910,1354851
2026-09-21,6689.TW,-61940,0,1000,-60940
2026-09-21,6691.TW,-319280,31000,-24001,-312281
2026-09-21,6695.TW,33000,0,1000,34000
2026-09-21,6698.TW,15000,0,1000,16000
2026-09-21,6706.TW,2590922,0,1109,2592031
2026-09-21,6715.TW,-165219,0,-48599,-213818
2026-09-21,6719.TW,5956,0,1283,7239
2026-09-21,6722.TW,4000,0,1000,5000
2026-09-21,6742.TW,-173863,0,683,-173180
2026-09-21,6743.TW,81000,18782,4000,103782
2026-09-21,6753.TW,43079,0,-713,42366
2026-09-21,6754.TW,-2000,0,1000,-1000
2026-09-21,6756.TW,-14437,0,601,-13836
2026-09-21,6757.TW,59944,0,5000,64944
2026-09-21,6768.TW,-2750,0,2076,-674
2026-09-21,6770.TW,-24016466,87092,231941,-23697433
2026-09-21,6771.TW,-1000,0,0,-1000
2026-09-21,6776.TW,17000,0,1000,18000
2026-09-21,6781.TW,-51967,0,5474,-46493
2026-09-21,6782.TW,162240,0,6408,168648
2026-09-21,6789.TW,-86482,0,-24716,-111198
2026-09-21,6790.TW,3000,0,3000,6000
2026-09-21,6792.TW,10000,0,1000,11000
2026-09-21,6794.TW,-2000,0,1000,-1000
2026-09-21,6796.TW,-9943,0,0,-9943
2026-09-21,6799.TW,-20881,0,1000,-19881
2026-09-21,6805.TW,-494592,771000,-13628,262780
2026-09-21,6807.TW,2000,0,0,2000
2026-09-21,6830.TW,-570152,0,-66030,-636182
2026-09-21,6831.TW,-347963,-10000,-8235,-366198
2026-09-21,6834.TW,-928559,0,58235,-870324
2026-09-21,6835.TW,10238,0,1000,11238
2026-09-21,6838.TW,14000,0,2000,16000
2026-09-21,6854.TW,-47000,0,3022,-43978
2026-09-21,6861.TW,-254404,0,9758,-244646
2026-09-21,6862.TW,-13990,0,5435,-8555
2026-09-21,6863.TW,-740,0,6000,5260
2026-09-21,6869.TW,181663,0,11439,193102
2026-09-21,6873.TW,81040,0,2000,83040
2026-09-21,6885.TW,-555435,0,8000,-547435
2026-09-21,6887.TW,-1000,0,1000,0
2026-09-21,6890.TW,-110000,0,2771,-107229
2026-09-21,6901.TW,253845,0,10000,263845
2026-09-21,6902.TW,-4100,0,1502,-2598
2026-09-21,6906.TW,-34000,0,1089,-32911
2026-09-21,6908.TW,0,0,1020,1020
2026-09-21,6909.TW,59000,0,1000,60000
2026-09-21,6914.TW,1780,0,1000,2780
2026-09-21,6916.TW,-4000,0,0,-4000
2026-09-21,6918.TW,-1000,0,1000,0
2026-09-21,6919.TW,-1773698,0,6056,-1767642
2026-09-21,6921.TW,-1000,0,-60000,-61000
2026-09-21,6923.TW,15000,0,1000,16000
2026-09-21,6924.TW,-7000,0,1740,-5260
2026-09-21,6928.TW,9000,0,1000,10000
2026-09-21,6931.TW,13000,0,1000,14000
2026-09-21,6933.TW,-182689,0,-5519,-188208
2026-09-21,6934.TW,-27000,0,1000,-26000
2026-09-21,6936.TW,-3000,0,0,-3000
2026-09-21,6937.TW,-43000,0,-7744,-50744
2026-09-21,6944.TW,10118,0,-12836,-2718
2026-09-21,6947.TW,6000,0,0,6000
2026-09-21,6949.TW,-339915,0,-76340,-416255
2026-09-21,6951.TW,-10000,0,1387,-8613
2026-09-21,6952.TW,13000,0,0,13000
2026-09-21,6955.TW,0,0,1027,1027
2026-09-21,6957.TW,184131,0,1100,185231
2026-09-21,6958.TW,3000,0,5000,8000
2026-09-21,6962.TW,43968,0,4402,48370
2026-09-21,6965.TW,2000,0,1000,3000
2026-09-21,6969.TW,-11000,0,-2410,-13410
2026-09-21,6988.TW,-38000,0,-5000,-43000
2026-09-21,6994.TW,-138430,0,861,-137569
2026-09-21,7610.TW,-53752,0,-1726,-55478
2026-09-21,7631.TW,15846,0,-9203,6643
2026-09-21,7689.TW,-128,0,1000,872
2026-09-21,7705.TW,-1000,0,1000,0
2026-09-21,7711.TW,-1390,3000,-4331,-2721
2026-09-21,7721.TW,46000,0,1000,47000
2026-09-21,7722.TW,2000,0,230,2230
2026-09-21,7730.TW,57000,0,0,57000
2026-09-21,7732.TW,-1000,0,1000,0
2026-09-21,7736.TW,12000,0,1000,13000
2026-09-21,7740.TW,-29127,0,-2081,-31208
2026-09-21,7749.TW,72043,0,1614,73657
2026-09-21,7750.TW,-3980,0,1769,-2211
2026-09-21,7760.TW,1000,0,0,1000
2026-09-21,7765.TW,-18885,0,0,-18885
2026-09-21,7768.TW,-36974,0,1000,-35974
2026-09-21,7769.TW,-203983,-456010,-798,-660791
2026-09-21,7780.TW,-39000,0,7108,-31892
2026-09-21,7786.TW,28830,0,-1000,27830
2026-09-21,7788.TW,-219204,0,-16445,-235649
2026-09-21,7791.TW,14000,0,1000,15000
2026-09-21,7795.TW,-117200,0,-4378,-121578
2026-09-21,7799.TW,30836,26000,991,57827
2026-09-21,7803.TW,-3000,0,517,-2483
2026-09-21,7818.TW,8000,0,2000,10000
2026-09-21,7821.TW,12000,0,2000,14000
2026-09-21,7822.TW,-16000,0,-2958,-18958
2026-09-21,7823.TW,0,0,199,199
2026-09-21,7827.TW,114000,0,2745,116745
2026-09-21,7835.TW,0,0,-2000,-2000
2026-09-21,7855.TW,-4000,0,0,-4000
2026-09-21,8011.TW,-10001,0,1000,-9001
2026-09-21,8016.TW,99799,-9000,1631,92430
2026-09-21,8021.TW,877950,-55000,-119464,703486
2026-09-21,8028.TW,-3620962,2935000,-33973,-719935
2026-09-21,8033.TW,-239234,0,-516,-239750
2026-09-21,8039.TW,-708053,1000,-26732,-733785
2026-09-21,8045.TW,-18000,0,869,-17131
2026-09-21,8046.TW,-1989561,-1491045,34888,-3445718
2026-09-21,8070.TW,-622605,0,16792,-605813
2026-09-21,8072.TW,-54000,0,1000,-53000
2026-09-21,8081.TW,-58671,0,982,-57689
2026-09-21,8103.TW,-1202616,0,31969,-1170647
2026-09-21,8104.TW,119748,0,1000,120748
2026-09-21,8105.TW,-91918,0,-153,-92071
2026-09-21,8110.TW,-2917274,0,304571,-2612703
2026-09-21,8112.TW,-1121112,1000,-5521,-1125633
2026-09-21,8114.TW,25000,0,-86,24914
2026-09-21,8131.TW,-610162,0,3421,-606741
2026-09-21,8150.TW,14263698,0,996035,15259733
2026-09-21,8162.TW,46059,0,15726,61785
2026-09-21,8163.TW,105000,0,559,105559
2026-09-21,8201.TW,-1000,0,0,-1000
2026-09-21,8210.TW,171935,-335000,2266,-160799
2026-09-21,8213.TW,69010,0,6258,75268
2026-09-21,8215.TW,294310,0,66253,360563
2026-09-21,8222.TW,91912,0,-1000,90912
2026-09-21,8249.TW,23058,0,1000,24058
2026-09-21,8261.TW,-315235,0,-16419,-331654
2026-09-21,8271.TW,-191990,0,932,-191058
2026-09-21,8341.TW,-8000,0,1791,-6209
2026-09-21,8367.TW,-1000,0,0,-1000
2026-09-21,8374.TW,52000,0,-16051,35949
2026-09-21,8404.TW,49000,0,5000,54000
2026-09-21,8411.TW,-2000,0,-84000,-86000
2026-09-21,8422.TW,-2538000,0,14815,-2523185
2026-09-21,8429.TW,-5000,0,2000,-3000
2026-09-21,8438.TW,63000,0,2,63002
2026-09-21,8442.TW,1000,6119,1000,8119
2026-09-21,8443.TW,1000,0,1000,2000
2026-09-21,8454.TW,22710,-548,1688,23850
2026-09-21,8462.TW,-6000,0,0,-6000
2026-09-21,8463.TW,1000,0,1000,2000
2026-09-21,8464.TW,52223,1999,2993,57215
2026-09-21,8466.TW,73000,0,1000,74000
2026-09-21,8467.TW,-2000,0,1000,-1000
2026-09-21,8473.TW,23641,0,3000,26641
2026-09-21,8476.TW,79000,0,1000,80000
2026-09-21,8478.TW,-16213,0,1907,-14306
2026-09-21,8481.TW,-5000,0,1000,-4000
2026-09-21,8482.TW,0,0,2000,2000
2026-09-21,8487.TW,-3000,0,1215,-1785
2026-09-21,8488.TW,-18000,0,3000,-15000
2026-09-21,8499.TW,5000,0,0,5000
2026-09-21,8926.TW,-654985,2000,7605,-645380
2026-09-21,8940.TW,-1000,0,1000,0
2026-09-21,8996.TW,278022,-10000,-71842,196180
2026-09-21,9103.TW,130000,0,-570,129430
2026-09-21,9105.TW,2362300,0,-835507,1526793
2026-09-21,9136.TW,-37000,0,-761,-37761
2026-09-21,9802.TW,105000,-100000,7974,12974
2026-09-21,9902.TW,1000,0,0,1000
2026-09-21,9904.TW,1918794,34000,186998,2139792
2026-09-21,9905.TW,-49000,0,4000,-45000
2026-09-21,9906.TW,38636,0,-582,38054
2026-09-21,9907.TW,-371000,166986,18000,-186014
2026-09-21,9908.TW,35651,0,5744,41395
2026-09-21,9910.TW,841,32000,9962,42803
2026-09-21,9911.TW,-59000,1000,2000,-56000
2026-09-21,9912.TW,8000,0,0,8000
2026-09-21,9914.TW,-116917,0,-2832,-119749
2026-09-21,9917.TW,-69360,1000,5000,-63360
2026-09-21,9918.TW,-3000,0,2000,-1000
2026-09-21,9919.TW,80000,0,2000,82000
2026-09-21,9921.TW,-33636,0,1600,-32036
2026-09-21,9924.TW,-2000,0,1000,-1000
2026-09-21,9925.TW,-189000,0,5268,-183732
2026-09-21,9926.TW,1000,0,1000,2000
2026-09-21,9927.TW,52587,0,1000,53587
2026-09-21,9928.TW,0,0,1000,1000
2026-09-21,9929.TW,-1000,0,1000,0
2026-09-21,9930.TW,-26840,0,2024,-24816
2026-09-21,9931.TW,0,0,0,0
2026-09-21,9933.TW,-645162,1000,-3000,-647162
2026-09-21,9934.TW,-40550,0,5000,-35550
2026-09-21,9935.TW,-31000,21621,2000,-7379
2026-09-21,9937.TW,-6000,0,3000,-3000
2026-09-21,9938.TW,97000,64793,6855,168648
2026-09-21,9939.TW,-5000,0,2813,-2187
2026-09-21,9940.TW,-192000,0,8000,-184000
2026-09-21,9941.TW,173273,-100000,5680,78953
2026-09-21,9942.TW,-3000,0,0,-3000
2026-09-21,9943.TW,0,0,1000,1000
2026-09-21,9944.TW,-2000,0,1000,-1000
2026-09-21,9945.TW,1491692,10000,8570,1510262
2026-09-21,9946.TW,290000,0,3000,293000
2026-09-21,9955.TW,4339,0,2000,6339
2026-09-21,9958.TW,-587716,0,-1149,-588865
2026-09-22,0050.TW,7840432,487000,1144866,9472298
2026-09-22,0051.TW,-1058,0,-1332,-2390
2026-09-22,0052.TW,2257585,0,3946009,6203594
2026-09-22,0053.TW,0,0,2350,2350
2026-09-22,0055.TW,-96998,0,-204201,-301199
2026-09-22,0056.TW,-8707052,2450000,-15359779,-21616831
2026-09-22,0057.TW,0,0,1047,1047
2026-09-22,0061.TW,45000,0,-1321,43679
2026-09-22,1101.TW,14828392,-31000,514791,15312183
2026-09-22,1102.TW,3175019,172440,95755,3443214
2026-09-22,1103.TW,-115600,0,0,-115600
2026-09-22,1104.TW,-166000,0,-76,-166076
2026-09-22,1108.TW,-2000,0,0,-2000
2026-09-22,1109.TW,9100,0,0,9100
2026-09-22,1110.TW,-47000,0,-32000,-79000
2026-09-22,1201.TW,17000,0,-149000,-132000
2026-09-22,1203.TW,-1000,0,0,-1000
2026-09-22,1210.TW,-359023,0,-164,-359187
2026-09-22,1215.TW,-1046950,0,-475,-1047425
2026-09-22,1216.TW,-181703,199411,155857,173565
2026-09-22,1217.TW,37510,0,-20000,17510
2026-09-22,1218.TW,37000,0,440,37440
2026-09-22,1219.TW,12911,0,0,12911
2026-09-22,1220.TW,5749,0,0,5749
2026-09-22,1225.TW,4000,0,0,4000
2026-09-22,1227.TW,-229000,0,907,-228093
2026-09-22,1229.TW,-1276923,0,1595,-1275328
2026-09-22,1231.TW,-7662,0,-291,-7953
2026-09-22,1232.TW,19678,0,0,19678
2026-09-22,1233.TW,-1000,0,0,-1000
2026-09-22,1234.TW,-10000,0,-1,-10001
2026-09-22,1235.TW,-1000,0,0,-1000
2026-09-22,1236.TW,1000,0,0,1000
2026-09-22,1256.TW,-19000,0,0,-19000
2026-09-22,1301.TW,-4923711,0,-255468,-5179179
2026-09-22,1303.TW,-24347573,638422,-870108,-24579259
2026-09-22,1304.TW,158540,0,-9032,149508
2026-09-22,1305.TW,218281,0,-8000,210281
2026-09-22,1307.TW,-142000,0,-1,-142001
2026-09-22,1308.TW,38030,0,399,38429
2026-09-22,1309.TW,154793,0,-1711,153082
2026-09-22,1310.TW,-246838,0,0,-246838
2026-09-22,1312.TW,3753590,0,199067,3952657
2026-09-22,1313.TW,-476043,0,-45978,-522021
2026-09-22,1314.TW,-26529722,0,-1524357,-28054079
2026-09-22,1315.TW,1000,0,0,1000
2026-09-22,1316.TW,-312373,0,0,-312373
2026-09-22,1319.TW,-231339,0,-367,-231706
2026-09-22,1321.TW,-30000,0,0,-30000
2026-09-22,1323.TW,-1000,0,0,-1000
2026-09-22,1324.TW,-1000,0,0,-1000
2026-09-22,1325.TW,35456,0,0,35456
2026-09-22,1326.TW,-233074,0,-118592,-351666
2026-09-22,1337.TW,22000,0,0,22000
2026-09-22,1338.TW,-17000,0,0,-17000
2026-09-22,1339.TW,0,0,-1153,-1153
2026-09-22,1340.TW,21000,0,0,21000
2026-09-22,1342.TW,15759,0,24,15783
2026-09-22,1402.TW,-1607910,159144,1793,-1446973
2026-09-22,1409.TW,-2699481,0,8756,-2690725
2026-09-22,1410.TW,-2000,0,0,-2000
2026-09-22,1413.TW,0,0,0,0
2026-09-22,1414.TW,-1000,0,0,-1000
2026-09-22,1416.TW,-70568,0,1000,-69568
2026-09-22,1417.TW,-15000,0,0,-15000
2026-09-22,1418.TW,6000,0,0,6000
2026-09-22,1419.TW,-16023,0,0,-16023
2026-09-22,1423.TW,0,0,0,0
2026-09-22,1432.TW,4000,0,0,4000
2026-09-22,1434.TW,-39331,0,0,-39331
2026-09-22,1435.TW,0,0,0,0
2026-09-22,1436.TW,69213,0,-3000,66213
2026-09-22,1437.TW,-22000,0,0,-22000
2026-09-22,1438.TW,-21000,0,0,-21000
2026-09-22,1439.TW,0,0,0,0
2026-09-22,1440.TW,-31249,0,14000,-17249
2026-09-22,1442.TW,-496000,0,-7698,-503698
2026-09-22,1443.TW,-1000,0,0,-1000
2026-09-22,1444.TW,-117168,0,0,-117168
2026-09-22,1445.TW,5000,0,0,5000
2026-09-22,1446.TW,-39000,0,2000,-37000
2026-09-22,1447.TW,-75734,0,0,-75734
2026-09-22,1449.TW,152079,0,1953,154032
2026-09-22,1451.TW,-42000,0,0,-42000
2026-09-22,1452.TW,-2262,0,0,-2262
2026-09-22,1453.TW,-3000,0,0,-3000
2026-09-22,1454.TW,3000,0,1000,4000
2026-09-22,1455.TW,25982,0,46000,71982
2026-09-22,1456.TW,-1122,0,-2000,-3122
2026-09-22,1457.TW,-34000,0,0,-34000
2026-09-22,1459.TW,15000,0,0,15000
2026-09-22,1460.TW,-18327,0,-1000,-19327
2026-09-22,1463.TW,33000,0,-1000,32000
2026-09-22,1464.TW,33724,0,0,33724
2026-09-22,1465.TW,-4000,0,0,-4000
2026-09-22,1466.TW,-3004,0,0,-3004
2026-09-22,1467.TW,131000,0,3000,134000
2026-09-22,1468.TW,2000,0,0,2000
2026-09-22,1471.TW,-18000,0,0,-18000
2026-09-22,1472.TW,-4000,0,-7000,-11000
2026-09-22,1473.TW,-93000,0,0,-93000
2026-09-22,1474.TW,-9000,0,0,-9000
2026-09-22,1476.TW,-1096863,-4201,3178,-1097886
2026-09-22,1477.TW,-281974,193823,9031,-79120
2026-09-22,1503.TW,-119823,0,-6961,-126784
2026-09-22,1504.TW,-1583250,-31000,-39578,-1653828
2026-09-22,1506.TW,-11000,0,0,-11000
2026-09-22,1512.TW,2000,0,0,2000
2026-09-22,1513.TW,387526,0,20716,408242
2026-09-22,1514.TW,114545,0,-4557,109988
2026-09-22,1515.TW,45000,0,-3543,41457
2026-09-22,1516.TW,1000,0,0,1000
2026-09-22,1517.TW,4723,0,1000,5723
2026-09-22,1519.TW,-9084,-4000,-4977,-18061
2026-09-22,1521.TW,31000,0,0,31000
2026-09-22,1522.TW,174454,0,1019,175473
2026-09-22,1524.TW,30912,0,0,30912
2026-09-22,1526.TW,6000,0,1000,7000
2026-09-22,1527.TW,38500,0,0,38500
2026-09-22,1528.TW,-1674418,0,-75369,-1749787
2026-09-22,1529.TW,-179757,0,0,-179757
2026-09-22,1530.TW,-1000,0,96,-904
2026-09-22,1531.TW,-17000,0,0,-17000
2026-09-22,1532.TW,-28555,0,0,-28555
2026-09-22,1533.TW,55000,0,0,55000
2026-09-22,1535.TW,2000,0,0,2000
2026-09-22,1536.TW,-416019,0,-17424,-433443
2026-09-22,1537.TW,-13000,0,0,-13000
2026-09-22,1539.TW,-8000,0,0,-8000
2026-09-22,1540.TW,-18000,0,0,-18000
2026-09-22,1558.TW,29816,0,0,29816
2026-09-22,1560.TW,159400,86600,-29268,216732
2026-09-22,1563.TW,-71724,0,5000,-66724
2026-09-22,1568.TW,-140915,0,1000,-139915
2026-09-22,1582.TW,-153891,0,-9932,-163823
2026-09-22,1583.TW,3000,0,0,3000
2026-09-22,1587.TW,11000,0,0,11000
2026-09-22,1590.TW,-185473,-1000,-2487,-188960
2026-09-22,1597.TW,-133051,0,-3872,-136923
2026-09-22,1598.TW,20000,0,59,20059
2026-09-22,1603.TW,1000,0,1000,2000
2026-09-22,1604.TW,-19069,0,0,-19069
2026-09-22,1605.TW,2231289,0,201162,2432451
2026-09-22,1608.TW,-11000,0,14156,3156
2026-09-22,1609.TW,505262,0,21339,526601
2026-09-22,1611.TW,264020,0,-182253,81767
2026-09-22,1612.TW,104086,0,4160,108246
2026-09-22,1614.TW,-8900,0,0,-8900
2026-09-22,1615.TW,21000,0,0,21000
2026-09-22,1616.TW,12350,0,-190,12160
2026-09-22,1617.TW,-322076,0,649,-321427
2026-09-22,1618.TW,107138,0,-3690,103448
2026-09-22,1623.TW,-58050,0,-3822,-61872
2026-09-22,1626.TW,4000,0,-1000,3000
2026-09-22,1702.TW,70433,0,0,70433
2026-09-22,1707.TW,-67172,0,-221,-67393
2026-09-22,1708.TW,530857,0,-339,530518
2026-09-22,1709.TW,-539975,0,18687,-521288
2026-09-22,1710.TW,-989779,0,-104859,-1094638
2026-09-22,1711.TW,-290983,0,-17530,-308513
2026-09-22,1712.TW,-96000,156760,0,60760
2026-09-22,1713.TW,-56000,0,0,-56000
2026-09-22,1714.TW,1853401,0,-73317,1780084
2026-09-22,1717.TW,-1075442,0,-25850,-1101292
2026-09-22,1718.TW,3684197,0,61075,3745272
2026-09-22,1720.TW,-42465,0,0,-42465
2026-09-22,1721.TW,-152462,0,-2000,-154462
2026-09-22,1722.TW,-951204,0,2000,-949204
2026-09-22,1723.TW,-87000,0,445,-86555
2026-09-22,1725.TW,11000,0,1000,12000
2026-09-22,1726.TW,-1000,0,0,-1000
2026-09-22,1727.TW,234647,0,167574,402221
2026-09-22,1730.TW,-2000,0,0,-2000
2026-09-22,1731.TW,22000,0,0,22000
2026-09-22,1732.TW,29000,0,0,29000
2026-09-22,1733.TW,-27000,0,0,-27000
2026-09-22,1734.TW,14162,0,0,14162
2026-09-22,1735.TW,-1000,0,694,-306
2026-09-22,1736.TW,174045,0,710,174755
2026-09-22,1737.TW,-151000,0,0,-151000
2026-09-22,1752.TW,18000,0,0,18000
2026-09-22,1760.TW,-4982,0,0,-4982
2026-09-22,1762.TW,8000,0,-28,7972
2026-09-22,1773.TW,-303299,0,218,-303081
2026-09-22,1776.TW,0,0,1000,1000
2026-09-22,1783.TW,-2000,0,-23000,-25000
2026-09-22,1786.TW,-69647,0,-172,-69819
2026-09-22,1789.TW,-32402,0,0,-32402
2026-09-22,1795.TW,2000,0,-5842,-3842
2026-09-22,1802.TW,-1382052,0,-678078,-2060130
2026-09-22,1805.TW,-9000,0,0,-9000
2026-09-22,1806.TW,-6000,0,0,-6000
2026-09-22,1808.TW,-259350,0,58000,-201350
2026-09-22,1809.TW,577853,0,-2336,575517
2026-09-22,1810.TW,-125000,0,245,-124755
2026-09-22,1817.TW,4000,0,-167,3833
2026-09-22,1903.TW,6000,0,-172,5828
2026-09-22,1904.TW,969616,0,5097,974713
2026-09-22,1905.TW,277182,0,-72227,204955
2026-09-22,1906.TW,-6000,0,0,-6000
2026-09-22,1907.TW,-1563,0,-2000,-3563
2026-09-22,1909.TW,-467000,0,0,-467000
2026-09-22,2002.TW,-13857833,-21000,-109184,-13988017
2026-09-22,2006.TW,297301,0,13727,311028
2026-09-22,2007.TW,5000,0,0,5000
2026-09-22,2008.TW,1000,0,0,1000
2026-09-22,2009.TW,742833,0,9091,751924
2026-09-22,2010.TW,522940,0,-1000,521940
2026-09-22,2012.TW,2000,0,0,2000
2026-09-22,2013.TW,-1000,0,0,-1000
2026-09-22,2014.TW,341129,0,0,341129
2026-09-22,2015.TW,-59000,0,1000,-58000
2026-09-22,2017.TW,1637,0,135000,136637
2026-09-22,2020.TW,46740,0,0,46740
2026-09-22,2022.TW,-47527,0,0,-47527
2026-09-22,2023.TW,-390881,0,0,-390881
2026-09-22,2024.TW,1000,0,0,1000
2026-09-22,2025.TW,178411,0,0,178411
2026-09-22,2027.TW,278507,-34000,66379,310886
2026-09-22,2028.TW,-9000,0,0,-9000
2026-09-22,2029.TW,-51273,0,0,-51273
2026-09-22,2030.TW,3266667,0,20639,3287306
2026-09-22,2031.TW,906320,0,3552,909872
2026-09-22,2032.TW,258648,0,0,258648
2026-09-22,2033.TW,-67000,0,18386,-48614
2026-09-22,2034.TW,-442946,0,-11258,-454204
2026-09-22,2038.TW,50912,0,0,50912
2026-09-22,2049.TW,-506703,0,-10593,-517296
2026-09-22,2059.TW,-68958,23960,3905,-41093
2026-09-22,2062.TW,-524,0,0,-524
2026-09-22,2069.TW,951180,0,0,951180
2026-09-22,2072.TW,-17101,0,0,-17101
2026-09-22,2101.TW,-746642,0,-20310,-766952
2026-09-22,2102.TW,-91960,0,0,-91960
2026-09-22,2103.TW,36612,0,-111073,-74461
2026-09-22,2104.TW,1515205,0,0,1515205
2026-09-22,2105.TW,171264,165000,109413,445677
2026-09-22,2106.TW,-563000,0,-10289,-573289
2026-09-22,2107.TW,-38038,0,0,-38038
2026-09-22,2108.TW,-13668,0,-946,-14614
2026-09-22,2109.TW,1908,0,0,1908
2026-09-22,2114.TW,0,0,0,0
2026-09-22,2115.TW,4000,0,0,4000
2026-09-22,2201.TW,-900000,0,-3825,-903825
2026-09-22,2204.TW,-164000,165336,245,1581
2026-09-22,2206.TW,-54808,0,0,-54808
2026-09-22,2207.TW,-43475,8000,-184,-35659
2026-09-22,2208.TW,476143,0,0,476143
2026-09-22,2211.TW,-660000,0,1061,-658939
2026-09-22,2227.TW,5613,0,0,5613
2026-09-22,2228.TW,-777,0,0,-777
2026-09-22,2231.TW,-6000,0,-1667,-7667
2026-09-22,2233.TW,-156800,0,-421,-157221
2026-09-22,2236.TW,121000,0,-10778,110222
2026-09-22,2237.TW,-36000,0,0,-36000
2026-09-22,2239.TW,46000,0,-299,45701
2026-09-22,2241.TW,-1221252,0,7381,-1213871
2026-09-22,2243.TW,-144512,0,-9,-144521
2026-09-22,2247.TW,-6014,13857,0,7843
2026-09-22,2248.TW,8000,0,0,8000
2026-09-22,2250.TW,10000,0,0,10000
2026-09-22,2254.TW,341000,0,-2628,338372
2026-09-22,2258.TW,-73000,0,24435,-48565
2026-09-22,2301.TW,219465,-147664,-271072,-199271
2026-09-22,2302.TW,-124698,0,-41,-124739
2026-09-22,2303.TW,50545175,7857888,1700945,60104008
2026-09-22,2305.TW,1878974,0,1000,1879974
2026-09-22,2308.TW,-1323385,1642057,-7321,311351
2026-09-22,2312.TW,-201000,0,-136899,-337899
2026-09-22,2313.TW,817185,403656,-240930,979911
2026-09-22,2314.TW,-1000,0,0,-1000
2026-09-22,2316.TW,547150,0,43854,591004
2026-09-22,2317.TW,6811470,-18905,932592,7725157
2026-09-22,2323.TW,2008401,0,34000,2042401
2026-09-22,2324.TW,-19467750,-73858,11345,-19530263
2026-09-22,2327.TW,7871240,185724,1071356,9128320
2026-09-22,2328.TW,-192000,0,-10986,-202986
2026-09-22,2329.TW,-180838,0,-4217,-185055
2026-09-22,2330.TW,-4329504,-405634,467394,-4267744
2026-09-22,2331.TW,-6987,0,-2000,-8987
2026-09-22,2332.TW,-5114120,0,-190279,-5304399
2026-09-22,2337.TW,-3558480,44000,164075,-3350405
2026-09-22,2338.TW,938873,0,-34817,904056
2026-09-22,2340.TW,264847,0,22253,287100
2026-09-22,2342.TW,1212867,0,15615,1228482
2026-09-22,2344.TW,7783688,-15494573,-342679,-8053564
2026-09-22,2345.TW,-149415,-172424,50796,-271043
2026-09-22,2347.TW,75627,225000,-90003,210624
2026-09-22,2348.TW,107365,0,-8472,98893
2026-09-22,2349.TW,-528885,0,0,-528885
2026-09-22,2351.TW,-42226,65000,8939,31713
2026-09-22,2352.TW,-340566,0,-41113,-381679
2026-09-22,2353.TW,-9622669,102782,-130620,-9650507
2026-09-22,2354.TW,4091337,-3000,145937,4234274
2026-09-22,2355.TW,532399,0,720,533119
2026-09-22,2356.TW,-1579157,-25699,54472,-1550384
2026-09-22,2357.TW,38973,32047,42745,113765
2026-09-22,2359.TW,-303000,0,22800,-280200
2026-09-22,2360.TW,-13199,-74294,16089,-71404
2026-09-22,2362.TW,-48727,0,-25,-48752
2026-09-22,2363.TW,-2712784,0,1075832,-1636952
2026-09-22,2364.TW,78000,0,-2000,76000
2026-09-22,2365.TW,-280000,0,0,-280000
2026-09-22,2367.TW,409609,0,-95317,314292
2026-09-22,2368.TW,-2207477,312710,-75276,-1970043
2026-09-22,2369.TW,-280213,0,-39275,-319488
2026-09-22,2371.TW,-2272199,0,-126988,-2399187
2026-09-22,2373.TW,0,0,0,0
2026-09-22,2374.TW,-352105,0,-9399,-361504
2026-09-22,2375.TW,308298,0,-14260,294038
2026-09-22,2376.TW,657464,-6446,-198786,452232
2026-09-22,2377.TW,515656,-20000,-21083,474573
2026-09-22,2379.TW,2022693,-51362,63677,2035008
2026-09-22,2380.TW,22000,0,0,22000
2026-09-22,2382.TW,-2045014,1593253,140732,-311029
2026-09-22,2383.TW,331258,-653668,49836,-272574
2026-09-22,2385.TW,-915633,36592,54355,-824686
2026-09-22,2387.TW,-18892,111121,0,92229
2026-09-22,2388.TW,-503395,0,93919,-409476
2026-09-22,2390.TW,63037,0,0,63037
2026-09-22,2392.TW,-2081940,0,-79045,-2160985
2026-09-22,2393.TW,-245620,112559,6718,-126343
2026-09-22,2395.TW,536624,-120985,-26422,389217
2026-09-22,2397.TW,115023,0,1000,116023
2026-09-22,2399.TW,-2205129,0,-23265,-2228394
2026-09-22,2401.TW,303352,0,-45595,257757
2026-09-22,2402.TW,-34183,0,4218,-29965
2026-09-22,2404.TW,68293,153000,41607,262900
2026-09-22,2405.TW,4000,0,0,4000
2026-09-22,2406.TW,-4103100,0,-32539,-4135639
2026-09-22,2408.TW,-22444770,-103066,-1155356,-23703192
2026-09-22,2409.TW,245313959,-42863,5213522,250484618
2026-09-22,2412.TW,2401352,53726,23000,2478078
2026-09-22,2413.TW,-768761,0,-61022,-829783
2026-09-22,2414.TW,13082,0,0,13082
2026-09-22,2415.TW,-64000,0,644,-63356
2026-09-22,2417.TW,28000,0,0,28000
2026-09-22,2419.TW,-174624,0,-49586,-224210
2026-09-22,2420.TW,47000,0,-241,46759
2026-09-22,2421.TW,619629,0,53706,673335
2026-09-22,2423.TW,3000,0,0,3000
2026-09-22,2424.TW,-22000,0,0,-22000
2026-09-22,2425.TW,-183980,0,-3313,-187293
2026-09-22,2426.TW,-3182647,0,-118685,-3301332
2026-09-22,2427.TW,223712,0,0,223712
2026-09-22,2428.TW,-284681,0,-7546,-292227
2026-09-22,2429.TW,-78032,0,0,-78032
2026-09-22,2430.TW,-1000,0,-2000,-3000
2026-09-22,2431.TW,2000,0,0,2000
2026-09-22,2432.TW,1000,0,0,1000
2026-09-22,2433.TW,-4000,0,0,-4000
2026-09-22,2434.TW,178000,0,8062,186062
2026-09-22,2436.TW,1497647,0,131568,1629215
2026-09-22,2438.TW,18000,0,785,18785
2026-09-22,2439.TW,89964,0,-5689,84275
2026-09-22,2440.TW,-34000,0,0,-34000
2026-09-22,2441.TW,4023596,-666000,-75924,3281672
2026-09-22,2442.TW,-202000,0,0,-202000
2026-09-22,2444.TW,445674,0,-4963,440711
2026-09-22,2449.TW,16162022,2979171,1108238,20249431
2026-09-22,2450.TW,60000,0,0,60000
2026-09-22,2451.TW,234203,-10000,-23828,200375
2026-09-22,2453.TW,133023,0,0,133023
2026-09-22,2454.TW,1541804,373171,57473,1972448
2026-09-22,2455.TW,-2880406,-199000,-290316,-3369722
2026-09-22,2457.TW,207080,0,-1658,205422
2026-09-22,2458.TW,-474000,-5000,11316,-467684
2026-09-22,2459.TW,-18000,0,0,-18000
2026-09-22,2460.TW,37010,0,0,37010
2026-09-22,2461.TW,140000,0,0,140000
2026-09-22,2462.TW,49000,0,0,49000
2026-09-22,2464.TW,-1900409,0,23937,-1876472
2026-09-22,2465.TW,-111346,0,-1001,-112347
2026-09-22,2466.TW,-250856,0,2,-250854
2026-09-22,2467.TW,-47813,0,2395,-45418
2026-09-22,2468.TW,225000,0,30000,255000
2026-09-22,2471.TW,99920,0,0,99920
2026-09-22,2472.TW,90353,0,19041,109394
2026-09-22,2474.TW,-361870,26000,10253,-325617
2026-09-22,2476.TW,-32812,0,90946,58134
2026-09-22,2477.TW,36000,48467,0,84467
2026-09-22,2478.TW,132165,0,28326,160491
2026-09-22,2480.TW,25620,0,-239,25381
2026-09-22,2481.TW,5343270,78000,254403,5675673
2026-09-22,2482.TW,113899,0,771,114670
2026-09-22,2483.TW,2465,0,0,2465
2026-09-22,2484.TW,407823,0,-2000,405823
2026-09-22,2485.TW,-245919,0,-43010,-288929
2026-09-22,2486.TW,-275791,-150000,62139,-363652
2026-09-22,2488.TW,66000,0,-1000,65000
2026-09-22,2489.TW,-957822,0,-976021,-1933843
2026-09-22,2491.TW,-35633,0,0,-35633
2026-09-22,2492.TW,2329816,0,178897,2508713
2026-09-22,2493.TW,504058,-2000,125140,627198
2026-09-22,2495.TW,-618800,0,1039,-617761
2026-09-22,2497.TW,22089,0,118,22207
2026-09-22,2498.TW,-1905988,0,-61295,-1967283
2026-09-22,2501.TW,-588000,0,-535,-588535
2026-09-22,2504.TW,-1190000,406268,10000,-773732
2026-09-22,2505.TW,61000,0,-13000,48000
2026-09-22,2506.TW,-197000,0,0,-197000
2026-09-22,2509.TW,12000,0,-3000,9000
2026-09-22,2511.TW,-57891,0,0,-57891
2026-09-22,2514.TW,-4000,0,0,-4000
2026-09-22,2515.TW,-2147432,0,-27116,-2174548
2026-09-22,2516.TW,15000,0,0,15000
2026-09-22,2520.TW,-629311,0,25303,-604008
2026-09-22,2524.TW,-3000,0,-1119,-4119
2026-09-22,2527.TW,306920,0,9768,316688
2026-09-22,2528.TW,-3986,146380,-98000,44394
2026-09-22,2530.TW,14330,232666,0,246996
2026-09-22,2534.TW,76000,0,0,76000
2026-09-22,2535.TW,115443,0,0,115443
2026-09-22,2536.TW,43488,0,0,43488
2026-09-22,2537.TW,-82000,0,0,-82000
2026-09-22,2538.TW,105970,0,0,105970
2026-09-22,2539.TW,-12558,0,0,-12558
2026-09-22,2540.TW,90000,0,0,90000
2026-09-22,2542.TW,-5151065,1569000,-330979,-3913044
2026-09-22,2543.TW,-74000,0,-521,-74521
2026-09-22,2545.TW,42000,0,5000,47000
2026-09-22,2546.TW,15384,0,0,15384
2026-09-22,2547.TW,-224648,357527,0,132879
2026-09-22,2548.TW,131646,0,1950,133596
2026-09-22,2597.TW,-82000,0,-199,-82199
2026-09-22,2601.TW,-958846,0,-250000,-1208846
2026-09-22,2603.TW,-419237,975211,125973,681947
2026-09-22,2605.TW,-3000,0,99001,96001
2026-09-22,2606.TW,-295556,0,-28272,-323828
2026-09-22,2607.TW,117710,0,158,117868
2026-09-22,2608.TW,-30944,0,14669,-16275
2026-09-22,2609.TW,3611149,74000,-324563,3360586
2026-09-22,2610.TW,5252000,5133000,88517,10473517
2026-09-22,2611.TW,75000,0,-4000,71000
2026-09-22,2612.TW,20200,0,11005,31205
2026-09-22,2613.TW,9020,0,0,9020
2026-09-22,2614.TW,134766,0,0,134766
2026-09-22,2615.TW,1151288,-67654,-229455,854179
2026-09-22,2616.TW,-16000,0,0,-16000
2026-09-22,2617.TW,66095,0,631,66726
2026-09-22,2618.TW,6621438,3993000,92216,10706654
2026-09-22,2630.TW,-39000,0,-4645,-43645
2026-09-22,2633.TW,-4837900,665000,-27373,-4200273
2026-09-22,2634.TW,295300,-1000,-160100,134200
2026-09-22,2636.TW,72937,0,2999,75936
2026-09-22,2637.TW,78011,0,-68,77943
2026-09-22,2642.TW,9000,0,0,9000
2026-09-22,2645.TW,-266027,-1000,469,-266558
2026-09-22,2646.TW,123500,0,-15187,108313
2026-09-22,2701.TW,3000,0,0,3000
2026-09-22,2702.TW,3000,0,0,3000
2026-09-22,2704.TW,-9000,0,0,-9000
2026-09-22,2705.TW,-19000,0,0,-19000
2026-09-22,2706.TW,-2000,0,0,-2000
2026-09-22,2707.TW,48000,0,0,48000
2026-09-22,2722.TW,-6000,0,0,-6000
2026-09-22,2723.TW,10557,0,0,10557
2026-09-22,2727.TW,10009,-32000,-20000,-41991
2026-09-22,2731.TW,43691,0,-468,43223
2026-09-22,2739.TW,-16000,0,-6000,-22000
2026-09-22,2748.TW,1000,0,0,1000
2026-09-22,2753.TW,42000,28612,-90,70522
2026-09-22,2762.TW,-1868,0,0,-1868
2026-09-22,2801.TW,10545,-143000,37523,-94932
2026-09-22,2812.TW,-1876905,0,-41761,-1918666
2026-09-22,2816.TW,-17944,0,0,-17944
2026-09-22,2820.TW,5773,0,20000,25773
2026-09-22,2832.TW,-78300,62395,2000,-13905
2026-09-22,2834.TW,-4377801,0,2475,-4375326
2026-09-22,2836.TW,-412322,0,0,-412322
2026-09-22,2838.TW,124699,0,3321,128020
2026-09-22,2845.TW,650021,0,0,650021
2026-09-22,2849.TW,39000,0,0,39000
2026-09-22,2850.TW,-14000,0,0,-14000
2026-09-22,2851.TW,-756282,0,-140321,-896603
2026-09-22,2852.TW,50000,0,0,50000
2026-09-22,2855.TW,2610748,-37000,0,2573748
2026-09-22,2880.TW,52625,-191244,657585,518966
2026-09-22,2881.TW,351952,-1561461,198078,-1011431
2026-09-22,2882.TW,-1749364,-73536,36132,-1786768
2026-09-22,2883.TW,-27960513,-510226,-167395,-28638134
2026-09-22,2884.TW,1423982,570043,384538,2378563
2026-09-22,2885.TW,4305327,-567259,155657,3893725
2026-09-22,2886.TW,12736350,-4781067,467504,8422787
2026-09-22,2887.TW,-21626163,-1315022,930702,-22010483
2026-09-22,2889.TW,-629885,0,0,-629885
2026-09-22,2890.TW,-2774393,413428,458902,-1902063
2026-09-22,2891.TW,-3778829,-55224,505920,-3328133
2026-09-22,2892.TW,9026115,171486,89548,9287149
2026-09-22,2897.TW,-1520866,0,536,-1520330
2026-09-22,2901.TW,8000,0,0,8000
2026-09-22,2903.TW,-3000,0,0,-3000
2026-09-22,2904.TW,-1000,0,0,-1000
2026-09-22,2905.TW,-291000,0,19537,-271463
2026-09-22,2906.TW,2000,0,-80,1920
2026-09-22,2908.TW,-14959,0,0,-14959
2026-09-22,2910.TW,5000,0,-1000,4000
2026-09-22,2911.TW,-26000,0,0,-26000
2026-09-22,2912.TW,-500663,0,349,-500314
2026-09-22,2913.TW,-39882,0,0,-39882
2026-09-22,2915.TW,272409,0,-1717,270692
2026-09-22,2923.TW,14000,0,-3000,11000
2026-09-22,2929.TW,16400,0,-1000,15400
2026-09-22,2939.TW,2000,0,0,2000
2026-09-22,3002.TW,-15000,0,958,-14042
2026-09-22,3003.TW,137288,0,-32048,105240
2026-09-22,3004.TW,-923,0,0,-923
2026-09-22,3005.TW,-691597,334946,24434,-332217
2026-09-22,3006.TW,-3105366,20000,-177208,-3262574
2026-09-22,3008.TW,-513282,168932,28063,-316287
2026-09-22,3010.TW,-182717,0,1300,-181417
2026-09-22,3011.TW,-39000,0,0,-39000
2026-09-22,3013.TW,-48598,0,5437,-43161
2026-09-22,3014.TW,1292908,137416,-19922,1410402
2026-09-22,3015.TW,25628,0,-3672,21956
2026-09-22,3016.TW,6315279,0,-106239,6209040
2026-09-22,3017.TW,-217267,-7356,30332,-194291
2026-09-22,3018.TW,1000,0,0,1000
2026-09-22,3019.TW,-420822,0,-45742,-466564
2026-09-22,3021.TW,31000,0,0,31000
2026-09-22,3022.TW,14546,0,-18952,-4406
2026-09-22,3023.TW,19174,-2000,3763,20937
2026-09-22,3024.TW,-29887,0,0,-29887
2026-09-22,3025.TW,-37000,0,0,-37000
2026-09-22,3026.TW,-1090208,16000,34376,-1039832
2026-09-22,3027.TW,-156000,0,-231,-156231
2026-09-22,3028.TW,-78400,0,-69,-78469
2026-09-22,3029.TW,642159,0,3691,645850
2026-09-22,3030.TW,103000,0,-2121,100879
2026-09-22,3031.TW,836465,0,-2498,833967
2026-09-22,3032.TW,-19884,0,-5000,-24884
2026-09-22,3033.TW,-629650,0,-165845,-795495
2026-09-22,3034.TW,1447977,-79267,158439,1527149
2026-09-22,3035.TW,2687525,0,733880,3421405
2026-09-22,3036.TW,-563968,-10168,-23975,-598111
2026-09-22,3037.TW,5130716,-82286,787371,5835801
2026-09-22,3038.TW,-40766,0,0,-40766
2026-09-22,3040.TW,-19000,0,0,-19000
2026-09-22,3041.TW,241849,0,0,241849
2026-09-22,3042.TW,2408854,-159000,213425,2463279
2026-09-22,3043.TW,0,0,0,0
2026-09-22,3044.TW,1459888,70000,-56825,1473063
2026-09-22,3045.TW,3839922,-196553,299959,3943328
2026-09-22,3046.TW,28000,0,0,28000
2026-09-22,3047.TW,-502000,0,-8329,-510329
2026-09-22,3048.TW,-157926,0,-9156,-167082
2026-09-22,3049.TW,-3357098,0,20774,-3336324
2026-09-22,3050.TW,-106000,0,0,-106000
2026-09-22,3051.TW,267977,0,0,267977
2026-09-22,3052.TW,-10000,0,0,-10000
2026-09-22,3054.TW,-18000,0,-1000,-19000
2026-09-22,3055.TW,245044,0,75017,320061
2026-09-22,3056.TW,117407,0,460,117867
2026-09-22,3057.TW,5000,0,-1000,4000
2026-09-22,3058.TW,14000,0,0,14000
2026-09-22,3059.TW,-166050,0,-14544,-180594
2026-09-22,3060.TW,-202999,0,-539,-203538
2026-09-22,3062.TW,-678973,0,-18303,-697276
2026-09-22,3090.TW,371669,134000,-7622,498047
2026-09-22,3092.TW,-4001,0,-523,-4524
2026-09-22,3094.TW,239814,0,-139837,99977
2026-09-22,3130.TW,-25000,0,0,-25000
2026-09-22,3135.TW,-142000,0,-955,-142955
2026-09-22,3138.TW,-48000,0,-5069,-53069
2026-09-22,3149.TW,-127740,0,-111,-127851
2026-09-22,3150.TW,0,0,-15000,-15000
2026-09-22,3164.TW,6000,0,0,6000
2026-09-22,3167.TW,248466,44000,-21255,271211
2026-09-22,3168.TW,-2000,0,0,-2000
2026-09-22,3189.TW,9136578,179000,894262,10209840
2026-09-22,3209.TW,-13401,0,0,-13401
2026-09-22,3229.TW,-363960,0,0,-363960
2026-09-22,3231.TW,-30549430,-5434984,-182671,-36167085
2026-09-22,3257.TW,20000,0,0,20000
2026-09-22,3266.TW,-2000,0,1000,-1000
2026-09-22,3296.TW,19070,0,19000,38070
2026-09-22,3305.TW,159070,0,5650,164720
2026-09-22,3308.TW,54000,0,286,54286
2026-09-22,3311.TW,129412,0,15000,144412
2026-09-22,3312.TW,-784020,0,-17185,-801205
2026-09-22,3321.TW,11000,0,2000,13000
2026-09-22,3338.TW,14045,0,6000,20045
2026-09-22,3346.TW,-478744,0,-10143,-488887
2026-09-22,3356.TW,-196787,0,0,-196787
2026-09-22,3376.TW,-497226,0,-73466,-570692
2026-09-22,3380.TW,-361489,0,-69424,-430913
2026-09-22,3406.TW,-714177,1000,-108962,-822139
2026-09-22,3413.TW,171120,0,-121,170999
2026-09-22,3416.TW,-39483,0,-49,-39532
2026-09-22,3419.TW,5000,0,-2000,3000
2026-09-22,3432.TW,-3000,0,0,-3000
2026-09-22,3437.TW,283882,0,4000,287882
2026-09-22,3443.TW,3092,-80378,27984,-49302
2026-09-22,3447.TW,-43000,0,2000,-41000
2026-09-22,3450.TW,-1997425,-450000,53319,-2394106
2026-09-22,3481.TW,24829555,-44402,1858110,26643263
2026-09-22,3494.TW,0,0,-2000,-2000
2026-09-22,3501.TW,-66581,0,0,-66581
2026-09-22,3504.TW,133012,0,-333855,-200843
2026-09-22,3515.TW,67428,0,0,67428
2026-09-22,3518.TW,322000,0,0,322000
2026-09-22,3528.TW,30000,0,1000,31000
2026-09-22,3530.TW,39000,0,843,39843
2026-09-22,3532.TW,343569,-1000,-365146,-22577
2026-09-22,3533.TW,163791,-50000,132558,246349
2026-09-22,3535.TW,-547007,0,-11668,-558675
2026-09-22,3543.TW,266522,0,30000,296522
2026-09-22,3545.TW,336765,0,40,336805
2026-09-22,3550.TW,-120434,0,103,-120331
2026-09-22,3557.TW,4000,0,0,4000
2026-09-22,3563.TW,300544,0,34634,335178
2026-09-22,3576.TW,1440618,0,0,1440618
2026-09-22,3583.TW,829,0,4743,5572
2026-09-22,3588.TW,-3891,0,-465,-4356
2026-09-22,3591.TW,992116,0,-24442,967674
2026-09-22,3592.TW,163252,-1000,-500,161752
2026-09-22,3593.TW,-3000,0,0,-3000
2026-09-22,3596.TW,-232205,0,968,-231237
2026-09-22,3605.TW,-762733,2487000,-262274,1461993
2026-09-22,3607.TW,25000,0,0,25000
2026-09-22,3617.TW,-19876,0,316,-19560
2026-09-22,3622.TW,-62000,0,0,-62000
2026-09-22,3645.TW,-379000,0,-14574,-393574
2026-09-22,3652.TW,-24000,0,5000,-19000
2026-09-22,3653.TW,-200281,85937,-4385,-118729
2026-09-22,3661.TW,190994,1000,57502,249496
2026-09-22,3665.TW,-568358,-291130,34719,-824769
2026-09-22,3669.TW,-39000,0,0,-39000
2026-09-22,3673.TW,511621,0,-36449,475172
2026-09-22,3679.TW,14000,13532,0,27532
2026-09-22,3686.TW,-167000,0,-9000,-176000
2026-09-22,3694.TW,-45950,0,0,-45950
2026-09-22,3701.TW,-285000,0,3032,-281968
2026-09-22,3702.TW,185850,1164000,-157872,1191978
2026-09-22,3703.TW,-124000,0,0,-124000
2026-09-22,3704.TW,-2897020,0,-4433,-2901453
2026-09-22,3705.TW,-17450,0,0,-17450
2026-09-22,3706.TW,-182027,-1107000,-67803,-1356830
2026-09-22,3708.TW,-7988,0,0,-7988
2026-09-22,3711.TW,8479833,1163223,1108322,10751378
2026-09-22,3712.TW,-96000,0,0,-96000
2026-09-22,3714.TW,-2601978,0,-263463,-2865441
2026-09-22,3715.TW,2457318,0,258848,2716166
2026-09-22,3716.TW,-46000,0,0,-46000
2026-09-22,3717.TW,704246,0,-113292,590954
2026-09-22,4104.TW,170,0,0,170
2026-09-22,4106.TW,-9000,0,0,-9000
2026-09-22,4108.TW,18000,0,0,18000
2026-09-22,4119.TW,15139,0,0,15139
2026-09-22,4133.TW,1000,0,0,1000
2026-09-22,4137.TW,-10676,28959,0,18283
2026-09-22,4142.TW,282000,0,640,282640
2026-09-22,4148.TW,2000,0,1000,3000
2026-09-22,4155.TW,-19001,0,0,-19001
2026-09-22,4164.TW,87089,0,-15044,72045
2026-09-22,4169.TW,-1000,0,0,-1000
2026-09-22,4178.TW,4000,0,-1000,3000
2026-09-22,4190.TW,2000,0,0,2000
2026-09-22,4195.TW,-1000,0,-1907,-2907
2026-09-22,4306.TW,-63938,0,0,-63938
2026-09-22,4414.TW,9000,0,0,9000
2026-09-22,4426.TW,7000,0,-3000,4000
2026-09-22,4438.TW,9000,0,0,9000
2026-09-22,4439.TW,-7000,0,0,-7000
2026-09-22,4440.TW,-1000,0,-3000,-4000
2026-09-22,4441.TW,-24060,0,0,-24060
2026-09-22,4526.TW,257911,0,-1363,256548
2026-09-22,4532.TW,-111100,160262,-1,49161
2026-09-22,4536.TW,44307,0,0,44307
2026-09-22,4540.TW,62250,0,0,62250
2026-09-22,4545.TW,9001,0,1000,10001
2026-09-22,4551.TW,83604,92000,-1408,174196
2026-09-22,4552.TW,-17000,0,0,-17000
2026-09-22,4555.TW,-35000,0,-50,-35050
2026-09-22,4557.TW,-5000,0,0,-5000
2026-09-22,4560.TW,2000,0,0,2000
2026-09-22,4562.TW,-37648,0,0,-37648
2026-09-22,4564.TW,76000,0,1000,77000
2026-09-22,4566.TW,-64648,0,394,-64254
2026-09-22,4569.TW,2625,0,0,2625
2026-09-22,4571.TW,14000,0,0,14000
2026-09-22,4572.TW,-16000,0,0,-16000
2026-09-22,4576.TW,-16000,0,-7719,-23719
2026-09-22,4582.TW,17000,0,-3000,14000
2026-09-22,4583.TW,-13000,0,-923,-13923
2026-09-22,4585.TW,-23000,0,-3395,-26395
2026-09-22,4588.TW,-53000,0,0,-53000
2026-09-22,4590.TW,59000,0,0,59000
2026-09-22,4720.TW,-64000,0,-1250,-65250
2026-09-22,4722.TW,8263,0,-7710,553
2026-09-22,4736.TW,13512,0,0,13512
2026-09-22,4737.TW,9141,0,0,9141
2026-09-22,4739.TW,-171590,0,-27615,-199205
2026-09-22,4746.TW,430820,-91000,0,339820
2026-09-22,4755.TW,-17000,0,0,-17000
2026-09-22,4763.TW,-5750319,0,-604844,-6355163
2026-09-22,4764.TW,-39965,0,-11311,-51276
2026-09-22,4766.TW,9000,0,-762,8238
2026-09-22,4770.TW,40687,0,-45090,-4403
2026-09-22,4771.TW,-49224,0,-5192,-54416
2026-09-22,4807.TW,-66904,0,0,-66904
2026-09-22,4904.TW,-147872,233711,93000,178839
2026-09-22,4906.TW,2250100,0,168878,2418978
2026-09-22,4912.TW,108180,0,0,108180
2026-09-22,4915.TW,589067,0,11782,600849
2026-09-22,4916.TW,191995,0,41166,233161
2026-09-22,4919.TW,-644251,-3000,653128,5877
2026-09-22,4927.TW,1286711,0,1959,1288670
2026-09-22,4930.TW,2000,0,1000,3000
2026-09-22,4934.TW,-245961,0,2000,-243961
2026-09-22,4935.TW,-52000,0,0,-52000
2026-09-22,4938.TW,-2865572,37000,165295,-2663277
2026-09-22,4942.TW,-21000,0,0,-21000
2026-09-22,4949.TW,-100960,0,-1410,-102370
2026-09-22,4952.TW,140995,0,-3715,137280
2026-09-22,4956.TW,1839000,0,0,1839000
2026-09-22,4958.TW,9732801,1129595,383245,11245641
2026-09-22,4960.TW,-668899,0,48663,-620236
2026-09-22,4961.TW,577280,0,-18288,558992
2026-09-22,4967.TW,-333601,0,-22522,-356123
2026-09-22,4968.TW,108307,0,-528,107779
2026-09-22,4976.TW,-140949,0,-99,-141048
2026-09-22,4977.TW,-233664,0,-17850,-251514
2026-09-22,4989.TW,253991,0,-21592,232399
2026-09-22,4994.TW,-2000,0,0,-2000
2026-09-22,4999.TW,-9000,0,36,-8964
2026-09-22,5007.TW,3000,0,0,3000
2026-09-22,5203.TW,10709,0,0,10709
2026-09-22,5215.TW,5000,0,0,5000
2026-09-22,5222.TW,41979,-2399,915,40495
2026-09-22,5225.TW,12439,0,-846,11593
2026-09-22,5234.TW,22000,0,41974,63974
2026-09-22,5236.TW,16000,0,0,16000
2026-09-22,5243.TW,-179083,0,-44986,-224069
2026-09-22,5244.TW,-5272,0,0,-5272
2026-09-22,5258.TW,-140644,0,707,-139937
2026-09-22,5269.TW,1715,0,-7694,-5979
2026-09-22,5283.TW,-10000,0,0,-10000
2026-09-22,5284.TW,108645,0,-74374,34271
2026-09-22,5285.TW,374105,0,12499,386604
2026-09-22,5288.TW,21040,0,1027,22067
2026-09-22,5292.TW,7289,0,1388,8677
2026-09-22,5306.TW,-11000,0,0,-11000
2026-09-22,5388.TW,-584580,0,-8399,-592979
2026-09-22,5434.TW,-26820,-8000,-14207,-49027
2026-09-22,5469.TW,-145429,0,-1000,-146429
2026-09-22,5471.TW,101236,0,-1000,100236
2026-09-22,5484.TW,-53000,0,0,-53000
2026-09-22,5515.TW,61258,0,-632,60626
2026-09-22,5519.TW,-1000,0,0,-1000
2026-09-22,5521.TW,-282570,0,-6000,-288570
2026-09-22,5522.TW,-168473,107186,1000,-60287
2026-09-22,5525.TW,-45000,0,0,-45000
2026-09-22,5531.TW,153000,0,-10000,143000
2026-09-22,5533.TW,-25000,0,0,-25000
2026-09-22,5534.TW,-99000,-119000,-2224,-220224
2026-09-22,5538.TW,5000,0,0,5000
2026-09-22,5546.TW,0,0,0,0
2026-09-22,5607.TW,-24585,0,5000,-19585
2026-09-22,5608.TW,1283143,0,-58,1283085
2026-09-22,5706.TW,32237,0,-15000,17237
2026-09-22,5871.TW,-9722296,23376,49999,-9648921
2026-09-22,5876.TW,1488240,439000,265398,2192638
2026-09-22,5880.TW,560222,515206,200000,1275428
2026-09-22,5906.TW,1000,0,0,1000
2026-09-22,5907.TW,-40000,0,0,-40000
2026-09-22,6005.TW,-296749,-1000,0,-297749
2026-09-22,6024.TW,104618,0,0,104618
2026-09-22,6108.TW,132711,0,3000,135711
2026-09-22,6112.TW,803499,0,-163564,639935
2026-09-22,6115.TW,-13000,0,0,-13000
2026-09-22,6116.TW,8390202,0,1616602,10006804
2026-09-22,6117.TW,16998,0,-34471,-17473
2026-09-22,6120.TW,-1576697,0,-3668,-1580365
2026-09-22,6128.TW,14000,0,0,14000
2026-09-22,6133.TW,809776,0,0,809776
2026-09-22,6136.TW,-3998,0,0,-3998
2026-09-22,6139.TW,-456766,1000,-88110,-543876
2026-09-22,6141.TW,-378658,0,39013,-339645
2026-09-22,6142.TW,20999,0,0,20999
2026-09-22,6152.TW,-164835,0,21000,-143835
2026-09-22,6153.TW,75975,0,-8396,67579
2026-09-22,6155.TW,16243,0,2000,18243
2026-09-22,6164.TW,77416,0,0,77416
2026-09-22,6165.TW,-134346,0,0,-134346
2026-09-22,6166.TW,152558,0,4057,156615
2026-09-22,6168.TW,11576597,0,48292,11624889
2026-09-22,6176.TW,-909010,0,-3537,-912547
2026-09-22,6177.TW,-515000,196785,249,-317966
2026-09-22,6183.TW,-3000,0,0,-3000
2026-09-22,6184.TW,-28936,0,0,-28936
2026-09-22,6189.TW,62495,0,2176,64671
2026-09-22,6191.TW,196232,0,28735,224967
2026-09-22,6192.TW,-11000,0,0,-11000
2026-09-22,6196.TW,306696,-61000,13507,259203
2026-09-22,6197.TW,1538,0,-66935,-65397
2026-09-22,6201.TW,4000,0,0,4000
2026-09-22,6202.TW,851847,0,3325,855172
2026-09-22,6205.TW,-450240,0,126,-450114
2026-09-22,6206.TW,-36394,0,-19725,-56119
2026-09-22,6209.TW,-582700,0,-216925,-799625
2026-09-22,6213.TW,2398157,39000,-47767,2389390
2026-09-22,6214.TW,67481,0,7992,75473
2026-09-22,6215.TW,26977,0,-1567,25410
2026-09-22,6216.TW,-2000,0,-1,-2001
2026-09-22,6224.TW,93,0,-233000,-232907
2026-09-22,6225.TW,50,0,0,50
2026-09-22,6226.TW,523700,0,92000,615700
2026-09-22,6230.TW,-4910,0,0,-4910
2026-09-22,6235.TW,157000,0,0,157000
2026-09-22,6239.TW,1666819,-2132940,-147097,-613218
2026-09-22,6243.TW,7000,0,-1,6999
2026-09-22,6257.TW,5709173,-98000,-259490,5351683
2026-09-22,6269.TW,-507900,0,9762,-498138
2026-09-22,6271.TW,649248,0,14880,664128
2026-09-22,6272.TW,3000,0,0,3000
2026-09-22,6277.TW,-5040,0,2000,-3040
2026-09-22,6278.TW,2928663,0,687227,3615890
2026-09-22,6281.TW,18000,0,0,18000
2026-09-22,6282.TW,-344700,0,-37174,-381874
2026-09-22,6283.TW,-4000,0,0,-4000
2026-09-22,6285.TW,28468,0,47470,75938
2026-09-22,6405.TW,-298050,0,1443,-296607
2026-09-22,6409.TW,-46552,0,-2706,-49258
2026-09-22,6412.TW,44000,0,-1135,42865
2026-09-22,6414.TW,-65285,0,2154,-63131
2026-09-22,6415.TW,453907,-13000,24774,465681
2026-09-22,6416.TW,238163,0,-17605,220558
2026-09-22,6426.TW,-432635,0,98,-432537
2026-09-22,6431.TW,-4000,0,-1000,-5000
2026-09-22,6438.TW,123317,0,70250,193567
2026-09-22,6442.TW,40356,-270000,-5474,-235118
2026-09-22,6443.TW,-9364000,0,-92931,-9456931
2026-09-22,6446.TW,-211786,-50230,37968,-224048
2026-09-22,6449.TW,-53759,0,2404,-51355
2026-09-22,6451.TW,-136256,0,-12573,-148829
2026-09-22,6456.TW,2992598,0,215605,3208203
2026-09-22,6464.TW,-8000,0,0,-8000
2026-09-22,6472.TW,45825,-45000,-17923,-17098
2026-09-22,6477.TW,-521722,0,-1008,-522730
2026-09-22,6491.TW,114192,0,-11498,102694
2026-09-22,6504.TW,-5000,0,0,-5000
2026-09-22,6505.TW,-2869872,1594167,-38808,-1314513
2026-09-22,6515.TW,93562,-320700,-663,-227801
2026-09-22,6525.TW,226690,0,-416,226274
2026-09-22,6526.TW,1459513,-43000,-10187,1406326
2026-09-22,6531.TW,-108070,4000,-1680,-105750
2026-09-22,6533.TW,797891,10000,4276,812167
2026-09-22,6534.TW,5000,0,170,5170
2026-09-22,6541.TW,23721,0,298,24019
2026-09-22,6552.TW,2000,0,0,2000
2026-09-22,6558.TW,79000,0,0,79000
2026-09-22,6573.TW,-3000,0,1000,-2000
2026-09-22,6579.TW,5513,0,123,5636
2026-09-22,6582.TW,5000,0,0,5000
2026-09-22,6585.TW,-37904,0,0,-37904
2026-09-22,6589.TW,222094,0,390,222484
2026-09-22,6591.TW,41001,0,0,41001
2026-09-22,6592.TW,-280261,0,-194,-280455
2026-09-22,6598.TW,-30570,0,0,-30570
2026-09-22,6605.TW,28547,0,-272,28275
2026-09-22,6606.TW,2000,0,-2003,-3
2026-09-22,6614.TW,2000,0,0,2000
2026-09-22,6625.TW,3000,0,0,3000
2026-09-22,6641.TW,0,0,-1001,-1001
2026-09-22,6645.TW,5000,0,2000,7000
2026-09-22,6655.TW,-5000,0,0,-5000
2026-09-22,6657.TW,89989,0,1000,90989
2026-09-22,6658.TW,31306,0,420,31726
2026-09-22,6666.TW,1000,0,0,1000
2026-09-22,6668.TW,-358822,0,21993,-336829
2026-09-22,6669.TW,946624,-1244158,25352,-272182
2026-09-22,6670.TW,-34000,30000,-19957,-23957
2026-09-22,6671.TW,0,0,0,0
2026-09-22,6672.TW,-1328754,0,-22744,-1351498
2026-09-22,6674.TW,9000,0,0,9000
2026-09-22,6689.TW,23000,0,0,23000
2026-09-22,6691.TW,19759,0,13380,33139
2026-09-22,6695.TW,19000,0,0,19000
2026-09-22,6698.TW,-45000,0,0,-45000
2026-09-22,6706.TW,-1788283,0,11972,-1776311
2026-09-22,6715.TW,-76542,0,-34191,-110733
2026-09-22,6719.TW,-66517,0,36881,-29636
2026-09-22,6722.TW,2000,0,0,2000
2026-09-22,6742.TW,160514,0,0,160514
2026-09-22,6743.TW,79206,51797,0,131003
2026-09-22,6753.TW,-9000,0,-613,-9613
2026-09-22,6754.TW,-2000,0,0,-2000
2026-09-22,6756.TW,20000,0,0,20000
2026-09-22,6757.TW,136403,0,2000,138403
2026-09-22,6768.TW,11197,0,92,11289
2026-09-22,6770.TW,8722658,-26527,625747,9321878
2026-09-22,6771.TW,-1000,0,-1000,-2000
2026-09-22,6776.TW,23000,0,0,23000
2026-09-22,6781.TW,-82942,0,-13614,-96556
2026-09-22,6782.TW,-47000,0,-38456,-85456
2026-09-22,6789.TW,263116,-1000,134105,396221
2026-09-22,6790.TW,15000,0,0,15000
2026-09-22,6792.TW,2000,0,0,2000
2026-09-22,6794.TW,2000,0,0,2000
2026-09-22,6796.TW,-10000,0,0,-10000
2026-09-22,6799.TW,74530,0,158,74688
2026-09-22,6805.TW,-150983,430700,-8718,270999
2026-09-22,6807.TW,3000,0,0,3000
2026-09-22,6830.TW,-117127,0,6976,-110151
2026-09-22,6831.TW,96930,-64000,-1172,31758
2026-09-22,6834.TW,6646,0,-55795,-49149
2026-09-22,6835.TW,46200,0,0,46200
2026-09-22,6838.TW,7000,0,0,7000
2026-09-22,6854.TW,43000,0,-3448,39552
2026-09-22,6861.TW,192864,0,15353,208217
2026-09-22,6862.TW,-33890,0,-2405,-36295
2026-09-22,6863.TW,-40490,0,-2000,-42490
2026-09-22,6869.TW,78455,0,16968,95423
2026-09-22,6873.TW,-51226,0,0,-51226
2026-09-22,6885.TW,-381000,0,2000,-379000
2026-09-22,6887.TW,0,0,0,0
2026-09-22,6890.TW,-58987,0,-2049,-61036
2026-09-22,6901.TW,159000,0,0,159000
2026-09-22,6902.TW,493530,0,-4535,488995
2026-09-22,6906.TW,25000,0,135,25135
2026-09-22,6908.TW,0,0,-71,-71
2026-09-22,6909.TW,-33000,0,0,-33000
2026-09-22,6914.TW,1000,0,0,1000
2026-09-22,6916.TW,6000,0,51,6051
2026-09-22,6918.TW,-1000,0,-1000,-2000
2026-09-22,6919.TW,-1126221,0,17347,-1108874
2026-09-22,6921.TW,-6000,0,4000,-2000
2026-09-22,6923.TW,-21000,0,0,-21000
2026-09-22,6924.TW,16000,0,140,16140
2026-09-22,6928.TW,6000,0,0,6000
2026-09-22,6931.TW,1000,0,0,1000
2026-09-22,6933.TW,106320,0,-1864,104456
2026-09-22,6934.TW,16000,0,0,16000
2026-09-22,6936.TW,500,0,0,500
2026-09-22,6937.TW,-36062,0,29369,-6693
2026-09-22,6944.TW,43532,0,4657,48189
2026-09-22,6947.TW,30975,0,0,30975
2026-09-22,6949.TW,-944454,0,-46935,-991389
2026-09-22,6951.TW,-2000,0,-6858,-8858
2026-09-22,6952.TW,-3000,0,0,-3000
2026-09-22,6955.TW,0,0,-231,-231
2026-09-22,6957.TW,89404,0,-2100,87304
2026-09-22,6958.TW,4000,0,0,4000
2026-09-22,6962.TW,352365,0,830,353195
2026-09-22,6965.TW,3000,0,0,3000
2026-09-22,6969.TW,-51000,0,-2570,-53570
2026-09-22,6988.TW,-44000,0,-2000,-46000
2026-09-22,6994.TW,-210000,0,-83,-210083
2026-09-22,7610.TW,78334,0,-580,77754
2026-09-22,7631.TW,-13060,0,331,-12729
2026-09-22,7689.TW,-3000,0,0,-3000
2026-09-22,7705.TW,4000,0,0,4000
2026-09-22,7711.TW,-4491,3000,-2313,-3804
2026-09-22,7721.TW,0,0,0,0
2026-09-22,7722.TW,-8264,0,-230,-8494
2026-09-22,7730.TW,12080,0,-2112,9968
2026-09-22,7736.TW,1000,0,0,1000
2026-09-22,7740.TW,-18496,0,-45,-18541
2026-09-22,7749.TW,22651,0,2256,24907
2026-09-22,7750.TW,-64156,0,-1556,-65712
2026-09-22,7760.TW,-4000,0,0,-4000
2026-09-22,7765.TW,63010,0,-4000,59010
2026-09-22,7768.TW,-18187,0,0,-18187
2026-09-22,7769.TW,238850,-187161,-8433,43256
2026-09-22,7780.TW,-67950,0,-7651,-75601
2026-09-22,7786.TW,3000,0,-1000,2000
2026-09-22,7788.TW,136340,0,-41767,94573
2026-09-22,7791.TW,8000,0,0,8000
2026-09-22,7795.TW,-15866,0,-513,-16379
2026-09-22,7799.TW,-294537,20000,410,-274127
2026-09-22,7803.TW,4000,0,7000,11000
2026-09-22,7812.TW,1000,0,0,1000
2026-09-22,7818.TW,23000,0,0,23000
2026-09-22,7821.TW,-172000,0,0,-172000
2026-09-22,7822.TW,36270,0,-5894,30376
2026-09-22,7823.TW,-3000,0,-452,-3452
2026-09-22,7827.TW,176836,0,987,177823
2026-09-22,7835.TW,7000,0,0,7000
2026-09-22,7855.TW,-2000,0,0,-2000
2026-09-22,8011.TW,-166946,0,0,-166946
2026-09-22,8016.TW,89980,-37000,-808,52172
2026-09-22,8021.TW,-521808,1852000,-137360,1192832
2026-09-22,8028.TW,-3025665,3007000,55673,37008
2026-09-22,8033.TW,209900,0,648,210548
2026-09-22,8039.TW,-383076,0,-172242,-555318
2026-09-22,8045.TW,17295,0,658,17953
2026-09-22,8046.TW,5863122,-134182,253358,5982298
2026-09-22,8070.TW,114286,0,5819,120105
2026-09-22,8072.TW,5000,0,0,5000
2026-09-22,8081.TW,14000,-1000,580,13580
2026-09-22,8103.TW,231162,0,-38509,192653
2026-09-22,8104.TW,4150,0,0,4150
2026-09-22,8105.TW,-248330,0,-10354,-258684
2026-09-22,8110.TW,-3788500,0,-57938,-3846438
2026-09-22,8112.TW,-3578548,0,-23669,-3602217
2026-09-22,8114.TW,-125244,0,-559,-125803
2026-09-22,8131.TW,-675975,0,-2606,-678581
2026-09-22,8150.TW,9867370,0,2045164,11912534
2026-09-22,8162.TW,-15000,0,-2923,-17923
2026-09-22,8163.TW,2154,0,-1955,199
2026-09-22,8201.TW,-6000,0,0,-6000
2026-09-22,8210.TW,31991,-2000,6652,36643
2026-09-22,8213.TW,18352,0,-3392,14960
2026-09-22,8215.TW,1806000,0,-38240,1767760
2026-09-22,8222.TW,8000,0,0,8000
2026-09-22,8249.TW,15000,0,0,15000
2026-09-22,8261.TW,875735,0,137829,1013564
2026-09-22,8271.TW,-102000,0,-12044,-114044
2026-09-22,8341.TW,36000,0,-58,35942
2026-09-22,8367.TW,-2000,0,0,-2000
2026-09-22,8374.TW,-5000,0,-9879,-14879
2026-09-22,8404.TW,-108000,0,-845,-108845
2026-09-22,8411.TW,8000,0,-61000,-53000
2026-09-22,8422.TW,-2967750,0,-12000,-2979750
2026-09-22,8429.TW,-25000,0,0,-25000
2026-09-22,8438.TW,32000,0,-3073,28927
2026-09-22,8442.TW,-5000,16876,-3000,8876
2026-09-22,8443.TW,3000,0,0,3000
2026-09-22,8454.TW,-119710,-439,-1115,-121264
2026-09-22,8462.TW,-15000,0,0,-15000
2026-09-22,8463.TW,-1000,0,0,-1000
2026-09-22,8464.TW,45971,0,81,46052
2026-09-22,8466.TW,-63000,0,0,-63000
2026-09-22,8467.TW,0,0,0,0
2026-09-22,8473.TW,-11109,0,0,-11109
2026-09-22,8476.TW,185000,0,0,185000
2026-09-22,8478.TW,-31567,0,-500,-32067
2026-09-22,8481.TW,2000,0,0,2000
2026-09-22,8482.TW,1000,0,0,1000
2026-09-22,8487.TW,0,0,-19,-19
2026-09-22,8488.TW,6000,0,0,6000
2026-09-22,8499.TW,-3000,0,0,-3000
2026-09-22,8926.TW,96585,0,-7655,88930
2026-09-22,8940.TW,2000,0,0,2000
2026-09-22,8996.TW,-312545,497000,57398,241853
2026-09-22,9103.TW,-72000,0,712,-71288
2026-09-22,9105.TW,-2064000,0,-568349,-2632349
2026-09-22,9136.TW,-174000,0,-446,-174446
2026-09-22,9802.TW,-160000,-120000,3621,-276379
2026-09-22,9902.TW,-2000,0,0,-2000
2026-09-22,9904.TW,-3105213,186000,4346,-2914867
2026-09-22,9905.TW,-9000,0,-300,-9300
2026-09-22,9906.TW,-27000,0,753,-26247
2026-09-22,9907.TW,-520000,460519,0,-59481
2026-09-22,9908.TW,2000,0,0,2000
2026-09-22,9910.TW,111049,78000,-796,188253
2026-09-22,9911.TW,-22000,0,0,-22000
2026-09-22,9912.TW,2000,0,0,2000
2026-09-22,9914.TW,-537872,0,-330,-538202
2026-09-22,9917.TW,-186780,0,0,-186780
2026-09-22,9918.TW,-2000,0,0,-2000
2026-09-22,9919.TW,53955,0,0,53955
2026-09-22,9921.TW,12000,0,-821,11179
2026-09-22,9924.TW,-61200,0,0,-61200
2026-09-22,9925.TW,-29286,0,-2000,-31286
2026-09-22,9926.TW,0,0,0,0
2026-09-22,9927.TW,-2713,0,0,-2713
2026-09-22,9930.TW,-30000,0,-351,-30351
2026-09-22,9931.TW,10000,0,0,10000
2026-09-22,9933.TW,-406105,0,57000,-349105
2026-09-22,9934.TW,-227000,0,0,-227000
2026-09-22,9935.TW,-69910,59628,0,-10282
2026-09-22,9937.TW,5000,0,0,5000
2026-09-22,9938.TW,-110000,178688,906,69594
2026-09-22,9939.TW,-161000,0,-1059,-162059
2026-09-22,9940.TW,-56822,0,-1028,-57850
2026-09-22,9941.TW,-263000,-109000,-1894,-373894
2026-09-22,9942.TW,-7000,0,0,-7000
2026-09-22,9943.TW,4000,0,0,4000
2026-09-22,9944.TW,-1000,0,0,-1000
2026-09-22,9945.TW,864389,0,5859,870248
2026-09-22,9946.TW,13076,0,0,13076
2026-09-22,9955.TW,20000,0,0,20000
2026-09-22,9958.TW,56841,0,-6100,50741
2026-09-23,0050.TW,-11051231,2200000,6635911,-2215320
2026-09-23,0051.TW,-865,0,3000,2135
2026-09-23,0052.TW,-938527,0,3906924,2968397
2026-09-23,0053.TW,1000,0,-35316,-34316
2026-09-23,0055.TW,-37263,0,-946060,-983323
2026-09-23,0056.TW,-5345151,0,-11260084,-16605235
2026-09-23,0057.TW,1000,0,-4761,-3761
2026-09-23,0061.TW,-5000,0,-11320,-16320
2026-09-23,1101.TW,30065221,-24000,740646,30781867
2026-09-23,1102.TW,5215618,168000,121291,5504909
2026-09-23,1103.TW,-59156,0,0,-59156
2026-09-23,1104.TW,-21292,2000,-126,-19418
2026-09-23,1108.TW,-35000,0,0,-35000
2026-09-23,1109.TW,8000,0,0,8000
2026-09-23,1110.TW,-8000,0,0,-8000
2026-09-23,1201.TW,73002,0,0,73002
2026-09-23,1203.TW,-3000,0,0,-3000
2026-09-23,1210.TW,-180983,2000,41960,-137023
2026-09-23,1215.TW,-277001,0,-2982,-279983
2026-09-23,1216.TW,2806606,22000,382316,3210922
2026-09-23,1217.TW,81015,0,0,81015
2026-09-23,1218.TW,131000,0,0,131000
2026-09-23,1219.TW,8329,0,0,8329
2026-09-23,1220.TW,4000,0,-880,3120
2026-09-23,1225.TW,-12000,0,-1000,-13000
2026-09-23,1227.TW,40249,0,-423,39826
2026-09-23,1229.TW,456423,15000,0,471423
2026-09-23,1231.TW,-5300,0,-526,-5826
2026-09-23,1232.TW,-988,0,0,-988
2026-09-23,1233.TW,-4000,0,0,-4000
2026-09-23,1234.TW,-7000,0,0,-7000
2026-09-23,1235.TW,32000,0,0,32000
2026-09-23,1236.TW,-9000,0,0,-9000
2026-09-23,1256.TW,5950,0,0,5950
2026-09-23,1301.TW,-1677647,0,28388,-1649259
2026-09-23,1303.TW,-8547891,-739000,17119,-9269772
2026-09-23,1304.TW,121009,0,-192456,-71447
2026-09-23,1305.TW,246548,0,-100542,146006
2026-09-23,1307.TW,31021,0,-34020,-2999
2026-09-23,1308.TW,271043,0,4997,276040
2026-09-23,1309.TW,69237,0,1162,70399
2026-09-23,1310.TW,1114813,0,0,1114813
2026-09-23,1312.TW,1841293,0,380636,2221929
2026-09-23,1313.TW,450898,0,-30239,420659
2026-09-23,1314.TW,9221857,0,-235366,8986491
2026-09-23,1315.TW,-1000,0,0,-1000
2026-09-23,1316.TW,321657,0,0,321657
2026-09-23,1319.TW,-435000,151000,-6921,-290921
2026-09-23,1321.TW,0,0,0,0
2026-09-23,1323.TW,-2000,0,0,-2000
2026-09-23,1324.TW,-4000,0,0,-4000
2026-09-23,1325.TW,20445,0,0,20445
2026-09-23,1326.TW,-2697605,0,-103903,-2801508
2026-09-23,1337.TW,19000,0,0,19000
2026-09-23,1338.TW,-93792,0,0,-93792
2026-09-23,1339.TW,74000,0,97,74097
2026-09-23,1340.TW,29000,0,0,29000
2026-09-23,1341.TW,-1000,0,0,-1000
2026-09-23,1342.TW,68181,0,417,68598
2026-09-23,1402.TW,1264037,154000,165685,1583722
2026-09-23,1409.TW,-313422,2000,-194002,-505424
2026-09-23,1413.TW,-4000,0,0,-4000
2026-09-23,1414.TW,-16626,0,0,-16626
2026-09-23,1416.TW,-77987,0,-3000,-80987
2026-09-23,1417.TW,2000,0,0,2000
2026-09-23,1418.TW,-4000,0,0,-4000
2026-09-23,1419.TW,5000,0,0,5000
2026-09-23,1423.TW,-1000,0,1000,0
2026-09-23,1432.TW,9000,0,0,9000
2026-09-23,1434.TW,246886,2000,0,248886
2026-09-23,1435.TW,1000,0,0,1000
2026-09-23,1436.TW,26000,0,1000,27000
2026-09-23,1437.TW,3315,0,0,3315
2026-09-23,1438.TW,-3000,0,0,-3000
2026-09-23,1439.TW,-3000,0,0,-3000
2026-09-23,1440.TW,767000,0,12000,779000
2026-09-23,1442.TW,-296646,0,0,-296646
2026-09-23,1443.TW,1000,0,0,1000
2026-09-23,1444.TW,32223,0,-30000,2223
2026-09-23,1445.TW,-7000,0,0,-7000
2026-09-23,1446.TW,-2561,0,0,-2561
2026-09-23,1447.TW,219850,0,-1000,218850
2026-09-23,1449.TW,81081,0,96,81177
2026-09-23,1451.TW,2000,0,0,2000
2026-09-23,1452.TW,-1000,0,0,-1000
2026-09-23,1453.TW,-3000,0,0,-3000
2026-09-23,1454.TW,-1000,0,0,-1000
2026-09-23,1455.TW,130728,0,5000,135728
2026-09-23,1456.TW,19000,0,2000,21000
2026-09-23,1457.TW,-3000,0,-2000,-5000
2026-09-23,1459.TW,27000,0,0,27000
2026-09-23,1460.TW,-8512,0,0,-8512
2026-09-23,1463.TW,-1000,0,0,-1000
2026-09-23,1464.TW,-15000,0,0,-15000
2026-09-23,1465.TW,-32000,0,0,-32000
2026-09-23,1466.TW,16099,0,0,16099
2026-09-23,1467.TW,26000,0,-1000,25000
2026-09-23,1468.TW,2000,0,1000,3000
2026-09-23,1470.TW,-2000,0,0,-2000
2026-09-23,1471.TW,-3000,0,-2000,-5000
2026-09-23,1472.TW,4000,0,-17000,-13000
2026-09-23,1473.TW,-17000,0,0,-17000
2026-09-23,1474.TW,-26000,0,0,-26000
2026-09-23,1475.TW,1000,0,0,1000
2026-09-23,1476.TW,425764,-5000,9470,430234
2026-09-23,1477.TW,433501,38427,4979,476907
2026-09-23,1503.TW,-52999,6000,-13224,-60223
2026-09-23,1504.TW,268615,-12000,-55215,201400
2026-09-23,1506.TW,-1000,0,0,-1000
2026-09-23,1512.TW,-9000,0,0,-9000
2026-09-23,1513.TW,324973,1000,17697,343670
2026-09-23,1514.TW,789,4000,2559,7348
2026-09-23,1515.TW,70200,0,2617,72817
2026-09-23,1516.TW,3000,0,0,3000
2026-09-23,1517.TW,44000,0,1000,45000
2026-09-23,1519.TW,-115751,-4000,-10150,-129901
2026-09-23,1521.TW,-22000,0,0,-22000
2026-09-23,1522.TW,22958,0,0,22958
2026-09-23,1524.TW,118000,0,0,118000
2026-09-23,1525.TW,-2000,0,0,-2000
2026-09-23,1526.TW,19000,0,-1000,18000
2026-09-23,1527.TW,42774,0,0,42774
2026-09-23,1528.TW,-144735,0,-1,-144736
2026-09-23,1529.TW,8509,0,0,8509
2026-09-23,1530.TW,-3000,0,0,-3000
2026-09-23,1531.TW,-5000,0,0,-5000
2026-09-23,1532.TW,28099,0,0,28099
2026-09-23,1533.TW,-12000,0,0,-12000
2026-09-23,1535.TW,5000,0,0,5000
2026-09-23,1536.TW,-23000,0,864,-22136
2026-09-23,1537.TW,-15000,0,0,-15000
2026-09-23,1539.TW,-2000,0,0,-2000
2026-09-23,1540.TW,13050,0,0,13050
2026-09-23,1558.TW,36137,0,0,36137
2026-09-23,1560.TW,253366,329300,-28527,554139
2026-09-23,1563.TW,1096,0,2,1098
2026-09-23,1568.TW,76950,0,1795,78745
2026-09-23,1582.TW,21445,0,-1000,20445
2026-09-23,1583.TW,-2000,0,0,-2000
2026-09-23,1587.TW,9000,0,-1,8999
2026-09-23,1590.TW,-77274,2000,-6282,-81556
2026-09-23,1597.TW,-49938,0,-2126,-52064
2026-09-23,1598.TW,6000,0,0,6000
2026-09-23,1603.TW,32000,0,0,32000
2026-09-23,1604.TW,-23103,0,0,-23103
2026-09-23,1605.TW,-3014526,7000,-49071,-3056597
2026-09-23,1608.TW,566613,0,-16279,550334
2026-09-23,1609.TW,735898,0,1397,737295
2026-09-23,1611.TW,-278023,0,-1,-278024
2026-09-23,1612.TW,50000,0,-19,49981
2026-09-23,1614.TW,2000,0,0,2000
2026-09-23,1615.TW,2000,0,0,2000
2026-09-23,1616.TW,1000,0,0,1000
2026-09-23,1617.TW,253172,0,1991,255163
2026-09-23,1618.TW,5862,0,-1092,4770
2026-09-23,1623.TW,-19000,0,-777,-19777
2026-09-23,1626.TW,7000,0,4000,11000
2026-09-23,1702.TW,101111,0,0,101111
2026-09-23,1707.TW,-3000,0,-377,-3377
2026-09-23,1708.TW,164499,0,-24752,139747
2026-09-23,1709.TW,-1115059,0,25374,-1089685
2026-09-23,1710.TW,-434670,0,-306719,-741389
2026-09-23,1711.TW,468786,0,715,469501
2026-09-23,1712.TW,-51000,-55551,-118,-106669
2026-09-23,1713.TW,-22412,0,0,-22412
2026-09-23,1714.TW,-1044015,0,-41317,-1085332
2026-09-23,1717.TW,745651,-597000,-108376,40275
2026-09-23,1718.TW,-88000,0,328739,240739
2026-09-23,1720.TW,37124,0,0,37124
2026-09-23,1721.TW,103295,0,1000,104295
2026-09-23,1722.TW,-517608,1000,2000,-514608
2026-09-23,1723.TW,-73000,0,3610,-69390
2026-09-23,1725.TW,20000,0,-1000,19000
2026-09-23,1726.TW,-2000,0,0,-2000
2026-09-23,1727.TW,717578,0,68610,786188
2026-09-23,1730.TW,2000,0,0,2000
2026-09-23,1731.TW,37000,0,0,37000
2026-09-23,1732.TW,-6000,0,0,-6000
2026-09-23,1733.TW,-27000,0,0,-27000
2026-09-23,1734.TW,-22036,0,0,-22036
2026-09-23,1735.TW,24000,0,-288,23712
2026-09-23,1736.TW,118455,0,214,118669
2026-09-23,1737.TW,-74000,0,0,-74000
2026-09-23,1752.TW,14000,0,0,14000
2026-09-23,1760.TW,5605,0,0,5605
2026-09-23,1762.TW,0,0,0,0
2026-09-23,1773.TW,11200,1000,1919,14119
2026-09-23,1776.TW,-1000,0,0,-1000
2026-09-23,1783.TW,14000,0,0,14000
2026-09-23,1786.TW,33000,0,-86,32914
2026-09-23,1789.TW,31152,0,234,31386
2026-09-23,1795.TW,96000,1000,3875,100875
2026-09-23,1802.TW,-5151565,4000,-265624,-5413189
2026-09-23,1805.TW,-17000,0,0,-17000
2026-09-23,1806.TW,2000,0,0,2000
2026-09-23,1808.TW,-743000,0,-282000,-1025000
2026-09-23,1809.TW,-982989,0,8287,-974702
2026-09-23,1810.TW,344054,0,0,344054
2026-09-23,1903.TW,37000,0,-11000,26000
2026-09-23,1904.TW,56008,0,4001,60009
2026-09-23,1905.TW,400956,0,40214,441170
2026-09-23,1906.TW,-7000,0,0,-7000
2026-09-23,1907.TW,-359570,4000,4000,-351570
2026-09-23,1909.TW,-447000,0,0,-447000
2026-09-23,2002.TW,-4744889,-2000,289427,-4457462
2026-09-23,2006.TW,-496171,630000,-14126,119703
2026-09-23,2007.TW,2000,0,0,2000
2026-09-23,2008.TW,-2000,0,0,-2000
2026-09-23,2009.TW,-314246,0,-9170,-323416
2026-09-23,2010.TW,-157000,0,2000,-155000
2026-09-23,2012.TW,-2000,0,0,-2000
2026-09-23,2013.TW,10000,0,0,10000
2026-09-23,2014.TW,1083848,0,0,1083848
2026-09-23,2015.TW,-2000,0,0,-2000
2026-09-23,2017.TW,-537,0,0,-537
2026-09-23,2020.TW,90000,0,0,90000
2026-09-23,2022.TW,-6059,0,0,-6059
2026-09-23,2023.TW,-191779,3000,0,-188779
2026-09-23,2024.TW,-2000,0,0,-2000
2026-09-23,2025.TW,86975,0,0,86975
2026-09-23,2027.TW,1305254,1082000,14829,2402083
2026-09-23,2028.TW,-2000,0,0,-2000
2026-09-23,2029.TW,87474,0,0,87474
2026-09-23,2030.TW,-2205692,0,171876,-2033816
2026-09-23,2031.TW,78455,0,-12542,65913
2026-09-23,2032.TW,139789,0,0,139789
2026-09-23,2033.TW,-641486,0,-18386,-659872
2026-09-23,2034.TW,773054,0,10399,783453
2026-09-23,2038.TW,27003,0,0,27003
2026-09-23,2049.TW,-817066,1000,-16217,-832283
2026-09-23,2059.TW,60300,-42000,16614,34914
2026-09-23,2062.TW,-1009,0,0,-1009
2026-09-23,2069.TW,-529359,0,3000,-526359
2026-09-23,2072.TW,-14000,0,0,-14000
2026-09-23,2101.TW,-134943,0,-2007,-136950
2026-09-23,2102.TW,88498,0,-4000,84498
2026-09-23,2103.TW,1663717,0,22953,1686670
2026-09-23,2104.TW,6861889,0,56598,6918487
2026-09-23,2105.TW,-165458,154000,86194,74736
2026-09-23,2106.TW,124240,0,0,124240
2026-09-23,2107.TW,6565,0,1000,7565
2026-09-23,2108.TW,47061,0,1,47062
2026-09-23,2109.TW,37000,0,0,37000
2026-09-23,2114.TW,1000,0,0,1000
2026-09-23,2115.TW,-1000,0,0,-1000
2026-09-23,2201.TW,-442465,11000,5215,-426250
2026-09-23,2204.TW,-119951,-59644,-785,-180380
2026-09-23,2206.TW,125083,3000,5000,133083
2026-09-23,2207.TW,-39108,11000,522,-27586
2026-09-23,2208.TW,1790294,0,3000,1793294
2026-09-23,2211.TW,-142000,0,-162,-142162
2026-09-23,2227.TW,-2002,0,0,-2002
2026-09-23,2228.TW,35000,0,1,35001
2026-09-23,2231.TW,10328,0,-5776,4552
2026-09-23,2233.TW,-152000,0,-1658,-153658
2026-09-23,2236.TW,95000,0,0,95000
2026-09-23,2237.TW,-29000,0,0,-29000
2026-09-23,2239.TW,-5000,0,-2958,-7958
2026-09-23,2241.TW,-216798,0,-8616,-225414
2026-09-23,2243.TW,-85504,0,-1000,-86504
2026-09-23,2247.TW,5000,-4999,0,1
2026-09-23,2248.TW,6000,0,0,6000
2026-09-23,2250.TW,3000,0,0,3000
2026-09-23,2254.TW,146000,0,3410,149410
2026-09-23,2258.TW,-50600,0,-5325,-55925
2026-09-23,2301.TW,-1962419,-530000,-162706,-2655125
2026-09-23,2302.TW,-665146,0,55953,-609193
2026-09-23,2303.TW,-10353990,1374000,-1154643,-10134633
2026-09-23,2305.TW,-387206,0,28000,-359206
2026-09-23,2308.TW,-139009,211002,63294,135287
2026-09-23,2312.TW,-1148847,13000,-176776,-1312623
2026-09-23,2313.TW,1729102,-53000,114980,1791082
2026-09-23,2316.TW,-531824,24,-60502,-592302
2026-09-23,2317.TW,5860754,967926,945031,7773711
2026-09-23,2323.TW,-960888,0,-44799,-1005687
2026-09-23,2324.TW,-9770369,3000,183357,-9584012
2026-09-23,2327.TW,-5206226,-335000,107375,-5433851
2026-09-23,2328.TW,156717,0,1960,158677
2026-09-23,2329.TW,502363,0,-25196,477167
2026-09-23,2330.TW,7123363,-1142808,324168,6304723
2026-09-23,2331.TW,-46000,0,-2000,-48000
2026-09-23,2332.TW,74233,0,53846,128079
2026-09-23,2337.TW,3729894,-737000,500499,3493393
2026-09-23,2338.TW,221000,0,-57846,163154
2026-09-23,2340.TW,-240970,0,63535,-177435
2026-09-23,2342.TW,-29060,0,67777,38717
2026-09-23,2344.TW,10124159,-3272000,94013,6946172
2026-09-23,2345.TW,-594803,-532000,-16207,-1143010
2026-09-23,2347.TW,3188361,223000,3524,3414885
2026-09-23,2348.TW,86501,0,-106,86395
2026-09-23,2349.TW,-231922,0,0,-231922
2026-09-23,2351.TW,1834684,0,-121167,1713517
2026-09-23,2352.TW,-357550,0,-117372,-474922
2026-09-23,2353.TW,-81779,113000,957135,988356
2026-09-23,2354.TW,1370590,0,13516,1384106
2026-09-23,2355.TW,40000,0,-225,39775
2026-09-23,2356.TW,-3854687,-132000,99035,-3887652
2026-09-23,2357.TW,15990,18300,40008,74298
2026-09-23,2359.TW,-97170,24,-169170,-266316
2026-09-23,2360.TW,251314,-276000,86467,61781
2026-09-23,2362.TW,-21738,0,0,-21738
2026-09-23,2363.TW,-147569,0,-480941,-628510
2026-09-23,2364.TW,-61620,0,1000,-60620
2026-09-23,2365.TW,18000,0,0,18000
2026-09-23,2367.TW,42042,0,-7434,34608
2026-09-23,2368.TW,-554329,505000,200318,150989
2026-09-23,2369.TW,-2043684,0,-6862,-2050546
2026-09-23,2371.TW,-109275,0,-159573,-268848
2026-09-23,2373.TW,-3000,0,0,-3000
2026-09-23,2374.TW,171000,0,400,171400
2026-09-23,2375.TW,-53909,0,-2732,-56641
2026-09-23,2376.TW,441507,-13000,-86736,341771
2026-09-23,2377.TW,-549123,-14000,-65073,-628196
2026-09-23,2379.TW,1104412,165000,-47957,1221455
2026-09-23,2380.TW,11000,0,-2000,9000
2026-09-23,2382.TW,-2763736,673000,97653,-1993083
2026-09-23,2383.TW,-187855,-30000,30228,-187627
2026-09-23,2385.TW,422140,-51700,16484,386924
2026-09-23,2387.TW,51367,-40086,0,11281
2026-09-23,2388.TW,-380052,0,-57165,-437217
2026-09-23,2390.TW,29797,0,-1000,28797
2026-09-23,2392.TW,-879000,87,-72846,-951759
2026-09-23,2393.TW,-423000,-360326,2923,-780403
2026-09-23,2395.TW,661295,-325000,4104,340399
2026-09-23,2397.TW,-12829,0,0,-12829
2026-09-23,2399.TW,289015,0,-5459,283556
2026-09-23,2401.TW,56159,0,11001,67160
2026-09-23,2402.TW,-147820,0,-24015,-171835
2026-09-23,2404.TW,1498076,353000,133424,1984500
2026-09-23,2405.TW,298000,0,0,298000
2026-09-23,2406.TW,-430840,0,80,-430760
2026-09-23,2408.TW,29196171,-180000,591331,29607502
2026-09-23,2409.TW,-153888176,229000,-8478430,-162137606
2026-09-23,2412.TW,3633294,970000,-12000,4591294
2026-09-23,2413.TW,110210,0,143,110353
2026-09-23,2414.TW,10384,0,0,10384
2026-09-23,2415.TW,-8000,0,0,-8000
2026-09-23,2417.TW,97001,0,0,97001
2026-09-23,2419.TW,-197250,0,-3306,-200556
2026-09-23,2420.TW,57000,0,-2,56998
2026-09-23,2421.TW,43145,-43000,-156675,-156530
2026-09-23,2423.TW,3022,0,0,3022
2026-09-23,2424.TW,-2000,0,0,-2000
2026-09-23,2425.TW,24000,0,0,24000
2026-09-23,2426.TW,-1331634,68,-81576,-1413142
2026-09-23,2427.TW,123085,0,0,123085
2026-09-23,2428.TW,-147000,0,-7732,-154732
2026-09-23,2429.TW,27000,0,0,27000
2026-09-23,2430.TW,-4000,0,0,-4000
2026-09-23,2431.TW,-10000,0,0,-10000
2026-09-23,2432.TW,-8000,0,0,-8000
2026-09-23,2433.TW,2000,0,0,2000
2026-09-23,2434.TW,-164450,0,-8062,-172512
2026-09-23,2436.TW,-208924,0,-115980,-324904
2026-09-23,2438.TW,14000,0,1000,15000
2026-09-23,2439.TW,453760,0,-548,453212
2026-09-23,2440.TW,-24000,0,0,-24000
2026-09-23,2441.TW,-75120,-891000,-111010,-1077130
2026-09-23,2442.TW,-109000,0,0,-109000
2026-09-23,2444.TW,240447,0,-2057,238390
2026-09-23,2449.TW,-3966715,-162000,-764691,-4893406
2026-09-23,2450.TW,-5000,0,0,-5000
2026-09-23,2451.TW,301405,-10200,1136,292341
2026-09-23,2453.TW,162343,0,2000,164343
2026-09-23,2454.TW,496417,-17857,41232,519792
2026-09-23,2455.TW,-190289,-228000,1226284,807995
2026-09-23,2457.TW,351854,0,-82243,269611
2026-09-23,2458.TW,-220204,-2000,-4838,-227042
2026-09-23,2459.TW,-18000,0,0,-18000
2026-09-23,2460.TW,65052,0,0,65052
2026-09-23,2461.TW,24000,0,0,24000
2026-09-23,2462.TW,117000,0,0,117000
2026-09-23,2464.TW,173894,0,84015,257909
2026-09-23,2465.TW,-257035,0,-183,-257218
2026-09-23,2466.TW,-266361,49,-2,-266314
2026-09-23,2467.TW,-159212,-1000,-7999,-168211
2026-09-23,2468.TW,-32000,0,0,-32000
2026-09-23,2471.TW,76566,0,-28000,48566
2026-09-23,2472.TW,-831086,6000,109,-824977
2026-09-23,2474.TW,-531946,680000,-112697,35357
2026-09-23,2476.TW,-121304,0,210546,89242
2026-09-23,2477.TW,12100,-17484,0,-5384
2026-09-23,2478.TW,-4528,0,-22014,-26542
2026-09-23,2480.TW,-16761,0,635,-16126
2026-09-23,2481.TW,-2593093,11000,-72014,-2654107
2026-09-23,2482.TW,-2985,0,-586,-3571
2026-09-23,2483.TW,104107,0,0,104107
2026-09-23,2484.TW,-1682942,0,81445,-1601497
2026-09-23,2485.TW,4040,0,-7773,-3733
2026-09-23,2486.TW,-261209,0,-6379,-267588
2026-09-23,2488.TW,0,0,18,18
2026-09-23,2489.TW,-265947,11800,-216112,-470259
2026-09-23,2491.TW,-32953,0,1000,-31953
2026-09-23,2492.TW,-5210847,0,35102,-5175745
2026-09-23,2493.TW,-148597,38,-67597,-216156
2026-09-23,2495.TW,228918,0,-1000,227918
2026-09-23,2496.TW,1000,0,0,1000
2026-09-23,2497.TW,19000,5000,0,24000
2026-09-23,2498.TW,-4149770,0,26879,-4122891
2026-09-23,2501.TW,-926000,0,-801,-926801
2026-09-23,2504.TW,-843856,-144559,33883,-954532
2026-09-23,2505.TW,-58486,0,-30000,-88486
2026-09-23,2506.TW,-160000,0,0,-160000
2026-09-23,2509.TW,8000,0,0,8000
2026-09-23,2511.TW,-268000,0,0,-268000
2026-09-23,2514.TW,-5000,0,0,-5000
2026-09-23,2515.TW,2287050,0,-4038,2283012
2026-09-23,2516.TW,29000,0,0,29000
2026-09-23,2520.TW,225427,0,16573,242000
2026-09-23,2524.TW,-12000,0,0,-12000
2026-09-23,2527.TW,177120,0,-3498,173622
2026-09-23,2528.TW,-127000,-52806,-60000,-239806
2026-09-23,2530.TW,8000,-80933,0,-72933
2026-09-23,2534.TW,14150,0,0,14150
2026-09-23,2535.TW,143050,0,0,143050
2026-09-23,2536.TW,-159000,0,0,-159000
2026-09-23,2537.TW,77001,0,0,77001
2026-09-23,2538.TW,16880,0,0,16880
2026-09-23,2539.TW,-16920,0,18745,1825
2026-09-23,2540.TW,196230,0,0,196230
2026-09-23,2542.TW,-251480,1911000,-1534212,125308
2026-09-23,2543.TW,65820,0,466,66286
2026-09-23,2545.TW,10057,0,0,10057
2026-09-23,2546.TW,19362,0,-1000,18362
2026-09-23,2547.TW,366010,-128976,0,237034
2026-09-23,2548.TW,-159850,2800,-48118,-205168
2026-09-23,2597.TW,48675,1000,-1891,47784
2026-09-23,2603.TW,-1900346,1961700,107778,169132
2026-09-23,2605.TW,-527924,0,-33593,-561517
2026-09-23,2606.TW,-346401,447000,14435,115034
2026-09-23,2607.TW,98965,0,0,98965
2026-09-23,2608.TW,-43000,0,1,-42999
2026-09-23,2609.TW,3211004,71000,-37568,3244436
2026-09-23,2610.TW,14583315,5498000,271672,20352987
2026-09-23,2611.TW,54000,0,3000,57000
2026-09-23,2612.TW,42373,0,-8000,34373
2026-09-23,2613.TW,52000,0,0,52000
2026-09-23,2614.TW,213366,0,0,213366
2026-09-23,2615.TW,-2112565,-141000,-299760,-2553325
2026-09-23,2616.TW,-33000,0,0,-33000
2026-09-23,2617.TW,46060,0,-117,45943
2026-09-23,2618.TW,11207675,7481000,630696,19319371
2026-09-23,2630.TW,125175,0,-233145,-107970
2026-09-23,2633.TW,-1048500,598000,36000,-414500
2026-09-23,2634.TW,-43190,2000,-509612,-550802
2026-09-23,2636.TW,181821,0,-2030,179791
2026-09-23,2637.TW,136944,2000,9672,148616
2026-09-23,2642.TW,-4000,0,0,-4000
2026-09-23,2645.TW,-159145,0,-8553,-167698
2026-09-23,2646.TW,1793833,3000,-2000,1794833
2026-09-23,2701.TW,-1000,0,0,-1000
2026-09-23,2702.TW,4000,0,0,4000
2026-09-23,2704.TW,-1000,0,0,-1000
2026-09-23,2705.TW,21000,0,0,21000
2026-09-23,2706.TW,-5000,0,0,-5000
2026-09-23,2707.TW,6000,0,-30,5970
2026-09-23,2712.TW,-2000,0,0,-2000
2026-09-23,2722.TW,1000,0,0,1000
2026-09-23,2723.TW,-21806,0,-2000,-23806
2026-09-23,2727.TW,67225,-43000,-20000,4225
2026-09-23,2731.TW,47944,0,0,47944
2026-09-23,2739.TW,-13000,0,0,-13000
2026-09-23,2748.TW,2000,0,0,2000
2026-09-23,2753.TW,21828,-10322,0,11506
2026-09-23,2762.TW,-13000,0,0,-13000
2026-09-23,2801.TW,-2794260,1165000,-19972,-1649232
2026-09-23,2812.TW,-3990808,0,-5000,-3995808
2026-09-23,2816.TW,84880,0,0,84880
2026-09-23,2820.TW,1068196,0,20000,1088196
2026-09-23,2832.TW,-41000,-22509,297,-63212
2026-09-23,2834.TW,-9087656,0,62492,-9025164
2026-09-23,2836.TW,-870419,0,-5000,-875419
2026-09-23,2838.TW,-405414,8000,18154,-379260
2026-09-23,2845.TW,-2324365,0,-281599,-2605964
2026-09-23,2849.TW,-3000,0,7000,4000
2026-09-23,2850.TW,-28859,0,3997,-24862
2026-09-23,2851.TW,845000,0,-117313,727687
2026-09-23,2852.TW,-10801,0,0,-10801
2026-09-23,2855.TW,1270483,-28900,0,1241583
2026-09-23,2880.TW,-1050495,22000,822608,-205887
2026-09-23,2881.TW,-1258323,-227000,96552,-1388771
2026-09-23,2882.TW,-2723844,1307000,67890,-1348954
2026-09-23,2883.TW,-345337,-652000,484677,-512660
2026-09-23,2884.TW,-5007225,3005000,529772,-1472453
2026-09-23,2885.TW,-4960944,-56000,299559,-4717385
2026-09-23,2886.TW,4641259,-3276000,551117,1916376
2026-09-23,2887.TW,-2121149,2006000,420418,305269
2026-09-23,2889.TW,1250072,0,-10621,1239451
2026-09-23,2890.TW,-3896912,1456000,289584,-2151328
2026-09-23,2891.TW,-5502465,1892000,379566,-3230899
2026-09-23,2892.TW,-1406694,3234000,40058,1867364
2026-09-23,2897.TW,-86084,0,0,-86084
2026-09-23,2901.TW,50010,0,3474,53484
2026-09-23,2903.TW,-21000,0,1000,-20000
2026-09-23,2904.TW,-2000,0,0,-2000
2026-09-23,2905.TW,164833,0,23000,187833
2026-09-23,2906.TW,-8000,0,59,-7941
2026-09-23,2908.TW,31000,0,0,31000
2026-09-23,2910.TW,4000,0,0,4000
2026-09-23,2911.TW,-21000,0,-1000,-22000
2026-09-23,2912.TW,-226498,73000,40000,-113498
2026-09-23,2913.TW,373571,0,-150000,223571
2026-09-23,2915.TW,610204,0,42327,652531
2026-09-23,2923.TW,4000,0,-4000,0
2026-09-23,2929.TW,-9000,0,0,-9000
2026-09-23,2939.TW,-14000,0,0,-14000
2026-09-23,2945.TW,17000,0,1000,18000
2026-09-23,3002.TW,-18000,0,-11,-18011
2026-09-23,3003.TW,205770,0,-6418,199352
2026-09-23,3004.TW,41080,0,-1268,39812
2026-09-23,3005.TW,-364758,-120191,7170,-477779
2026-09-23,3006.TW,-1942017,0,-53790,-1995807
2026-09-23,3008.TW,-311896,-29000,27070,-313826
2026-09-23,3010.TW,121281,0,0,121281
2026-09-23,3011.TW,-98000,0,0,-98000
2026-09-23,3013.TW,19267,1022,5469,25758
2026-09-23,3014.TW,-1437018,-48894,11531,-1474381
2026-09-23,3015.TW,46223,0,244,46467
2026-09-23,3016.TW,6240402,0,38051,6278453
2026-09-23,3017.TW,20620,224000,46844,291464
2026-09-23,3018.TW,-2000,0,0,-2000
2026-09-23,3019.TW,-590200,0,-59192,-649392
2026-09-23,3021.TW,62000,0,2000,64000
2026-09-23,3022.TW,-116768,0,4702,-112066
2026-09-23,3023.TW,-313000,0,-9130,-322130
2026-09-23,3024.TW,39000,0,0,39000
2026-09-23,3025.TW,4000,0,0,4000
2026-09-23,3026.TW,-897847,2000,-39414,-935261
2026-09-23,3027.TW,12000,0,-1,11999
2026-09-23,3028.TW,34000,5200,-1000,38200
2026-09-23,3029.TW,31498,17,-22943,8572
2026-09-23,3030.TW,35031,0,-14675,20356
2026-09-23,3031.TW,-303923,0,2291,-301632
2026-09-23,3032.TW,812918,0,-14751,798167
2026-09-23,3033.TW,-491206,48,-221281,-712439
2026-09-23,3034.TW,-593615,-26000,-36054,-655669
2026-09-23,3035.TW,-239707,0,113414,-126293
2026-09-23,3036.TW,1478401,-357000,15611,1137012
2026-09-23,3037.TW,5946719,575000,-892090,5629629
2026-09-23,3038.TW,43671,0,0,43671
2026-09-23,3040.TW,5000,0,0,5000
2026-09-23,3041.TW,151692,0,845,152537
2026-09-23,3042.TW,235297,-145000,1255901,1346198
2026-09-23,3043.TW,1000,0,0,1000
2026-09-23,3044.TW,-159426,35000,3264,-121162
2026-09-23,3045.TW,1316372,-15000,150014,1451386
2026-09-23,3046.TW,-48000,0,-2000,-50000
2026-09-23,3047.TW,125000,0,523,125523
2026-09-23,3048.TW,82000,0,-9069,72931
2026-09-23,3049.TW,-1169696,0,-19298,-1188994
2026-09-23,3050.TW,67000,0,0,67000
2026-09-23,3051.TW,-23984,0,0,-23984
2026-09-23,3052.TW,-38000,0,0,-38000
2026-09-23,3054.TW,1000,0,-1000,0
2026-09-23,3055.TW,2420889,0,-81202,2339687
2026-09-23,3056.TW,102000,0,-2482,99518
2026-09-23,3057.TW,5000,0,0,5000
2026-09-23,3058.TW,173000,0,-2000,171000
2026-09-23,3059.TW,439067,0,-1962,437105
2026-09-23,3060.TW,7986,0,76,8062
2026-09-23,3062.TW,-35000,0,-2036,-37036
2026-09-23,3090.TW,262476,103000,-8229,357247
2026-09-23,3092.TW,22000,0,0,22000
2026-09-23,3094.TW,-110853,0,-5151,-116004
2026-09-23,3130.TW,-15000,0,0,-15000
2026-09-23,3135.TW,-6193,7,295,-5891
2026-09-23,3138.TW,-81864,0,-11710,-93574
2026-09-23,3149.TW,-548282,0,-76,-548358
2026-09-23,3150.TW,1000,0,0,1000
2026-09-23,3164.TW,0,0,0,0
2026-09-23,3167.TW,-541250,0,9337,-531913
2026-09-23,3189.TW,3762864,-183000,-588240,2991624
2026-09-23,3209.TW,-106999,0,898,-106101
2026-09-23,3229.TW,-207387,0,0,-207387
2026-09-23,3231.TW,-4021314,-2870000,103320,-6787994
2026-09-23,3257.TW,30000,0,0,30000
2026-09-23,3266.TW,-8000,0,0,-8000
2026-09-23,3296.TW,-3000,0,-2000,-5000
2026-09-23,3305.TW,-148000,0,-11246,-159246
2026-09-23,3308.TW,2000,0,980,2980
2026-09-23,3311.TW,53662,0,1000,54662
2026-09-23,3312.TW,-928698,0,-27697,-956395
2026-09-23,3321.TW,-77000,0,-1000,-78000
2026-09-23,3338.TW,85036,0,0,85036
2026-09-23,3346.TW,-104516,0,0,-104516
2026-09-23,3356.TW,-253304,0,0,-253304
2026-09-23,3376.TW,-556890,0,-12838,-569728
2026-09-23,3380.TW,-1558997,2100,-182079,-1738976
2026-09-23,3406.TW,-95949,12000,-46965,-130914
2026-09-23,3413.TW,106900,0,-236,106664
2026-09-23,3416.TW,-37000,0,2,-36998
2026-09-23,3419.TW,32000,0,2000,34000
2026-09-23,3432.TW,-15000,0,0,-15000
2026-09-23,3437.TW,-351839,0,-2000,-353839
2026-09-23,3443.TW,452245,-29000,-1841,421404
2026-09-23,3447.TW,0,0,0,0
2026-09-23,3450.TW,-609233,-63000,-58642,-730875
2026-09-23,3481.TW,-47830253,-3734900,-6250539,-57815692
2026-09-23,3494.TW,3000,0,0,3000
2026-09-23,3501.TW,-48000,0,0,-48000
2026-09-23,3504.TW,-296984,0,2911,-294073
2026-09-23,3515.TW,-23000,0,-36767,-59767
2026-09-23,3518.TW,41050,0,0,41050
2026-09-23,3528.TW,54050,0,0,54050
2026-09-23,3530.TW,21000,0,0,21000
2026-09-23,3532.TW,1458827,69000,90479,1618306
2026-09-23,3533.TW,-662709,116000,-116419,-663128
2026-09-23,3535.TW,-34083,0,492,-33591
2026-09-23,3543.TW,-441436,0,20000,-421436
2026-09-23,3545.TW,10160,0,3372,13532
2026-09-23,3550.TW,198904,0,0,198904
2026-09-23,3557.TW,-5100,0,0,-5100
2026-09-23,3563.TW,-193346,0,66313,-127033
2026-09-23,3576.TW,1883813,100,-1000,1882913
2026-09-23,3583.TW,-147044,0,-19538,-166582
2026-09-23,3588.TW,23000,0,28,23028
2026-09-23,3591.TW,105309,0,-3206,102103
2026-09-23,3592.TW,-93761,0,-2355,-96116
2026-09-23,3593.TW,-3000,0,0,-3000
2026-09-23,3596.TW,-529000,0,1759,-527241
2026-09-23,3605.TW,2398682,1569100,-179877,3787905
2026-09-23,3607.TW,-3000,0,0,-3000
2026-09-23,3617.TW,52883,0,-18275,34608
2026-09-23,3622.TW,-68000,0,-39000,-107000
2026-09-23,3645.TW,-888778,0,-22331,-911109
2026-09-23,3652.TW,10000,0,1000,11000
2026-09-23,3653.TW,43119,-22000,47906,69025
2026-09-23,3661.TW,120521,-4000,573,117094
2026-09-23,3665.TW,-108046,148000,30362,70316
2026-09-23,3669.TW,-18000,0,0,-18000
2026-09-23,3673.TW,-837304,76,2222,-835006
2026-09-23,3679.TW,-1000,-4882,0,-5882
2026-09-23,3686.TW,-12000,0,1000,-11000
2026-09-23,3694.TW,55000,0,-1000,54000
2026-09-23,3701.TW,27020,0,-997,26023
2026-09-23,3702.TW,1808576,-1557000,54465,306041
2026-09-23,3703.TW,-22000,0,0,-22000
2026-09-23,3704.TW,-395000,0,4750,-390250
2026-09-23,3705.TW,33000,0,0,33000
2026-09-23,3706.TW,-366385,-1634000,-100605,-2100990
2026-09-23,3708.TW,-149986,0,-605,-150591
2026-09-23,3711.TW,4008437,-2276360,175742,1907819
2026-09-23,3712.TW,-34000,0,0,-34000
2026-09-23,3714.TW,632271,1000,-44,633227
2026-09-23,3715.TW,-1333909,0,-98579,-1432488
2026-09-23,3716.TW,-1499,0,0,-1499
2026-09-23,3717.TW,510000,0,12933,522933
2026-09-23,4104.TW,16007,0,0,16007
2026-09-23,4106.TW,-4000,0,0,-4000
2026-09-23,4108.TW,-8000,0,-3000,-11000
2026-09-23,4119.TW,-3000,0,-1,-3001
2026-09-23,4133.TW,9000,0,0,9000
2026-09-23,4137.TW,-15000,-10447,92,-25355
2026-09-23,4142.TW,149999,0,0,149999
2026-09-23,4148.TW,3000,0,0,3000
2026-09-23,4155.TW,121000,0,6000,127000
2026-09-23,4164.TW,55182,0,-20000,35182
2026-09-23,4169.TW,-6000,0,0,-6000
2026-09-23,4178.TW,-1000,0,2000,1000
2026-09-23,4190.TW,4000,0,0,4000
2026-09-23,4195.TW,20000,0,-1124,18876
2026-09-23,4306.TW,-95451,0,0,-95451
2026-09-23,4414.TW,0,0,-1000,-1000
2026-09-23,4426.TW,-2000,0,0,-2000
2026-09-23,4438.TW,13000,0,-264,12736
2026-09-23,4439.TW,3000,0,0,3000
2026-09-23,4440.TW,-3000,0,0,-3000
2026-09-23,4441.TW,8000,0,-5000,3000
2026-09-23,4526.TW,-147165,0,-23528,-170693
2026-09-23,4532.TW,256902,-57814,0,199088
2026-09-23,4536.TW,148657,0,10,148667
2026-09-23,4540.TW,-99834,0,0,-99834
2026-09-23,4545.TW,4000,0,0,4000
2026-09-23,4551.TW,-48149,0,-4542,-52691
2026-09-23,4552.TW,-17000,0,0,-17000
2026-09-23,4555.TW,-15000,0,-87,-15087
2026-09-23,4557.TW,15000,0,-1000,14000
2026-09-23,4560.TW,5000,0,0,5000
2026-09-23,4562.TW,24087,0,-200,23887
2026-09-23,4564.TW,179000,0,0,179000
2026-09-23,4566.TW,462607,0,-3481,459126
2026-09-23,4569.TW,3110,0,0,3110
2026-09-23,4571.TW,-315,0,0,-315
2026-09-23,4572.TW,0,0,0,0
2026-09-23,4576.TW,12850,0,-10786,2064
2026-09-23,4581.TW,-1000,0,0,-1000
2026-09-23,4582.TW,-6000,0,2900,-3100
2026-09-23,4583.TW,5000,0,0,5000
2026-09-23,4585.TW,2000,0,-1931,69
2026-09-23,4588.TW,875,0,-313,562
2026-09-23,4590.TW,-35000,0,-431,-35431
2026-09-23,4720.TW,106020,0,0,106020
2026-09-23,4722.TW,55606,0,-811,54795
2026-09-23,4736.TW,15000,0,0,15000
2026-09-23,4737.TW,-12000,0,0,-12000
2026-09-23,4739.TW,122000,0,-338,121662
2026-09-23,4746.TW,525500,-109000,0,416500
2026-09-23,4755.TW,-12000,0,0,-12000
2026-09-23,4763.TW,-4596144,2000,-226640,-4820784
2026-09-23,4764.TW,80108,0,-14368,65740
2026-09-23,4766.TW,30449,0,-16,30433
2026-09-23,4770.TW,615998,0,-9175,606823
2026-09-23,4771.TW,40046,0,-10,40036
2026-09-23,4807.TW,33000,0,0,33000
2026-09-23,4904.TW,-361557,946000,153549,737992
2026-09-23,4906.TW,-1434925,0,-136018,-1570943
2026-09-23,4912.TW,125000,0,0,125000
2026-09-23,4915.TW,-389000,300000,42380,-46620
2026-09-23,4916.TW,271652,0,-58281,213371
2026-09-23,4919.TW,-5755924,1000,-482035,-6236959
2026-09-23,4927.TW,21216,0,41524,62740
2026-09-23,4930.TW,-2000,0,0,-2000
2026-09-23,4934.TW,-175768,0,-5000,-180768
2026-09-23,4935.TW,-49000,0,0,-49000
2026-09-23,4938.TW,2321315,-300000,148784,2170099
2026-09-23,4942.TW,3000,0,351,3351
2026-09-23,4949.TW,-60000,0,-1000,-61000
2026-09-23,4952.TW,11583,0,2000,13583
2026-09-23,4956.TW,349711,0,96025,445736
2026-09-23,4958.TW,-14428875,-1312000,-615060,-16355935
2026-09-23,4960.TW,547304,0,-60801,486503
2026-09-23,4961.TW,29188,-1000,2945,31133
2026-09-23,4967.TW,15057,8,-9037,6028
2026-09-23,4968.TW,23000,0,240,23240
2026-09-23,4976.TW,15946,0,257,16203
2026-09-23,4977.TW,66200,15,-13994,52221
2026-09-23,4989.TW,74005,0,-20500,53505
2026-09-23,4994.TW,0,0,0,0
2026-09-23,4999.TW,14000,0,-889,13111
2026-09-23,5007.TW,-5000,0,-1000,-6000
2026-09-23,5203.TW,-1957,0,0,-1957
2026-09-23,5215.TW,-2000,0,0,-2000
2026-09-23,5222.TW,17770,0,-100,17670
2026-09-23,5225.TW,78095,0,0,78095
2026-09-23,5234.TW,-7990,0,4192,-3798
2026-09-23,5236.TW,-12000,0,0,-12000
2026-09-23,5243.TW,-83733,0,-102302,-186035
2026-09-23,5244.TW,-12000,0,0,-12000
2026-09-23,5258.TW,-276000,0,-592,-276592
2026-09-23,5269.TW,41881,-1000,-16816,24065
2026-09-23,5283.TW,-25000,0,1000,-24000
2026-09-23,5284.TW,-20980,0,-21714,-42694
2026-09-23,5285.TW,-111937,0,4624,-107313
2026-09-23,5288.TW,70968,0,0,70968
2026-09-23,5292.TW,8628,0,-7222,1406
2026-09-23,5306.TW,7983,0,0,7983
2026-09-23,5388.TW,80400,0,27514,107914
2026-09-23,5434.TW,-14932,-4000,10391,-8541
2026-09-23,5469.TW,-80840,0,-2000,-82840
2026-09-23,5471.TW,56007,0,-1000,55007
2026-09-23,5484.TW,-5017,0,0,-5017
2026-09-23,5515.TW,48185,0,-5348,42837
2026-09-23,5519.TW,-61968,0,-199,-62167
2026-09-23,5521.TW,45080,0,0,45080
2026-09-23,5522.TW,-421329,-36667,0,-457996
2026-09-23,5525.TW,-2000,0,0,-2000
2026-09-23,5531.TW,-99080,0,0,-99080
2026-09-23,5533.TW,-9000,0,0,-9000
2026-09-23,5534.TW,72000,-113000,-369,-41369
2026-09-23,5538.TW,1000,0,0,1000
2026-09-23,5546.TW,-11024,0,0,-11024
2026-09-23,5607.TW,27006,0,4000,31006
2026-09-23,5608.TW,446991,0,0,446991
2026-09-23,5706.TW,-4000,0,0,-4000
2026-09-23,5871.TW,-5378188,1746000,697,-3631491
2026-09-23,5876.TW,-466903,390000,260147,183244
2026-09-23,5880.TW,-3106001,-100000,839801,-2366200
2026-09-23,5906.TW,0,0,0,0
2026-09-23,5907.TW,8000,0,0,8000
2026-09-23,6005.TW,1008087,4000,0,1012087
2026-09-23,6024.TW,-18861,0,0,-18861
2026-09-23,6108.TW,180193,0,-5000,175193
2026-09-23,6112.TW,83100,0,-18125,64975
2026-09-23,6115.TW,-13000,0,0,-13000
2026-09-23,6116.TW,-16225115,100,-1076874,-17301889
2026-09-23,6117.TW,13000,0,-27000,-14000
2026-09-23,6120.TW,-1043789,0,-1432,-1045221
2026-09-23,6128.TW,2000,0,0,2000
2026-09-23,6133.TW,-240251,0,0,-240251
2026-09-23,6136.TW,67997,0,-3000,64997
2026-09-23,6139.TW,105138,-516500,122595,-288767
2026-09-23,6141.TW,-929430,0,9987,-919443
2026-09-23,6142.TW,-30000,0,0,-30000
2026-09-23,6152.TW,203740,0,9000,212740
2026-09-23,6153.TW,772485,0,-2656,769829
2026-09-23,6155.TW,99392,0,0,99392
2026-09-23,6164.TW,47001,0,0,47001
2026-09-23,6165.TW,35000,0,0,35000
2026-09-23,6166.TW,-175434,0,-10716,-186150
2026-09-23,6168.TW,-3355580,0,26581,-3328999
2026-09-23,6176.TW,223261,0,-1501,221760
2026-09-23,6177.TW,-548000,-70989,1665,-617324
2026-09-23,6183.TW,-3000,0,0,-3000
2026-09-23,6184.TW,-3000,0,0,-3000
2026-09-23,6189.TW,557254,0,-14074,543180
2026-09-23,6191.TW,-403547,0,-5919,-409466
2026-09-23,6192.TW,1000,0,0,1000
2026-09-23,6196.TW,281631,0,72181,353812
2026-09-23,6197.TW,-18258,27,-11146,-29377
2026-09-23,6201.TW,2000,0,0,2000
2026-09-23,6202.TW,189065,0,55690,244755
2026-09-23,6205.TW,644150,0,-2795,641355
2026-09-23,6206.TW,-1056,0,-9145,-10201
2026-09-23,6209.TW,-558869,0,-4941,-563810
2026-09-23,6213.TW,314842,95000,57144,466986
2026-09-23,6214.TW,304823,1000,-6000,299823
2026-09-23,6215.TW,30112,0,-2758,27354
2026-09-23,6216.TW,-12000,0,-100,-12100
2026-09-23,6224.TW,244719,0,-2000,242719
2026-09-23,6226.TW,-574176,0,75000,-499176
2026-09-23,6230.TW,5000,0,0,5000
2026-09-23,6235.TW,271322,0,619,271941
2026-09-23,6239.TW,-823816,-17000,-163953,-1004769
2026-09-23,6243.TW,398965,0,-493,398472
2026-09-23,6257.TW,516425,-3000,38354,551779
2026-09-23,6269.TW,102615,0,-87027,15588
2026-09-23,6271.TW,64579,0,-37888,26691
2026-09-23,6272.TW,70000,0,-1000,69000
2026-09-23,6277.TW,-2000,0,0,-2000
2026-09-23,6278.TW,-1653725,16000,-106498,-1744223
2026-09-23,6281.TW,1000,0,0,1000
2026-09-23,6282.TW,-2168785,0,-86720,-2255505
2026-09-23,6283.TW,4000,0,0,4000
2026-09-23,6285.TW,-463889,1000,-65262,-528151
2026-09-23,6405.TW,-144061,0,-1471,-145532
2026-09-23,6409.TW,11494,-1020,-5200,5274
2026-09-23,6412.TW,-41200,5000,-6990,-43190
2026-09-23,6414.TW,-262620,1000,-1549,-263169
2026-09-23,6415.TW,-44355,-100000,-12219,-156574
2026-09-23,6416.TW,87267,0,-364,86903
2026-09-23,6426.TW,92285,0,17046,109331
2026-09-23,6431.TW,0,0,0,0
2026-09-23,6438.TW,-13423,0,-8221,-21644
2026-09-23,6442.TW,172046,-215000,-4320,-47274
2026-09-23,6443.TW,666200,0,4000,670200
2026-09-23,6446.TW,-533077,16000,64970,-452107
2026-09-23,6449.TW,-55455,7,-5212,-60660
2026-09-23,6451.TW,-274962,0,-5184,-280146
2026-09-23,6456.TW,2600529,0,247872,2848401
2026-09-23,6464.TW,-1000,0,0,-1000
2026-09-23,6472.TW,293574,-43000,83945,334519
2026-09-23,6477.TW,11897,0,0,11897
2026-09-23,6491.TW,61551,0,2292,63843
2026-09-23,6504.TW,-5000,0,0,-5000
2026-09-23,6505.TW,3215873,309000,104369,3629242
2026-09-23,6515.TW,-58521,-25000,5908,-77613
2026-09-23,6525.TW,-87852,22,-5584,-93414
2026-09-23,6526.TW,927892,-1000,215341,1142233
2026-09-23,6531.TW,1032914,139620,43656,1216190
2026-09-23,6533.TW,-131822,0,-3925,-135747
2026-09-23,6534.TW,4000,0,0,4000
2026-09-23,6541.TW,201068,0,-220,200848
2026-09-23,6552.TW,33000,0,1000,34000
2026-09-23,6558.TW,59000,0,0,59000
2026-09-23,6573.TW,6000,0,1000,7000
2026-09-23,6579.TW,-7000,0,-1788,-8788
2026-09-23,6581.TW,-2000,0,0,-2000
2026-09-23,6582.TW,-3000,0,0,-3000
2026-09-23,6585.TW,-69,0,0,-69
2026-09-23,6589.TW,533000,0,-1961,531039
2026-09-23,6591.TW,-8000,0,-50,-8050
2026-09-23,6592.TW,-181020,0,140,-180880
2026-09-23,6598.TW,-16999,0,-2000,-18999
2026-09-23,6605.TW,-1385,0,-1,-1386
2026-09-23,6606.TW,-25000,0,-2000,-27000
2026-09-23,6614.TW,-4000,0,0,-4000
2026-09-23,6625.TW,12000,0,938,12938
2026-09-23,6641.TW,1000,0,0,1000
2026-09-23,6645.TW,0,0,-830,-830
2026-09-23,6655.TW,-1000,0,0,-1000
2026-09-23,6657.TW,-32801,0,-1000,-33801
2026-09-23,6658.TW,-9147,0,1587,-7560
2026-09-23,6666.TW,0,0,0,0
2026-09-23,6668.TW,118276,0,8000,126276
2026-09-23,6669.TW,308526,-699300,-13714,-404488
2026-09-23,6670.TW,23452,30000,-23176,30276
2026-09-23,6671.TW,-3000,0,0,-3000
2026-09-23,6672.TW,823233,11,94660,917904
2026-09-23,6674.TW,17000,0,0,17000
2026-09-23,6689.TW,-21000,0,0,-21000
2026-09-23,6691.TW,8931,0,1315,10246
2026-09-23,6695.TW,42002,0,0,42002
2026-09-23,6698.TW,30000,0,0,30000
2026-09-23,6706.TW,-124684,0,-85012,-209696
2026-09-23,6715.TW,39848,0,299,40147
2026-09-23,6719.TW,-97318,0,-17254,-114572
2026-09-23,6722.TW,-2000,0,0,-2000
2026-09-23,6742.TW,-103000,0,308,-102692
2026-09-23,6743.TW,164010,-18686,1000,146324
2026-09-23,6753.TW,173005,0,-19272,153733
2026-09-23,6754.TW,0,0,0,0
2026-09-23,6756.TW,23000,0,0,23000
2026-09-23,6757.TW,187301,0,-32000,155301
2026-09-23,6768.TW,90000,0,-10,89990
2026-09-23,6770.TW,24015432,-11000,1100160,25104592
2026-09-23,6776.TW,9000,0,0,9000
2026-09-23,6781.TW,19553,0,1019,20572
2026-09-23,6782.TW,176000,-20000,-17193,138807
2026-09-23,6789.TW,-152590,-3000,-48147,-203737
2026-09-23,6790.TW,22000,0,0,22000
2026-09-23,6792.TW,4000,0,0,4000
2026-09-23,6794.TW,6000,0,0,6000
2026-09-23,6796.TW,-1000,0,0,-1000
2026-09-23,6799.TW,158925,0,39,158964
2026-09-23,6805.TW,-112598,590000,-4677,472725
2026-09-23,6807.TW,-1000,0,0,-1000
2026-09-23,6830.TW,-100568,6,2033,-98529
2026-09-23,6831.TW,64430,-125000,3474,-57096
2026-09-23,6834.TW,-300619,0,101852,-198767
2026-09-23,6835.TW,-3000,0,0,-3000
2026-09-23,6838.TW,162000,0,-11947,150053
2026-09-23,6854.TW,-49000,0,5744,-43256
2026-09-23,6861.TW,-425248,0,29140,-396108
2026-09-23,6862.TW,11000,0,0,11000
2026-09-23,6863.TW,6000,0,-2000,4000
2026-09-23,6869.TW,145941,0,19944,165885
2026-09-23,6873.TW,115141,0,4031,119172
2026-09-23,6885.TW,-80000,0,7000,-73000
2026-09-23,6887.TW,1000,0,0,1000
2026-09-23,6890.TW,12969,0,-315,12654
2026-09-23,6901.TW,599230,0,-16000,583230
2026-09-23,6902.TW,47749,0,3938,51687
2026-09-23,6906.TW,9000,0,-1,8999
2026-09-23,6909.TW,-9989,0,0,-9989
2026-09-23,6914.TW,0,0,0,0
2026-09-23,6916.TW,-5000,0,0,-5000
2026-09-23,6918.TW,0,0,0,0
2026-09-23,6919.TW,-419285,0,-48148,-467433
2026-09-23,6921.TW,3000,0,-1388,1612
2026-09-23,6923.TW,2000,0,1000,3000
2026-09-23,6924.TW,1000,0,-233,767
2026-09-23,6928.TW,-5000,0,0,-5000
2026-09-23,6931.TW,-1000,0,0,-1000
2026-09-23,6933.TW,40390,0,32574,72964
2026-09-23,6934.TW,33000,0,0,33000
2026-09-23,6936.TW,0,0,0,0
2026-09-23,6937.TW,24000,15,-12819,11196
2026-09-23,6944.TW,109955,0,-1647,108308
2026-09-23,6947.TW,-1974,0,0,-1974
2026-09-23,6949.TW,-335261,0,-53794,-389055
2026-09-23,6951.TW,-3000,0,0,-3000
2026-09-23,6955.TW,2000,0,0,2000
2026-09-23,6957.TW,6385,0,-4000,2385
2026-09-23,6958.TW,3418,0,0,3418
2026-09-23,6962.TW,-204943,76,-985,-205852
2026-09-23,6965.TW,3000,0,0,3000
2026-09-23,6969.TW,-4000,0,-192,-4192
2026-09-23,6988.TW,-34000,0,9000,-25000
2026-09-23,6994.TW,2000,0,-297,1703
2026-09-23,7610.TW,-40583,0,-204,-40787
2026-09-23,7631.TW,-3000,0,2837,-163
2026-09-23,7689.TW,5000,0,0,5000
2026-09-23,7705.TW,4000,0,0,4000
2026-09-23,7711.TW,-76872,4022,1393,-71457
2026-09-23,7721.TW,-7850,0,0,-7850
2026-09-23,7722.TW,14260,0,-1000,13260
2026-09-23,7730.TW,-14950,0,-3000,-17950
2026-09-23,7736.TW,-5000,0,0,-5000
2026-09-23,7740.TW,30997,0,-8541,22456
2026-09-23,7749.TW,37031,9,6442,43482
2026-09-23,7750.TW,-10382,0,719,-9663
2026-09-23,7760.TW,1000,0,1000,2000
2026-09-23,7765.TW,58645,0,0,58645
2026-09-23,7768.TW,6209,23,0,6232
2026-09-23,7769.TW,-134405,-84320,-2547,-221272
2026-09-23,7780.TW,267000,0,-37,266963
2026-09-23,7786.TW,4000,0,1000,5000
2026-09-23,7788.TW,166290,10,-93066,73234
2026-09-23,7791.TW,3000,0,0,3000
2026-09-23,7795.TW,-229253,0,12513,-216740
2026-09-23,7799.TW,501684,0,48562,550246
2026-09-23,7803.TW,-4000,0,-8602,-12602
2026-09-23,7812.TW,43000,0,0,43000
2026-09-23,7818.TW,4000,0,0,4000
2026-09-23,7821.TW,-34000,0,0,-34000
2026-09-23,7822.TW,7325,10,-5518,1817
2026-09-23,7823.TW,2000,0,0,2000
2026-09-23,7827.TW,3070,0,-54,3016
2026-09-23,7835.TW,2000,0,-2000,0
2026-09-23,7855.TW,-62000,0,0,-62000
2026-09-23,8011.TW,-52000,0,0,-52000
2026-09-23,8016.TW,-4000,-16000,-472,-20472
2026-09-23,8021.TW,465652,0,172000,637652
2026-09-23,8028.TW,-2018770,0,-42628,-2061398
2026-09-23,8033.TW,-219892,0,20,-219872
2026-09-23,8039.TW,359955,1000,-69357,291598
2026-09-23,8045.TW,-14000,0,-90,-14090
2026-09-23,8046.TW,3401458,44000,356647,3802105
2026-09-23,8070.TW,-290000,0,35986,-254014
2026-09-23,8072.TW,-11000,0,0,-11000
2026-09-23,8081.TW,-23167,1200,-110,-22077
2026-09-23,8103.TW,209661,0,64080,273741
2026-09-23,8104.TW,26700,0,0,26700
2026-09-23,8105.TW,-194652,0,-1721,-196373
2026-09-23,8110.TW,-3173270,0,109333,-3063937
2026-09-23,8112.TW,-1199572,495000,-53144,-757716
2026-09-23,8114.TW,-30000,0,472,-29528
2026-09-23,8131.TW,-56346,0,-2719,-59065
2026-09-23,8150.TW,9255162,-3000,-985966,8266196
2026-09-23,8162.TW,95423,0,-42960,52463
2026-09-23,8163.TW,16000,0,68,16068
2026-09-23,8201.TW,-2000,0,0,-2000
2026-09-23,8210.TW,35712,-231000,-10543,-205831
2026-09-23,8213.TW,21187,0,-40,21147
2026-09-23,8215.TW,104400,0,-9285,95115
2026-09-23,8222.TW,22000,0,0,22000
2026-09-23,8249.TW,99048,0,0,99048
2026-09-23,8261.TW,-105529,21,-6757,-112265
2026-09-23,8271.TW,-228997,0,-140,-229137
2026-09-23,8341.TW,-19774,0,0,-19774
2026-09-23,8367.TW,-5000,0,0,-5000
2026-09-23,8374.TW,26000,0,-12249,13751
2026-09-23,8404.TW,88401,0,0,88401
2026-09-23,8411.TW,-1000,0,-60000,-61000
2026-09-23,8422.TW,-747900,2000,19000,-726900
2026-09-23,8429.TW,-5000,0,0,-5000
2026-09-23,8438.TW,-247378,0,-631,-248009
2026-09-23,8442.TW,-13000,-6088,0,-19088
2026-09-23,8454.TW,119738,0,327,120065
2026-09-23,8462.TW,-21430,0,387,-21043
2026-09-23,8463.TW,4000,0,-3000,1000
2026-09-23,8464.TW,121353,0,987,122340
2026-09-23,8466.TW,-27000,0,0,-27000
2026-09-23,8467.TW,1000,0,0,1000
2026-09-23,8473.TW,60680,0,-68,60612
2026-09-23,8476.TW,31600,0,0,31600
2026-09-23,8478.TW,13892,0,-55,13837
2026-09-23,8481.TW,0,0,0,0
2026-09-23,8482.TW,-1000,0,0,-1000
2026-09-23,8487.TW,0,0,-293,-293
2026-09-23,8488.TW,7000,0,-3000,4000
2026-09-23,8499.TW,3000,0,0,3000
2026-09-23,8926.TW,-17967,2000,-3933,-19900
2026-09-23,8940.TW,-4000,0,2000,-2000
2026-09-23,8996.TW,-19059,203800,-139488,45253
2026-09-23,9103.TW,116000,0,366,116366
2026-09-23,9105.TW,-2885102,0,266588,-2618514
2026-09-23,9136.TW,8000,0,-43,7957
2026-09-23,9802.TW,157000,-60000,3000,100000
2026-09-23,9902.TW,-14000,0,0,-14000
2026-09-23,9904.TW,4973740,96000,41136,5110876
2026-09-23,9905.TW,-11000,0,-1000,-12000
2026-09-23,9906.TW,-13000,0,-1000,-14000
2026-09-23,9907.TW,-182811,-166130,0,-348941
2026-09-23,9908.TW,-9000,0,0,-9000
2026-09-23,9910.TW,997151,70000,1566,1068717
2026-09-23,9911.TW,-10000,1000,0,-9000
2026-09-23,9912.TW,5000,0,0,5000
2026-09-23,9914.TW,-233232,0,8739,-224493
2026-09-23,9917.TW,30551,1000,0,31551
2026-09-23,9918.TW,10000,0,0,10000
2026-09-23,9919.TW,22000,0,0,22000
2026-09-23,9921.TW,235060,0,-12889,222171
2026-09-23,9924.TW,-43200,0,0,-43200
2026-09-23,9925.TW,-81000,0,0,-81000
2026-09-23,9926.TW,0,0,0,0
2026-09-23,9927.TW,-17000,0,0,-17000
2026-09-23,9929.TW,-1000,0,1000,0
2026-09-23,9930.TW,1380,0,0,1380
2026-09-23,9931.TW,-1000,0,0,-1000
2026-09-23,9933.TW,-2769,1000,-11033,-12802
2026-09-23,9934.TW,-67000,0,1000,-66000
2026-09-23,9935.TW,30000,-21510,0,8490
2026-09-23,9937.TW,0,0,0,0
2026-09-23,9938.TW,177562,-64461,3999,117100
2026-09-23,9939.TW,53421,-45000,300,8721
2026-09-23,9940.TW,-6000,0,-20,-6020
2026-09-23,9941.TW,141420,-131000,-29705,-19285
2026-09-23,9942.TW,-2000,0,0,-2000
2026-09-23,9943.TW,6000,0,0,6000
2026-09-23,9944.TW,-4000,0,0,-4000
2026-09-23,9945.TW,3056661,0,147115,3203776
2026-09-23,9946.TW,34000,0,0,34000
2026-09-23,9955.TW,34000,0,0,34000
2026-09-23,9958.TW,166001,175000,6000,347001
2026-09-24,0050.TW,-31362347,0,10477294,-20885053
2026-09-24,0051.TW,-1000,0,12120,11120
2026-09-24,0052.TW,-938832,0,281081,-657751
2026-09-24,0053.TW,-999,0,-3439,-4438
2026-09-24,0055.TW,-10928,0,-393246,-404174
2026-09-24,0056.TW,-5370568,150000,-9632676,-14853244
2026-09-24,0057.TW,1000,0,1326,2326
2026-09-24,0061.TW,-12000,0,-68780,-80780
2026-09-24,1101.TW,-12698600,-12000,-450135,-13160735
2026-09-24,1102.TW,-1329809,120477,95043,-1114289
2026-09-24,1103.TW,-112916,0,0,-112916
2026-09-24,1104.TW,-61171,0,0,-61171
2026-09-24,1108.TW,-31000,0,0,-31000
2026-09-24,1109.TW,-22000,0,0,-22000
2026-09-24,1110.TW,-69000,0,0,-69000
2026-09-24,1201.TW,-109000,0,-43000,-152000
2026-09-24,1203.TW,-7000,0,1000,-6000
2026-09-24,1210.TW,-74058,0,0,-74058
2026-09-24,1215.TW,-237379,0,3244,-234135
2026-09-24,1216.TW,-2559976,103000,262906,-2194070
2026-09-24,1217.TW,28000,0,0,28000
2026-09-24,1218.TW,-17000,0,0,-17000
2026-09-24,1219.TW,53000,0,0,53000
2026-09-24,1220.TW,-2430,0,-1,-2431
2026-09-24,1225.TW,0,0,0,0
2026-09-24,1227.TW,36751,0,0,36751
2026-09-24,1229.TW,304933,-1000,0,303933
2026-09-24,1231.TW,23000,0,237,23237
2026-09-24,1232.TW,-869,0,0,-869
2026-09-24,1233.TW,-5000,0,0,-5000
2026-09-24,1234.TW,-9000,0,-1,-9001
2026-09-24,1235.TW,-35000,0,0,-35000
2026-09-24,1236.TW,-11000,0,0,-11000
2026-09-24,1256.TW,-8000,0,-5000,-13000
2026-09-24,1301.TW,1468187,0,485588,1953775
2026-09-24,1303.TW,17802257,-5067000,1504545,14239802
2026-09-24,1304.TW,601884,0,-177532,424352
2026-09-24,1305.TW,64761,0,-18000,46761
2026-09-24,1307.TW,-19000,-5001,-15000,-39001
2026-09-24,1308.TW,380362,0,-10774,369588
2026-09-24,1309.TW,-17492,0,-43478,-60970
2026-09-24,1310.TW,472000,0,-8000,464000
2026-09-24,1312.TW,619129,0,-134656,484473
2026-09-24,1313.TW,-157972,0,-16939,-174911
2026-09-24,1314.TW,-11481917,0,-308129,-11790046
2026-09-24,1315.TW,-2000,0,0,-2000
2026-09-24,1316.TW,-208000,0,-102,-208102
2026-09-24,1319.TW,258264,-1051,-12000,245213
2026-09-24,1321.TW,-31000,0,0,-31000
2026-09-24,1323.TW,-7000,0,-2000,-9000
2026-09-24,1324.TW,-4000,0,0,-4000
2026-09-24,1325.TW,-8000,0,0,-8000
2026-09-24,1326.TW,-35610,0,476751,441141
2026-09-24,1337.TW,-42187,0,0,-42187
2026-09-24,1338.TW,-1000,0,0,-1000
2026-09-24,1339.TW,-1000,0,484,-516
2026-09-24,1340.TW,5000,0,0,5000
2026-09-24,1342.TW,6100,0,0,6100
2026-09-24,1402.TW,747234,113000,-6525,853709
2026-09-24,1409.TW,1326973,0,-193302,1133671
2026-09-24,1410.TW,-1000,0,-1000,-2000
2026-09-24,1413.TW,-5000,0,0,-5000
2026-09-24,1414.TW,3997,0,-10000,-6003
2026-09-24,1416.TW,-21321,0,0,-21321
2026-09-24,1417.TW,-155000,0,0,-155000
2026-09-24,1418.TW,-65,0,0,-65
2026-09-24,1419.TW,-5000,0,0,-5000
2026-09-24,1423.TW,10000,0,0,10000
2026-09-24,1432.TW,0,0,0,0
2026-09-24,1434.TW,272453,0,0,272453
2026-09-24,1435.TW,-1000,0,0,-1000
2026-09-24,1436.TW,-40000,0,0,-40000
2026-09-24,1437.TW,-51994,0,0,-51994
2026-09-24,1438.TW,6000,0,-3000,3000
2026-09-24,1439.TW,-1000,0,0,-1000
2026-09-24,1440.TW,-136488,0,16000,-120488
2026-09-24,1442.TW,35380,0,-398,34982
2026-09-24,1443.TW,-3000,0,0,-3000
2026-09-24,1444.TW,38777,0,-164000,-125223
2026-09-24,1445.TW,-6000,0,0,-6000
2026-09-24,1446.TW,-756,0,1000,244
2026-09-24,1447.TW,-176366,0,0,-176366
2026-09-24,1449.TW,89040,0,0,89040
2026-09-24,1451.TW,-1000,0,0,-1000
2026-09-24,1452.TW,-16003,0,0,-16003
2026-09-24,1453.TW,0,0,0,0
2026-09-24,1454.TW,0,0,0,0
2026-09-24,1455.TW,10297,0,-34090,-23793
2026-09-24,1456.TW,-21000,0,-3000,-24000
2026-09-24,1457.TW,1000,0,0,1000
2026-09-24,1459.TW,-2000,0,0,-2000
2026-09-24,1460.TW,-44137,0,0,-44137
2026-09-24,1463.TW,35000,0,1000,36000
2026-09-24,1464.TW,-36316,0,0,-36316
2026-09-24,1465.TW,-3000,0,0,-3000
2026-09-24,1466.TW,10943,0,0,10943
2026-09-24,1467.TW,-7000,0,0,-7000
2026-09-24,1468.TW,-2000,0,-3000,-5000
2026-09-24,1470.TW,-1000,0,1000,0
2026-09-24,1471.TW,-24000,0,-2000,-26000
2026-09-24,1472.TW,0,0,0,0
2026-09-24,1473.TW,-106000,0,0,-106000
2026-09-24,1474.TW,-10000,0,0,-10000
2026-09-24,1475.TW,0,0,0,0
2026-09-24,1476.TW,-129898,-9000,-1712,-140610
2026-09-24,1477.TW,-430879,225254,7960,-197665
2026-09-24,1503.TW,-77549,-1000,-2024,-80573
2026-09-24,1504.TW,196882,-740000,-17570,-560688
2026-09-24,1506.TW,-203000,0,0,-203000
2026-09-24,1512.TW,-2000,0,0,-2000
2026-09-24,1513.TW,546624,0,30721,577345
2026-09-24,1514.TW,-278414,0,-12921,-291335
2026-09-24,1515.TW,93800,0,277,94077
2026-09-24,1516.TW,7000,0,0,7000
2026-09-24,1517.TW,-12000,0,-18,-12018
2026-09-24,1519.TW,-136685,-1000,-3156,-140841
2026-09-24,1521.TW,2000,0,0,2000
2026-09-24,1522.TW,144214,0,0,144214
2026-09-24,1524.TW,24301,0,0,24301
2026-09-24,1525.TW,-2000,0,0,-2000
2026-09-24,1526.TW,-8000,0,0,-8000
2026-09-24,1527.TW,1000,0,0,1000
2026-09-24,1528.TW,-907733,0,996,-906737
2026-09-24,1529.TW,-137939,0,0,-137939
2026-09-24,1530.TW,-3000,0,0,-3000
2026-09-24,1531.TW,-80000,0,0,-80000
2026-09-24,1532.TW,-65451,0,0,-65451
2026-09-24,1533.TW,-4000,0,2000,-2000
2026-09-24,1535.TW,-1000,0,0,-1000
2026-09-24,1536.TW,191080,0,-312,190768
2026-09-24,1537.TW,17000,0,-161,16839
2026-09-24,1539.TW,2000,0,0,2000
2026-09-24,1540.TW,-16000,0,0,-16000
2026-09-24,1558.TW,6319,0,-2000,4319
2026-09-24,1560.TW,671057,-195000,-20943,455114
2026-09-24,1563.TW,70350,0,-9700,60650
2026-09-24,1568.TW,29165,0,-7000,22165
2026-09-24,1582.TW,-39872,0,-2001,-41873
2026-09-24,1583.TW,-2000,0,0,-2000
2026-09-24,1587.TW,2000,0,-1,1999
2026-09-24,1590.TW,-75676,2000,-7539,-81215
2026-09-24,1597.TW,-5721,0,11010,5289
2026-09-24,1598.TW,-23000,0,0,-23000
2026-09-24,1603.TW,-13000,0,0,-13000
2026-09-24,1604.TW,-36997,0,0,-36997
2026-09-24,1605.TW,-1311504,0,-79146,-1390650
2026-09-24,1608.TW,-497862,-4940,-8425,-511227
2026-09-24,1609.TW,163711,0,1234,164945
2026-09-24,1611.TW,-194032,0,-4000,-198032
2026-09-24,1612.TW,122382,-4561,-36590,81231
2026-09-24,1614.TW,0,0,0,0
2026-09-24,1615.TW,10000,0,0,10000
2026-09-24,1616.TW,-44000,0,97,-43903
2026-09-24,1617.TW,-204948,0,-1296,-206244
2026-09-24,1618.TW,-5000,0,-1058,-6058
2026-09-24,1623.TW,-28060,0,0,-28060
2026-09-24,1626.TW,-9000,0,1000,-8000
2026-09-24,1702.TW,14000,0,688,14688
2026-09-24,1707.TW,-66205,0,-278,-66483
2026-09-24,1708.TW,1637247,0,32424,1669671
2026-09-24,1709.TW,-19295908,0,-90028,-19385936
2026-09-24,1710.TW,-407934,0,782,-407152
2026-09-24,1711.TW,-20193,0,-68125,-88318
2026-09-24,1712.TW,-154000,0,0,-154000
2026-09-24,1713.TW,-38000,0,0,-38000
2026-09-24,1714.TW,1193281,0,7653,1200934
2026-09-24,1717.TW,-1037059,0,-73360,-1110419
2026-09-24,1718.TW,-340513,0,3209,-337304
2026-09-24,1720.TW,-20004,0,0,-20004
2026-09-24,1721.TW,59993,0,0,59993
2026-09-24,1722.TW,-1509048,0,-1000,-1510048
2026-09-24,1723.TW,-103000,0,-1119,-104119
2026-09-24,1725.TW,-4000,0,0,-4000
2026-09-24,1726.TW,-70000,0,0,-70000
2026-09-24,1727.TW,581384,0,314396,895780
2026-09-24,1730.TW,-2000,0,0,-2000
2026-09-24,1731.TW,12000,0,0,12000
2026-09-24,1732.TW,0,0,0,0
2026-09-24,1733.TW,-26000,0,0,-26000
2026-09-24,1734.TW,-70080,0,0,-70080
2026-09-24,1735.TW,11000,0,400,11400
2026-09-24,1736.TW,143688,0,-1192,142496
2026-09-24,1737.TW,-59000,0,0,-59000
2026-09-24,1752.TW,-8000,0,0,-8000
2026-09-24,1760.TW,-37946,0,0,-37946
2026-09-24,1762.TW,-3000,0,0,-3000
2026-09-24,1773.TW,-59100,0,-3102,-62202
2026-09-24,1776.TW,-3000,0,0,-3000
2026-09-24,1783.TW,4000,0,0,4000
2026-09-24,1786.TW,23000,0,133,23133
2026-09-24,1789.TW,-119000,0,-65,-119065
2026-09-24,1795.TW,-121000,0,-25618,-146618
2026-09-24,1802.TW,507542,0,-109739,397803
2026-09-24,1805.TW,-8000,0,0,-8000
2026-09-24,1806.TW,4000,0,0,4000
2026-09-24,1808.TW,523600,-329000,-165000,29600
2026-09-24,1809.TW,556850,0,62992,619842
2026-09-24,1810.TW,197050,0,1000,198050
2026-09-24,1817.TW,-3000,0,-165,-3165
2026-09-24,1903.TW,0,0,-2119,-2119
2026-09-24,1904.TW,402975,0,-15628,387347
2026-09-24,1905.TW,-194697,0,12445,-182252
2026-09-24,1906.TW,-9000,0,-2000,-11000
2026-09-24,1907.TW,-81070,0,4000,-77070
2026-09-24,1909.TW,-337435,0,-5000,-342435
2026-09-24,2002.TW,-4156707,-8000,75495,-4089212
2026-09-24,2006.TW,466720,198742,1741,667203
2026-09-24,2007.TW,-31000,0,0,-31000
2026-09-24,2008.TW,-1000,0,0,-1000
2026-09-24,2009.TW,-166000,0,6198,-159802
2026-09-24,2010.TW,419000,0,-54000,365000
2026-09-24,2012.TW,-13000,0,-2000,-15000
2026-09-24,2013.TW,-24000,0,873,-23127
2026-09-24,2014.TW,1927000,0,7000,1934000
2026-09-24,2015.TW,962,0,1000,1962
2026-09-24,2017.TW,118475,0,0,118475
2026-09-24,2020.TW,227000,0,-6000,221000
2026-09-24,2022.TW,-6195,0,0,-6195
2026-09-24,2023.TW,-28577,0,0,-28577
2026-09-24,2024.TW,-1000,0,0,-1000
2026-09-24,2025.TW,217099,0,-1000,216099
2026-09-24,2027.TW,2145473,455000,930169,3530642
2026-09-24,2028.TW,17000,0,2000,19000
2026-09-24,2029.TW,-73770,0,0,-73770
2026-09-24,2030.TW,2496645,0,54197,2550842
2026-09-24,2031.TW,453627,-3898,-644,449085
2026-09-24,2032.TW,355164,0,-3952,351212
2026-09-24,2033.TW,-70804,0,0,-70804
2026-09-24,2034.TW,2434639,0,13248,2447887
2026-09-24,2038.TW,-27473,0,-1000,-28473
2026-09-24,2049.TW,-115364,0,15172,-100192
2026-09-24,2059.TW,109319,-42000,24003,91322
2026-09-24,2062.TW,-214,0,0,-214
2026-09-24,2069.TW,233675,0,-11000,222675
2026-09-24,2072.TW,12000,0,0,12000
2026-09-24,2101.TW,-378862,0,-8409,-387271
2026-09-24,2102.TW,-16180,0,0,-16180
2026-09-24,2103.TW,-324032,0,-19034,-343066
2026-09-24,2104.TW,-3083980,0,35309,-3048671
2026-09-24,2105.TW,-398376,111045,153993,-133338
2026-09-24,2106.TW,43394,0,0,43394
2026-09-24,2107.TW,-28441,0,-1000,-29441
2026-09-24,2108.TW,32782,0,8000,40782
2026-09-24,2109.TW,-90000,0,0,-90000
2026-09-24,2114.TW,1000,0,0,1000
2026-09-24,2115.TW,-7000,0,0,-7000
2026-09-24,2201.TW,-681522,0,-5638,-687160
2026-09-24,2204.TW,14115,-2929,-550,10636
2026-09-24,2206.TW,-54041,0,0,-54041
2026-09-24,2207.TW,-162545,6000,2864,-153681
2026-09-24,2208.TW,-466299,0,0,-466299
2026-09-24,2211.TW,-495000,-1613,-268,-496881
2026-09-24,2227.TW,-9044,0,0,-9044
2026-09-24,2228.TW,-13000,0,0,-13000
2026-09-24,2231.TW,-3780,0,208,-3572
2026-09-24,2233.TW,45000,0,-679,44321
2026-09-24,2236.TW,94348,0,-5583,88765
2026-09-24,2237.TW,-18000,0,0,-18000
2026-09-24,2239.TW,-4000,0,0,-4000
2026-09-24,2241.TW,-446511,0,70,-446441
2026-09-24,2243.TW,-34021,0,-426,-34447
2026-09-24,2247.TW,-17070,0,0,-17070
2026-09-24,2248.TW,-5000,0,-1000,-6000
2026-09-24,2250.TW,2000,0,0,2000
2026-09-24,2254.TW,47000,0,-230,46770
2026-09-24,2258.TW,-88000,0,-6000,-94000
2026-09-24,2301.TW,265223,-134000,139879,271102
2026-09-24,2302.TW,-484475,0,76520,-407955
2026-09-24,2303.TW,-35153207,-9471000,443284,-44180923
2026-09-24,2305.TW,393050,0,3000,396050
2026-09-24,2308.TW,-327170,420000,141673,234503
2026-09-24,2312.TW,338083,0,-11209,326874
2026-09-24,2313.TW,-1419130,2000,-128178,-1545308
2026-09-24,2316.TW,86866,0,5933,92799
2026-09-24,2317.TW,-23872588,-263000,-95985,-24231573
2026-09-24,2323.TW,-73821,0,-65000,-138821
2026-09-24,2324.TW,-6316129,108000,153952,-6054177
2026-09-24,2327.TW,2132480,-266000,472468,2338948
2026-09-24,2328.TW,80520,0,-50000,30520
2026-09-24,2329.TW,-586000,0,-2415,-588415
2026-09-24,2330.TW,-4667832,-1287718,242701,-5712849
2026-09-24,2331.TW,-123000,0,0,-123000
2026-09-24,2332.TW,-1284120,0,-170854,-1454974
2026-09-24,2337.TW,-9082640,67000,-105645,-9121285
2026-09-24,2338.TW,-450910,0,-2976,-453886
2026-09-24,2340.TW,166695,0,-7742,158953
2026-09-24,2342.TW,-6140842,0,-16512,-6157354
2026-09-24,2344.TW,-17824356,-162001,-8643,-17995000
2026-09-24,2345.TW,-4585,-485001,9003,-480583
2026-09-24,2347.TW,-26664,161039,55131,189506
2026-09-24,2348.TW,-82950,0,-990,-83940
2026-09-24,2349.TW,-50902,0,0,-50902
2026-09-24,2351.TW,1755034,0,-72748,1682286
2026-09-24,2352.TW,-260973,0,-61000,-321973
2026-09-24,2353.TW,869719,94000,376620,1340339
2026-09-24,2354.TW,-445328,0,-219976,-665304
2026-09-24,2355.TW,200000,0,-5053,194947
2026-09-24,2356.TW,-4407950,21000,-102784,-4489734
2026-09-24,2357.TW,-23139,25722,41985,44568
2026-09-24,2359.TW,-91000,0,-27957,-118957
2026-09-24,2360.TW,680963,-237000,68809,512772
2026-09-24,2362.TW,13130,0,-2000,11130
2026-09-24,2363.TW,-2047189,20000,-133485,-2160674
2026-09-24,2364.TW,-19959,0,0,-19959
2026-09-24,2365.TW,25000,0,0,25000
2026-09-24,2367.TW,495201,0,-30240,464961
2026-09-24,2368.TW,-2643797,659999,203936,-1779862
2026-09-24,2369.TW,224099,0,-5529,218570
2026-09-24,2371.TW,-1040508,0,-212363,-1252871
2026-09-24,2373.TW,-1000,0,0,-1000
2026-09-24,2374.TW,-114973,0,-9536,-124509
2026-09-24,2375.TW,-175276,0,-203,-175479
2026-09-24,2376.TW,238536,-210000,-57620,-29084
2026-09-24,2377.TW,482500,-15000,2757,470257
2026-09-24,2379.TW,-937777,461000,141757,-335020
2026-09-24,2380.TW,1000,0,0,1000
2026-09-24,2382.TW,-3653591,762000,148968,-2742623
2026-09-24,2383.TW,27808,-405000,76991,-300201
2026-09-24,2385.TW,216559,-9286,9625,216898
2026-09-24,2387.TW,6000,0,0,6000
2026-09-24,2388.TW,-1184388,40000,-42358,-1186746
2026-09-24,2390.TW,-9394,0,0,-9394
2026-09-24,2392.TW,72000,0,-5925,66075
2026-09-24,2393.TW,654175,-331252,-6726,316197
2026-09-24,2395.TW,547901,-36000,64594,576495
2026-09-24,2397.TW,32000,0,-3000,29000
2026-09-24,2399.TW,-68980,0,-1919,-70899
2026-09-24,2401.TW,-5215,30000,-13137,11648
2026-09-24,2402.TW,191325,0,-13801,177524
2026-09-24,2404.TW,-195737,613000,-14632,402631
2026-09-24,2405.TW,157000,0,0,157000
2026-09-24,2406.TW,-283950,0,4086,-279864
2026-09-24,2408.TW,-19952717,-2388001,-337246,-22677964
2026-09-24,2409.TW,-79998614,-6000,2103828,-77900786
2026-09-24,2412.TW,2862663,79000,-194020,2747643
2026-09-24,2413.TW,144195,0,-701,143494
2026-09-24,2414.TW,-2000,0,0,-2000
2026-09-24,2415.TW,7000,0,-1015,5985
2026-09-24,2417.TW,-27000,0,0,-27000
2026-09-24,2419.TW,70993,0,900,71893
2026-09-24,2420.TW,-24000,0,-12210,-36210
2026-09-24,2421.TW,369763,-78000,66067,357830
2026-09-24,2423.TW,-73915,0,0,-73915
2026-09-24,2424.TW,-2000,0,0,-2000
2026-09-24,2425.TW,31000,0,0,31000
2026-09-24,2426.TW,-2084746,0,-15695,-2100441
2026-09-24,2427.TW,54042,0,0,54042
2026-09-24,2428.TW,27573,-17000,-1612,8961
2026-09-24,2429.TW,-17000,0,0,-17000
2026-09-24,2430.TW,-5000,0,-1000,-6000
2026-09-24,2431.TW,13000,0,0,13000
2026-09-24,2432.TW,-2000,0,-7000,-9000
2026-09-24,2433.TW,-1000,0,0,-1000
2026-09-24,2434.TW,15000,0,0,15000
2026-09-24,2436.TW,756886,20000,250757,1027643
2026-09-24,2438.TW,0,0,0,0
2026-09-24,2439.TW,211000,-1000,-85259,124741
2026-09-24,2440.TW,-10000,0,0,-10000
2026-09-24,2441.TW,179743,-474000,-10486,-304743
2026-09-24,2442.TW,-286000,0,0,-286000
2026-09-24,2444.TW,275764,0,0,275764
2026-09-24,2449.TW,1133544,-177710,-218231,737603
2026-09-24,2450.TW,-2000,0,0,-2000
2026-09-24,2451.TW,-6903,0,-15778,-22681
2026-09-24,2453.TW,-24013,0,0,-24013
2026-09-24,2454.TW,826547,-288900,133111,670758
2026-09-24,2455.TW,201116,-8000,321656,514772
2026-09-24,2457.TW,-142215,0,-4827,-147042
2026-09-24,2458.TW,-287246,40805,17289,-229152
2026-09-24,2459.TW,-22000,0,0,-22000
2026-09-24,2460.TW,-38093,0,-1000,-39093
2026-09-24,2461.TW,112998,0,-14000,98998
2026-09-24,2462.TW,-23000,0,-2000,-25000
2026-09-24,2464.TW,-2057889,0,6346,-2051543
2026-09-24,2465.TW,-73312,0,-1000,-74312
2026-09-24,2466.TW,667573,0,0,667573
2026-09-24,2467.TW,45129,0,5661,50790
2026-09-24,2468.TW,49000,0,0,49000
2026-09-24,2471.TW,109000,0,-1000,108000
2026-09-24,2472.TW,18453,-174000,10745,-144802
2026-09-24,2474.TW,-791083,15000,5665,-770418
2026-09-24,2476.TW,203868,0,95827,299695
2026-09-24,2477.TW,6000,0,0,6000
2026-09-24,2478.TW,315871,-29000,-7001,279870
2026-09-24,2480.TW,32992,-1161,0,31831
2026-09-24,2481.TW,-1624542,0,-173602,-1798144
2026-09-24,2482.TW,1000,0,68,1068
2026-09-24,2483.TW,-4995,0,0,-4995
2026-09-24,2484.TW,12310,0,-28179,-15869
2026-09-24,2485.TW,-59710,0,-12576,-72286
2026-09-24,2486.TW,65717,0,-2314,63403
2026-09-24,2488.TW,-5000,0,15,-4985
2026-09-24,2489.TW,-1530393,0,-748983,-2279376
2026-09-24,2491.TW,-201801,0,2000,-199801
2026-09-24,2492.TW,3144533,1000,251770,3397303
2026-09-24,2493.TW,-369145,0,-29746,-398891
2026-09-24,2495.TW,93713,0,-5110,88603
2026-09-24,2497.TW,-1000,0,-789,-1789
2026-09-24,2498.TW,-613130,0,295793,-317337
2026-09-24,2501.TW,-449000,0,185,-448815
2026-09-24,2504.TW,-985000,0,-496,-985496
2026-09-24,2505.TW,-66688,0,-24000,-90688
2026-09-24,2506.TW,-56000,0,0,-56000
2026-09-24,2509.TW,-7000,0,0,-7000
2026-09-24,2511.TW,-165620,0,0,-165620
2026-09-24,2514.TW,-1000,0,0,-1000
2026-09-24,2515.TW,-530650,0,1998,-528652
2026-09-24,2516.TW,129969,0,4000,133969
2026-09-24,2520.TW,190603,0,7046,197649
2026-09-24,2524.TW,-15000,0,0,-15000
2026-09-24,2527.TW,-158000,0,-5891,-163891
2026-09-24,2528.TW,-97000,0,0,-97000
2026-09-24,2530.TW,-56508,0,0,-56508
2026-09-24,2534.TW,11000,0,-355,10645
2026-09-24,2535.TW,-56377,0,-6018,-62395
2026-09-24,2536.TW,-264000,0,0,-264000
2026-09-24,2537.TW,-8580,0,0,-8580
2026-09-24,2538.TW,1000,0,0,1000
2026-09-24,2539.TW,-40976,0,-21,-40997
2026-09-24,2540.TW,14142,0,-1000,13142
2026-09-24,2542.TW,-1220106,1799000,-31556,547338
2026-09-24,2543.TW,53842,0,0,53842
2026-09-24,2545.TW,3000,0,0,3000
2026-09-24,2546.TW,20563,0,-5173,15390
2026-09-24,2547.TW,-886000,0,0,-886000
2026-09-24,2548.TW,-162671,0,-3860,-166531
2026-09-24,2597.TW,-52415,0,-3198,-55613
2026-09-24,2603.TW,-852117,941196,-24677,64402
2026-09-24,2605.TW,-2115337,0,-142437,-2257774
2026-09-24,2606.TW,-209753,52000,31236,-126517
2026-09-24,2607.TW,71031,0,-13000,58031
2026-09-24,2608.TW,-17000,0,-10000,-27000
2026-09-24,2609.TW,128704,50000,-177279,1425
2026-09-24,2610.TW,-14209150,5571000,-118883,-8757033
2026-09-24,2611.TW,11000,0,4000,15000
2026-09-24,2612.TW,30000,0,437,30437
2026-09-24,2613.TW,14058,0,0,14058
2026-09-24,2614.TW,-69000,0,0,-69000
2026-09-24,2615.TW,1240906,-66000,82384,1257290
2026-09-24,2616.TW,-13000,0,0,-13000
2026-09-24,2617.TW,85000,0,577,85577
2026-09-24,2618.TW,-11904982,4165419,95719,-7643844
2026-09-24,2630.TW,91894,0,-86266,5628
2026-09-24,2633.TW,-2711011,466000,0,-2245011
2026-09-24,2634.TW,-149047,0,33537,-115510
2026-09-24,2636.TW,478240,0,-10000,468240
2026-09-24,2637.TW,-64832,-2281,3154,-63959
2026-09-24,2642.TW,-4000,0,0,-4000
2026-09-24,2645.TW,114000,0,-224773,-110773
2026-09-24,2646.TW,-442480,0,-6071,-448551
2026-09-24,2701.TW,-53000,0,0,-53000
2026-09-24,2702.TW,-1000,0,0,-1000
2026-09-24,2704.TW,-12000,0,0,-12000
2026-09-24,2705.TW,-1000,0,0,-1000
2026-09-24,2706.TW,-12000,0,0,-12000
2026-09-24,2707.TW,989,0,515,1504
2026-09-24,2712.TW,-3000,0,0,-3000
2026-09-24,2722.TW,0,0,0,0
2026-09-24,2723.TW,6808,0,0,6808
2026-09-24,2727.TW,370978,-49000,-23000,298978
2026-09-24,2731.TW,-47409,0,-39,-47448
2026-09-24,2739.TW,-50000,0,2000,-48000
2026-09-24,2748.TW,-4000,0,0,-4000
2026-09-24,2753.TW,-3916,-925,0,-4841
2026-09-24,2762.TW,-30000,0,0,-30000
2026-09-24,2801.TW,-361961,-128000,-61596,-551557
2026-09-24,2812.TW,-9018717,-2000,-36679,-9057396
2026-09-24,2816.TW,-41093,0,0,-41093
2026-09-24,2820.TW,-472400,0,71343,-401057
2026-09-24,2832.TW,-25096,0,-6123,-31219
2026-09-24,2834.TW,-5091889,-7000,-63700,-5162589
2026-09-24,2836.TW,-189000,0,-5045,-194045
2026-09-24,2838.TW,-415906,-5000,11871,-409035
2026-09-24,2845.TW,-822000,728000,-1284000,-1378000
2026-09-24,2849.TW,-102000,0,0,-102000
2026-09-24,2850.TW,224245,0,-1401,222844
2026-09-24,2851.TW,233896,0,-51653,182243
2026-09-24,2852.TW,-103090,0,0,-103090
2026-09-24,2855.TW,680563,-20187,0,660376
2026-09-24,2880.TW,-422640,55000,618290,250650
2026-09-24,2881.TW,-2939406,-326000,130196,-3135210
2026-09-24,2882.TW,-3351138,1604000,-780203,-2527341
2026-09-24,2883.TW,-2679288,-41000,640525,-2079763
2026-09-24,2884.TW,-2037031,3052000,338871,1353840
2026-09-24,2885.TW,-1502680,-1998000,335524,-3165156
2026-09-24,2886.TW,-1019173,359000,640769,-19404
2026-09-24,2887.TW,-3763596,-168000,1009483,-2922113
2026-09-24,2889.TW,-4869983,-3000,-59414,-4932397
2026-09-24,2890.TW,-1288836,2057000,253801,1021965
2026-09-24,2891.TW,-4929287,1768000,909673,-2251614
2026-09-24,2892.TW,1571309,643000,147909,2362218
2026-09-24,2897.TW,-1501363,0,-33000,-1534363
2026-09-24,2901.TW,-1000,0,-3474,-4474
2026-09-24,2903.TW,-299026,185000,0,-114026
2026-09-24,2904.TW,-1000,0,0,-1000
2026-09-24,2905.TW,-598000,0,-1847,-599847
2026-09-24,2906.TW,-18000,0,21844,3844
2026-09-24,2908.TW,-22990,0,0,-22990
2026-09-24,2910.TW,-2000,0,0,-2000
2026-09-24,2911.TW,-9000,0,0,-9000
2026-09-24,2912.TW,-640006,84000,25000,-531006
2026-09-24,2913.TW,-344000,0,-122000,-466000
2026-09-24,2915.TW,272246,0,-911,271335
2026-09-24,2923.TW,-103000,0,2000,-101000
2026-09-24,2929.TW,1000,0,0,1000
2026-09-24,2939.TW,3000,0,0,3000
2026-09-24,2945.TW,-5000,0,0,-5000
2026-09-24,3002.TW,-14000,0,0,-14000
2026-09-24,3003.TW,236346,0,-6750,229596
2026-09-24,3004.TW,9100,0,203,9303
2026-09-24,3005.TW,-54586,-2632,5605,-51613
2026-09-24,3006.TW,-1549976,-20000,34310,-1535666
2026-09-24,3008.TW,-192162,-106000,18596,-279566
2026-09-24,3010.TW,2414,-1000,-6000,-4586
2026-09-24,3011.TW,45000,0,0,45000
2026-09-24,3013.TW,-83531,0,-2162,-85693
2026-09-24,3014.TW,-792621,17649,-264,-775236
2026-09-24,3015.TW,48754,0,-1706,47048
2026-09-24,3016.TW,8256099,0,307378,8563477
2026-09-24,3017.TW,165864,10999,42977,219840
2026-09-24,3018.TW,-6000,0,0,-6000
2026-09-24,3019.TW,-3134015,0,-34361,-3168376
2026-09-24,3021.TW,250000,0,-1292,248708
2026-09-24,3022.TW,468685,0,-27614,441071
2026-09-24,3023.TW,-78820,-2000,-14403,-95223
2026-09-24,3024.TW,123000,0,-3000,120000
2026-09-24,3025.TW,23000,0,0,23000
2026-09-24,3026.TW,2929696,164000,3050,3096746
2026-09-24,3027.TW,-4000,0,-102,-4102
2026-09-24,3028.TW,158185,0,323,158508
2026-09-24,3029.TW,496553,-661,-1923,493969
2026-09-24,3030.TW,183299,0,-694,182605
2026-09-24,3031.TW,459783,0,316,460099
2026-09-24,3032.TW,-320946,0,-1000,-321946
2026-09-24,3033.TW,-271003,-4688,-62966,-338657
2026-09-24,3034.TW,-105044,39592,42457,-22995
2026-09-24,3035.TW,1184310,20000,46617,1250927
2026-09-24,3036.TW,102119,-2000,67663,167782
2026-09-24,3037.TW,1807376,121999,-115700,1813675
2026-09-24,3038.TW,20246,0,0,20246
2026-09-24,3040.TW,4000,0,0,4000
2026-09-24,3041.TW,92000,0,0,92000
2026-09-24,3042.TW,-2802910,1179000,633994,-989916
2026-09-24,3043.TW,-5000,0,1000,-4000
2026-09-24,3044.TW,-71527,-4000,-14594,-90121
2026-09-24,3045.TW,1434392,-233000,-234870,966522
2026-09-24,3046.TW,-4070,0,-17000,-21070
2026-09-24,3047.TW,-159000,0,0,-159000
2026-09-24,3048.TW,-133921,0,-15004,-148925
2026-09-24,3049.TW,-341000,0,6022,-334978
2026-09-24,3050.TW,112000,0,0,112000
2026-09-24,3051.TW,84263,0,0,84263
2026-09-24,3052.TW,-39000,0,0,-39000
2026-09-24,3054.TW,7000,0,1000,8000
2026-09-24,3055.TW,-681602,0,-75418,-757020
2026-09-24,3056.TW,48000,0,-1280,46720
2026-09-24,3057.TW,-15000,0,1000,-14000
2026-09-24,3058.TW,-22000,0,0,-22000
2026-09-24,3059.TW,44026,0,-3642,40384
2026-09-24,3060.TW,-67884,0,-1,-67885
2026-09-24,3062.TW,-317000,0,-3642,-320642
2026-09-24,3090.TW,-356906,-22000,2054,-376852
2026-09-24,3092.TW,20000,0,0,20000
2026-09-24,3094.TW,-2869512,0,-10000,-2879512
2026-09-24,3130.TW,-17000,0,0,-17000
2026-09-24,3135.TW,847,0,-945,-98
2026-09-24,3138.TW,-360169,0,-5294,-365463
2026-09-24,3149.TW,248431,0,481,248912
2026-09-24,3150.TW,-1000,0,-3000,-4000
2026-09-24,3164.TW,-1000,0,0,-1000
2026-09-24,3167.TW,943524,0,-23196,920328
2026-09-24,3189.TW,6834210,984001,517243,8335454
2026-09-24,3209.TW,92944,0,-729,92215
2026-09-24,3229.TW,-351547,0,0,-351547
2026-09-24,3231.TW,7873084,-954000,661588,7580672
2026-09-24,3257.TW,0,0,0,0
2026-09-24,3266.TW,-3000,0,0,-3000
2026-09-24,3296.TW,-5754,0,0,-5754
2026-09-24,3305.TW,12671,0,7927,20598
2026-09-24,3308.TW,-2000,0,-2000,-4000
2026-09-24,3311.TW,70869,0,0,70869
2026-09-24,3312.TW,-140000,0,-25000,-165000
2026-09-24,3321.TW,-33000,0,0,-33000
2026-09-24,3338.TW,22900,0,0,22900
2026-09-24,3346.TW,-45000,0,-1,-45001
2026-09-24,3356.TW,-187197,0,3000,-184197
2026-09-24,3376.TW,-462086,0,-7910,-469996
2026-09-24,3380.TW,-271039,0,-7214,-278253
2026-09-24,3406.TW,9722,-84000,54127,-20151
2026-09-24,3413.TW,120019,0,-2697,117322
2026-09-24,3416.TW,-27000,0,-2017,-29017
2026-09-24,3419.TW,43000,0,-1000,42000
2026-09-24,3432.TW,-10000,0,0,-10000
2026-09-24,3437.TW,10000,0,-2000,8000
2026-09-24,3443.TW,117214,-252000,93677,-41109
2026-09-24,3447.TW,29000,0,0,29000
2026-09-24,3450.TW,-796016,-274000,5832,-1064184
2026-09-24,3481.TW,-1969313,0,-2653402,-4622715
2026-09-24,3494.TW,-1000,0,0,-1000
2026-09-24,3501.TW,-68000,0,0,-68000
2026-09-24,3504.TW,-72697,0,-2002,-74699
2026-09-24,3515.TW,-51859,0,-6117,-57976
2026-09-24,3518.TW,921047,0,1968,923015
2026-09-24,3528.TW,38040,0,-3000,35040
2026-09-24,3530.TW,-21000,0,0,-21000
2026-09-24,3532.TW,-278414,10000,-17093,-285507
2026-09-24,3533.TW,-72537,0,16704,-55833
2026-09-24,3535.TW,-18958,0,46526,27568
2026-09-24,3543.TW,182000,0,0,182000
2026-09-24,3545.TW,-41450,20000,-108,-21558
2026-09-24,3550.TW,183525,0,0,183525
2026-09-24,3557.TW,3000,0,0,3000
2026-09-24,3563.TW,-149010,0,21458,-127552
2026-09-24,3576.TW,698713,0,-2000,696713
2026-09-24,3583.TW,-51805,0,-3742,-55547
2026-09-24,3588.TW,44000,0,1314,45314
2026-09-24,3591.TW,-216392,0,1707,-214685
2026-09-24,3592.TW,-17934,18301,0,367
2026-09-24,3593.TW,0,0,0,0
2026-09-24,3596.TW,-214070,0,-1415,-215485
2026-09-24,3605.TW,-16131,974000,-76596,881273
2026-09-24,3607.TW,4000,0,0,4000
2026-09-24,3617.TW,54991,0,3,54994
2026-09-24,3622.TW,-21000,0,-58000,-79000
2026-09-24,3645.TW,-1258000,0,1265,-1256735
2026-09-24,3652.TW,-7000,0,-4000,-11000
2026-09-24,3653.TW,-338146,247000,-16813,-107959
2026-09-24,3661.TW,-130598,-19000,-5239,-154837
2026-09-24,3665.TW,-184890,2118,-4307,-187079
2026-09-24,3669.TW,-37000,0,0,-37000
2026-09-24,3673.TW,282897,0,-44054,238843
2026-09-24,3679.TW,2000,0,0,2000
2026-09-24,3686.TW,-26000,0,0,-26000
2026-09-24,3694.TW,63000,0,0,63000
2026-09-24,3701.TW,-21774,0,-2915,-24689
2026-09-24,3702.TW,2858239,414000,179238,3451477
2026-09-24,3703.TW,-246000,0,0,-246000
2026-09-24,3704.TW,-81000,0,2034,-78966
2026-09-24,3705.TW,-31987,0,0,-31987
2026-09-24,3706.TW,77406,-927000,37098,-812496
2026-09-24,3708.TW,11100,0,-2923,8177
2026-09-24,3711.TW,1906308,-2167000,15519,-245173
2026-09-24,3712.TW,-2000,0,0,-2000
2026-09-24,3714.TW,-307402,0,17899,-289503
2026-09-24,3715.TW,-332094,0,-38604,-370698
2026-09-24,3716.TW,-3720,0,0,-3720
2026-09-24,3717.TW,-1659543,0,-5292,-1664835
2026-09-24,4104.TW,3000,0,0,3000
2026-09-24,4106.TW,-15000,0,0,-15000
2026-09-24,4108.TW,-15000,0,0,-15000
2026-09-24,4119.TW,-48610,0,218,-48392
2026-09-24,4133.TW,21000,0,0,21000
2026-09-24,4137.TW,-29000,0,-149,-29149
2026-09-24,4142.TW,155000,0,700,155700
2026-09-24,4148.TW,0,0,-1000,-1000
2026-09-24,4155.TW,69000,0,-15000,54000
2026-09-24,4164.TW,-122000,0,928,-121072
2026-09-24,4169.TW,-4000,0,0,-4000
2026-09-24,4178.TW,-10000,0,-3000,-13000
2026-09-24,4190.TW,-3000,0,0,-3000
2026-09-24,4195.TW,50000,0,-104725,-54725
2026-09-24,4306.TW,-236112,0,-28000,-264112
2026-09-24,4414.TW,-9000,0,-13000,-22000
2026-09-24,4426.TW,6000,0,0,6000
2026-09-24,4438.TW,-15000,0,-61,-15061
2026-09-24,4439.TW,1000,0,0,1000
2026-09-24,4440.TW,-6000,0,-4000,-10000
2026-09-24,4441.TW,13000,0,0,13000
2026-09-24,4526.TW,90000,0,-1096,88904
2026-09-24,4532.TW,353921,-6563,0,347358
2026-09-24,4536.TW,84000,0,0,84000
2026-09-24,4540.TW,211404,0,0,211404
2026-09-24,4545.TW,25000,0,0,25000
2026-09-24,4551.TW,-13253,0,5043,-8210
2026-09-24,4552.TW,-10000,0,0,-10000
2026-09-24,4555.TW,-14000,0,-236,-14236
2026-09-24,4557.TW,-2000,0,-1000,-3000
2026-09-24,4560.TW,45000,0,-10000,35000
2026-09-24,4562.TW,-11000,0,-238,-11238
2026-09-24,4564.TW,75000,0,0,75000
2026-09-24,4566.TW,2891414,0,6847,2898261
2026-09-24,4569.TW,-1000,0,0,-1000
2026-09-24,4571.TW,2559,0,0,2559
2026-09-24,4572.TW,-1000,0,0,-1000
2026-09-24,4576.TW,20919,0,-7966,12953
2026-09-24,4582.TW,-5000,0,-2000,-7000
2026-09-24,4583.TW,-2000,0,0,-2000
2026-09-24,4585.TW,-10000,0,1101,-8899
2026-09-24,4588.TW,0,0,-288,-288
2026-09-24,4590.TW,41548,0,4508,46056
2026-09-24,4720.TW,-14000,0,0,-14000
2026-09-24,4722.TW,21035,0,-5567,15468
2026-09-24,4736.TW,-43398,0,-6000,-49398
2026-09-24,4737.TW,-19000,0,0,-19000
2026-09-24,4739.TW,-27920,0,-146,-28066
2026-09-24,4746.TW,-28869,-166000,0,-194869
2026-09-24,4755.TW,-33000,0,3000,-30000
2026-09-24,4763.TW,-1789922,1000,-138051,-1926973
2026-09-24,4764.TW,286150,-110000,-4061,172089
2026-09-24,4766.TW,36201,0,0,36201
2026-09-24,4770.TW,-122318,730000,-10425,597257
2026-09-24,4771.TW,-90630,0,-1001,-91631
2026-09-24,4807.TW,-13000,0,3000,-10000
2026-09-24,4904.TW,40821,61000,199640,301461
2026-09-24,4906.TW,423770,0,-27516,396254
2026-09-24,4912.TW,-6816,0,0,-6816
2026-09-24,4915.TW,167937,237815,7386,413138
2026-09-24,4916.TW,58771,0,40153,98924
2026-09-24,4919.TW,-1994559,20000,109441,-1865118
2026-09-24,4927.TW,262073,0,24000,286073
2026-09-24,4930.TW,-3000,0,0,-3000
2026-09-24,4934.TW,-179279,0,0,-179279
2026-09-24,4935.TW,-17000,0,-4,-17004
2026-09-24,4938.TW,-653019,22939,387053,-243027
2026-09-24,4942.TW,-3000,0,-2000,-5000
2026-09-24,4949.TW,2028,0,-9,2019
2026-09-24,4952.TW,5589,0,2000,7589
2026-09-24,4956.TW,-392569,0,-93315,-485884
2026-09-24,4958.TW,-5333479,-275000,74853,-5533626
2026-09-24,4960.TW,-349000,0,-53695,-402695
2026-09-24,4961.TW,53878,19000,-2176,70702
2026-09-24,4967.TW,-206968,0,-30923,-237891
2026-09-24,4968.TW,16315,30000,-866,45449
2026-09-24,4976.TW,-164000,0,382,-163618
2026-09-24,4977.TW,-22628,0,-15291,-37919
2026-09-24,4989.TW,-50995,0,-15870,-66865
2026-09-24,4994.TW,-2000,0,0,-2000
2026-09-24,4999.TW,0,0,-28,-28
2026-09-24,5007.TW,-12000,0,0,-12000
2026-09-24,5203.TW,15000,0,0,15000
2026-09-24,5215.TW,-2000,0,0,-2000
2026-09-24,5222.TW,-8105,0,-44,-8149
2026-09-24,5225.TW,18000,0,0,18000
2026-09-24,5234.TW,-33000,0,-3273,-36273
2026-09-24,5236.TW,-17574,20000,-2000,426
2026-09-24,5243.TW,-31996,0,-12208,-44204
2026-09-24,5244.TW,-9000,0,0,-9000
2026-09-24,5258.TW,26000,0,644,26644
2026-09-24,5269.TW,7428,10000,-5246,12182
2026-09-24,5283.TW,-22000,0,0,-22000
2026-09-24,5284.TW,-87041,0,11733,-75308
2026-09-24,5285.TW,28732,0,18,28750
2026-09-24,5288.TW,22040,0,-950,21090
2026-09-24,5292.TW,-4000,0,-8000,-12000
2026-09-24,5306.TW,-6533,0,0,-6533
2026-09-24,5388.TW,-446835,0,331189,-115646
2026-09-24,5434.TW,-41710,0,-9156,-50866
2026-09-24,5469.TW,96000,0,-5000,91000
2026-09-24,5471.TW,221173,0,-2326,218847
2026-09-24,5484.TW,0,0,0,0
2026-09-24,5515.TW,135139,0,-17000,118139
2026-09-24,5519.TW,-262000,0,363,-261637
2026-09-24,5521.TW,-215000,0,0,-215000
2026-09-24,5522.TW,-322196,0,80000,-242196
2026-09-24,5525.TW,-17000,0,0,-17000
2026-09-24,5531.TW,-185000,0,0,-185000
2026-09-24,5533.TW,-12000,0,0,-12000
2026-09-24,5534.TW,-33027,-86000,-1883,-120910
2026-09-24,5538.TW,-14000,0,0,-14000
2026-09-24,5546.TW,-2000,0,-1000,-3000
2026-09-24,5607.TW,111277,0,-4000,107277
2026-09-24,5608.TW,491230,0,585,491815
2026-09-24,5706.TW,-26000,0,-9576,-35576
2026-09-24,5871.TW,-1735994,2509,77834,-1655651
2026-09-24,5876.TW,-931042,757000,304576,130534
2026-09-24,5880.TW,-2072029,338000,781030,-952999
2026-09-24,5907.TW,-24000,0,0,-24000
2026-09-24,6005.TW,-4357856,-3000,0,-4360856
2026-09-24,6024.TW,-52170,0,0,-52170
2026-09-24,6108.TW,330816,0,-8000,322816
2026-09-24,6112.TW,-503306,0,79285,-424021
2026-09-24,6115.TW,-5000,0,0,-5000
2026-09-24,6116.TW,-7763602,0,293529,-7470073
2026-09-24,6117.TW,-6000,0,0,-6000
2026-09-24,6120.TW,-40585,0,-1099,-41684
2026-09-24,6128.TW,-5000,0,0,-5000
2026-09-24,6133.TW,-142000,0,3000,-139000
2026-09-24,6136.TW,10000,0,0,10000
2026-09-24,6139.TW,99558,-51000,1924,50482
2026-09-24,6141.TW,-49480,0,-1000,-50480
2026-09-24,6142.TW,79000,0,0,79000
2026-09-24,6152.TW,53439,0,-1000,52439
2026-09-24,6153.TW,954883,0,51099,1005982
2026-09-24,6155.TW,536794,0,-15545,521249
2026-09-24,6164.TW,-26263,0,0,-26263
2026-09-24,6165.TW,7000,0,0,7000
2026-09-24,6166.TW,284885,0,228811,513696
2026-09-24,6168.TW,1744169,0,21000,1765169
2026-09-24,6176.TW,-808641,-17000,-399,-826040
2026-09-24,6177.TW,-468045,0,-5602,-473647
2026-09-24,6183.TW,-3000,0,0,-3000
2026-09-24,6184.TW,-8000,0,0,-8000
2026-09-24,6189.TW,46464,-3436,-3410,39618
2026-09-24,6191.TW,-122203,-67000,-6385,-195588
2026-09-24,6192.TW,-25000,0,-2200,-27200
2026-09-24,6196.TW,188537,0,-32333,156204
2026-09-24,6197.TW,160008,0,1475,161483
2026-09-24,6201.TW,1000,0,0,1000
2026-09-24,6202.TW,215199,20000,-42981,192218
2026-09-24,6205.TW,-1532954,0,449,-1532505
2026-09-24,6206.TW,30361,-2576,-2626,25159
2026-09-24,6209.TW,445917,0,9959,455876
2026-09-24,6213.TW,833221,600000,367657,1800878
2026-09-24,6214.TW,494515,-23000,2070,473585
2026-09-24,6215.TW,-64576,0,-257,-64833
2026-09-24,6216.TW,-7000,0,115,-6885
2026-09-24,6224.TW,66680,0,-1000,65680
2026-09-24,6225.TW,79000,0,0,79000
2026-09-24,6226.TW,-39824,0,0,-39824
2026-09-24,6230.TW,-10000,0,0,-10000
2026-09-24,6235.TW,-242000,0,-105,-242105
2026-09-24,6239.TW,-652322,0,-46522,-698844
2026-09-24,6243.TW,-574385,0,219,-574166
2026-09-24,6257.TW,-3686044,0,-249122,-3935166
2026-09-24,6269.TW,407000,0,9380,416380
2026-09-24,6271.TW,174833,-37000,29980,167813
2026-09-24,6272.TW,13020,0,0,13020
2026-09-24,6277.TW,-1040,0,-3000,-4040
2026-09-24,6278.TW,-273807,-55000,332375,3568
2026-09-24,6281.TW,-3000,0,0,-3000
2026-09-24,6282.TW,-38360,0,7442,-30918
2026-09-24,6283.TW,0,0,0,0
2026-09-24,6285.TW,1219953,2000,433048,1655001
2026-09-24,6405.TW,-123000,0,-34,-123034
2026-09-24,6409.TW,-38672,-1000,-3063,-42735
2026-09-24,6412.TW,-23000,0,-13602,-36602
2026-09-24,6414.TW,-28499,1000,384,-27115
2026-09-24,6415.TW,-72004,10000,-2842,-64846
2026-09-24,6416.TW,37192,0,4892,42084
2026-09-24,6426.TW,115306,0,-10367,104939
2026-09-24,6431.TW,2000,0,0,2000
2026-09-24,6438.TW,141813,0,12951,154764
2026-09-24,6442.TW,148707,-179000,12565,-17728
2026-09-24,6443.TW,-3032400,0,-156,-3032556
2026-09-24,6446.TW,-421602,-16000,515,-437087
2026-09-24,6449.TW,-95664,0,-1582,-97246
2026-09-24,6451.TW,-103850,0,-8563,-112413
2026-09-24,6456.TW,-661230,0,185139,-476091
2026-09-24,6464.TW,0,0,0,0
2026-09-24,6472.TW,-47844,-1000,-75765,-124609
2026-09-24,6477.TW,-338214,0,-142,-338356
2026-09-24,6491.TW,64500,0,1812,66312
2026-09-24,6504.TW,-6000,0,0,-6000
2026-09-24,6505.TW,274621,97000,34452,406073
2026-09-24,6515.TW,-115889,-36001,-5528,-157418
2026-09-24,6525.TW,-26753,-1887,3976,-24664
2026-09-24,6526.TW,915517,92000,28588,1036105
2026-09-24,6531.TW,-112308,66000,-14784,-61092
2026-09-24,6533.TW,1265827,0,63400,1329227
2026-09-24,6534.TW,15000,0,0,15000
2026-09-24,6541.TW,-262999,0,93,-262906
2026-09-24,6552.TW,18000,0,-1000,17000
2026-09-24,6558.TW,-85000,0,0,-85000
2026-09-24,6573.TW,-16000,0,0,-16000
2026-09-24,6579.TW,4767,0,15229,19996
2026-09-24,6581.TW,-3000,0,0,-3000
2026-09-24,6582.TW,-7000,0,-3000,-10000
2026-09-24,6585.TW,1160,0,0,1160
2026-09-24,6589.TW,-472681,0,25,-472656
2026-09-24,6591.TW,-16000,0,0,-16000
2026-09-24,6592.TW,-212020,0,963,-211057
2026-09-24,6598.TW,-42000,0,-3000,-45000
2026-09-24,6605.TW,38844,0,-281,38563
2026-09-24,6606.TW,5000,0,0,5000
2026-09-24,6614.TW,-2000,0,0,-2000
2026-09-24,6625.TW,3000,0,-4178,-1178
2026-09-24,6641.TW,1000,0,-1000,0
2026-09-24,6645.TW,-2000,0,-99,-2099
2026-09-24,6657.TW,-17000,0,0,-17000
2026-09-24,6658.TW,60062,0,-107,59955
2026-09-24,6666.TW,1000,0,0,1000
2026-09-24,6668.TW,43323,0,0,43323
2026-09-24,6669.TW,45539,-536001,-46587,-537049
2026-09-24,6670.TW,25348,18390,-19000,24738
2026-09-24,6671.TW,0,0,0,0
2026-09-24,6672.TW,2855913,-3000,87834,2940747
2026-09-24,6674.TW,22000,0,0,22000
2026-09-24,6689.TW,-124000,0,0,-124000
2026-09-24,6691.TW,201413,0,-5103,196310
2026-09-24,6695.TW,-18000,0,-1,-18001
2026-09-24,6698.TW,11000,0,0,11000
2026-09-24,6706.TW,-638806,0,-3192,-641998
2026-09-24,6715.TW,44000,0,-24544,19456
2026-09-24,6719.TW,27074,20000,-7784,39290
2026-09-24,6722.TW,-1000,0,0,-1000
2026-09-24,6742.TW,-491000,0,450,-490550
2026-09-24,6743.TW,46241,0,0,46241
2026-09-24,6753.TW,16763,0,-8303,8460
2026-09-24,6754.TW,1000,0,0,1000
2026-09-24,6756.TW,-24000,0,-54,-24054
2026-09-24,6757.TW,-275000,0,0,-275000
2026-09-24,6768.TW,-210,-1983,0,-2193
2026-09-24,6770.TW,-42587441,-4000,-2225365,-44816806
2026-09-24,6771.TW,-1000,0,-6000,-7000
2026-09-24,6776.TW,30000,0,0,30000
2026-09-24,6781.TW,-23991,0,-3419,-27410
2026-09-24,6782.TW,-15096,0,-2855,-17951
2026-09-24,6789.TW,-148874,-2000,-8160,-159034
2026-09-24,6790.TW,-4000,0,350,-3650
2026-09-24,6792.TW,-1000,0,0,-1000
2026-09-24,6794.TW,5000,0,0,5000
2026-09-24,6796.TW,-3000,0,0,-3000
2026-09-24,6799.TW,-24717,0,372,-24345
2026-09-24,6805.TW,7131,-121000,-23302,-137171
2026-09-24,6830.TW,-20526,0,-5091,-25617
2026-09-24,6831.TW,-79780,-97000,-6198,-182978
2026-09-24,6834.TW,-3660,0,22439,18779
2026-09-24,6835.TW,0,0,0,0
2026-09-24,6838.TW,-129000,0,-1000,-130000
2026-09-24,6854.TW,-77000,0,3574,-73426
2026-09-24,6861.TW,-159063,0,-10748,-169811
2026-09-24,6862.TW,189,0,0,189
2026-09-24,6863.TW,-40000,0,3000,-37000
2026-09-24,6869.TW,-159000,0,-5290,-164290
2026-09-24,6873.TW,-163000,0,-3031,-166031
2026-09-24,6885.TW,248604,0,0,248604
2026-09-24,6887.TW,-1000,0,0,-1000
2026-09-24,6890.TW,-45640,0,-644,-46284
2026-09-24,6901.TW,-175000,0,0,-175000
2026-09-24,6902.TW,-19000,0,2000,-17000
2026-09-24,6906.TW,11000,0,0,11000
2026-09-24,6908.TW,-2000,0,-2062,-4062
2026-09-24,6909.TW,40000,0,0,40000
2026-09-24,6914.TW,1000,0,0,1000
2026-09-24,6916.TW,-1100,0,0,-1100
2026-09-24,6918.TW,-1000,0,0,-1000
2026-09-24,6919.TW,-362354,0,-18232,-380586
2026-09-24,6921.TW,5000,0,-100,4900
2026-09-24,6923.TW,-15000,0,0,-15000
2026-09-24,6924.TW,-3000,0,-230,-3230
2026-09-24,6928.TW,5000,0,0,5000
2026-09-24,6931.TW,-4000,0,0,-4000
2026-09-24,6933.TW,-246211,0,-40930,-287141
2026-09-24,6934.TW,6000,0,0,6000
2026-09-24,6936.TW,3000,0,0,3000
2026-09-24,6937.TW,83462,0,15294,98756
2026-09-24,6944.TW,131760,0,7125,138885
2026-09-24,6947.TW,-11000,0,0,-11000
2026-09-24,6949.TW,-620401,0,-99143,-719544
2026-09-24,6951.TW,-8000,0,0,-8000
2026-09-24,6952.TW,-2000,0,0,-2000
2026-09-24,6955.TW,1000,0,-11,989
2026-09-24,6957.TW,22132,0,1983,24115
2026-09-24,6958.TW,-7000,0,0,-7000
2026-09-24,6962.TW,-10000,20000,-201,9799
2026-09-24,6965.TW,-4000,0,0,-4000
2026-09-24,6969.TW,-68000,0,4885,-63115
2026-09-24,6988.TW,-33000,0,-5000,-38000
2026-09-24,6994.TW,-46000,0,0,-46000
2026-09-24,7610.TW,79791,0,663,80454
2026-09-24,7631.TW,6000,0,-828,5172
2026-09-24,7689.TW,5000,0,0,5000
2026-09-24,7705.TW,-1000,0,0,-1000
2026-09-24,7711.TW,35112,0,-7687,27425
2026-09-24,7721.TW,-3000,0,0,-3000
2026-09-24,7722.TW,-24000,0,0,-24000
2026-09-24,7730.TW,2302,0,0,2302
2026-09-24,7732.TW,-1000,0,0,-1000
2026-09-24,7736.TW,-2000,0,0,-2000
2026-09-24,7740.TW,40290,0,-77,40213
2026-09-24,7749.TW,-69960,20000,-994,-50954
2026-09-24,7750.TW,-9745,0,5925,-3820
2026-09-24,7760.TW,-3000,0,0,-3000
2026-09-24,7765.TW,-34963,0,0,-34963
2026-09-24,7768.TW,49000,0,0,49000
2026-09-24,7769.TW,-253183,-277552,-6938,-537673
2026-09-24,7780.TW,-232569,0,-1756,-234325
2026-09-24,7786.TW,9179,0,0,9179
2026-09-24,7788.TW,-18000,0,-7318,-25318
2026-09-24,7791.TW,3000,0,0,3000
2026-09-24,7795.TW,-145800,0,-391,-146191
2026-09-24,7799.TW,-444596,0,-37562,-482158
2026-09-24,7803.TW,2000,0,-1000,1000
2026-09-24,7812.TW,-16000,0,0,-16000
2026-09-24,7818.TW,2024,0,0,2024
2026-09-24,7821.TW,-6000,0,0,-6000
2026-09-24,7822.TW,41320,36000,5687,83007
2026-09-24,7823.TW,11000,0,557,11557
2026-09-24,7827.TW,13005,0,2074,15079
2026-09-24,7855.TW,-92000,0,0,-92000
2026-09-24,8011.TW,-30000,0,0,-30000
2026-09-24,8016.TW,-6991,18202,-170,11041
2026-09-24,8021.TW,176951,0,70000,246951
2026-09-24,8028.TW,-549327,2309000,174445,1934118
2026-09-24,8033.TW,-141676,0,-843,-142519
2026-09-24,8039.TW,-217024,0,-98787,-315811
2026-09-24,8045.TW,8773,0,144,8917
2026-09-24,8046.TW,1331474,156000,38195,1525669
2026-09-24,8070.TW,-12000,-4371,23997,7626
2026-09-24,8072.TW,151143,0,0,151143
2026-09-24,8081.TW,75155,20000,-21,95134
2026-09-24,8103.TW,375744,0,-44355,331389
2026-09-24,8104.TW,17000,0,0,17000
2026-09-24,8105.TW,43974,0,0,43974
2026-09-24,8110.TW,-379000,0,52754,-326246
2026-09-24,8112.TW,-773585,359000,-23094,-437679
2026-09-24,8114.TW,54000,-1000,-801,52199
2026-09-24,8131.TW,-118501,-1000,432,-119069
2026-09-24,8150.TW,14649145,10000,-773958,13885187
2026-09-24,8162.TW,104000,0,-50664,53336
2026-09-24,8163.TW,167408,0,-3228,164180
2026-09-24,8201.TW,0,0,0,0
2026-09-24,8210.TW,-101913,-20000,-879,-122792
2026-09-24,8213.TW,35000,0,787,35787
2026-09-24,8215.TW,-167928,0,-3011,-170939
2026-09-24,8222.TW,11000,0,0,11000
2026-09-24,8249.TW,4100,0,0,4100
2026-09-24,8261.TW,-485400,20000,30336,-435064
2026-09-24,8271.TW,-22814,0,-3386,-26200
2026-09-24,8341.TW,0,0,0,0
2026-09-24,8367.TW,-1000,0,0,-1000
2026-09-24,8374.TW,-16000,0,-2063,-18063
2026-09-24,8404.TW,-32000,0,-4000,-36000
2026-09-24,8411.TW,-17000,0,-100000,-117000
2026-09-24,8422.TW,-1088330,0,-35000,-1123330
2026-09-24,8429.TW,-19000,0,0,-19000
2026-09-24,8438.TW,-254099,0,-406,-254505
2026-09-24,8442.TW,-23000,0,-3000,-26000
2026-09-24,8454.TW,-104080,0,987,-103093
2026-09-24,8462.TW,-3210,0,-17,-3227
2026-09-24,8463.TW,2000,0,0,2000
2026-09-24,8464.TW,24982,0,-2001,22981
2026-09-24,8466.TW,-24000,0,0,-24000
2026-09-24,8467.TW,-1000,0,0,-1000
2026-09-24,8473.TW,82026,0,0,82026
2026-09-24,8476.TW,138000,0,-18000,120000
2026-09-24,8478.TW,-13006,0,0,-13006
2026-09-24,8481.TW,-2000,0,0,-2000
2026-09-24,8482.TW,1000,0,0,1000
2026-09-24,8487.TW,0,0,723,723
2026-09-24,8488.TW,-16000,0,4000,-12000
2026-09-24,8499.TW,8000,0,0,8000
2026-09-24,8926.TW,260950,181000,-1728,440222
2026-09-24,8996.TW,-330877,-54000,6625,-378252
2026-09-24,9103.TW,-65000,0,-1091,-66091
2026-09-24,9105.TW,4314000,0,141035,4455035
2026-09-24,9110.TW,1000,0,0,1000
2026-09-24,9136.TW,-26000,0,0,-26000
2026-09-24,9802.TW,91000,-60000,-218134,-187134
2026-09-24,9902.TW,-2000,0,0,-2000
2026-09-24,9904.TW,-234445,46258,-233019,-421206
2026-09-24,9905.TW,-18000,0,0,-18000
2026-09-24,9906.TW,-9000,0,0,-9000
2026-09-24,9907.TW,-215000,-8908,-410,-224318
2026-09-24,9908.TW,-32415,0,-107,-32522
2026-09-24,9910.TW,-73062,55000,108,-17954
2026-09-24,9911.TW,-44000,1000,0,-43000
2026-09-24,9912.TW,-2000,0,0,-2000
2026-09-24,9914.TW,-71000,0,-478,-71478
2026-09-24,9917.TW,-36446,-1000,0,-37446
2026-09-24,9918.TW,-1000,0,0,-1000
2026-09-24,9919.TW,-8000,0,0,-8000
2026-09-24,9921.TW,185503,0,-9301,176202
2026-09-24,9924.TW,-3000,0,0,-3000
2026-09-24,9925.TW,-30242,0,-2000,-32242
2026-09-24,9926.TW,-1000,0,0,-1000
2026-09-24,9927.TW,-88000,0,0,-88000
2026-09-24,9929.TW,-1000,0,0,-1000
2026-09-24,9930.TW,-3000,0,-147,-3147
2026-09-24,9931.TW,-1000,0,0,-1000
2026-09-24,9933.TW,-147555,0,9870,-137685
2026-09-24,9934.TW,-55000,0,0,-55000
2026-09-24,9935.TW,-37010,0,0,-37010
2026-09-24,9937.TW,-6000,0,0,-6000
2026-09-24,9938.TW,-315000,-3565,-300,-318865
2026-09-24,9939.TW,-58042,-1448,2299,-57191
2026-09-24,9940.TW,202000,0,-14522,187478
2026-09-24,9941.TW,7920,-252184,-10590,-254854
2026-09-24,9942.TW,2769,0,0,2769
2026-09-24,9943.TW,-6000,0,0,-6000
2026-09-24,9944.TW,1000,0,0,1000
2026-09-24,9945.TW,-917495,0,-83572,-1001067
2026-09-24,9946.TW,13000,0,-14000,-1000
2026-09-24,9955.TW,-56000,0,0,-56000
2026-09-24,9958.TW,-35021,210000,-5985,168994
2026-09-29,0050.TW,-68121726,2250000,-344370,-66216096
2026-09-29,0051.TW,-1000,0,-20785,-21785
2026-09-29,0052.TW,-3287134,0,-835219,-4122353
2026-09-29,0053.TW,13,0,-69658,-69645
2026-09-29,0055.TW,57109,0,-564742,-507633
2026-09-29,0056.TW,-5088991,262000,-22594421,-27421412
2026-09-29,0057.TW,1000,0,6000,7000
2026-09-29,0061.TW,-171000,0,66875,-104125
2026-09-29,1101.TW,-301243,1000,-220002,-520245
2026-09-29,1102.TW,398156,25000,333094,756250
2026-09-29,1103.TW,-157000,0,0,-157000
2026-09-29,1104.TW,-303305,1000,0,-302305
2026-09-29,1108.TW,-10000,0,0,-10000
2026-09-29,1109.TW,-20000,0,0,-20000
2026-09-29,1110.TW,-14960,0,3000,-11960
2026-09-29,1201.TW,-194000,0,0,-194000
2026-09-29,1203.TW,-13000,0,0,-13000
2026-09-29,1210.TW,-505056,1000,19532,-484524
2026-09-29,1215.TW,6604,0,1534,8138
2026-09-29,1216.TW,-1719729,-69000,494144,-1294585
2026-09-29,1217.TW,29000,0,0,29000
2026-09-29,1218.TW,78000,0,0,78000
2026-09-29,1219.TW,7459,0,0,7459
2026-09-29,1220.TW,-12135,0,0,-12135
2026-09-29,1225.TW,-3000,0,1000,-2000
2026-09-29,1227.TW,-469000,0,244,-468756
2026-09-29,1229.TW,-1959585,3000,-4553,-1961138
2026-09-29,1231.TW,9013,0,2000,11013
2026-09-29,1232.TW,-16988,0,0,-16988
2026-09-29,1233.TW,-5000,0,0,-5000
2026-09-29,1234.TW,-70000,0,-462,-70462
2026-09-29,1235.TW,-25000,0,0,-25000
2026-09-29,1236.TW,-10000,0,0,-10000
2026-09-29,1256.TW,-9573,0,-1000,-10573
2026-09-29,1301.TW,790550,0,-200,790350
2026-09-29,1303.TW,30203488,1825000,1793166,33821654
2026-09-29,1304.TW,-618309,0,-115044,-733353
2026-09-29,1305.TW,257109,0,-17088,240021
2026-09-29,1307.TW,178538,5000,-12000,171538
2026-09-29,1308.TW,-449485,0,-12673,-462158
2026-09-29,1309.TW,-218225,0,-17843,-236068
2026-09-29,1310.TW,-389867,0,20000,-369867
2026-09-29,1312.TW,-2628569,0,-2161,-2630730
2026-09-29,1313.TW,-575244,0,11790,-563454
2026-09-29,1314.TW,-10771239,0,-62025,-10833264
2026-09-29,1315.TW,-8000,0,0,-8000
2026-09-29,1316.TW,-162683,0,0,-162683
2026-09-29,1319.TW,-198820,3000,5787,-190033
2026-09-29,1321.TW,-25000,0,2000,-23000
2026-09-29,1323.TW,-9000,0,0,-9000
2026-09-29,1324.TW,-6000,0,0,-6000
2026-09-29,1325.TW,-43023,0,0,-43023
2026-09-29,1326.TW,203801,0,-529884,-326083
2026-09-29,1337.TW,-15813,0,0,-15813
2026-09-29,1338.TW,-12989,0,12000,-989
2026-09-29,1339.TW,-12000,0,263,-11737
2026-09-29,1340.TW,4000,0,0,4000
2026-09-29,1342.TW,-2352,0,1182,-1170
2026-09-29,1402.TW,-1640379,4000,-45192,-1681571
2026-09-29,1409.TW,536765,1000,-273970,263795
2026-09-29,1410.TW,-7000,0,0,-7000
2026-09-29,1413.TW,-1000,0,1000,0
2026-09-29,1414.TW,15554,0,0,15554
2026-09-29,1416.TW,-67000,0,-1000,-68000
2026-09-29,1417.TW,-130000,0,0,-130000
2026-09-29,1418.TW,13000,0,0,13000
2026-09-29,1419.TW,-33000,0,6000,-27000
2026-09-29,1423.TW,1000,0,1000,2000
2026-09-29,1432.TW,0,0,0,0
2026-09-29,1434.TW,-65771,0,0,-65771
2026-09-29,1435.TW,-3000,0,0,-3000
2026-09-29,1436.TW,-108000,0,0,-108000
2026-09-29,1437.TW,-15000,0,7000,-8000
2026-09-29,1438.TW,-13000,0,1000,-12000
2026-09-29,1439.TW,-4000,0,0,-4000
2026-09-29,1440.TW,-774333,0,20000,-754333
2026-09-29,1441.TW,4,0,3000,3004
2026-09-29,1442.TW,17300,0,-284602,-267302
2026-09-29,1443.TW,-4000,0,0,-4000
2026-09-29,1444.TW,357888,0,-85000,272888
2026-09-29,1445.TW,-19000,0,0,-19000
2026-09-29,1446.TW,-34000,0,0,-34000
2026-09-29,1447.TW,103858,0,0,103858
2026-09-29,1449.TW,-57285,0,998,-56287
2026-09-29,1451.TW,-33000,0,0,-33000
2026-09-29,1452.TW,-25004,0,0,-25004
2026-09-29,1453.TW,-2450,0,0,-2450
2026-09-29,1454.TW,-10000,0,0,-10000
2026-09-29,1455.TW,-191000,0,82979,-108021
2026-09-29,1456.TW,-3039,0,0,-3039
2026-09-29,1457.TW,-29000,0,0,-29000
2026-09-29,1459.TW,-18000,0,-12000,-30000
2026-09-29,1460.TW,-64236,0,0,-64236
2026-09-29,1463.TW,-11000,0,0,-11000
2026-09-29,1464.TW,-85000,0,0,-85000
2026-09-29,1465.TW,-12000,0,-1000,-13000
2026-09-29,1466.TW,43000,0,0,43000
2026-09-29,1467.TW,-9000,0,7000,-2000
2026-09-29,1468.TW,-10000,0,1000,-9000
2026-09-29,1470.TW,-4000,0,0,-4000
2026-09-29,1471.TW,-1000,0,6000,5000
2026-09-29,1472.TW,5000,0,-8000,-3000
2026-09-29,1473.TW,-24000,0,0,-24000
2026-09-29,1474.TW,-5000,0,0,-5000
2026-09-29,1475.TW,-1000,0,0,-1000
2026-09-29,1476.TW,-512,2000,-2096,-608
2026-09-29,1477.TW,-163776,13001,-3786,-154561
2026-09-29,1503.TW,-284671,-1000,-22074,-307745
2026-09-29,1504.TW,-121314,-3000,10864,-113450
2026-09-29,1506.TW,-111000,0,0,-111000
2026-09-29,1512.TW,-6000,0,0,-6000
2026-09-29,1513.TW,741227,101000,51112,893339
2026-09-29,1514.TW,682605,0,8058,690663
2026-09-29,1515.TW,13900,0,4908,18808
2026-09-29,1516.TW,2000,0,0,2000
2026-09-29,1517.TW,1000,0,0,1000
2026-09-29,1519.TW,-509211,34000,-6318,-481529
2026-09-29,1521.TW,-12000,0,0,-12000
2026-09-29,1522.TW,139194,0,-23219,115975
2026-09-29,1524.TW,-23944,0,0,-23944
2026-09-29,1525.TW,3000,0,0,3000
2026-09-29,1526.TW,6000,0,0,6000
2026-09-29,1527.TW,120000,0,0,120000
2026-09-29,1528.TW,158699,0,-954,157745
2026-09-29,1529.TW,-24534,0,0,-24534
2026-09-29,1530.TW,-5000,0,0,-5000
2026-09-29,1531.TW,-15000,0,0,-15000
2026-09-29,1532.TW,-84951,0,0,-84951
2026-09-29,1533.TW,12000,0,0,12000
2026-09-29,1535.TW,-5000,0,0,-5000
2026-09-29,1536.TW,-82080,0,-94,-82174
2026-09-29,1537.TW,-3984,0,0,-3984
2026-09-29,1539.TW,-3000,0,0,-3000
2026-09-29,1540.TW,-29900,0,0,-29900
2026-09-29,1541.TW,-5000,0,0,-5000
2026-09-29,1558.TW,75234,0,0,75234
2026-09-29,1560.TW,46725,2000,-14115,34610
2026-09-29,1563.TW,41597,0,-5735,35862
2026-09-29,1568.TW,27886,0,737,28623
2026-09-29,1582.TW,116840,0,-242,116598
2026-09-29,1583.TW,-7000,0,0,-7000
2026-09-29,1587.TW,-16000,0,0,-16000
2026-09-29,1590.TW,48937,-19000,548,30485
2026-09-29,1597.TW,729690,0,79317,809007
2026-09-29,1598.TW,17627,0,8000,25627
2026-09-29,1603.TW,55000,0,0,55000
2026-09-29,1604.TW,-45928,0,0,-45928
2026-09-29,1605.TW,-3894323,4000,-276599,-4166922
2026-09-29,1608.TW,-848634,0,4213,-844421
2026-09-29,1609.TW,-937383,0,-1562,-938945
2026-09-29,1611.TW,-169000,0,-14000,-183000
2026-09-29,1612.TW,249894,4000,10334,264228
2026-09-29,1614.TW,-23000,0,0,-23000
2026-09-29,1615.TW,-47000,0,0,-47000
2026-09-29,1616.TW,-10000,0,-502,-10502
2026-09-29,1617.TW,407000,0,10000,417000
2026-09-29,1618.TW,-43000,0,-536,-43536
2026-09-29,1623.TW,-14010,0,0,-14010
2026-09-29,1626.TW,-1000,0,1000,0
2026-09-29,1702.TW,48501,0,-185,48316
2026-09-29,1707.TW,-247746,2000,540,-245206
2026-09-29,1708.TW,-1473372,0,-11824,-1485196
2026-09-29,1709.TW,851308,0,42207,893515
2026-09-29,1710.TW,332613,0,-38129,294484
2026-09-29,1711.TW,1596808,0,61872,1658680
2026-09-29,1712.TW,-446948,16996,237,-429715
2026-09-29,1713.TW,-36000,0,0,-36000
2026-09-29,1714.TW,72944,0,14406,87350
2026-09-29,1717.TW,2448647,2000,1039,2451686
2026-09-29,1718.TW,1388821,0,23000,1411821
2026-09-29,1720.TW,-49764,0,0,-49764
2026-09-29,1721.TW,896344,0,0,896344
2026-09-29,1722.TW,-531891,1000,0,-530891
2026-09-29,1723.TW,-223651,0,-4194,-227845
2026-09-29,1725.TW,-9000,0,4000,-5000
2026-09-29,1726.TW,-9000,0,0,-9000
2026-09-29,1727.TW,-253541,0,-48602,-302143
2026-09-29,1730.TW,-6000,0,0,-6000
2026-09-29,1731.TW,3000,0,0,3000
2026-09-29,1732.TW,-4000,0,0,-4000
2026-09-29,1733.TW,-69001,0,0,-69001
2026-09-29,1734.TW,-45629,0,0,-45629
2026-09-29,1735.TW,-2000,0,-110,-2110
2026-09-29,1736.TW,180084,0,2335,182419
2026-09-29,1737.TW,-101123,0,0,-101123
2026-09-29,1752.TW,-5000,0,0,-5000
2026-09-29,1760.TW,-11620,0,0,-11620
2026-09-29,1762.TW,-18000,0,4000,-14000
2026-09-29,1773.TW,215487,1000,10249,226736
2026-09-29,1776.TW,-6000,0,0,-6000
2026-09-29,1783.TW,-3000,0,0,-3000
2026-09-29,1786.TW,27000,0,369,27369
2026-09-29,1789.TW,-62177,0,12922,-49255
2026-09-29,1795.TW,100072,0,-25837,74235
2026-09-29,1802.TW,-2038839,0,-80331,-2119170
2026-09-29,1805.TW,-40000,0,4000,-36000
2026-09-29,1806.TW,-10000,0,0,-10000
2026-09-29,1808.TW,-297000,0,16000,-281000
2026-09-29,1809.TW,-2855650,0,46956,-2808694
2026-09-29,1810.TW,91473,0,-243,91230
2026-09-29,1817.TW,-3000,0,1947,-1053
2026-09-29,1903.TW,6005,0,906,6911
2026-09-29,1904.TW,-881476,0,13000,-868476
2026-09-29,1905.TW,-1984152,0,-37568,-2021720
2026-09-29,1906.TW,-12000,0,-2000,-14000
2026-09-29,1907.TW,-243576,3000,-19000,-259576
2026-09-29,1909.TW,-497586,0,9000,-488586
2026-09-29,2002.TW,10050129,9000,-180000,9879129
2026-09-29,2006.TW,-306425,0,-2345,-308770
2026-09-29,2007.TW,6000,0,0,6000
2026-09-29,2008.TW,-7000,0,0,-7000
2026-09-29,2009.TW,-419675,0,-12309,-431984
2026-09-29,2010.TW,-173456,0,-3000,-176456
2026-09-29,2012.TW,-41000,0,4000,-37000
2026-09-29,2013.TW,-3000,0,0,-3000
2026-09-29,2014.TW,-300897,0,0,-300897
2026-09-29,2015.TW,-157913,0,3000,-154913
2026-09-29,2017.TW,77277,0,0,77277
2026-09-29,2020.TW,-78748,0,10922,-67826
2026-09-29,2022.TW,-4509,0,-6000,-10509
2026-09-29,2023.TW,-592471,2000,0,-590471
2026-09-29,2024.TW,-4000,0,0,-4000
2026-09-29,2025.TW,-124073,0,-3000,-127073
2026-09-29,2027.TW,-1569570,-2000,-251174,-1822744
2026-09-29,2028.TW,2000,0,-3000,-1000
2026-09-29,2029.TW,199455,0,-9000,190455
2026-09-29,2030.TW,-336000,0,-65295,-401295
2026-09-29,2031.TW,735347,5000,1463,741810
2026-09-29,2032.TW,-1987,0,980,-1007
2026-09-29,2033.TW,-37026,0,0,-37026
2026-09-29,2034.TW,-2188221,0,28145,-2160076
2026-09-29,2038.TW,-160926,0,1000,-159926
2026-09-29,2049.TW,1054762,0,131674,1186436
2026-09-29,2059.TW,68970,-19200,10886,60656
2026-09-29,2062.TW,-39253,0,284,-38969
2026-09-29,2069.TW,-276443,0,-2000,-278443
2026-09-29,2072.TW,59231,0,3314,62545
2026-09-29,2101.TW,-145562,0,5553,-140009
2026-09-29,2102.TW,-53063,0,0,-53063
2026-09-29,2103.TW,-497814,0,17757,-480057
2026-09-29,2104.TW,-1303346,0,30773,-1272573
2026-09-29,2105.TW,-52889,23000,285021,255132
2026-09-29,2106.TW,-360000,0,-417,-360417
2026-09-29,2107.TW,-68338,0,0,-68338
2026-09-29,2108.TW,-181760,0,20436,-161324
2026-09-29,2109.TW,-71000,0,0,-71000
2026-09-29,2114.TW,-2000,0,0,-2000
2026-09-29,2115.TW,-13000,0,0,-13000
2026-09-29,2201.TW,-326914,0,15086,-311828
2026-09-29,2204.TW,-164049,18598,7193,-138258
2026-09-29,2206.TW,-182234,2000,7000,-173234
2026-09-29,2207.TW,-94215,1000,-991,-94206
2026-09-29,2208.TW,-627561,0,2000,-625561
2026-09-29,2211.TW,-264725,5000,14846,-244879
2026-09-29,2227.TW,-17086,0,0,-17086
2026-09-29,2228.TW,6000,0,13,6013
2026-09-29,2231.TW,15011,0,-4498,10513
2026-09-29,2233.TW,21000,0,-3141,17859
2026-09-29,2236.TW,433922,0,-68104,365818
2026-09-29,2237.TW,-21000,0,0,-21000
2026-09-29,2239.TW,-18000,0,0,-18000
2026-09-29,2241.TW,-366089,0,18,-366071
2026-09-29,2243.TW,-40999,0,2000,-38999
2026-09-29,2247.TW,-13000,972,0,-12028
2026-09-29,2248.TW,1000,0,0,1000
2026-09-29,2250.TW,4000,0,0,4000
2026-09-29,2254.TW,421000,0,-2762,418238
2026-09-29,2258.TW,124944,0,997,125941
2026-09-29,2301.TW,-3230216,2000,-33673,-3261889
2026-09-29,2302.TW,544153,0,3002,547155
2026-09-29,2303.TW,-12782614,9537000,1096624,-2148990
2026-09-29,2305.TW,801100,0,15000,816100
2026-09-29,2308.TW,-2790202,379972,-3784,-2414014
2026-09-29,2312.TW,31100,2000,-21160,11940
2026-09-29,2313.TW,1329348,747000,27449,2103797
2026-09-29,2314.TW,-1000,0,0,-1000
2026-09-29,2316.TW,170344,0,36890,207234
2026-09-29,2317.TW,3091044,-28041,-78207,2984796
2026-09-29,2323.TW,-2050123,0,-15148,-2065271
2026-09-29,2324.TW,-13959215,11000,217402,-13730813
2026-09-29,2327.TW,-15516938,-1518584,-377894,-17413416
2026-09-29,2328.TW,117614,0,21000,138614
2026-09-29,2329.TW,-216011,0,1835,-214176
2026-09-29,2330.TW,-3736382,628676,117497,-2990209
2026-09-29,2331.TW,-223000,0,0,-223000
2026-09-29,2332.TW,1538970,0,7000,1545970
2026-09-29,2337.TW,2738707,9000,214967,2962674
2026-09-29,2338.TW,204248,0,31457,235705
2026-09-29,2340.TW,3025234,0,411703,3436937
2026-09-29,2342.TW,-479327,0,145670,-333657
2026-09-29,2344.TW,7390748,-2002000,667244,6055992
2026-09-29,2345.TW,-632095,-736046,1908,-1366233
2026-09-29,2347.TW,347231,14600,105784,467615
2026-09-29,2348.TW,-54000,0,-3486,-57486
2026-09-29,2349.TW,-218550,0,3000,-215550
2026-09-29,2351.TW,126488,0,39002,165490
2026-09-29,2352.TW,669699,0,2242,671941
2026-09-29,2353.TW,-1721914,16000,23247,-1682667
2026-09-29,2354.TW,-1083171,2000,-157206,-1238377
2026-09-29,2355.TW,-1247,0,106,-1141
2026-09-29,2356.TW,-4059310,-67000,102124,-4024186
2026-09-29,2357.TW,403659,-95500,81408,389567
2026-09-29,2359.TW,-41017,0,-1869,-42886
2026-09-29,2360.TW,-25606,-446000,-18887,-490493
2026-09-29,2362.TW,-268774,0,1802,-266972
2026-09-29,2363.TW,-357631,10000,357051,9420
2026-09-29,2364.TW,-2784,0,2000,-784
2026-09-29,2365.TW,191000,0,0,191000
2026-09-29,2367.TW,224097,0,-5425,218672
2026-09-29,2368.TW,-1429677,803910,193180,-432587
2026-09-29,2369.TW,1014240,0,44150,1058390
2026-09-29,2371.TW,-585636,0,261931,-323705
2026-09-29,2373.TW,-6000,0,0,-6000
2026-09-29,2374.TW,219000,0,-4950,214050
2026-09-29,2375.TW,114047,0,-5409,108638
2026-09-29,2376.TW,1778058,2000,167010,1947068
2026-09-29,2377.TW,64548,-3000,106580,168128
2026-09-29,2379.TW,702805,10000,-16345,696460
2026-09-29,2380.TW,-8000,0,0,-8000
2026-09-29,2382.TW,894127,-27000,154793,1021920
2026-09-29,2383.TW,-282423,-187675,-9154,-479252
2026-09-29,2385.TW,285969,-30300,32408,288077
2026-09-29,2387.TW,-84000,7795,-342,-76547
2026-09-29,2388.TW,732540,20000,51821,804361
2026-09-29,2390.TW,-44000,0,4000,-40000
2026-09-29,2392.TW,-1428000,0,-143311,-1571311
2026-09-29,2393.TW,498100,-296852,4050,205298
2026-09-29,2395.TW,-545730,528000,24273,6543
2026-09-29,2397.TW,89160,0,9000,98160
2026-09-29,2399.TW,1668603,0,33438,1702041
2026-09-29,2401.TW,174783,10000,57066,241849
2026-09-29,2402.TW,431119,0,138033,569152
2026-09-29,2404.TW,-848690,403000,-60990,-506680
2026-09-29,2405.TW,164186,0,0,164186
2026-09-29,2406.TW,-717316,0,4761,-712555
2026-09-29,2408.TW,2281592,-898000,205114,1588706
2026-09-29,2409.TW,15537128,0,7505050,23042178
2026-09-29,2412.TW,-152945,-67000,46000,-173945
2026-09-29,2413.TW,28500,0,581,29081
2026-09-29,2414.TW,27495,0,6000,33495
2026-09-29,2415.TW,46000,0,0,46000
2026-09-29,2417.TW,33000,0,0,33000
2026-09-29,2419.TW,-100771,0,18000,-82771
2026-09-29,2420.TW,17001,0,-1403,15598
2026-09-29,2421.TW,-209115,-5000,-98819,-312934
2026-09-29,2423.TW,-32701,0,0,-32701
2026-09-29,2424.TW,-6000,0,0,-6000
2026-09-29,2425.TW,-9919,0,0,-9919
2026-09-29,2426.TW,7053914,0,94142,7148056
2026-09-29,2427.TW,21324,0,1000,22324
2026-09-29,2428.TW,-209598,-1000,-4988,-215586
2026-09-29,2429.TW,81000,0,0,81000
2026-09-29,2430.TW,-9000,0,0,-9000
2026-09-29,2431.TW,-6000,0,0,-6000
2026-09-29,2432.TW,0,0,-6000,-6000
2026-09-29,2433.TW,-5000,0,0,-5000
2026-09-29,2434.TW,-26722,0,0,-26722
2026-09-29,2436.TW,2249891,-14000,555472,2791363
2026-09-29,2438.TW,11000,0,-1000,10000
2026-09-29,2439.TW,487517,-2000,18449,503966
2026-09-29,2440.TW,-14000,0,0,-14000
2026-09-29,2441.TW,-274634,54000,24897,-195737
2026-09-29,2442.TW,-10380,0,0,-10380
2026-09-29,2444.TW,304526,0,0,304526
2026-09-29,2449.TW,-12634181,1000,-548218,-13181399
2026-09-29,2450.TW,-15000,0,0,-15000
2026-09-29,2451.TW,666931,17000,10210,694141
2026-09-29,2453.TW,28000,0,0,28000
2026-09-29,2454.TW,-4669389,-59444,-85383,-4814216
2026-09-29,2455.TW,-109309,35000,119416,45107
2026-09-29,2457.TW,-154805,0,-10227,-165032
2026-09-29,2458.TW,-226594,3000,-10821,-234415
2026-09-29,2459.TW,-13000,0,0,-13000
2026-09-29,2460.TW,5000,0,1000,6000
2026-09-29,2461.TW,-122033,0,1000,-121033
2026-09-29,2462.TW,-57000,0,0,-57000
2026-09-29,2464.TW,659704,0,-117905,541799
2026-09-29,2465.TW,198982,0,0,198982
2026-09-29,2466.TW,-702918,0,2000,-700918
2026-09-29,2467.TW,170950,0,35704,206654
2026-09-29,2468.TW,47000,0,0,47000
2026-09-29,2471.TW,28001,0,1000,29001
2026-09-29,2472.TW,-302159,0,-19791,-321950
2026-09-29,2474.TW,-622143,-6000,21296,-606847
2026-09-29,2476.TW,286296,0,29824,316120
2026-09-29,2477.TW,-18376,3400,0,-14976
2026-09-29,2478.TW,-438884,0,11425,-427459
2026-09-29,2480.TW,-36286,0,421,-35865
2026-09-29,2481.TW,-3192860,180000,-407473,-3420333
2026-09-29,2482.TW,-5000,0,171,-4829
2026-09-29,2483.TW,32000,0,1000,33000
2026-09-29,2484.TW,4941316,0,53654,4994970
2026-09-29,2485.TW,473960,0,-6343,467617
2026-09-29,2486.TW,408209,0,-3645,404564
2026-09-29,2488.TW,-2000,0,1000,-1000
2026-09-29,2489.TW,780114,13700,-145964,647850
2026-09-29,2491.TW,267999,0,0,267999
2026-09-29,2492.TW,-7559673,-61000,-479791,-8100464
2026-09-29,2493.TW,447277,0,-25130,422147
2026-09-29,2495.TW,297137,0,-2000,295137
2026-09-29,2497.TW,-25438,0,870,-24568
2026-09-29,2498.TW,565118,0,388997,954115
2026-09-29,2501.TW,473000,0,1531,474531
2026-09-29,2504.TW,-1247622,29499,14758,-1203365
2026-09-29,2505.TW,-191643,0,-5000,-196643
2026-09-29,2506.TW,-236000,0,0,-236000
2026-09-29,2509.TW,-63000,0,0,-63000
2026-09-29,2511.TW,2000,0,0,2000
2026-09-29,2514.TW,-19000,0,0,-19000
2026-09-29,2515.TW,-1976114,0,-56951,-2033065
2026-09-29,2516.TW,-16000,0,0,-16000
2026-09-29,2520.TW,-254544,0,-21857,-276401
2026-09-29,2524.TW,-31000,0,2000,-29000
2026-09-29,2527.TW,252054,0,107,252161
2026-09-29,2528.TW,-130000,10268,-59000,-178732
2026-09-29,2530.TW,14540,25321,-12000,27861
2026-09-29,2534.TW,73000,0,-1003,71997
2026-09-29,2535.TW,27507,0,980,28487
2026-09-29,2536.TW,87000,0,0,87000
2026-09-29,2537.TW,-159062,0,0,-159062
2026-09-29,2538.TW,-69000,0,-5000,-74000
2026-09-29,2539.TW,57890,-26620,5783,37053
2026-09-29,2540.TW,-53780,0,0,-53780
2026-09-29,2542.TW,-2534257,-159500,52083,-2641674
2026-09-29,2543.TW,253071,0,-939,252132
2026-09-29,2545.TW,3000,0,-583,2417
2026-09-29,2546.TW,-28097,0,6000,-22097
2026-09-29,2547.TW,77000,44080,-205,120875
2026-09-29,2548.TW,-356180,3300,5619,-347261
2026-09-29,2597.TW,16942,1000,-714,17228
2026-09-29,2603.TW,-3221855,-100,19322,-3202633
2026-09-29,2605.TW,-4703867,-200000,-330897,-5234764
2026-09-29,2606.TW,-2044573,1000,-39153,-2082726
2026-09-29,2607.TW,-138339,0,293,-138046
2026-09-29,2608.TW,-37000,0,1560,-35440
2026-09-29,2609.TW,-5903084,11000,-338494,-6230578
2026-09-29,2610.TW,-1707958,-216000,47238,-1876720
2026-09-29,2611.TW,-41541,0,11000,-30541
2026-09-29,2612.TW,-45594,0,-60756,-106350
2026-09-29,2613.TW,14000,0,8000,22000
2026-09-29,2614.TW,1175337,0,0,1175337
2026-09-29,2615.TW,-2107812,-37000,-1210433,-3355245
2026-09-29,2616.TW,-15000,0,0,-15000
2026-09-29,2617.TW,-440300,0,-9505,-449805
2026-09-29,2618.TW,-3068282,924000,420505,-1723777
2026-09-29,2630.TW,-40599,0,-23050,-63649
2026-09-29,2633.TW,-5166841,80000,4935,-5081906
2026-09-29,2634.TW,-1095856,2000,11848,-1082008
2026-09-29,2636.TW,-100000,0,4739,-95261
2026-09-29,2637.TW,-1498003,1000,-29949,-1526952
2026-09-29,2642.TW,0,0,0,0
2026-09-29,2645.TW,-70987,0,13616,-57371
2026-09-29,2646.TW,-1183899,2000,-76000,-1257899
2026-09-29,2701.TW,-19000,0,0,-19000
2026-09-29,2702.TW,-4000,0,0,-4000
2026-09-29,2704.TW,-86000,0,2000,-84000
2026-09-29,2705.TW,-14000,0,0,-14000
2026-09-29,2706.TW,-29000,0,0,-29000
2026-09-29,2707.TW,-94975,0,-395,-95370
2026-09-29,2712.TW,-5000,0,0,-5000
2026-09-29,2722.TW,-8000,0,0,-8000
2026-09-29,2723.TW,-4000,0,5000,1000
2026-09-29,2727.TW,293941,-99000,-22668,172273
2026-09-29,2731.TW,21014,0,-129,20885
2026-09-29,2739.TW,-13050,0,1000,-12050
2026-09-29,2748.TW,-1000,0,0,-1000
2026-09-29,2753.TW,-39325,2007,0,-37318
2026-09-29,2762.TW,-9979,0,0,-9979
2026-09-29,2801.TW,-1281143,-98000,-27763,-1406906
2026-09-29,2812.TW,-11633119,0,-48146,-11681265
2026-09-29,2816.TW,-59820,0,0,-59820
2026-09-29,2820.TW,-95507,0,52000,-43507
2026-09-29,2832.TW,-99080,4377,-433,-95136
2026-09-29,2834.TW,-8188275,9000,-4759,-8184034
2026-09-29,2836.TW,-1171490,0,0,-1171490
2026-09-29,2838.TW,-2488963,5000,34789,-2449174
2026-09-29,2845.TW,-2588000,0,-17076,-2605076
2026-09-29,2849.TW,-83000,0,21000,-62000
2026-09-29,2850.TW,145463,0,22949,168412
2026-09-29,2851.TW,-62340,-4000,-28623,-94963
2026-09-29,2852.TW,-96000,0,0,-96000
2026-09-29,2855.TW,-2641673,-600,0,-2642273
2026-09-29,2880.TW,-2826738,-53000,1385118,-1494620
2026-09-29,2881.TW,4214038,-1687000,-562121,1964917
2026-09-29,2882.TW,3743010,-146000,110357,3707367
2026-09-29,2883.TW,1546848,732000,1226633,3505481
2026-09-29,2884.TW,-2727040,221000,850654,-1655386
2026-09-29,2885.TW,-2950685,1331000,679344,-940341
2026-09-29,2886.TW,-3664530,487000,1565023,-1612507
2026-09-29,2887.TW,-11665083,662000,966978,-10036105
2026-09-29,2889.TW,-3631000,0,41,-3630959
2026-09-29,2890.TW,-3317110,-197000,858906,-2655204
2026-09-29,2891.TW,1392658,189000,980582,2562240
2026-09-29,2892.TW,-3536945,382000,70421,-3084524
2026-09-29,2897.TW,-2213945,0,0,-2213945
2026-09-29,2901.TW,21010,0,2000,23010
2026-09-29,2903.TW,-703734,0,34933,-668801
2026-09-29,2904.TW,-5000,0,0,-5000
2026-09-29,2905.TW,273533,0,26280,299813
2026-09-29,2906.TW,-14000,0,19268,5268
2026-09-29,2908.TW,-189651,0,0,-189651
2026-09-29,2910.TW,-10000,0,0,-10000
2026-09-29,2911.TW,-17000,0,0,-17000
2026-09-29,2912.TW,-445364,-15000,31000,-429364
2026-09-29,2913.TW,152800,0,-24000,128800
2026-09-29,2915.TW,-146005,0,14943,-131062
2026-09-29,2923.TW,-57990,0,24000,-33990
2026-09-29,2929.TW,-6000,0,0,-6000
2026-09-29,2939.TW,8000,0,0,8000
2026-09-29,2945.TW,-10000,0,0,-10000
2026-09-29,3002.TW,-27000,0,-114,-27114
2026-09-29,3003.TW,-4783,0,-4,-4787
2026-09-29,3004.TW,-7604,0,-123,-7727
2026-09-29,3005.TW,318407,22566,45170,386143
2026-09-29,3006.TW,2900127,20000,353366,3273493
2026-09-29,3008.TW,-278144,1000,-51289,-328433
2026-09-29,3010.TW,-74950,-1000,-1947,-77897
2026-09-29,3011.TW,31000,0,0,31000
2026-09-29,3013.TW,-46000,0,-316,-46316
2026-09-29,3014.TW,596270,16480,9458,622208
2026-09-29,3015.TW,-33500,0,2000,-31500
2026-09-29,3016.TW,2406738,0,129393,2536131
2026-09-29,3017.TW,-452792,-513100,46804,-919088
2026-09-29,3018.TW,-3000,0,0,-3000
2026-09-29,3019.TW,476697,0,90181,566878
2026-09-29,3021.TW,294000,0,9997,303997
2026-09-29,3022.TW,63907,0,6867,70774
2026-09-29,3023.TW,-11698,-2000,14414,716
2026-09-29,3024.TW,-240709,0,1000,-239709
2026-09-29,3025.TW,16000,0,0,16000
2026-09-29,3026.TW,-877457,185000,-56255,-748712
2026-09-29,3027.TW,20000,0,0,20000
2026-09-29,3028.TW,-109884,6100,-28333,-132117
2026-09-29,3029.TW,-396683,0,-8145,-404828
2026-09-29,3030.TW,242076,0,64491,306567
2026-09-29,3031.TW,-1247337,0,-2746,-1250083
2026-09-29,3032.TW,-47940,0,0,-47940
2026-09-29,3033.TW,263019,0,-117709,145310
2026-09-29,3034.TW,1000075,-186000,78538,892613
2026-09-29,3035.TW,1569855,-18000,134171,1686026
2026-09-29,3036.TW,848548,-15000,29863,863411
2026-09-29,3037.TW,-765924,483693,103228,-179003
2026-09-29,3038.TW,-17000,0,0,-17000
2026-09-29,3040.TW,-59000,0,0,-59000
2026-09-29,3041.TW,106819,0,1000,107819
2026-09-29,3042.TW,-2638681,1050000,315231,-1273450
2026-09-29,3043.TW,-42000,0,0,-42000
2026-09-29,3044.TW,-371278,-118000,24098,-465180
2026-09-29,3045.TW,-211031,0,129509,-81522
2026-09-29,3046.TW,-14122,0,0,-14122
2026-09-29,3047.TW,82000,0,27995,109995
2026-09-29,3048.TW,-297000,0,5683,-291317
2026-09-29,3049.TW,369000,0,29086,398086
2026-09-29,3050.TW,39020,0,45000,84020
2026-09-29,3051.TW,139001,0,7000,146001
2026-09-29,3052.TW,-13000,0,0,-13000
2026-09-29,3054.TW,28000,0,0,28000
2026-09-29,3055.TW,-485504,0,-13776,-499280
2026-09-29,3056.TW,-97000,0,0,-97000
2026-09-29,3057.TW,18000,0,1000,19000
2026-09-29,3058.TW,52000,0,0,52000
2026-09-29,3059.TW,97000,0,-531,96469
2026-09-29,3060.TW,-20393,0,2297,-18096
2026-09-29,3062.TW,14513,0,-877,13636
2026-09-29,3090.TW,-594890,0,-35980,-630870
2026-09-29,3092.TW,45000,0,0,45000
2026-09-29,3094.TW,154980,0,0,154980
2026-09-29,3130.TW,-31000,0,0,-31000
2026-09-29,3135.TW,-19343,0,-2880,-22223
2026-09-29,3138.TW,-4900,0,-553,-5453
2026-09-29,3149.TW,1152680,0,279,1152959
2026-09-29,3150.TW,-12000,0,-2000,-14000
2026-09-29,3164.TW,31000,0,0,31000
2026-09-29,3167.TW,-582553,0,-9543,-592096
2026-09-29,3168.TW,-1000,0,0,-1000
2026-09-29,3189.TW,1103879,287000,-48824,1342055
2026-09-29,3209.TW,-337894,0,-1169,-339063
2026-09-29,3229.TW,-103445,0,0,-103445
2026-09-29,3231.TW,8079740,31000,439055,8549795
2026-09-29,3257.TW,40109,0,0,40109
2026-09-29,3266.TW,-17000,0,1000,-16000
2026-09-29,3296.TW,-13140,0,2000,-11140
2026-09-29,3305.TW,226766,0,16236,243002
2026-09-29,3308.TW,-11000,0,4290,-6710
2026-09-29,3311.TW,12534,0,1000,13534
2026-09-29,3312.TW,217130,0,0,217130
2026-09-29,3321.TW,1000,0,0,1000
2026-09-29,3338.TW,8314,0,0,8314
2026-09-29,3346.TW,17437,0,7860,25297
2026-09-29,3356.TW,-16820,0,8000,-8820
2026-09-29,3376.TW,-63720,0,-42144,-105864
2026-09-29,3380.TW,-229983,1000,27389,-201594
2026-09-29,3406.TW,-23911,-9000,-40369,-73280
2026-09-29,3413.TW,106517,0,19424,125941
2026-09-29,3416.TW,-12000,0,22269,10269
2026-09-29,3419.TW,129000,0,-1974,127026
2026-09-29,3432.TW,-2000,0,0,-2000
2026-09-29,3437.TW,222674,0,0,222674
2026-09-29,3443.TW,33502,-175000,54611,-86887
2026-09-29,3447.TW,7000,0,0,7000
2026-09-29,3450.TW,17404,0,-38345,-20941
2026-09-29,3481.TW,5882780,12000,1261017,7155797
2026-09-29,3494.TW,-5000,0,0,-5000
2026-09-29,3501.TW,-83000,0,0,-83000
2026-09-29,3504.TW,96000,0,6302,102302
2026-09-29,3515.TW,-1000,0,-627,-1627
2026-09-29,3518.TW,1019000,0,6482,1025482
2026-09-29,3528.TW,1799,0,1000,2799
2026-09-29,3530.TW,6004,0,0,6004
2026-09-29,3532.TW,70452,1000,-56702,14750
2026-09-29,3533.TW,68747,10000,-20855,57892
2026-09-29,3535.TW,303685,0,4463,308148
2026-09-29,3543.TW,-61616,0,1,-61615
2026-09-29,3545.TW,74325,10000,16020,100345
2026-09-29,3550.TW,409476,0,1138,410614
2026-09-29,3557.TW,4199,0,0,4199
2026-09-29,3563.TW,-192170,0,30324,-161846
2026-09-29,3576.TW,858866,0,0,858866
2026-09-29,3583.TW,71124,0,27819,98943
2026-09-29,3588.TW,36110,0,131,36241
2026-09-29,3591.TW,436226,0,-59000,377226
2026-09-29,3592.TW,101987,8000,0,109987
2026-09-29,3596.TW,-97674,0,2283,-95391
2026-09-29,3605.TW,-427560,0,14914,-412646
2026-09-29,3607.TW,1000,0,0,1000
2026-09-29,3617.TW,65343,0,-358,64985
2026-09-29,3622.TW,47000,0,2095,49095
2026-09-29,3645.TW,204233,0,-6473,197760
2026-09-29,3652.TW,18000,0,1000,19000
2026-09-29,3653.TW,-309035,127738,5592,-175705
2026-09-29,3661.TW,-92703,-2000,-16448,-111151
2026-09-29,3665.TW,720485,307000,-24649,1002836
2026-09-29,3669.TW,-4000,0,1000,-3000
2026-09-29,3673.TW,-843518,0,210960,-632558
2026-09-29,3679.TW,1000,949,0,1949
2026-09-29,3686.TW,3000,0,0,3000
2026-09-29,3694.TW,81000,0,1,81001
2026-09-29,3701.TW,52250,0,-26189,26061
2026-09-29,3702.TW,-449270,-21000,-101041,-571311
2026-09-29,3703.TW,-701000,0,0,-701000
2026-09-29,3704.TW,-29000,0,2508,-26492
2026-09-29,3705.TW,2447,0,0,2447
2026-09-29,3706.TW,479717,-11000,-16107,452610
2026-09-29,3708.TW,-169410,0,-19,-169429
2026-09-29,3711.TW,-723983,-927000,-39273,-1690256
2026-09-29,3712.TW,26000,0,0,26000
2026-09-29,3714.TW,1647283,0,31540,1678823
2026-09-29,3715.TW,50226,0,45707,95933
2026-09-29,3716.TW,8000,0,9000,17000
2026-09-29,3717.TW,3291000,0,-83713,3207287
2026-09-29,4104.TW,17612,0,1000,18612
2026-09-29,4106.TW,-10000,0,0,-10000
2026-09-29,4108.TW,-35000,0,5000,-30000
2026-09-29,4119.TW,-19546,0,-1125,-20671
2026-09-29,4133.TW,-13000,0,0,-13000
2026-09-29,4137.TW,23763,2031,0,25794
2026-09-29,4142.TW,450360,0,557,450917
2026-09-29,4148.TW,-1000,0,0,-1000
2026-09-29,4155.TW,-71000,0,0,-71000
2026-09-29,4164.TW,100190,0,-10096,90094
2026-09-29,4169.TW,-1000,0,0,-1000
2026-09-29,4178.TW,7000,0,1000,8000
2026-09-29,4190.TW,-1000,0,0,-1000
2026-09-29,4195.TW,-61000,0,-148138,-209138
2026-09-29,4306.TW,-103983,0,2000,-101983
2026-09-29,4414.TW,0,0,8000,8000
2026-09-29,4426.TW,8000,0,0,8000
2026-09-29,4438.TW,-1000,0,-5,-1005
2026-09-29,4439.TW,0,0,0,0
2026-09-29,4440.TW,-7000,0,-6000,-13000
2026-09-29,4441.TW,-1960,0,0,-1960
2026-09-29,4526.TW,403702,0,842,404544
2026-09-29,4532.TW,-14693,11242,0,-3451
2026-09-29,4536.TW,-36989,0,-32,-37021
2026-09-29,4540.TW,1668192,0,6000,1674192
2026-09-29,4545.TW,64000,0,10000,74000
2026-09-29,4551.TW,295986,131000,42556,469542
2026-09-29,4552.TW,-34000,0,2000,-32000
2026-09-29,4555.TW,22000,0,1000,23000
2026-09-29,4557.TW,13000,0,0,13000
2026-09-29,4560.TW,-6000,0,0,-6000
2026-09-29,4562.TW,54000,0,16,54016
2026-09-29,4564.TW,167240,0,-27,167213
2026-09-29,4566.TW,249321,0,37111,286432
2026-09-29,4569.TW,-3000,0,0,-3000
2026-09-29,4571.TW,5185,0,-5000,185
2026-09-29,4572.TW,2000,0,0,2000
2026-09-29,4576.TW,788396,0,112912,901308
2026-09-29,4581.TW,1000,0,0,1000
2026-09-29,4582.TW,-7000,0,1000,-6000
2026-09-29,4583.TW,-7000,0,-1000,-8000
2026-09-29,4585.TW,-2200,0,0,-2200
2026-09-29,4588.TW,-7000,0,0,-7000
2026-09-29,4590.TW,-69950,0,140,-69810
2026-09-29,4720.TW,241101,0,0,241101
2026-09-29,4722.TW,128033,0,23316,151349
2026-09-29,4736.TW,-26810,0,0,-26810
2026-09-29,4737.TW,-6000,0,0,-6000
2026-09-29,4739.TW,403647,0,47100,450747
2026-09-29,4746.TW,390000,-115000,0,275000
2026-09-29,4755.TW,80494,0,0,80494
2026-09-29,4763.TW,-928094,8000,30422,-889672
2026-09-29,4764.TW,166341,-205521,-4258,-43438
2026-09-29,4766.TW,5994,0,756,6750
2026-09-29,4770.TW,-239346,0,26127,-213219
2026-09-29,4771.TW,14043,0,1,14044
2026-09-29,4807.TW,12000,0,0,12000
2026-09-29,4904.TW,-792308,0,339216,-453092
2026-09-29,4906.TW,2077611,0,433796,2511407
2026-09-29,4912.TW,14000,0,0,14000
2026-09-29,4915.TW,-458475,3000,-26130,-481605
2026-09-29,4916.TW,86312,0,-52039,34273
2026-09-29,4919.TW,-1173315,11000,26498,-1135817
2026-09-29,4927.TW,55155,0,0,55155
2026-09-29,4930.TW,-2000,0,0,-2000
2026-09-29,4934.TW,39850,0,2000,41850
2026-09-29,4935.TW,-7000,0,0,-7000
2026-09-29,4938.TW,-634544,-96000,488170,-242374
2026-09-29,4942.TW,-15000,0,0,-15000
2026-09-29,4949.TW,124100,0,0,124100
2026-09-29,4952.TW,55010,0,-248,54762
2026-09-29,4956.TW,968167,0,685,968852
2026-09-29,4958.TW,9983568,2941000,356374,13280942
2026-09-29,4960.TW,1335280,0,-5638,1329642
2026-09-29,4961.TW,186771,-2000,17059,201830
2026-09-29,4967.TW,82111,-2000,-2630,77481
2026-09-29,4968.TW,67950,20000,6376,94326
2026-09-29,4976.TW,108000,0,-172,107828
2026-09-29,4977.TW,-138684,0,49722,-88962
2026-09-29,4989.TW,-60699,0,2356,-58343
2026-09-29,4994.TW,-1000,0,0,-1000
2026-09-29,4999.TW,-13000,0,447,-12553
2026-09-29,5007.TW,-15000,0,0,-15000
2026-09-29,5203.TW,56398,0,9,56407
2026-09-29,5215.TW,-14000,0,0,-14000
2026-09-29,5222.TW,-35002,0,-677,-35679
2026-09-29,5225.TW,-36000,0,403,-35597
2026-09-29,5234.TW,162968,0,-17068,145900
2026-09-29,5236.TW,-8049,10000,4000,5951
2026-09-29,5243.TW,167,0,-3606,-3439
2026-09-29,5244.TW,10000,0,0,10000
2026-09-29,5258.TW,5000,0,-241,4759
2026-09-29,5269.TW,24084,-1000,10077,33161
2026-09-29,5283.TW,-10000,0,0,-10000
2026-09-29,5284.TW,83202,0,4187,87389
2026-09-29,5285.TW,140711,0,1024,141735
2026-09-29,5288.TW,23813,-10000,0,13813
2026-09-29,5292.TW,1120,0,9,1129
2026-09-29,5306.TW,-20000,0,0,-20000
2026-09-29,5388.TW,-1545391,0,5843,-1539548
2026-09-29,5434.TW,-18219,0,-3082,-21301
2026-09-29,5469.TW,218449,0,1000,219449
2026-09-29,5471.TW,190150,0,2000,192150
2026-09-29,5484.TW,11000,0,0,11000
2026-09-29,5515.TW,-20975,0,7000,-13975
2026-09-29,5519.TW,-46350,0,-359,-46709
2026-09-29,5521.TW,-90000,0,-109,-90109
2026-09-29,5522.TW,-67422,9519,22000,-35903
2026-09-29,5525.TW,-23000,0,0,-23000
2026-09-29,5531.TW,-374000,0,0,-374000
2026-09-29,5533.TW,-11000,0,0,-11000
2026-09-29,5534.TW,-121004,-83000,1572,-202432
2026-09-29,5538.TW,-12000,0,0,-12000
2026-09-29,5546.TW,-8000,0,0,-8000
2026-09-29,5607.TW,-91000,0,1000,-90000
2026-09-29,5608.TW,39665,0,18997,58662
2026-09-29,5706.TW,18000,0,-3000,15000
2026-09-29,5871.TW,-2344298,-33000,23951,-2353347
2026-09-29,5876.TW,299552,40000,361209,700761
2026-09-29,5880.TW,-2250947,-1000,846568,-1405379
2026-09-29,5907.TW,-20000,0,0,-20000
2026-09-29,6005.TW,-2030062,4000,0,-2026062
2026-09-29,6024.TW,-46000,0,0,-46000
2026-09-29,6108.TW,83800,0,15000,98800
2026-09-29,6112.TW,221009,0,729,221738
2026-09-29,6115.TW,-20000,0,1000,-19000
2026-09-29,6116.TW,-711300,0,1601976,890676
2026-09-29,6117.TW,42000,0,-26000,16000
2026-09-29,6120.TW,1232411,0,1643,1234054
2026-09-29,6128.TW,-13000,0,5898,-7102
2026-09-29,6133.TW,2471125,0,12255,2483380
2026-09-29,6136.TW,-9065,0,0,-9065
2026-09-29,6139.TW,-1609609,-1000,-114251,-1724860
2026-09-29,6141.TW,63929,0,0,63929
2026-09-29,6142.TW,-32000,0,0,-32000
2026-09-29,6152.TW,112096,0,2000,114096
2026-09-29,6153.TW,1073076,0,136236,1209312
2026-09-29,6155.TW,-1063534,0,46626,-1016908
2026-09-29,6164.TW,81000,0,0,81000
2026-09-29,6165.TW,-3000,0,0,-3000
2026-09-29,6166.TW,682738,0,-124247,558491
2026-09-29,6168.TW,464000,0,65000,529000
2026-09-29,6176.TW,-694835,-30000,1438,-723397
2026-09-29,6177.TW,-136897,22804,0,-114093
2026-09-29,6183.TW,-2000,0,-3000,-5000
2026-09-29,6184.TW,-10000,0,0,-10000
2026-09-29,6189.TW,586970,3000,-7102,582868
2026-09-29,6191.TW,595030,0,-7233,587797
2026-09-29,6192.TW,-43000,0,-50,-43050
2026-09-29,6196.TW,-337544,0,-7723,-345267
2026-09-29,6197.TW,66712,0,-12545,54167
2026-09-29,6201.TW,0,0,0,0
2026-09-29,6202.TW,94455,10000,-24497,79958
2026-09-29,6205.TW,-596483,0,3964,-592519
2026-09-29,6206.TW,387844,-2000,83326,469170
2026-09-29,6209.TW,2202538,0,195956,2398494
2026-09-29,6213.TW,420317,181000,-402918,198399
2026-09-29,6214.TW,-223045,10000,-19383,-232428
2026-09-29,6215.TW,25109,0,648,25757
2026-09-29,6216.TW,-4000,0,222,-3778
2026-09-29,6224.TW,112411,0,3000,115411
2026-09-29,6225.TW,132000,0,0,132000
2026-09-29,6226.TW,144010,0,19000,163010
2026-09-29,6230.TW,-11000,0,50,-10950
2026-09-29,6235.TW,90093,0,1724,91817
2026-09-29,6239.TW,-3711572,27000,-52176,-3736748
2026-09-29,6243.TW,-18667,0,286,-18381
2026-09-29,6257.TW,-2126454,22000,-101123,-2205577
2026-09-29,6269.TW,500448,0,27017,527465
2026-09-29,6271.TW,-155327,0,10973,-144354
2026-09-29,6272.TW,11000,0,2000,13000
2026-09-29,6277.TW,-8000,0,0,-8000
2026-09-29,6278.TW,268976,-159000,114585,224561
2026-09-29,6281.TW,-7000,0,0,-7000
2026-09-29,6282.TW,-76756,-10000,-103204,-189960
2026-09-29,6283.TW,9000,0,0,9000
2026-09-29,6285.TW,-884864,2000,-121658,-1004522
2026-09-29,6405.TW,285000,0,113,285113
2026-09-29,6409.TW,-12151,-4000,125,-16026
2026-09-29,6412.TW,-28000,0,-21621,-49621
2026-09-29,6414.TW,600740,-3000,57842,655582
2026-09-29,6415.TW,57703,-133000,-7979,-83276
2026-09-29,6416.TW,-4994,0,-904,-5898
2026-09-29,6426.TW,-575054,0,69760,-505294
2026-09-29,6431.TW,2000,0,2000,4000
2026-09-29,6438.TW,479781,0,10126,489907
2026-09-29,6442.TW,-241650,0,-7784,-249434
2026-09-29,6443.TW,89316,0,156,89472
2026-09-29,6446.TW,50725,0,-105607,-54882
2026-09-29,6449.TW,-222264,0,-1501,-223765
2026-09-29,6451.TW,-38929,0,658,-38271
2026-09-29,6456.TW,721100,0,324529,1045629
2026-09-29,6464.TW,-5000,0,0,-5000
2026-09-29,6472.TW,118881,0,-11536,107345
2026-09-29,6477.TW,-17948,0,6000,-11948
2026-09-29,6491.TW,116224,0,-439,115785
2026-09-29,6504.TW,0,0,0,0
2026-09-29,6505.TW,8411155,8088000,60670,16559825
2026-09-29,6515.TW,-40920,-68000,-567,-109487
2026-09-29,6525.TW,151539,0,6562,158101
2026-09-29,6526.TW,211639,0,-6205,205434
2026-09-29,6531.TW,-1393994,-5000,-96610,-1495604
2026-09-29,6533.TW,350730,-5000,13685,359415
2026-09-29,6534.TW,-7000,0,-7,-7007
2026-09-29,6541.TW,-102256,0,-128,-102384
2026-09-29,6550.TW,-657374,0,39000,-618374
2026-09-29,6552.TW,18000,0,2000,20000
2026-09-29,6558.TW,-307870,0,0,-307870
2026-09-29,6573.TW,-4000,0,2000,-2000
2026-09-29,6579.TW,76972,0,36266,113238
2026-09-29,6581.TW,-2000,0,0,-2000
2026-09-29,6582.TW,-45000,0,0,-45000
2026-09-29,6585.TW,-1000,0,0,-1000
2026-09-29,6589.TW,115363,0,-16,115347
2026-09-29,6591.TW,-20000,0,-301,-20301
2026-09-29,6592.TW,-389391,0,19614,-369777
2026-09-29,6598.TW,-43000,0,2000,-41000
2026-09-29,6605.TW,72035,0,-3079,68956
2026-09-29,6606.TW,-11000,0,3000,-8000
2026-09-29,6614.TW,-5000,0,0,-5000
2026-09-29,6625.TW,30000,0,-2346,27654
2026-09-29,6645.TW,-25000,0,0,-25000
2026-09-29,6655.TW,-3000,0,0,-3000
2026-09-29,6657.TW,-5001,0,0,-5001
2026-09-29,6658.TW,53678,0,951,54629
2026-09-29,6666.TW,-2000,0,0,-2000
2026-09-29,6668.TW,63185,0,5000,68185
2026-09-29,6669.TW,-169816,-91000,-8429,-269245
2026-09-29,6670.TW,93728,0,0,93728
2026-09-29,6671.TW,-1000,0,0,-1000
2026-09-29,6672.TW,-899995,0,-47589,-947584
2026-09-29,6674.TW,0,0,0,0
2026-09-29,6689.TW,30022,0,0,30022
2026-09-29,6691.TW,-110779,-26600,-14097,-151476
2026-09-29,6695.TW,141071,0,101,141172
2026-09-29,6698.TW,59000,0,0,59000
2026-09-29,6706.TW,287842,0,195675,483517
2026-09-29,6715.TW,-18000,0,-6020,-24020
2026-09-29,6719.TW,43339,10000,142,53481
2026-09-29,6722.TW,-4000,0,0,-4000
2026-09-29,6742.TW,142064,0,0,142064
2026-09-29,6743.TW,154547,3633,2000,160180
2026-09-29,6753.TW,-74975,0,-12780,-87755
2026-09-29,6754.TW,-3000,0,0,-3000
2026-09-29,6756.TW,15000,0,21,15021
2026-09-29,6757.TW,44040,0,-55000,-10960
2026-09-29,6768.TW,-47000,3000,-26,-44026
2026-09-29,6770.TW,15263585,4000,307156,15574741
2026-09-29,6771.TW,-1000,0,-1000,-2000
2026-09-29,6776.TW,28000,0,0,28000
2026-09-29,6781.TW,-34217,0,2810,-31407
2026-09-29,6782.TW,-1581,0,767,-814
2026-09-29,6789.TW,74223,2000,15131,91354
2026-09-29,6790.TW,-25000,3000,302,-21698
2026-09-29,6792.TW,4000,0,1000,5000
2026-09-29,6794.TW,5000,0,0,5000
2026-09-29,6796.TW,-52,0,0,-52
2026-09-29,6799.TW,135223,0,0,135223
2026-09-29,6805.TW,122545,-111000,-4262,7283
2026-09-29,6807.TW,0,0,0,0
2026-09-29,6830.TW,58445,0,-429,58016
2026-09-29,6831.TW,90098,0,29812,119910
2026-09-29,6834.TW,-329451,0,14280,-315171
2026-09-29,6835.TW,-3000,0,0,-3000
2026-09-29,6838.TW,-48000,0,-1000,-49000
2026-09-29,6854.TW,5000,0,-3758,1242
2026-09-29,6861.TW,-21196,0,9179,-12017
2026-09-29,6862.TW,-805,0,0,-805
2026-09-29,6863.TW,-15000,0,-1505,-16505
2026-09-29,6869.TW,155873,0,-5999,149874
2026-09-29,6873.TW,-33072,0,-1000,-34072
2026-09-29,6885.TW,153020,0,-1000,152020
2026-09-29,6887.TW,-4000,0,-2000,-6000
2026-09-29,6890.TW,-2000,0,835,-1165
2026-09-29,6901.TW,1154808,0,17000,1171808
2026-09-29,6902.TW,-78846,0,-2000,-80846
2026-09-29,6906.TW,1000,0,0,1000
2026-09-29,6908.TW,-4000,0,1660,-2340
2026-09-29,6909.TW,125000,0,0,125000
2026-09-29,6914.TW,2000,0,0,2000
2026-09-29,6916.TW,-20000,0,-618,-20618
2026-09-29,6918.TW,-1000,0,0,-1000
2026-09-29,6919.TW,-631341,0,-14219,-645560
2026-09-29,6921.TW,3000,0,0,3000
2026-09-29,6923.TW,-37000,0,0,-37000
2026-09-29,6924.TW,150,0,-7,143
2026-09-29,6928.TW,1000,0,0,1000
2026-09-29,6931.TW,-18000,0,2000,-16000
2026-09-29,6933.TW,-548873,0,13172,-535701
2026-09-29,6934.TW,1000,0,0,1000
2026-09-29,6936.TW,-1000,0,0,-1000
2026-09-29,6937.TW,196145,0,64596,260741
2026-09-29,6944.TW,44851,0,2092,46943
2026-09-29,6947.TW,10085,0,0,10085
2026-09-29,6949.TW,-597429,0,-58598,-656027
2026-09-29,6951.TW,-3000,0,0,-3000
2026-09-29,6952.TW,-4000,0,0,-4000
2026-09-29,6955.TW,0,0,-8,-8
2026-09-29,6957.TW,20519,0,407,20926
2026-09-29,6958.TW,-20000,0,0,-20000
2026-09-29,6962.TW,618000,10000,-3800,624200
2026-09-29,6965.TW,-13000,0,0,-13000
2026-09-29,6969.TW,-75000,0,-1720,-76720
2026-09-29,6988.TW,-66000,0,2000,-64000
2026-09-29,6994.TW,62000,0,0,62000
2026-09-29,7610.TW,-36642,0,-220,-36862
2026-09-29,7631.TW,-1611,0,-251,-1862
2026-09-29,7689.TW,8198,0,0,8198
2026-09-29,7705.TW,-7000,0,2000,-5000
2026-09-29,7711.TW,92081,0,2066,94147
2026-09-29,7721.TW,16000,0,0,16000
2026-09-29,7722.TW,-25183,0,-2000,-27183
2026-09-29,7730.TW,48000,0,-114,47886
2026-09-29,7732.TW,-2000,0,0,-2000
2026-09-29,7736.TW,0,0,0,0
2026-09-29,7740.TW,31000,0,-548,30452
2026-09-29,7749.TW,29000,10000,-2661,36339
2026-09-29,7750.TW,3116,0,-2890,226
2026-09-29,7760.TW,-2000,0,0,-2000
2026-09-29,7765.TW,-18000,0,-1000,-19000
2026-09-29,7768.TW,-30000,0,0,-30000
2026-09-29,7769.TW,66836,-250149,5305,-178008
2026-09-29,7780.TW,10000,0,-1723,8277
2026-09-29,7786.TW,20000,0,0,20000
2026-09-29,7788.TW,73420,0,-24256,49164
2026-09-29,7791.TW,14000,0,0,14000
2026-09-29,7795.TW,123331,0,-5222,118109
2026-09-29,7799.TW,-79659,0,-1000,-80659
2026-09-29,7803.TW,-7000,0,1844,-5156
2026-09-29,7812.TW,-10000,0,0,-10000
2026-09-29,7818.TW,-5000,0,0,-5000
2026-09-29,7821.TW,-4000,0,0,-4000
2026-09-29,7822.TW,26695,36000,3182,65877
2026-09-29,7823.TW,-8000,0,3000,-5000
2026-09-29,7827.TW,-52612,0,114,-52498
2026-09-29,7835.TW,11000,0,-5000,6000
2026-09-29,7855.TW,-107000,0,0,-107000
2026-09-29,8011.TW,8000,0,0,8000
2026-09-29,8016.TW,36025,16000,2000,54025
2026-09-29,8021.TW,102227,-30000,0,72227
2026-09-29,8028.TW,-2008153,2202000,136022,329869
2026-09-29,8033.TW,-53991,0,473,-53518
2026-09-29,8039.TW,-1009153,70000,187669,-751484
2026-09-29,8045.TW,3000,0,0,3000
2026-09-29,8046.TW,1587749,-91000,18654,1515403
2026-09-29,8070.TW,1001,0,6916,7917
2026-09-29,8072.TW,-64000,0,0,-64000
2026-09-29,8081.TW,97483,10400,2000,109883
2026-09-29,8103.TW,119368,0,-34279,85089
2026-09-29,8104.TW,215456,0,0,215456
2026-09-29,8105.TW,591770,0,184,591954
2026-09-29,8110.TW,457944,0,-67027,390917
2026-09-29,8112.TW,-2065656,-27000,-14671,-2107327
2026-09-29,8114.TW,17990,-2000,912,16902
2026-09-29,8131.TW,161762,0,188,161950
2026-09-29,8150.TW,-20626616,1000,-676573,-21302189
2026-09-29,8162.TW,-72946,0,-14679,-87625
2026-09-29,8163.TW,180016,0,5751,185767
2026-09-29,8201.TW,46000,0,3728,49728
2026-09-29,8210.TW,-633198,0,-9225,-642423
2026-09-29,8213.TW,-105000,0,-305,-105305
2026-09-29,8215.TW,234711,0,-14,234697
2026-09-29,8222.TW,-3710,0,0,-3710
2026-09-29,8249.TW,138891,0,4000,142891
2026-09-29,8261.TW,30995,5000,-31580,4415
2026-09-29,8271.TW,-103000,0,9001,-93999
2026-09-29,8341.TW,-24000,0,0,-24000
2026-09-29,8367.TW,-3000,0,0,-3000
2026-09-29,8374.TW,-16000,0,-16045,-32045
2026-09-29,8404.TW,-187000,0,595,-186405
2026-09-29,8411.TW,-26000,0,-100000,-126000
2026-09-29,8422.TW,63100,1000,-51000,13100
2026-09-29,8429.TW,-2000,0,0,-2000
2026-09-29,8438.TW,159888,0,434,160322
2026-09-29,8442.TW,-6000,1184,0,-4816
2026-09-29,8443.TW,-1000,0,0,-1000
2026-09-29,8454.TW,-81100,0,-866,-81966
2026-09-29,8462.TW,-23082,0,-30,-23112
2026-09-29,8463.TW,-5000,0,0,-5000
2026-09-29,8464.TW,65974,30000,-176,95798
2026-09-29,8466.TW,-12000,0,0,-12000
2026-09-29,8467.TW,-1000,0,0,-1000
2026-09-29,8473.TW,1087,0,-1000,87
2026-09-29,8476.TW,81240,0,-1000,80240
2026-09-29,8478.TW,3783,0,0,3783
2026-09-29,8481.TW,-3000,0,0,-3000
2026-09-29,8482.TW,0,0,0,0
2026-09-29,8487.TW,-3000,0,-41,-3041
2026-09-29,8488.TW,-2000,0,1000,-1000
2026-09-29,8499.TW,9000,0,0,9000
2026-09-29,8926.TW,-321865,1000,6954,-313911
2026-09-29,8940.TW,0,0,0,0
2026-09-29,8996.TW,-727813,189000,11930,-526883
2026-09-29,9103.TW,-58000,0,-320,-58320
2026-09-29,9105.TW,2144301,0,743714,2888015
2026-09-29,9136.TW,-206000,0,0,-206000
2026-09-29,9802.TW,203416,0,-9000,194416
2026-09-29,9902.TW,-8000,0,-60,-8060
2026-09-29,9904.TW,424398,-51000,116718,490116
2026-09-29,9905.TW,-39000,0,0,-39000
2026-09-29,9906.TW,-18000,0,0,-18000
2026-09-29,9907.TW,-1275860,46305,212,-1229343
2026-09-29,9908.TW,-43000,0,650,-42350
2026-09-29,9910.TW,25005,9000,-1089,32916
2026-09-29,9911.TW,56026,0,-2000,54026
2026-09-29,9912.TW,2000,0,0,2000
2026-09-29,9914.TW,-22000,-236000,4420,-253580
2026-09-29,9917.TW,-88695,1000,10000,-77695
2026-09-29,9918.TW,-8000,0,0,-8000
2026-09-29,9919.TW,87000,0,0,87000
2026-09-29,9921.TW,660213,0,10657,670870
2026-09-29,9924.TW,-5000,0,0,-5000
2026-09-29,9925.TW,-140000,0,-297,-140297
2026-09-29,9926.TW,-6000,0,0,-6000
2026-09-29,9927.TW,-185035,0,0,-185035
2026-09-29,9929.TW,-4000,0,0,-4000
2026-09-29,9930.TW,0,0,257,257
2026-09-29,9931.TW,-8000,0,0,-8000
2026-09-29,9933.TW,-996741,1000,68757,-926984
2026-09-29,9934.TW,-120843,0,22000,-98843
2026-09-29,9935.TW,-78612,4183,0,-74429
2026-09-29,9937.TW,-15000,0,0,-15000
2026-09-29,9938.TW,119000,20535,2036,141571
2026-09-29,9939.TW,-43953,0,-1487,-45440
2026-09-29,9940.TW,47000,0,4139,51139
2026-09-29,9941.TW,-113740,-328402,-6798,-448940
2026-09-29,9942.TW,-29000,0,0,-29000
2026-09-29,9943.TW,-2000,0,0,-2000
2026-09-29,9944.TW,-4000,0,0,-4000
2026-09-29,9945.TW,-1484000,0,-21316,-1505316
2026-09-29,9946.TW,-25000,0,14000,-11000
2026-09-29,9955.TW,-42000,0,1000,-41000
2026-09-29,9958.TW,198605,0,3985,202590
