代號,名稱,TESG評等季度,TESG評等公告日,採用永續報告書年度,採用永續報告書是否驗證,交易所產業名,SASB主產業,SASB子產業,TESG等級,TESG分數,TESG升降等,TESG全產業排名,TESG_SASB主產業排名,TESG_SASB子產業排名,TESG_交易所產業排名,事件雷達轉換計分,環境構面分數,社會構面分數,公司治理構面分數,環境構面_SASB主產業排名,環境構面_SASB子產業排名,社會構面_SASB主產業排名,社會構面_SASB子產業排名,公司治理構面_SASB主產業排名,公司治理構面_SASB子產業排名
1101,台泥,2026/06,2026/05/04,2024,Y,水泥工業,提煉與礦產加工,建築材料,B+,61.21,↑,513/2559,7/36,5/17,3/8,20.61,85.09,60.75,63.86,1/36,1/17,13/36,5/17,5/36,3/17
1102,亞泥,2026/06,2026/05/04,2024,Y,水泥工業,提煉與礦產加工,建築材料,A,65.25,-,279/2559,4/36,3/17,2/8,53.85,78.98,72.68,53.13,3/36,3/17,4/36,2/17,18/36,8/17
1103,嘉泥,2026/06,2026/05/04,2024,Y,水泥工業,提煉與礦產加工,建築材料,B-,50.86,-,1451/2559,19/36,10/17,6/8,100,47.19,54.52,52.3,21/36,12/17,17/36,7/17,20/36,9/17
1104,環泥,2026/06,2026/05/04,2024,Y,水泥工業,提煉與礦產加工,建築材料,A,68.81,-,151/2559,2/36,1/17,1/8,100,79.54,55.79,66.23,2/36,2/17,16/36,6/17,3/36,1/17
1108,幸福,2026/06,2026/05/04,2024,N,水泥工業,提煉與礦產加工,建築材料,B,54.72,-,1058/2559,12/36,8/17,5/8,82.94,51.03,45.75,64.96,19/36,10/17,22/36,11/17,4/36,2/17
1109,信大,2026/06,2026/05/04,2024,N,水泥工業,提煉與礦產加工,建築材料,C,46.74,-,1825/2559,28/36,13/17,7/8,48.19,51,38.98,47.5,20/36,11/17,29/36,13/17,26/36,12/17
1110,東泥,2026/06,2026/05/04,2024,N,水泥工業,提煉與礦產加工,建築材料,B,54.78,-,1054/2559,11/36,7/17,4/8,89.84,66.16,36.15,55.39,7/36,5/17,31/36,14/17,15/36,7/17
1201,味全,2026/06,2026/05/04,2024,Y,食品工業,食品與飲料,無酒精飲料,A+,76.05,-,15/2559,2/87,1/8,2/45,100,85.31,71.7,72.14,2/87,2/8,10/87,3/8,4/87,1/8
1203,味王,2026/06,2026/05/04,2024,Y,食品工業,食品與飲料,加工食品,B,53.43,↑,1191/2559,38/87,6/15,30/45,83.45,65.14,54.08,40.48,21/87,5/15,38/87,8/15,76/87,13/15
1210,大成,2026/06,2026/05/04,2024,Y,食品工業,食品與飲料,農產品,B,55.39,-,1006/2559,34/87,11/15,27/45,90.6,41.84,63.39,59,55/87,14/15,24/87,9/15,23/87,3/15
1213,大飲,2026/06,2026/05/04,2024,Y,食品工業,食品與飲料,無酒精飲料,C,45.17,-,1943/2559,63/87,8/8,39/45,63.1,33.74,44.88,57.37,85/87,7/8,60/87,8/8,26/87,5/8
1215,卜蜂,2026/06,2026/05/04,2024,Y,食品工業,食品與飲料,肉品、家禽與乳製品,B,53.43,-,1189/2559,37/87,4/7,29/45,94.26,57.03,55.4,47.16,29/87,3/7,35/87,2/7,62/87,7/7
1216,統一,2026/06,2026/05/04,2024,Y,食品工業,食品與飲料,無酒精飲料,A,70.77,-,104/2559,5/87,2/8,6/45,70.55,84.42,75.17,51.11,3/87,3/8,6/87,2/8,53/87,8/8
1217,愛之味,2026/06,2026/05/04,2024,Y,食品工業,食品與飲料,無酒精飲料,B+,59.9,-,613/2559,23/87,5/8,22/45,100,58.96,66.55,52.21,26/87,5/8,17/87,5/8,48/87,7/8
1218,泰山,2026/06,2026/05/04,2024,Y,食品工業,食品與飲料,農產品,B+,61.1,-,523/2559,22/87,8/15,20/45,88.09,71.2,66.03,44.25,14/87,7/15,18/87,7/15,68/87,13/15
1219,福壽,2026/06,2026/05/04,2024,Y,食品工業,食品與飲料,農產品,A+,74.21,-,39/2559,3/87,1/15,3/45,90,84.3,78.08,58.74,4/87,1/15,4/87,2/15,24/87,4/15
1220,台榮,2026/06,2026/05/04,2024,Y,食品工業,食品與飲料,農產品,B,58.51,↓,728/2559,26/87,9/15,23/45,100,48.04,60.58,66.65,45/87,11/15,28/87,11/15,8/87,1/15
1225,福懋油,2026/06,2026/05/04,2024,Y,食品工業,食品與飲料,農產品,A,64.99,↑,289/2559,13/87,5/15,13/45,68.31,72.52,72.79,47.06,12/87,5/15,9/87,4/15,63/87,11/15
1227,佳格,2026/06,2026/05/04,2024,Y,食品工業,食品與飲料,加工食品,A+,76.4,-,13/2559,1/87,1/15,1/45,84.57,82.08,79.43,66.6,6/87,1/15,3/87,1/15,9/87,4/15
1229,聯華,2026/06,2026/05/04,2024,Y,食品工業,食品與飲料,農產品,A+,72.71,-,61/2559,4/87,2/15,4/45,85.35,82.55,82.3,50.07,5/87,2/15,1/87,1/15,57/87,10/15
1231,聯華食,2026/06,2026/05/04,2024,Y,食品工業,食品與飲料,加工食品,A,69.08,-,146/2559,8/87,2/15,8/45,99.97,75.53,63.57,69.56,9/87,2/15,23/87,4/15,6/87,2/15
1232,大統益,2026/06,2026/05/04,2024,Y,食品工業,食品與飲料,農產品,A,67.47,-,182/2559,10/87,4/15,10/45,100,77.66,63.72,61.82,8/87,4/15,22/87,8/15,16/87,2/15
1233,天仁,2026/06,2026/05/04,2024,Y,食品工業,食品與飲料,餐飲,B+,64.1,-,329/2559,16/87,2/37,15/45,100,54.81,66.92,70.03,31/87,5/37,16/87,3/37,5/87,2/37
1234,黑松,2026/06,2026/05/04,2024,Y,食品工業,食品與飲料,無酒精飲料,A,70.05,-,116/2559,6/87,3/8,7/45,90.63,85.4,69.06,55.48,1/87,1/8,13/87,4/8,37/87,6/8
1235,興泰,2026/06,2026/05/04,2024,Y,食品工業,食品與飲料,農產品,C,42.02,↑,2203/2559,76/87,15/15,44/45,36.79,46.01,35.6,50.59,51/87,13/15,79/87,15/15,55/87,9/15
1236,宏亞,2026/06,2026/05/04,2024,Y,食品工業,食品與飲料,加工食品,B-,50.28,-,1515/2559,47/87,8/15,35/45,100,47.55,50.71,52.55,48/87,7/15,45/87,11/15,47/87,8/15
1240,茂生農經,2026/06,2026/05/04,2024,N,農業科技,食品與飲料,農產品,B,55.45,-,999/2559,33/87,10/15,2/8,100,68.29,47.88,52.02,19/87,8/15,57/87,13/15,49/87,8/15
1256,鮮活果汁-KY,2026/06,2026/05/04,2024,Y,食品工業,食品與飲料,無酒精飲料,B-,50.72,-,1468/2559,44/87,7/8,33/45,100,31.55,60.48,57.84,86/87,8/8,29/87,7/8,25/87,4/8
1259,安心,2026/06,2026/05/04,2024,Y,觀光餐旅,食品與飲料,餐飲,B+,59.78,↑,622/2559,24/87,3/37,10/67,97.83,48.27,69.31,59.3,42/87,13/37,12/87,1/37,22/87,7/37
1264,德麥,2026/06,2026/05/04,2024,Y,食品工業,食品與飲料,加工食品,A,65.59,↑,257/2559,12/87,3/15,12/45,100,72.8,54.35,72.75,11/87,3/15,37/87,7/15,3/87,1/15
1268,漢來美食,2026/06,2026/05/04,2024,Y,觀光餐旅,食品與飲料,餐飲,B-,50.72,-,1467/2559,43/87,11/37,31/67,98.44,48.09,47.98,57.01,44/87,14/37,56/87,17/37,28/87,8/37
1294,漢田生技,2026/06,2026/05/04,2024,Y,食品工業,消費品,家用與個人產品,A,65.64,↑,253/2559,15/223,3/23,11/45,100,34.44,85.67,59.27,207/223,22/23,1/223,1/23,68/223,12/23
1295,生合,2026/06,2026/05/04,2024,Y,食品工業,醫療保健,生物科技與製藥,B+,61.85,-,469/2559,50/263,20/143,19/45,75.9,46.99,65.11,65.13,138/263,71/143,40/263,18/143,34/263,16/143
1301,台塑,2026/06,2026/05/04,2024,Y,塑膠工業,資源轉化,化學,B+,59.22,↑,668/2559,111/440,25/113,6/26,88.24,51.55,71.71,55.6,237/440,56/113,25/440,8/113,174/440,45/113
1303,南亞,2026/06,2026/05/04,2024,Y,塑膠工業,資源轉化,化學,B+,59.68,-,630/2559,101/440,20/113,5/26,93.99,61.6,71.75,49.19,126/440,26/113,24/440,7/113,288/440,70/113
1304,台聚,2026/06,2026/05/04,2024,Y,塑膠工業,資源轉化,化學,A,67.92,-,173/2559,18/440,4/113,2/26,100,77.57,67.58,60.95,12/440,5/113,46/440,12/113,92/440,24/113
1305,華夏,2026/06,2026/05/04,2024,Y,塑膠工業,資源轉化,化學,A,68.01,-,170/2559,17/440,3/113,1/26,94.88,79.89,73.59,54.91,10/440,3/113,14/440,4/113,190/440,52/113
1307,三芳,2026/06,2026/05/04,2024,N,塑膠工業,消費品,服飾、配件與鞋類,B+,61.08,-,525/2559,40/223,7/61,4/26,100,60.73,67.36,54.49,59/223,13/61,28/223,5/61,100/223,25/61
1308,亞聚,2026/06,2026/05/04,2024,Y,塑膠工業,資源轉化,化學,B,57.13,-,848/2559,154/440,41/113,10/26,100,50.53,56.78,62.35,246/440,58/113,165/440,43/113,75/440,20/113
1309,台達化,2026/06,2026/05/04,2024,Y,塑膠工業,資源轉化,化學,B+,62.27,-,444/2559,62/440,13/113,3/26,100,69.21,58.08,60.21,59/440,13/113,149/440,36/113,97/440,25/113
1310,台苯,2026/06,2026/05/04,2024,Y,塑膠工業,資源轉化,化學,B-,48.44,-,1665/2559,308/440,75/113,18/26,93.65,54.16,45.5,46.36,210/440,48/113,323/440,84/113,336/440,83/113
1312,國喬,2026/06,2026/05/04,2024,Y,塑膠工業,資源轉化,化學,B,58.51,-,727/2559,126/440,33/113,7/26,91.38,57.44,63.53,55.56,174/440,37/113,83/440,19/113,176/440,46/113
1313,聯成,2026/06,2026/05/04,2024,Y,塑膠工業,資源轉化,化學,B,57.29,-,838/2559,152/440,40/113,9/26,98.14,57.55,65.32,51.07,173/440,36/113,62/440,16/113,257/440,65/113
1314,中石化,2026/06,2026/05/04,2024,Y,塑膠工業,資源轉化,化學,B,54.34,-,1100/2559,204/440,48/113,17/26,84.73,59.13,63.71,43.73,155/440,30/113,80/440,18/113,372/440,91/113
1315,達新,2026/06,2026/05/04,2024,Y,塑膠工業,消費品,服飾、配件與鞋類,B,54.37,-,1096/2559,101/223,22/61,16/26,100,52.19,59,50.45,104/223,23/61,68/223,13/61,136/223,40/61
1316,上曜,2026/06,2026/05/04,2024,Y,建材營造,公共建設,房屋營造,B,53.39,↑,1195/2559,90/177,45/84,54/94,100,42.2,56.46,58.27,133/177,63/84,73/177,34/84,58/177,29/84
1319,東陽,2026/06,2026/05/04,2024,Y,汽車工業,運輸,汽車零件,A,65.26,↑,278/2559,21/127,14/82,9/51,83.07,66.82,72,58.96,31/127,16/82,13/127,8/82,40/127,28/82
1321,大洋,2026/06,2026/05/04,2024,Y,塑膠工業,資源轉化,化學,C,47.38,↓,1768/2559,324/440,77/113,19/26,99.36,34.83,66.22,42.65,390/440,97/113,55/440,13/113,381/440,94/113
1323,永裕,2026/06,2026/05/04,2024,N,塑膠工業,資源轉化,容器與包裝,B,56.5,-,907/2559,165/440,7/17,12/26,81.85,68.12,51.71,51.37,67/440,2/17,236/440,9/17,248/440,12/17
1324,地球,2026/06,2026/05/04,2024,N,塑膠工業,資源轉化,容器與包裝,B,57.84,-,794/2559,143/440,5/17,8/26,73.7,56.05,58.25,58.88,196/440,6/17,146/440,8/17,118/440,5/17
1325,恒大,2026/06,2026/05/04,2024,N,塑膠工業,消費品,服飾、配件與鞋類,C,45.85,-,1886/2559,171/223,47/61,22/26,100,35.01,58.55,37.46,206/223,53/61,73/223,14/61,209/223,57/61
1326,台化,2026/06,2026/05/04,2024,Y,塑膠工業,資源轉化,化學,B,56.93,-,869/2559,161/440,43/113,11/26,100,66.53,58.47,48.56,76/440,17/113,142/440,34/113,300/440,75/113
1336,台翰,2026/06,2026/05/04,2024,Y,電子零組件,資源轉化,電氣與電子設備,B,55.56,-,994/2559,183/440,76/163,98/234,88.5,53.94,60.32,53.2,211/440,86/163,120/440,49/163,219/440,85/163
1337,再生-KY,2026/06,2026/05/04,2024,Y,塑膠工業,資源轉化,化學,C-,37,↓,2471/2559,425/440,110/113,26/26,77.44,24.26,33.97,48.82,439/440,113/113,417/440,104/113,294/440,73/113
1338,廣華-KY,2026/06,2026/05/04,2024,N,汽車工業,運輸,汽車零件,C,47.41,-,1767/2559,79/127,49/82,35/51,91.68,49.49,37.94,52.74,74/127,48/82,104/127,68/82,66/127,42/82
1339,昭輝,2026/06,2026/05/04,2024,N,汽車工業,運輸,汽車零件,B,53.59,↑,1171/2559,59/127,35/82,26/51,65.66,30.36,60.56,67.47,123/127,80/82,43/127,25/82,11/127,10/82
1340,勝悅-KY,2026/06,2026/05/04,2024,N,塑膠工業,消費品,服飾、配件與鞋類,C,42.83,↑,2129/2559,188/223,52/61,24/26,47.36,41.46,43.75,42.51,196/223,49/61,162/223,38/61,188/223,54/61
1341,富林-KY,2026/06,2026/05/04,2024,N,塑膠工業,消費品,服飾、配件與鞋類,C,44.08,-,2030/2559,183/223,50/61,23/26,100,27.66,39.2,57.34,221/223,61/61,191/223,50/61,80/223,19/61
1342,八貫,2026/06,2026/05/04,2024,N,其他,資源轉化,化學,B+,59.23,-,667/2559,110/440,24/113,30/211,100,52.51,70.56,55.77,225/440,52/113,32/440,9/113,171/440,43/113
1402,遠東新,2026/06,2026/05/04,2024,Y,紡織纖維,資源轉化,化學,B+,63.58,-,361/2559,40/440,10/113,2/55,92.91,71.72,70.39,52.36,38/440,10/113,33/440,10/113,236/440,60/113
1409,新纖,2026/06,2026/05/04,2024,Y,紡織纖維,資源轉化,化學,B+,61.21,-,514/2559,78/440,15/113,6/55,94.03,68.86,77.18,43.49,61/440,14/113,11/440,2/113,375/440,93/113
1410,南染,2026/06,2026/05/04,2024,N,紡織纖維,資源轉化,化學,C-,35.58,-,2512/2559,432/440,111/113,54/55,100,35.28,29.26,40.53,386/440,96/113,438/440,113/113,396/440,101/113
1413,宏洲,2026/06,2026/05/04,2024,N,紡織纖維,資源轉化,化學,C,42.53,↑,2154/2559,379/440,96/113,44/55,100,44.91,47.64,36.9,305/440,73/113,297/440,81/113,418/440,108/113
1414,東和,2026/06,2026/05/04,2024,N,紡織纖維,消費品,服飾、配件與鞋類,B-,51.18,-,1420/2559,127/223,31/61,22/55,68.24,51.98,49.07,53.06,107/223,24/61,134/223,31/61,116/223,29/61
1416,廣豐,2026/06,2026/05/04,2024,N,其他,科技與通訊,互聯網媒體與服務,B-,50.48,-,1498/2559,529/907,6/8,101/211,100,44.1,50.17,54.81,611/907,6/8,501/907,6/8,391/907,6/8
1417,嘉裕,2026/06,2026/05/04,2024,N,紡織纖維,消費品,服飾、配件與鞋類,C,41.28,↑,2257/2559,199/223,55/61,50/55,100,46.28,43.26,36.7,143/223,38/61,166/223,41/61,210/223,58/61
1418,東華,2026/06,2026/05/04,2024,N,紡織纖維,消費品,服飾、配件與鞋類,C,41.59,-,2233/2559,197/223,54/61,49/55,62.03,28.29,41.24,48.45,219/223,60/61,180/223,47/61,151/223,46/61
1419,新紡,2026/06,2026/05/04,2024,N,紡織纖維,消費品,服飾、配件與鞋類,B+,59.47,-,646/2559,55/223,11/61,11/55,100,62.27,67.73,49.2,48/223,11/61,25/223,3/61,147/223,45/61
1423,利華,2026/06,2026/05/04,2024,N,紡織纖維,消費品,服飾、配件與鞋類,C-,39.58,-,2359/2559,207/223,58/61,52/55,100,37.34,37.8,42.59,201/223,51/61,204/223,53/61,187/223,53/61
1432,大魯閣,2026/06,2026/05/04,2024,Y,運動休閒,消費品,多線和專業零售商與配銷商,B-,48.92,-,1624/2559,146/223,33/53,28/32,100,49.91,42.96,54.86,123/223,30/53,168/223,41/53,97/223,18/53
1434,福懋,2026/06,2026/05/04,2024,Y,紡織纖維,消費品,服飾、配件與鞋類,B+,62.76,-,410/2559,29/223,4/61,4/55,100,73.76,69.98,49.63,24/223,8/61,16/223,1/61,142/223,43/61
1435,中福,2026/06,2026/05/04,2024,N,其他,公共建設,房屋營造,C-,37.07,↓,2466/2559,172/177,81/84,201/211,51.88,39.08,45.93,29.64,160/177,73/84,124/177,62/84,177/177,84/84
1436,華友聯,2026/06,2026/05/04,2024,N,建材營造,公共建設,房屋營造,B,55.4,-,1004/2559,72/177,33/84,42/94,100,55.01,55.57,55.51,76/177,36/84,77/177,37/84,75/177,38/84
1437,勤益控,2026/06,2026/05/04,2024,N,其他,公共建設,不動產服務,B,54.22,↑,1108/2559,85/177,2/8,60/211,100,59.88,36.01,63.36,54/177,2/8,154/177,7/8,24/177,2/8
1438,三地開發,2026/06,2026/05/04,2024,N,建材營造,公共建設,房屋營造,C,47.43,↓,1766/2559,125/177,66/84,74/94,83.85,44.32,32.56,59.75,127/177,59/84,165/177,82/84,48/177,25/84
1439,雋揚,2026/06,2026/05/04,2024,N,建材營造,公共建設,房屋營造,B-,47.9,↑,1722/2559,120/177,63/84,71/94,92.84,41.94,52.31,48.57,134/177,64/84,88/177,41/84,124/177,64/84
1440,南紡,2026/06,2026/05/04,2024,Y,紡織纖維,資源轉化,化學,B+,60.08,-,605/2559,96/440,19/113,10/55,100,68.49,65.98,49.35,64/440,15/113,57/440,15/113,283/440,68/113
1441,大東,2026/06,2026/05/04,2024,N,紡織纖維,消費品,服飾、配件與鞋類,B-,49.37,-,1587/2559,142/223,36/61,26/55,100,47.97,42.55,57.41,132/223,34/61,172/223,44/61,78/223,18/61
1442,名軒,2026/06,2026/05/04,2024,Y,建材營造,公共建設,房屋營造,B,56.87,-,874/2559,59/177,25/84,34/94,76.44,61.62,41.51,64.61,44/177,18/84,136/177,68/84,19/177,11/84
1443,立益物流,2026/06,2026/05/04,2024,N,其他,運輸,空運與物流,C,43.81,-,2058/2559,100/127,7/8,155/211,49.46,25.93,57.79,48.08,126/127,8/8,50/127,2/8,85/127,3/8
1444,力麗,2026/06,2026/05/04,2024,N,紡織纖維,資源轉化,化學,C,41.91,-,2215/2559,388/440,99/113,47/55,88.95,54.95,41.08,32.76,200/440,44/113,363/440,96/113,434/440,113/113
1445,大宇,2026/06,2026/05/04,2024,N,紡織纖維,消費品,服飾、配件與鞋類,B-,49.3,-,1591/2559,143/223,37/61,27/55,96.4,51.88,56.98,39.77,108/223,25/61,88/223,18/61,200/223,55/61
1446,宏和,2026/06,2026/05/04,2024,N,紡織纖維,公共建設,房屋營造,B-,48.94,-,1623/2559,116/177,59/84,29/55,100,62.7,36.27,49.14,40/177,16/84,153/177,76/84,121/177,63/84
1447,力鵬,2026/06,2026/05/04,2024,N,紡織纖維,資源轉化,化學,C,43.32,-,2102/2559,376/440,95/113,43/55,92.33,58.78,34.78,38.14,161/440,33/113,414/440,103/113,410/440,106/113
1449,佳和,2026/06,2026/05/04,2024,N,紡織纖維,消費品,服飾、配件與鞋類,B-,52.42,-,1304/2559,120/223,27/61,19/55,88.62,30.16,65.26,49.45,216/223,58/61,38/223,7/61,146/223,44/61
1451,年興,2026/06,2026/05/04,2024,N,紡織纖維,消費品,服飾、配件與鞋類,B-,48.44,↑,1667/2559,149/223,40/61,32/55,100,51.14,35.11,61.49,115/223,30/61,214/223,59/61,51/223,13/61
1452,宏益,2026/06,2026/05/04,2024,N,紡織纖維,資源轉化,化學,B-,52.8,↓,1252/2559,233/440,52/113,16/55,100,50.09,57.6,51.24,251/440,59/113,157/440,40/113,250/440,63/113
1453,大將,2026/06,2026/05/04,2024,N,建材營造,公共建設,房屋營造,C,44.63,-,1986/2559,139/177,70/84,82/94,100,35.54,33,58.46,171/177,80/84,164/177,81/84,57/177,28/84
1454,台富,2026/06,2026/05/04,2024,N,紡織纖維,消費品,服飾、配件與鞋類,B,58.78,-,705/2559,62/223,14/61,14/55,100,74.38,59.54,50.36,22/223,6/61,65/223,11/61,137/223,41/61
1455,集盛,2026/06,2026/05/04,2024,Y,紡織纖維,資源轉化,化學,C,46.89,-,1807/2559,332/440,81/113,35/55,95.25,56.17,32.08,51.04,191/440,41/113,427/440,106/113,259/440,66/113
1456,怡華,2026/06,2026/05/04,2024,N,建材營造,公共建設,房屋營造,B-,52.18,↓,1327/2559,100/177,52/84,61/94,100,50.91,49.2,55.06,89/177,41/84,105/177,51/84,78/177,39/84
1457,宜進,2026/06,2026/05/04,2024,N,紡織纖維,資源轉化,化學,B+,59.43,-,657/2559,107/440,22/113,12/55,100,60.07,62,57.03,144/440,27/113,103/440,24/113,142/440,34/113
1459,聯發,2026/06,2026/05/04,2024,N,紡織纖維,資源轉化,化學,C,44.08,-,2032/2559,369/440,91/113,42/55,88.33,46.91,47.73,39.21,288/440,71/113,295/440,80/113,401/440,103/113
1460,宏遠,2026/06,2026/05/04,2024,Y,紡織纖維,消費品,服飾、配件與鞋類,B+,61.62,-,487/2559,34/223,6/61,5/55,89.02,77.68,59.39,56.19,16/223,4/61,66/223,12/61,85/223,21/61
1463,強盛新,2026/06,2026/05/04,2024,N,紡織纖維,資源轉化,化學,C-,38.66,-,2411/2559,417/440,107/113,53/55,100,27.16,38.58,47.35,436/440,110/113,393/440,98/113,318/440,80/113
1464,得力,2026/06,2026/05/04,2024,Y,紡織纖維,消費品,服飾、配件與鞋類,B,55.03,-,1033/2559,94/223,20/61,15/55,100,51.31,52.9,59.14,112/223,27/61,110/223,25/61,69/223,17/61
1465,偉全,2026/06,2026/05/04,2024,N,紡織纖維,消費品,服飾、配件與鞋類,B-,49.48,-,1578/2559,141/223,35/61,25/55,100,29.59,57.81,50.2,218/223,59/61,80/223,16/61,138/223,42/61
1466,聚隆,2026/06,2026/05/04,2024,N,紡織纖維,資源轉化,化學,B+,63.35,-,369/2559,42/440,11/113,3/55,100,74.41,62.83,55.46,24/440,7/113,93/440,22/113,180/440,48/113
1467,南緯,2026/06,2026/05/04,2024,N,紡織纖維,消費品,服飾、配件與鞋類,B+,60.89,-,540/2559,44/223,8/61,7/55,100,43.27,66.82,63.1,157/223,43/61,33/223,6/61,39/223,9/61
1468,昶和,2026/06,2026/05/04,2024,N,紡織纖維,消費品,服飾、配件與鞋類,B-,51.2,-,1419/2559,126/223,30/61,21/55,100,40.04,56.55,50.87,198/223,50/61,89/223,19/61,132/223,38/61
1470,大統新創,2026/06,2026/05/04,2024,N,紡織纖維,資源轉化,化學,B-,48.67,↑,1646/2559,302/440,72/113,30/55,85.53,49.44,41.15,53.74,255/440,62/113,362/440,95/113,210/440,55/113
1471,首利,2026/06,2026/05/04,2024,N,電子零組件,資源轉化,電氣與電子設備,C-,39.06,-,2391/2559,412/440,157/163,221/234,100,33.25,35.81,45.85,395/440,152/163,411/440,155/163,342/440,131/163
1472,三洋實業,2026/06,2026/05/04,2024,Y,建材營造,公共建設,工程與建造服務,B+,60.89,-,539/2559,36/177,14/32,21/94,99.75,56.34,48.95,72.09,70/177,18/32,106/177,24/32,3/177,1/32
1473,台南,2026/06,2026/05/04,2024,N,紡織纖維,消費品,服飾、配件與鞋類,B-,48.47,-,1661/2559,148/223,39/61,31/55,100,53.17,42.77,52.31,101/223,21/61,170/223,42/61,123/223,33/61
1474,弘裕,2026/06,2026/05/04,2024,N,紡織纖維,消費品,服飾、配件與鞋類,B+,59.31,↑,662/2559,59/223,12/61,13/55,100,56.79,55.98,64.13,84/223,20/61,94/223,21/61,28/223,5/61
1475,業旺,2026/06,2026/05/04,2024,N,紡織纖維,消費品,服飾、配件與鞋類,B-,51.79,-,1367/2559,121/223,28/61,20/55,100,60.62,45.61,54.13,60/223,14/61,153/223,36/61,106/223,28/61
1476,儒鴻,2026/06,2026/05/04,2024,Y,紡織纖維,消費品,服飾、配件與鞋類,B+,60.19,-,597/2559,51/223,10/61,9/55,100,84.49,45.94,63.69,1/223,1/61,151/223,35/61,33/223,7/61
1477,聚陽,2026/06,2026/05/04,2024,Y,紡織纖維,消費品,服飾、配件與鞋類,B+,60.51,-,571/2559,48/223,9/61,8/55,100,75.67,48.41,66.16,20/223,5/61,142/223,32/61,21/223,4/61
1503,士電,2026/06,2026/05/04,2024,Y,電機機械,資源轉化,電氣與電子設備,B+,63.08,-,383/2559,46/440,20/163,15/123,92.56,64.51,83.02,47.06,93/440,40/163,1/440,1/163,321/440,121/163
1504,東元,2026/06,2026/05/04,2024,Y,電機機械,資源轉化,電氣與電子設備,A,66.32,-,220/2559,20/440,12/163,6/123,85.16,80.44,66.83,55.35,9/440,5/163,50/440,21/163,182/440,69/163
1506,正道,2026/06,2026/05/04,2024,Y,電機機械,運輸,汽車零件,B-,52.51,-,1294/2559,62/127,37/82,70/123,100,50.58,47.77,57.61,69/127,44/82,78/127,48/82,45/127,30/82
1512,瑞利,2026/06,2026/05/04,2024,N,汽車工業,運輸,汽車零件,C,44.61,-,1989/2559,95/127,64/82,42/51,83.66,50.6,43.46,40.53,68/127,43/82,92/127,59/82,112/127,74/82
1513,中興電,2026/06,2026/05/04,2024,N,電機機械,公共建設,工程與建造服務,B+,59.26,-,664/2559,45/177,17/32,34/123,100,59.92,61.56,57.23,53/177,16/32,54/177,17/32,67/177,14/32
1514,亞力,2026/06,2026/05/04,2024,Y,電機機械,資源轉化,電氣與電子設備,B,57.48,-,822/2559,148/440,61/163,41/123,96.24,71.32,58.04,46.67,43/440,19/163,150/440,60/163,329/440,125/163
1515,力山,2026/06,2026/05/04,2024,Y,電機機械,消費品,玩具及體育商品,A,65.76,-,249/2559,14/223,6/26,7/123,100,82.43,52.2,72.25,4/223,2/26,118/223,17/26,4/223,1/26
1516,川飛,2026/06,2026/05/04,2024,N,其他,消費品,多線和專業零售商與配銷商,C,47.66,-,1742/2559,157/223,37/53,125/211,45.81,41.7,58.76,39.8,180/223,42/53,71/223,15/53,199/223,47/53
1517,利奇,2026/06,2026/05/04,2024,N,電機機械,消費品,玩具及體育商品,B+,59.76,-,623/2559,54/223,9/26,32/123,100,76.23,47.98,64.44,18/223,6/26,146/223,21/26,26/223,7/26
1519,華城,2026/06,2026/05/04,2024,Y,電機機械,資源轉化,電氣與電子設備,A,69.31,-,140/2559,13/440,8/163,4/123,96.67,76.71,62.37,68.96,16/440,7/163,100/440,44/163,21/440,13/163
1521,大億,2026/06,2026/05/04,2024,N,汽車工業,運輸,汽車零件,B,57.87,-,791/2559,40/127,23/82,18/51,100,64.29,70.46,43.23,40/127,20/82,19/127,10/82,104/127,69/82
1522,堤維西,2026/06,2026/05/04,2024,Y,汽車工業,運輸,汽車零件,A+,72.65,-,66/2559,8/127,6/82,3/51,83.81,81.04,74.01,64.76,4/127,4/82,9/127,5/82,18/127,15/82
1524,耿鼎,2026/06,2026/05/04,2024,N,汽車工業,運輸,汽車零件,C-,39.78,↓,2348/2559,111/127,74/82,47/51,95.07,39.02,48.65,33.81,91/127,61/82,74/127,44/82,121/127,78/82
1525,江申,2026/06,2026/05/04,2024,Y,汽車工業,運輸,汽車零件,B+,61.16,-,516/2559,35/127,18/82,14/51,83.24,60.91,62.88,60.08,45/127,25/82,36/127,21/82,34/127,23/82
1526,日馳,2026/06,2026/05/04,2024,Y,電機機械,消費品,玩具及體育商品,B-,52.69,↓,1274/2559,117/223,17/26,69/123,100,44.95,56.03,52.86,151/223,18/26,93/223,13/26,117/223,16/26
1527,鑽全,2026/06,2026/05/04,2024,N,電機機械,消費品,電器製造,A,65.24,↑,280/2559,19/223,2/27,9/123,66.76,62.93,76.23,54.53,47/223,7/27,8/223,2/27,99/223,13/27
1528,恩德,2026/06,2026/05/04,2024,N,電機機械,消費品,電器製造,B-,53.06,-,1224/2559,111/223,17/27,62/123,100,69.85,54.54,43.28,29/223,3/27,100/223,17/27,180/223,22/27
1529,樂事綠能,2026/06,2026/05/04,2024,N,電機機械,資源轉化,電氣與電子設備,C,44.84,-,1970/2559,361/440,141/163,102/123,100,44.62,51.23,40.21,307/440,121/163,240/440,95/163,398/440,151/163
1530,亞崴,2026/06,2026/05/04,2024,N,電機機械,資源轉化,工業機械與物品,B-,52.78,↓,1256/2559,235/440,73/137,65/123,81.98,58.76,43.16,55.52,162/440,57/137,346/440,109/137,179/440,50/137
1531,高林股,2026/06,2026/05/04,2024,N,電機機械,資源轉化,工業機械與物品,B,54.43,-,1087/2559,199/440,58/137,54/123,100,51.74,41.61,66.06,233/440,76/137,360/440,114/137,44/440,9/137
1532,勤美,2026/06,2026/05/04,2024,Y,電機機械,資源轉化,工業機械與物品,B+,62.53,↓,424/2559,57/440,19/137,18/123,84.57,58.93,82,50.62,158/440,55/137,3/440,1/137,266/440,80/137
1533,車王電,2026/06,2026/05/04,2024,Y,汽車工業,運輸,汽車零件,A,67.54,-,179/2559,14/127,9/82,5/51,100,77.66,63.96,61.89,8/127,6/82,35/127,20/82,28/127,21/82
1535,中宇,2026/06,2026/05/04,2024,Y,電機機械,資源轉化,電氣與電子設備,B+,62.81,-,404/2559,52/440,23/163,16/123,100,69.96,66.48,54.69,51/440,21/163,53/440,23/163,196/440,75/163
1536,和大,2026/06,2026/05/04,2024,Y,汽車工業,運輸,汽車零件,C,45.61,-,1913/2559,91/127,60/82,40/51,57.25,70.68,49.79,21.93,23/127,13/82,70/127,41/82,127/127,82/82
1537,廣隆,2026/06,2026/05/04,2024,N,電機機械,科技與通訊,硬體,C,43.91,-,2051/2559,701/907,325/422,104/123,100,48.99,43.26,41.35,514/907,257/422,687/907,315/422,787/907,354/422
1538,正峰,2026/06,2026/05/04,2024,N,電機機械,消費品,電器製造,C,42.67,-,2139/2559,189/223,25/27,105/123,32.23,42.57,38.24,54.17,162/223,21/27,199/223,25/27,105/223,15/27
1539,巨庭,2026/06,2026/05/04,2024,Y,電機機械,消費品,電器製造,B,57.96,-,779/2559,71/223,12/27,39/123,100,53.31,54.11,64.37,100/223,15/27,102/223,19/27,27/223,3/27
1540,喬福,2026/06,2026/05/04,2024,N,電機機械,消費品,電器製造,B,53.96,↑,1129/2559,106/223,16/27,59/123,73.57,59,60.19,44.81,75/223,11/27,61/223,11/27,177/223,21/27
1541,錩泰,2026/06,2026/05/04,2024,N,電機機械,消費品,電器製造,B,58.28,-,748/2559,67/223,11/27,38/123,74.06,44.76,64.07,58.64,154/223,20/27,45/223,8/27,72/223,9/27
1558,伸興,2026/06,2026/05/04,2024,Y,電機機械,消費品,電器製造,A,70.27,-,112/2559,6/223,1/27,3/123,88.88,78.49,66.15,70.7,13/223,1/27,37/223,7/27,5/223,1/27
1560,中砂,2026/06,2026/05/04,2024,Y,電機機械,科技與通訊,半導體,B+,64.01,-,336/2559,139/907,57/317,12/123,100,62.1,67.85,61.38,247/907,81/317,132/907,56/317,200/907,86/317
1563,巧新,2026/06,2026/05/04,2024,Y,汽車工業,運輸,汽車零件,B,57.62,-,812/2559,42/127,25/82,20/51,83.89,57.92,69.01,48.9,53/127,32/82,22/127,12/82,81/127,54/82
1565,精華,2026/06,2026/05/04,2024,N,生技醫療,醫療保健,醫療設備與用品,B+,60.09,-,602/2559,63/263,26/95,61/267,100,41.32,60.12,71.68,249/263,93/95,73/263,32/95,10/263,5/95
1568,倉佑,2026/06,2026/05/04,2024,N,汽車工業,運輸,汽車零件,B-,49.34,-,1588/2559,72/127,44/82,31/51,100,24.28,57.63,63.75,127/127,82/82,52/127,31/82,24/127,19/82
1569,濱川,2026/06,2026/05/04,2024,N,電腦及週邊,資源轉化,工業機械與物品,C,45.62,-,1912/2559,347/440,108/137,109/125,100,37.47,44.83,52.33,375/440,117/137,331/440,105/137,237/440,68/137
1570,力肯,2026/06,2026/05/04,2024,N,電機機械,消費品,電器製造,B-,51.11,↓,1426/2559,128/223,18/27,76/123,60.44,48.54,57.75,45.2,130/223,17/27,81/223,14/27,174/223,20/27
1580,新麥,2026/06,2026/05/04,2024,Y,電機機械,資源轉化,電氣與電子設備,B,56.37,-,924/2559,170/440,70/163,45/123,84.06,56.17,46.36,64.03,192/440,80/163,314/440,116/163,56/440,28/163
1582,信錦,2026/06,2026/05/04,2024,N,電子零組件,科技與通訊,半導體,B,53.21,-,1211/2559,442/907,160/317,120/234,100,68.31,39.88,56.99,157/907,47/317,762/907,265/317,321/907,129/317
1583,程泰,2026/06,2026/05/04,2024,N,電機機械,資源轉化,工業機械與物品,C,45.72,-,1902/2559,345/440,106/137,98/123,75.38,57.41,45.9,36.82,175/440,61/137,320/440,100/137,420/440,128/137
1584,精剛,2026/06,2026/05/04,2024,Y,其他,資源轉化,工業機械與物品,B+,60.22,-,594/2559,93/440,35/137,26/211,100,52.41,78.29,52.52,226/440,75/137,8/440,4/137,229/440,65/137
1586,和勤,2026/06,2026/05/04,2024,N,電機機械,運輸,汽車零件,B,54.14,-,1117/2559,55/127,33/82,57/123,63.61,49.85,51.11,59.92,73/127,47/82,66/127,38/82,36/127,25/82
1587,吉茂,2026/06,2026/05/04,2024,N,汽車工業,運輸,汽車零件,B-,49.48,-,1579/2559,71/127,43/82,30/51,99.46,54.81,41.71,50.88,62/127,37/82,97/127,64/82,74/127,48/82
1589,永冠-KY,2026/06,2026/05/04,2024,Y,電機機械,資源轉化,工業機械與物品,B-,52.7,-,1273/2559,239/440,74/137,68/123,88.79,57.83,50.63,50.39,170/440,59/137,248/440,73/137,268/440,81/137
1590,亞德客-KY,2026/06,2026/05/04,2024,Y,電機機械,資源轉化,工業機械與物品,B+,63.57,-,362/2559,41/440,14/137,14/123,100,61.09,65.33,64.09,133/440,49/137,61/440,18/137,55/440,12/137
1591,駿吉-KY,2026/06,2026/05/04,2024,N,電機機械,提煉與礦產加工,建築材料,C-,34.35,-,2537/2559,35/36,16/17,122/123,7.95,55.68,28.11,33.91,12/36,7/17,36/36,17/17,36/36,17/17
1593,祺驊,2026/06,2026/05/04,2024,N,運動休閒,消費品,玩具及體育商品,B-,49.5,-,1576/2559,140/223,20/26,27/32,100,46.59,59.66,39.99,141/223,17/26,63/223,12/26,197/223,24/26
1595,川寶,2026/06,2026/05/04,2024,N,電子零組件,資源轉化,電氣與電子設備,C,47.49,-,1759/2559,323/440,129/163,168/234,88.62,49.41,41.95,50.22,256/440,101/163,358/440,133/163,269/440,103/163
1597,直得,2026/06,2026/05/04,2024,N,電機機械,資源轉化,工業機械與物品,B+,61.91,-,466/2559,68/440,23/137,21/123,100,54.78,59.53,69.05,203/440,67/137,133/440,40/137,20/440,5/137
1598,岱宇,2026/06,2026/05/04,2024,Y,運動休閒,消費品,玩具及體育商品,A,66.08,-,231/2559,11/223,5/26,6/32,87.52,78.94,64.19,61.85,12/223,5/26,43/223,6/26,47/223,8/26
1599,宏佳騰,2026/06,2026/05/04,2024,N,電機機械,運輸,汽車,B,54.54,-,1079/2559,53/127,5/10,52/123,66,44.6,60.71,58.1,85/127,5/10,42/127,5/10,42/127,3/10
1603,華電,2026/06,2026/05/04,2024,Y,電器電纜,資源轉化,電氣與電子設備,B,58.11,-,765/2559,138/440,56/163,7/20,100,59.82,55.88,58.49,146/440,63/163,177/440,73/163,121/440,49/163
1604,聲寶,2026/06,2026/05/04,2024,N,電器電纜,消費品,電器製造,B+,64.65,↓,306/2559,23/223,3/27,3/20,100,65.82,72.49,55.63,38/223,4/27,12/223,3/27,90/223,11/27
1605,華新,2026/06,2026/05/04,2024,Y,電器電纜,資源轉化,電氣與電子設備,A,70.32,-,110/2559,7/440,3/163,1/20,98.86,87.16,77.36,52.4,4/440,4/163,10/440,4/163,232/440,90/163
1608,華榮,2026/06,2026/05/04,2024,Y,電器電纜,資源轉化,電氣與電子設備,B-,51.81,↓,1363/2559,257/440,102/163,10/20,100,62.55,50.43,44.8,114/440,47/163,251/440,98/163,359/440,142/163
1609,大亞,2026/06,2026/05/04,2024,Y,電器電纜,資源轉化,電氣與電子設備,A,68.27,-,164/2559,16/440,11/163,2/20,95.89,87.9,71.36,51.23,3/440,3/163,27/440,11/163,251/440,96/163
1611,中電,2026/06,2026/05/04,2024,N,電器電纜,科技與通訊,半導體,C,42.22,-,2181/2559,750/907,265/317,20/20,95.15,59.41,32.45,41.14,293/907,97/317,858/907,300/317,792/907,292/317
1612,宏泰,2026/06,2026/05/04,2024,N,電器電纜,資源轉化,電氣與電子設備,B,58.21,-,757/2559,133/440,55/163,6/20,89.19,67.64,49.75,57.48,68/440,28/163,262/440,101/163,137/440,56/163
1614,三洋電,2026/06,2026/05/04,2024,N,電器電纜,消費品,電器製造,C,47.26,↓,1776/2559,158/223,22/27,15/20,100,46.3,58.05,36.09,142/223,19/27,78/223,13/27,214/223,26/27
1615,大山,2026/06,2026/05/04,2024,N,電器電纜,資源轉化,電氣與電子設備,B-,49.63,-,1562/2559,286/440,115/163,12/20,100,42.93,57.83,48.51,326/440,131/163,152/440,61/163,302/440,113/163
1616,億泰,2026/06,2026/05/04,2024,N,電器電纜,資源轉化,電氣與電子設備,B-,48.71,-,1642/2559,300/440,117/163,14/20,90.13,56.2,43.85,46.74,190/440,79/163,339/440,128/163,326/440,124/163
1617,榮星,2026/06,2026/05/04,2024,N,電器電纜,資源轉化,電氣與電子設備,C,44.63,-,1987/2559,364/440,142/163,17/20,100,51.9,42.64,40.68,228/440,92/163,350/440,131/163,394/440,149/163
1618,合機,2026/06,2026/05/04,2024,N,電器電纜,資源轉化,電氣與電子設備,B,53.45,↑,1188/2559,221/440,92/163,9/20,100,55.5,49.6,54.8,199/440,83/163,265/440,103/163,191/440,72/163
1623,大東電,2026/06,2026/05/04,2024,N,電器電纜,資源轉化,電氣與電子設備,B,58.42,-,735/2559,128/440,52/163,5/20,95.68,71.71,54.73,51.21,39/440,17/163,190/440,75/163,253/440,97/163
1626,艾美特-KY,2026/06,2026/05/04,2024,N,電器電纜,消費品,電器製造,B-,48.97,-,1620/2559,145/223,20/27,13/20,100,36.93,56.39,46.84,202/223,26/27,91/223,16/27,167/223,19/27
1702,南僑,2026/06,2026/05/04,2024,Y,食品工業,食品與飲料,農產品,B+,62.81,-,402/2559,19/87,7/15,18/45,96.81,60.26,69.65,56.55,24/87,9/15,11/87,5/15,30/87,5/15
1707,葡萄王,2026/06,2026/05/04,2024,Y,生技醫療,醫療保健,生物科技與製藥,A+,72.85,-,57/2559,4/263,1/143,4/267,88.09,69.55,76.81,67.67,42/263,19/143,3/263,1/143,25/263,12/143
1708,東鹼,2026/06,2026/05/04,2024,Y,化學工業,資源轉化,化學,B-,52.52,-,1290/2559,242/440,56/113,28/59,97.63,59.39,59.16,42.39,152/440,29/113,136/440,31/113,385/440,96/113
1709,和益,2026/06,2026/05/04,2024,Y,化學工業,資源轉化,化學,B,58.62,↓,723/2559,123/440,31/113,16/59,96.31,63.61,56.03,56.81,105/440,21/113,176/440,46/113,148/440,37/113
1710,東聯,2026/06,2026/05/04,2024,Y,化學工業,資源轉化,化學,B,58.9,↓,696/2559,118/440,28/113,14/59,96.59,73.58,49.06,55.26,27/440,8/113,275/440,74/113,185/440,50/113
1711,永光,2026/06,2026/05/04,2024,Y,化學工業,資源轉化,化學,A,65.69,-,251/2559,26/440,7/113,5/59,100,52.74,75.19,68.28,223/440,51/113,12/440,3/113,26/440,5/113
1712,興農,2026/06,2026/05/04,2024,Y,化學工業,資源轉化,化學,B+,58.99,-,690/2559,116/440,27/113,13/59,100,48.91,56.46,68.45,264/440,66/113,170/440,44/113,25/440,4/113
1713,國化,2026/06,2026/05/04,2024,Y,化學工業,資源轉化,化學,C,46.85,↓,1814/2559,334/440,82/113,47/59,100,38.58,41.83,56.81,367/440,88/113,359/440,94/113,147/440,36/113
1714,和桐,2026/06,2026/05/04,2024,Y,化學工業,資源轉化,化學,B,58.18,-,760/2559,135/440,36/113,18/59,89.89,58.55,62.61,54.58,164/440,34/113,95/440,23/113,198/440,53/113
1717,長興,2026/06,2026/05/04,2024,Y,化學工業,資源轉化,化學,B+,60.54,-,567/2559,87/440,17/113,9/59,100,62.84,57.23,61.29,113/440,24/113,162/440,41/113,85/440,22/113
1718,中纖,2026/06,2026/05/04,2024,Y,化學工業,資源轉化,化學,B-,48.56,-,1654/2559,304/440,74/113,43/59,93.52,63.3,49.83,36.55,107/440,22/113,260/440,70/113,422/440,109/113
1720,生達,2026/06,2026/05/04,2024,N,生技醫療,醫療保健,生物科技與製藥,B+,63.51,-,364/2559,41/263,15/143,41/267,93.86,84.78,59.72,57.24,5/263,2/143,75/263,35/143,84/263,48/143
1721,三晃,2026/06,2026/05/04,2024,Y,化學工業,資源轉化,化學,B-,52.79,↓,1254/2559,234/440,53/113,26/59,90.09,32.08,53.78,67.57,426/440,105/113,204/440,54/113,32/440,8/113
1722,台肥,2026/06,2026/05/04,2024,Y,化學工業,資源轉化,化學,B-,48.78,-,1636/2559,297/440,71/113,41/59,88.6,36.91,55.16,52.9,378/440,92/113,184/440,49/113,222/440,57/113
1723,中碳,2026/06,2026/05/04,2024,Y,化學工業,資源轉化,化學,B,58.26,↓,750/2559,131/440,35/113,17/59,100,71.36,48.68,55.62,42/440,11/113,280/440,75/113,173/440,44/113
1725,元禎,2026/06,2026/05/04,2024,Y,化學工業,資源轉化,化學,B,57,-,861/2559,159/440,42/113,22/59,100,66.92,45.26,58.36,74/440,16/113,326/440,85/113,123/440,30/113
1726,永記,2026/06,2026/05/04,2024,Y,化學工業,資源轉化,化學,B,58.76,-,706/2559,119/440,29/113,15/59,95.89,58,54.68,62.38,168/440,35/113,191/440,51/113,74/440,19/113
1727,中華化,2026/06,2026/05/04,2024,Y,化學工業,資源轉化,化學,B,55.29,-,1014/2559,187/440,44/113,23/59,82.74,42.11,48.34,70.39,339/440,80/113,287/440,78/113,14/440,3/113
1730,花仙子,2026/06,2026/05/04,2024,Y,化學工業,消費品,家用與個人產品,A,65.92,↑,239/2559,12/223,2/23,3/59,100,72.87,62.16,66.58,27/223,1/23,49/223,8/23,19/223,4/23
1731,美吾華,2026/06,2026/05/04,2024,N,生技醫療,醫療保健,生物科技與製藥,B+,59.47,-,647/2559,71/263,34/143,69/267,100,62.81,61.87,53.01,71/263,33/143,60/263,29/143,127/263,74/143
1732,毛寶,2026/06,2026/05/04,2024,Y,化學工業,消費品,家用與個人產品,B-,49.28,-,1593/2559,144/223,16/23,39/59,100,57.24,39.62,55.79,82/223,9/23,187/223,22/23,88/223,15/23
1733,五鼎,2026/06,2026/05/04,2024,N,生技醫療,醫療保健,醫療設備與用品,B+,64.83,-,300/2559,34/263,16/95,34/267,100,70.27,59.37,71.44,39/263,18/95,79/263,33/95,14/263,6/95
1734,杏輝,2026/06,2026/05/04,2024,N,生技醫療,醫療保健,生物科技與製藥,B,58.31,-,743/2559,79/263,39/143,80/267,54.51,58.29,65.25,48.9,84/263,39/143,39/263,17/143,170/263,92/143
1735,日勝化,2026/06,2026/05/04,2024,Y,化學工業,資源轉化,化學,B+,64.04,-,332/2559,33/440,8/113,6/59,94.1,56.15,55.42,76.41,193/440,42/113,182/440,48/113,2/440,1/113
1736,喬山,2026/06,2026/05/04,2024,Y,運動休閒,消費品,玩具及體育商品,B,58.21,↓,755/2559,68/223,11/26,12/32,86.58,51.64,52.95,67.08,110/223,13/26,109/223,14/26,17/223,4/26
1737,臺鹽,2026/06,2026/05/04,2024,Y,食品工業,食品與飲料,加工食品,B+,64.48,-,312/2559,14/87,4/15,14/45,78.74,48.14,74.36,68.51,43/87,6/15,8/87,2/15,7/87,3/15
1742,台蠟,2026/06,2026/05/04,2024,Y,化學工業,資源轉化,化學,C,45.23,-,1939/2559,353/440,87/113,48/59,65.72,49.75,42.66,43.77,253/440,60/113,349/440,90/113,370/440,90/113
1752,南光,2026/06,2026/05/04,2024,N,生技醫療,醫療保健,生物科技與製藥,A,67.53,↑,180/2559,22/263,9/143,21/267,89.4,74.33,65.58,66.89,25/263,12/143,38/263,16/143,28/263,13/143
1760,寶齡富錦,2026/06,2026/05/04,2024,Y,生技醫療,醫療保健,生物科技與製藥,A,69.37,-,137/2559,17/263,7/143,17/267,100,47.43,73.34,75.73,136/263,69/143,7/263,4/143,2/263,1/143
1762,中化生,2026/06,2026/05/04,2024,Y,生技醫療,醫療保健,生物科技與製藥,B+,59.33,↑,659/2559,72/263,35/143,70/267,100,55.94,58.75,62.49,99/263,47/143,83/263,39/143,46/263,23/143
1773,勝一,2026/06,2026/05/04,2024,Y,化學工業,資源轉化,化學,B+,59.28,-,663/2559,109/440,23/113,11/59,100,63.71,59.47,55.83,103/440,20/113,134/440,30/113,170/440,42/113
1776,展宇,2026/06,2026/05/04,2024,Y,化學工業,資源轉化,化學,C,46.93,-,1801/2559,331/440,80/113,46/59,100,35.55,43.18,58.28,383/440,94/113,345/440,89/113,125/440,31/113
1777,生泰,2026/06,2026/05/04,2024,N,生技醫療,醫療保健,生物科技與製藥,A,65.38,-,269/2559,28/263,12/143,27/267,89.27,71.1,60.4,70.91,37/263,17/143,71/263,33/143,15/263,7/143
1781,合世,2026/06,2026/05/04,2024,Y,生技醫療,醫療保健,醫療設備與用品,B-,48.58,-,1653/2559,164/263,68/95,167/267,41.18,51.83,54.51,42.1,121/263,47/95,114/263,49/95,234/263,83/95
1783,和康生,2026/06,2026/05/04,2024,Y,生技醫療,醫療保健,生物科技與製藥,B+,61.96,-,462/2559,48/263,19/143,48/267,67.57,78.74,63.97,47.89,11/263,7/143,45/263,21/143,180/263,99/143
1784,訊聯,2026/06,2026/05/04,2024,N,生技醫療,醫療保健,健康照護提供,A,65.92,-,238/2559,25/263,1/10,24/267,99.99,66.34,78.28,43.08,54/263,3/10,2/263,1/10,221/263,7/10
1785,光洋科,2026/06,2026/05/04,2024,Y,其他電子業,資源轉化,工業機械與物品,A+,72.12,-,75/2559,4/440,1/137,4/114,92.08,83.17,72.21,63.77,6/440,2/137,21/440,8/137,60/440,14/137
1786,科妍,2026/06,2026/05/04,2024,N,生技醫療,醫療保健,醫療設備與用品,B,55.09,↑,1029/2559,100/263,38/95,104/267,100,67.2,57.8,42.6,50/263,23/95,91/263,37/95,227/263,80/95
1788,杏昌,2026/06,2026/05/04,2024,N,生技醫療,醫療保健,醫療設備與用品,B-,52.72,-,1266/2559,120/263,44/95,125/267,75.09,59.92,51.36,50.73,76/263,34/95,143/263,60/95,153/263,50/95
1789,神隆,2026/06,2026/05/04,2024,Y,生技醫療,醫療保健,生物科技與製藥,B,56.2,-,944/2559,96/263,49/143,99/267,100,55.34,54.73,59.42,105/263,51/143,110/263,50/143,65/263,36/143
1795,美時,2026/06,2026/05/04,2024,Y,生技醫療,醫療保健,生物科技與製藥,B+,61.75,-,478/2559,51/263,21/143,50/267,84.18,72.65,50.95,74.71,33/263,15/143,148/263,70/143,5/263,3/143
1796,金穎生技,2026/06,2026/05/04,2024,Y,食品工業,醫療保健,生物科技與製藥,B+,60.23,-,593/2559,61/263,27/143,21/45,100,39.32,68.36,58.37,252/263,134/143,26/263,11/143,73/263,41/143
1799,易威,2026/06,2026/05/04,2024,N,生技醫療,醫療保健,生物科技與製藥,B+,62.77,-,408/2559,45/263,16/143,45/267,100,73.54,60.94,59.43,28/263,13/143,67/263,31/143,64/263,35/143
1802,台玻,2026/06,2026/05/04,2024,Y,玻璃陶瓷,提煉與礦產加工,建築材料,C,47.84,↓,1728/2559,26/36,12/17,4/5,27.32,53.72,53.78,51.58,15/36,9/17,18/36,8/17,22/36,10/17
1805,寶徠,2026/06,2026/05/04,2024,N,建材營造,公共建設,房屋營造,B-,50.56,-,1487/2559,108/177,55/84,64/94,67.09,60.06,48.09,46.33,52/177,23/84,112/177,55/84,132/177,67/84
1806,冠軍,2026/06,2026/05/04,2024,N,玻璃陶瓷,消費品,裝潢材料與家具,C,46.21,-,1861/2559,167/223,17/25,5/5,29.08,45.31,51.19,52.27,150/223,18/25,123/223,13/25,124/223,16/25
1808,潤隆,2026/06,2026/05/04,2024,Y,建材營造,公共建設,房屋營造,B,55.37,-,1009/2559,73/177,34/84,43/94,89.76,57.91,58.09,51.89,61/177,26/84,67/177,31/84,96/177,48/84
1809,中釉,2026/06,2026/05/04,2024,Y,玻璃陶瓷,消費品,裝潢材料與家具,B-,52.48,-,1296/2559,119/223,13/25,2/5,81.08,51.99,58.36,46.39,106/223,14/25,74/223,9/25,168/223,20/25
1810,和成,2026/06,2026/05/04,2024,N,玻璃陶瓷,消費品,裝潢材料與家具,B-,48.05,-,1710/2559,153/223,16/25,3/5,100,50.83,50.8,43.73,116/223,15/25,124/223,14/25,179/223,23/25
1813,寶利徠,2026/06,2026/05/04,2024,N,生技醫療,醫療保健,醫療設備與用品,B,57.68,-,809/2559,82/263,31/95,84/267,100,43.54,55.48,70.46,144/263,52/95,104/263,42/95,17/263,7/95
1815,富喬,2026/06,2026/05/04,2024,N,電子零組件,科技與通訊,硬體,C,43.34,-,2101/2559,722/907,335/422,198/234,88.96,46.28,52.46,32.36,563/907,280/422,438/907,186/422,889/907,411/422
1817,凱撒衛,2026/06,2026/05/04,2024,N,玻璃陶瓷,消費品,裝潢材料與家具,B+,61.59,-,488/2559,35/223,4/25,1/5,100,59.07,60.67,63.8,74/223,9/25,56/223,6/25,30/223,4/25
1903,士紙,2026/06,2026/05/04,2024,Y,造紙工業,可再生資源與替代能源,紙漿與紙製品,C-,39.33,↓,2377/2559,51/55,7/7,7/7,70.54,43.37,41.83,34.59,36/55,7/7,37/55,7/7,54/55,7/7
1904,正隆,2026/06,2026/05/04,2024,Y,造紙工業,可再生資源與替代能源,紙漿與紙製品,B+,60.28,-,589/2559,17/55,5/7,5/7,100,54.37,73.62,57.9,24/55,5/7,5/55,2/7,16/55,4/7
1905,華紙,2026/06,2026/05/04,2024,Y,造紙工業,可再生資源與替代能源,紙漿與紙製品,B+,63.28,-,373/2559,10/55,2/7,2/7,100,60.19,70.65,61.83,16/55,3/7,9/55,4/7,9/55,1/7
1906,寶隆,2026/06,2026/05/04,2024,Y,造紙工業,可再生資源與替代能源,紙漿與紙製品,B,57.74,↓,803/2559,21/55,6/7,6/7,98.19,48.43,65.05,61.48,28/55,6/7,13/55,6/7,10/55,2/7
1907,永豐餘,2026/06,2026/05/04,2024,Y,造紙工業,可再生資源與替代能源,紙漿與紙製品,B+,60.49,-,573/2559,15/55,4/7,4/7,88.67,57.76,71.09,56.96,19/55,4/7,8/55,3/7,18/55,5/7
1909,榮成,2026/06,2026/05/04,2024,Y,造紙工業,可再生資源與替代能源,紙漿與紙製品,B+,63.65,-,357/2559,9/55,1/7,1/7,83.31,75,75.29,47.81,6/55,1/7,4/55,1/7,38/55,6/7
2002,中鋼,2026/06,2026/05/04,2024,Y,鋼鐵工業,提煉與礦產加工,鋼鐵製造商,B,53.21,↑,1209/2559,13/36,5/10,32/57,51.03,40.34,68.11,58.33,31/36,8/10,10/36,5/10,10/36,4/10
2006,東和鋼鐵,2026/06,2026/05/04,2024,Y,鋼鐵工業,提煉與礦產加工,鋼鐵製造商,A+,72.65,-,67/2559,1/36,1/10,1/57,100,69.79,72.52,75.83,5/36,1/10,5/36,2/10,1/36,1/10
2007,燁興,2026/06,2026/05/04,2024,N,鋼鐵工業,資源轉化,工業機械與物品,B-,52.19,-,1325/2559,251/440,77/137,35/57,100,48.67,54.88,52.83,270/440,82/137,189/440,53/137,223/440,63/137
2008,高興昌,2026/06,2026/05/04,2024,Y,鋼鐵工業,資源轉化,工業機械與物品,C,47.29,↓,1775/2559,326/440,101/137,43/57,93.81,42.66,47.13,50.88,329/440,102/137,304/440,93/137,261/440,77/137
2009,第一銅,2026/06,2026/05/04,2024,Y,鋼鐵工業,提煉與礦產加工,金屬與採礦,B-,48.83,-,1633/2559,23/36,3/4,41/57,100,55.46,44.26,44.84,13/36,1/4,23/36,1/4,30/36,4/4
2010,春源,2026/06,2026/05/04,2024,N,鋼鐵工業,資源轉化,工業機械與物品,B,57.12,-,851/2559,156/440,45/137,25/57,100,59.01,63.01,51.28,157/440,54/137,90/440,28/137,249/440,73/137
2012,春雨,2026/06,2026/05/04,2024,Y,鋼鐵工業,資源轉化,工業機械與物品,B,58.15,↓,761/2559,136/440,39/137,22/57,92.62,60.8,58.18,56.13,136/440,50/137,147/440,43/137,164/440,49/137
2013,中鋼構,2026/06,2026/05/04,2024,Y,鋼鐵工業,公共建設,工程與建造服務,B+,63.84,-,349/2559,19/177,9/32,10/57,82.55,79.63,61.99,55.22,4/177,4/32,52/177,16/32,77/177,17/32
2014,中鴻,2026/06,2026/05/04,2024,Y,鋼鐵工業,資源轉化,工業機械與物品,B+,64.45,-,313/2559,28/440,8/137,5/57,95.36,71.14,78.14,49.17,46/440,15/137,9/440,5/137,290/440,89/137
2015,豐興,2026/06,2026/05/04,2024,N,鋼鐵工業,提煉與礦產加工,鋼鐵製造商,B-,50.63,-,1479/2559,21/36,7/10,38/57,87.6,45.57,56.43,52.09,26/36,6/10,15/36,7/10,21/36,7/10
2017,官田鋼,2026/06,2026/05/04,2024,N,鋼鐵工業,資源轉化,工業機械與物品,C,42.67,-,2138/2559,377/440,116/137,48/57,100,35.09,55,39.12,387/440,120/137,186/440,51/137,403/440,122/137
2020,美亞,2026/06,2026/05/04,2024,Y,鋼鐵工業,資源轉化,工業機械與物品,B-,51.08,-,1429/2559,267/440,84/137,37/57,86.22,63.38,38.7,51.14,106/440,36/137,391/440,125/137,255/440,76/137
2022,聚亨,2026/06,2026/05/04,2024,N,鋼鐵工業,提煉與礦產加工,鋼鐵製造商,B,55.55,-,996/2559,10/36,4/10,28/57,100,65.17,35.9,58.79,8/36,2/10,32/36,10/10,9/36,3/10
2023,燁輝,2026/06,2026/05/04,2024,Y,鋼鐵工業,資源轉化,工業機械與物品,B+,59.45,-,653/2559,106/440,37/137,18/57,92.83,67.34,65.06,49.31,71/440,25/137,64/440,19/137,285/440,88/137
2024,志聯,2026/06,2026/05/04,2024,N,鋼鐵工業,資源轉化,工業機械與物品,C,46.41,-,1851/2559,338/440,103/137,45/57,100,43.34,49.42,46.46,320/440,97/137,269/440,77/137,334/440,103/137
2025,千興,2026/06,2026/05/04,2024,N,鋼鐵工業,資源轉化,工業機械與物品,C-,35.52,-,2514/2559,433/440,135/137,56/57,82.13,36.66,41.21,30.4,379/440,118/137,361/440,115/137,436/440,135/137
2027,大成鋼,2026/06,2026/05/04,2024,Y,鋼鐵工業,資源轉化,工業機械與物品,B+,62.81,-,403/2559,51/440,17/137,11/57,100,70.98,56.24,61.6,48/440,16/137,172/440,45/137,83/440,24/137
2028,威致,2026/06,2026/05/04,2024,Y,鋼鐵工業,提煉與礦產加工,鋼鐵製造商,B-,52.29,-,1316/2559,15/36,6/10,34/57,66.57,36.39,63.9,61.44,33/36,10/10,12/36,6/10,6/36,2/10
2029,盛餘,2026/06,2026/05/04,2024,Y,鋼鐵工業,資源轉化,工業機械與物品,B+,64.27,-,319/2559,31/440,11/137,8/57,92.61,67.51,53.9,69.62,70/440,24/137,202/440,58/137,17/440,3/137
2030,彰源,2026/06,2026/05/04,2024,N,鋼鐵工業,資源轉化,工業機械與物品,C-,37.95,-,2440/2559,421/440,130/137,55/57,100,36.53,49.72,30.17,381/440,119/137,263/440,76/137,437/440,136/137
2031,新光鋼,2026/06,2026/05/04,2024,Y,鋼鐵工業,資源轉化,工業機械與物品,B+,62.36,-,439/2559,60/440,21/137,13/57,100,75.35,56.17,57.26,20/440,5/137,174/440,47/137,139/440,41/137
2032,新鋼,2026/06,2026/05/04,2024,N,鋼鐵工業,資源轉化,工業機械與物品,C,45.99,-,1878/2559,343/440,105/137,46/57,100,61.17,44.99,35.34,131/440,48/137,329/440,104/137,425/440,130/137
2033,佳大,2026/06,2026/05/04,2024,N,鋼鐵工業,資源轉化,工業機械與物品,C-,40.99,↓,2274/2559,399/440,122/137,51/57,97.28,40.11,46.48,37.54,349/440,113/137,311/440,96/137,413/440,125/137
2034,允強,2026/06,2026/05/04,2024,Y,鋼鐵工業,資源轉化,工業機械與物品,B,58.18,↓,759/2559,134/440,38/137,21/57,100,65.23,53.19,56.65,88/440,31/137,218/440,62/137,154/440,47/137
2035,唐榮,2026/06,2026/05/04,2024,N,鋼鐵工業,提煉與礦產加工,鋼鐵製造商,B,58.42,-,734/2559,8/36,3/10,19/57,79.76,56.37,69.42,53.01,11/36,4/10,8/36,3/10,19/36,6/10
2038,海光,2026/06,2026/05/04,2024,Y,鋼鐵工業,提煉與礦產加工,鋼鐵製造商,C,45.92,-,1883/2559,29/36,9/10,47/57,79.56,46.41,41.25,48.64,23/36,5/10,26/36,9/10,25/36,8/10
2049,上銀,2026/06,2026/05/04,2024,Y,電機機械,資源轉化,工業機械與物品,A,70.49,↓,106/2559,6/440,2/137,2/123,100,76.23,67.33,68.56,17/440,4/137,48/440,15/137,23/440,6/137
2059,川湖,2026/06,2026/05/04,2024,Y,電子零組件,資源轉化,工業機械與物品,B+,60.84,↑,549/2559,82/440,31/137,49/234,100,58.8,47.98,72.02,160/440,56/137,288/440,85/137,8/440,2/137
2061,風青,2026/06,2026/05/04,2024,N,電器電纜,提煉與礦產加工,金屬與採礦,C,42.58,↑,2148/2559,32/36,4/4,18/20,53.52,45.69,34.03,45.16,25/36,4/4,33/36,4/4,28/36,3/4
2062,橋椿,2026/06,2026/05/04,2024,Y,居家生活,消費品,裝潢材料與家具,A,64.97,↑,290/2559,21/223,2/25,2/37,100,64.57,69.39,60.41,41/223,3/25,18/223,2/25,55/223,6/25
2063,世鎧,2026/06,2026/05/04,2024,Y,鋼鐵工業,資源轉化,工業機械與物品,B,57.55,-,818/2559,147/440,42/137,23/57,98.67,54.82,63.53,55.11,202/440,66/137,82/440,26/137,188/440,53/137
2064,晉椿,2026/06,2026/05/04,2024,Y,鋼鐵工業,資源轉化,工業機械與物品,B-,49.55,-,1570/2559,290/440,91/137,40/57,100,40.33,59.41,49.08,347/440,112/137,135/440,41/137,292/440,90/137
2065,世豐,2026/06,2026/05/04,2024,N,鋼鐵工業,資源轉化,工業機械與物品,B+,61.55,-,490/2559,73/440,26/137,14/57,100,61.95,70.57,54.47,123/440,43/137,31/440,10/137,200/440,55/137
2066,世德,2026/06,2026/05/04,2024,N,電機機械,運輸,汽車零件,B-,49.25,-,1595/2559,74/127,46/82,85/123,66.41,51.71,44.49,50.76,66/127,41/82,88/127,55/82,76/127,50/82
2067,嘉鋼,2026/06,2026/05/04,2024,N,電機機械,資源轉化,工業機械與物品,C,44.72,-,1982/2559,363/440,113/137,103/123,74.75,41.99,53.69,40.04,341/440,108/137,207/440,60/137,400/440,121/137
2069,運錩,2026/06,2026/05/04,2024,N,鋼鐵工業,資源轉化,工業機械與物品,B+,60.66,-,559/2559,85/440,33/137,17/57,100,83.49,49.9,51.62,5/440,1/137,257/440,75/137,242/440,71/137
2070,精湛,2026/06,2026/05/04,2024,N,電機機械,資源轉化,電氣與電子設備,B+,59.35,↑,658/2559,108/440,43/163,33/123,100,62.47,60.09,56.45,116/440,48/163,124/440,52/163,161/440,63/163
2072,世紀風電,2026/06,2026/05/04,2024,Y,鋼鐵工業,可再生資源與替代能源,風力科技與項目開發商,B,58.22,↓,754/2559,18/55,2/8,20/57,92.76,59.22,78.41,46.33,17/55,3/8,2/55,2/8,41/55,6/8
2073,雄順,2026/06,2026/05/04,2024,N,鋼鐵工業,資源轉化,工業機械與物品,C,41.49,-,2239/2559,393/440,120/137,50/57,100,34.78,38.44,48.81,391/440,122/137,394/440,126/137,295/440,91/137
2101,南港,2026/06,2026/05/04,2024,Y,橡膠工業,運輸,汽車零件,A,65.26,↑,277/2559,20/127,13/82,3/12,100,82.79,65.65,50.59,1/127,1/82,33/127,19/82,77/127,51/82
2102,泰豐,2026/06,2026/05/04,2024,N,橡膠工業,運輸,汽車零件,C,44.37,↑,2012/2559,97/127,66/82,10/12,33.5,28.1,61.87,51.68,124/127,81/82,39/127,24/82,71/127,46/82
2103,台橡,2026/06,2026/05/04,2024,Y,橡膠工業,資源轉化,化學,B,58.65,↓,718/2559,121/440,30/113,5/12,96.18,64.26,44.21,65.27,95/440,19/113,337/440,87/113,49/440,15/113
2104,國際中橡,2026/06,2026/05/04,2024,Y,橡膠工業,資源轉化,化學,B+,62.59,-,422/2559,56/440,12/113,4/12,88.24,57.15,81.12,52.78,179/440,39/113,5/440,1/113,226/440,58/113
2105,正新,2026/06,2026/05/04,2024,Y,橡膠工業,運輸,汽車零件,A+,74.66,-,32/2559,2/127,2/82,1/12,94.49,76.85,75.03,72.58,11/127,7/82,7/127,3/82,3/127,3/82
2106,建大,2026/06,2026/05/04,2024,Y,橡膠工業,運輸,汽車零件,A,68.36,-,163/2559,10/127,7/82,2/12,100,73.29,67.82,64.7,17/127,10/82,25/127,14/82,19/127,16/82
2107,厚生,2026/06,2026/05/04,2024,N,橡膠工業,資源轉化,化學,B-,52.43,↓,1303/2559,243/440,57/113,7/12,93.98,56.45,49.52,51.59,188/440,40/113,266/440,71/113,243/440,61/113
2108,南帝,2026/06,2026/05/04,2024,Y,橡膠工業,資源轉化,化學,B-,50.51,↓,1496/2559,275/440,64/113,8/12,100,56.05,43.74,51.42,195/440,43/113,340/440,88/113,247/440,62/113
2109,華豐,2026/06,2026/05/04,2024,N,橡膠工業,運輸,汽車零件,C-,38.94,↓,2402/2559,115/127,76/82,12/12,100,31.37,54.24,33.78,106/127,70/82,60/127,35/82,122/127,79/82
2114,鑫永銓,2026/06,2026/05/04,2024,N,橡膠工業,資源轉化,工業機械與物品,B,53.16,-,1215/2559,224/440,67/137,6/12,100,48.35,46.57,61.71,273/440,83/137,310/440,95/137,82/440,23/137
2115,六暉-KY,2026/06,2026/05/04,2024,N,汽車工業,運輸,汽車零件,B,54.54,-,1078/2559,52/127,31/82,25/51,100,37.93,54.79,67.99,92/127,62/82,56/127,33/82,10/127,9/82
2201,裕隆,2026/06,2026/05/04,2024,Y,汽車工業,運輸,汽車,A+,73.08,-,54/2559,6/127,1/10,2/51,100,80.64,88.54,55.37,5/127,1/10,1/127,1/10,54/127,4/10
2204,中華,2026/06,2026/05/04,2024,Y,汽車工業,運輸,汽車,A,67.41,-,183/2559,15/127,2/10,6/51,99.63,75.77,67,60.86,12/127,3/10,29/127,4/10,33/127,2/10
2206,三陽工業,2026/06,2026/05/04,2024,Y,汽車工業,運輸,汽車,A,67.05,-,196/2559,16/127,3/10,7/51,87.97,78.17,73.34,53.24,7/127,2/10,11/127,2/10,63/127,5/10
2207,和泰車,2026/06,2026/05/04,2024,Y,汽車工業,消費品,多線和專業零售商與配銷商,A+,74.48,-,34/2559,2/223,1/53,1/51,85.36,79.48,85.05,60.67,10/223,2/53,2/223,1/53,54/223,10/53
2208,台船,2026/06,2026/05/04,2024,N,航運業,資源轉化,工業機械與物品,B,58.08,↓,767/2559,139/440,40/137,16/37,90.4,56.65,67.58,52.04,185/440,63/137,45/440,14/137,240/440,69/137
2211,長榮鋼,2026/06,2026/05/04,2024,Y,鋼鐵工業,資源轉化,工業機械與物品,B+,60.86,-,545/2559,81/440,30/137,16/57,99.2,71.24,54.28,58,44/440,13/137,194/440,55/137,129/440,38/137
2221,大甲,2026/06,2026/05/04,2024,Y,其他,資源轉化,工業機械與物品,B,55.03,-,1032/2559,190/440,54/137,55/211,99.84,64,42.35,57.82,97/440,34/137,356/440,113/137,133/440,39/137
2227,裕日車,2026/06,2026/05/04,2024,Y,汽車工業,消費品,多線和專業零售商與配銷商,B+,63.24,-,377/2559,28/223,5/53,11/51,85.74,63.46,70.18,55.66,46/223,13/53,14/223,5/53,89/223,17/53
2228,劍麟,2026/06,2026/05/04,2024,Y,汽車工業,運輸,汽車零件,B+,60.69,-,558/2559,38/127,21/82,16/51,100,56.41,62.65,62.74,58/127,35/82,37/127,22/82,27/127,20/82
2230,泰茂,2026/06,2026/05/04,2024,Y,電機機械,運輸,汽車零件,B-,50.41,-,1504/2559,69/127,42/82,82/123,68.22,65.78,43.61,42.86,36/127,18/82,90/127,57/82,107/127,71/82
2231,為升,2026/06,2026/05/04,2024,Y,汽車工業,運輸,汽車零件,B,56.15,-,952/2559,46/127,27/82,21/51,75.62,53.73,71.56,46.67,64/127,39/82,15/127,9/82,90/127,58/82
2233,宇隆,2026/06,2026/05/04,2024,N,汽車工業,運輸,汽車零件,B,55.97,↓,968/2559,48/127,28/82,22/51,61.53,54.96,58.65,54.81,61/127,36/82,45/127,27/82,57/127,36/82
2235,謚源,2026/06,2026/05/04,2024,N,電機機械,運輸,汽車零件,C-,37.03,-,2469/2559,117/127,78/82,115/123,100,34.83,28.47,45.21,101/127,68/82,122/127,78/82,97/127,63/82
2236,百達-KY,2026/06,2026/05/04,2024,N,汽車工業,運輸,汽車零件,C,45.82,↓,1893/2559,89/127,58/82,39/51,69.82,46.93,48.81,42.69,79/127,52/82,72/127,43/82,108/127,72/82
2239,英利-KY,2026/06,2026/05/04,2024,N,汽車工業,運輸,汽車零件,B-,49.33,-,1589/2559,73/127,45/82,32/51,91.79,59.66,33.92,52.32,47/127,27/82,115/127,74/82,69/127,44/82
2241,艾姆勒,2026/06,2026/05/04,2024,N,汽車工業,運輸,汽車零件,B,55.92,-,973/2559,49/127,29/82,23/51,100,57.79,51.06,58.01,54/127,33/82,67/127,39/82,43/127,29/82
2243,宏旭-KY,2026/06,2026/05/04,2024,N,汽車工業,運輸,汽車零件,C,44.06,-,2035/2559,98/127,67/82,43/51,70.48,58.03,34.3,39.85,52/127,31/82,114/127,73/82,113/127,75/82
2247,汎德永業,2026/06,2026/05/04,2024,N,汽車工業,消費品,多線和專業零售商與配銷商,B,57.92,-,783/2559,72/223,17/53,17/51,100,60.61,52.3,62.67,61/223,16/53,117/223,26/53,42/223,8/53
2248,華勝-KY,2026/06,2026/05/04,,N,汽車工業,運輸,汽車零件,C,47.32,↓,1774/2559,80/127,50/82,36/51,99.44,43.21,45.35,52.15,88/127,59/82,83/127,51/82,70/127,45/82
2250,IKKA-KY,2026/06,2026/05/04,2024,N,汽車工業,運輸,汽車零件,C,45.21,-,1941/2559,93/127,62/82,41/51,96.13,45.82,42.82,46.5,84/127,56/82,94/127,61/82,91/127,59/82
2301,光寶科,2026/06,2026/05/04,2024,Y,電腦及週邊,科技與通訊,硬體,A,69.15,-,143/2559,60/907,23/422,12/125,98.57,85.88,70.02,57.7,19/907,9/422,101/907,38/422,297/907,130/422
2302,麗正,2026/06,2026/05/04,2024,N,半導體,科技與通訊,半導體,C,42.63,-,2145/2559,736/907,259/317,195/235,100,44.68,35.98,47.97,598/907,202/317,827/907,291/317,615/907,237/317
2303,聯電,2026/06,2026/05/04,2024,Y,半導體,科技與通訊,半導體,A+,73.2,-,52/2559,25/907,8/317,8/235,99.09,68.94,84.56,64.52,145/907,40/317,5/907,3/317,123/907,53/317
2305,全友,2026/06,2026/05/04,2024,N,電腦及週邊,科技與通訊,硬體,B-,50.2,-,1525/2559,539/907,240/422,92/125,76.82,39.13,48.15,59.25,706/907,348/422,550/907,234/422,262/907,116/422
2308,台達電,2026/06,2026/05/04,2024,Y,電子零組件,科技與通訊,硬體,A+,78.64,-,6/2559,5/907,1/422,1/234,87.95,91.86,74.99,73.95,1/907,1/422,55/907,18/422,14/907,6/422
2312,金寶,2026/06,2026/05/04,2024,Y,其他電子業,科技與通訊,電子製造服務與原廠設計製造,A,67.79,-,175/2559,74/907,7/53,6/114,99.72,77.08,77.35,52.36,68/907,9/53,37/907,4/53,487/907,30/53
2313,華通,2026/06,2026/05/04,2024,Y,電子零組件,科技與通訊,硬體,A,65.41,-,267/2559,115/907,44/422,20/234,100,72.13,73.68,52.91,108/907,56/422,65/907,25/422,467/907,202/422
2314,台揚,2026/06,2026/05/04,2024,N,通信網路業,科技與通訊,硬體,B-,50.87,↓,1450/2559,511/907,229/422,66/100,74.81,53.08,53.62,46.73,425/907,217/422,409/907,173/422,654/907,295/422
2316,楠梓電,2026/06,2026/05/04,2024,N,電子零組件,科技與通訊,硬體,B,54.24,-,1106/2559,396/907,174/422,108/234,100,51.22,54.32,56.06,453/907,227/422,387/907,161/422,354/907,156/422
2317,鴻海,2026/06,2026/05/04,2024,Y,其他電子業,科技與通訊,電子製造服務與原廠設計製造,A,67.32,-,190/2559,81/907,8/53,8/114,78.82,82.3,67.69,57.47,42/907,8/53,135/907,11/53,309/907,15/53
2321,東訊,2026/06,2026/05/04,2024,N,通信網路業,科技與通訊,硬體,C-,38.98,-,2398/2559,840/907,393/422,95/100,100,35.89,37.74,42.18,752/907,370/422,798/907,367/422,770/907,347/422
2323,中環,2026/06,2026/05/04,2024,N,光電業,科技與通訊,硬體,B+,60.64,-,561/2559,206/907,85/422,23/141,100,67.33,63.2,53.85,170/907,84/422,210/907,74/422,430/907,191/422
2324,仁寶,2026/06,2026/05/04,2024,Y,電腦及週邊,科技與通訊,電子製造服務與原廠設計製造,B+,63.18,↓,379/2559,151/907,16/53,26/125,90.84,87.09,53.33,57.93,15/907,5/53,415/907,31/53,289/907,13/53
2327,國巨*,2026/06,2026/05/04,2024,Y,電子零組件,科技與通訊,半導體,B+,64.32,-,316/2559,133/907,54/317,23/234,86.93,85.46,67.04,48.25,20/907,5/317,147/907,61/317,608/907,232/317
2328,廣宇,2026/06,2026/05/04,2024,Y,電子零組件,資源轉化,電氣與電子設備,A,69.41,-,136/2559,12/440,7/163,12/234,100,74.26,70.22,65.16,25/440,11/163,34/440,14/163,50/440,24/163
2329,華泰,2026/06,2026/05/04,2024,Y,半導體,科技與通訊,半導體,A,66.62,-,212/2559,93/907,39/317,36/235,99.62,52.94,74.94,66.95,429/907,142/317,56/907,26/317,86/907,34/317
2330,台積電,2026/06,2026/05/04,2024,Y,半導體,科技與通訊,半導體,A+,78.86,-,4/2559,3/907,1/317,1/235,69.63,90.28,91.41,65.17,5/907,1/317,1/907,1/317,115/907,49/317
2331,精英,2026/06,2026/05/04,2024,Y,電腦及週邊,科技與通訊,硬體,B+,60.96,-,536/2559,198/907,81/422,35/125,84.18,61.36,62.8,58.86,256/907,131/422,219/907,80/422,275/907,122/422
2332,友訊,2026/06,2026/05/04,2024,Y,通信網路業,科技與通訊,硬體,B+,61.08,-,524/2559,191/907,77/422,28/100,87.57,68.47,57.66,59.85,153/907,77/422,322/907,127/422,239/907,103/422
2337,旺宏,2026/06,2026/05/04,2024,Y,半導體,科技與通訊,半導體,A+,71.51,-,85/2559,42/907,18/317,16/235,100,61.1,80.2,69.41,260/907,85/317,20/907,9/317,45/907,22/317
2338,光罩,2026/06,2026/05/04,2024,Y,半導體,科技與通訊,半導體,B+,63.85,-,347/2559,142/907,59/317,49/235,90.56,59.56,66.34,64.06,290/907,96/317,156/907,64/317,132/907,56/317
2340,台亞,2026/06,2026/05/04,2024,Y,半導體,科技與通訊,半導體,B,58.23,↓,752/2559,274/907,105/317,85/235,100,53.94,53.97,65.2,406/907,135/317,398/907,142/317,114/907,48/317
2342,茂矽,2026/06,2026/05/04,2024,N,半導體,科技與通訊,半導體,B,56.27,-,939/2559,340/907,127/317,101/235,100,60.27,54.06,55.95,278/907,92/317,394/907,140/317,357/907,146/317
2344,華邦電,2026/06,2026/05/04,2024,Y,半導體,科技與通訊,半導體,A+,73.51,-,51/2559,24/907,7/317,7/235,99.22,85.89,81.74,57.47,18/907,4/317,11/907,6/317,310/907,127/317
2345,智邦,2026/06,2026/05/04,2024,Y,通信網路業,科技與通訊,硬體,A+,76.04,-,16/2559,8/907,4/422,2/100,100,83.5,77.91,69.47,35/907,16/422,32/907,9/422,43/907,15/422
2347,聯強,2026/06,2026/05/04,2024,Y,電子通路業,消費品,多線和專業零售商與配銷商,B+,59.45,-,650/2559,56/223,12/53,9/39,89.55,80.88,58.58,49.95,7/223,1/53,72/223,16/53,139/223,26/53
2348,海悅,2026/06,2026/05/04,2024,Y,其他,公共建設,房屋營造,A,65.88,↑,241/2559,12/177,2/84,10/211,85.59,72.54,69.71,59.02,11/177,3/84,21/177,5/84,53/177,27/84
2349,錸德,2026/06,2026/05/04,2024,N,光電業,科技與通訊,硬體,B-,49.41,-,1586/2559,559/907,252/422,74/141,100,61.76,44.24,46.79,252/907,128/422,659/907,294/422,652/907,293/422
2351,順德,2026/06,2026/05/04,2024,Y,半導體,科技與通訊,半導體,A,65.56,-,258/2559,110/907,43/317,38/235,100,58.49,63.98,71.6,318/907,104/317,200/907,81/317,24/907,11/317
2352,佳世達,2026/06,2026/05/04,2024,Y,電腦及週邊,科技與通訊,硬體,A+,72.66,-,64/2559,31/907,13/422,8/125,96.94,81.47,80.5,59.25,49/907,22/422,17/907,6/422,263/907,117/422
2353,宏碁,2026/06,2026/05/04,2024,Y,電腦及週邊,科技與通訊,硬體,A+,73.9,-,43/2559,22/907,11/422,5/125,84.88,84.82,85.34,55.56,24/907,11/422,3/907,1/422,369/907,161/422
2354,鴻準,2026/06,2026/05/04,2024,Y,其他電子業,科技與通訊,硬體,B+,64.66,-,305/2559,128/907,49/422,16/114,87.94,60.45,70.37,61.61,274/907,142/422,96/907,35/422,193/907,81/422
2355,敬鵬,2026/06,2026/05/04,2024,N,電子零組件,科技與通訊,硬體,B,57.9,-,788/2559,285/907,122/422,72/234,95.88,60.82,53.73,60.24,266/907,137/422,405/907,170/422,233/907,99/422
2356,英業達,2026/06,2026/05/04,2024,Y,電腦及週邊,科技與通訊,電子製造服務與原廠設計製造,A+,81.75,-,1/2559,1/907,1/53,1/125,86.25,90.24,80.59,77.55,6/907,1/53,16/907,1/53,4/907,1/53
2357,華碩,2026/06,2026/05/04,2024,Y,電腦及週邊,科技與通訊,硬體,A+,75.58,-,20/2559,11/907,6/422,3/125,78.87,90.12,74.85,67.11,7/907,4/422,59/907,19/422,81/907,33/422
2359,所羅門,2026/06,2026/05/04,2024,Y,其他電子業,資源轉化,電氣與電子設備,B+,61.98,-,461/2559,66/440,29/163,25/114,94.06,66.74,62.45,58.07,75/440,32/163,99/440,43/163,128/440,51/163
2360,致茂,2026/06,2026/05/04,2024,Y,其他電子業,科技與通訊,半導體,A+,72.36,↑,73/2559,36/907,15/317,3/114,90.45,69.99,77.89,68.32,131/907,36/317,33/907,16/317,61/907,29/317
2362,藍天,2026/06,2026/05/04,2024,Y,電腦及週邊,科技與通訊,硬體,B,53.84,-,1141/2559,414/907,182/422,71/125,100,67,52.02,47.34,172/907,86/422,452/907,192/422,635/907,286/422
2363,矽統,2026/06,2026/05/04,2024,N,半導體,科技與通訊,半導體,C,42.25,-,2180/2559,749/907,264/317,199/235,100,32.86,43.59,46.83,881/907,303/317,679/907,233/317,651/907,249/317
2364,倫飛,2026/06,2026/05/04,2024,Y,電腦及週邊,科技與通訊,硬體,B,53.46,↑,1186/2559,430/907,189/422,74/125,100,53.38,45.62,61.37,413/907,210/422,629/907,276/422,201/907,85/422
2365,昆盈,2026/06,2026/05/04,2024,N,電腦及週邊,科技與通訊,硬體,B-,48.66,-,1647/2559,580/907,267/422,99/125,100,50.42,43.06,53.16,472/907,235/422,694/907,318/422,459/907,200/422
2367,燿華,2026/06,2026/05/04,2024,Y,電子零組件,科技與通訊,硬體,B-,49.05,-,1614/2559,569/907,259/422,156/234,100,58.91,43.08,48.8,311/907,161/422,692/907,317/422,598/907,266/422
2368,金像電,2026/06,2026/05/04,2024,Y,電子零組件,科技與通訊,硬體,B+,59.24,-,666/2559,241/907,103/422,57/234,87.45,79.66,49.82,55.76,56/907,29/422,516/907,218/422,362/907,160/422
2369,菱生,2026/06,2026/05/04,2024,N,半導體,科技與通訊,半導體,B-,50.38,-,1506/2559,532/907,193/317,147/235,100,43.26,46.47,58.78,626/907,214/317,603/907,215/317,277/907,116/317
2371,大同,2026/06,2026/05/04,2024,Y,電機機械,資源轉化,電氣與電子設備,B+,62.07,↓,455/2559,64/440,28/163,20/123,72.26,65.07,71.45,52.79,90/440,39/163,26/440,10/163,225/440,87/163
2373,震旦行,2026/06,2026/05/04,2024,Y,其他電子業,消費品,多線和專業零售商與配銷商,B,58.11,↓,763/2559,69/223,15/53,39/114,100,50.4,66.76,52.55,118/223,28/53,34/223,9/53,118/223,23/53
2374,佳能,2026/06,2026/05/04,2024,Y,光電業,科技與通訊,硬體,B-,52.86,↓,1248/2559,456/907,201/422,56/141,100,55.13,56.93,47.35,376/907,191/422,334/907,131/422,634/907,285/422
2375,凱美,2026/06,2026/05/04,2024,N,電子零組件,科技與通訊,半導體,B,55.24,-,1018/2559,371/907,136/317,100/234,100,56.92,67.29,42.14,355/907,119/317,144/907,60/317,771/907,288/317
2376,技嘉,2026/06,2026/05/04,2024,Y,電腦及週邊,科技與通訊,硬體,A,70.97,-,99/2559,48/907,18/422,11/125,99.73,81.62,67.46,67.76,47/907,20/422,141/907,53/422,69/907,26/422
2377,微星,2026/06,2026/05/04,2024,Y,電腦及週邊,科技與通訊,硬體,A,67.96,-,172/2559,73/907,29/422,14/125,95.75,84.01,70.7,55.1,28/907,14/422,88/907,30/422,385/907,170/422
2379,瑞昱,2026/06,2026/05/04,2024,Y,半導體,科技與通訊,半導體,A+,74.9,-,27/2559,13/907,4/317,4/235,98.65,88.57,69.93,71.24,11/907,3/317,106/907,44/317,26/907,13/317
2380,虹光,2026/06,2026/05/04,2024,N,電腦及週邊,科技與通訊,硬體,B-,52.06,↑,1338/2559,479/907,212/422,79/125,60.32,49.02,66.34,39.7,513/907,256/422,157/907,59/422,816/907,369/422
2382,廣達,2026/06,2026/05/04,2024,Y,電腦及週邊,科技與通訊,電子製造服務與原廠設計製造,A,66.92,-,204/2559,90/907,9/53,17/125,99.1,69.81,71.03,60.99,133/907,18/53,83/907,6/53,210/907,9/53
2383,台光電,2026/06,2026/05/04,2024,Y,電子零組件,科技與通訊,硬體,B,58.45,-,731/2559,264/907,112/422,61/234,100,46.7,61.95,62.36,558/907,278/422,234/907,86/422,173/907,68/422
2385,群光,2026/06,2026/05/04,2024,Y,電子零組件,科技與通訊,硬體,A,66.23,-,222/2559,99/907,37/422,16/234,94.79,75.45,70.39,56.25,77/907,37/422,94/907,34/422,346/907,153/422
2387,精元,2026/06,2026/05/04,2024,Y,電腦及週邊,科技與通訊,硬體,A,68.39,-,161/2559,66/907,25/422,13/125,100,71.69,73.57,61.12,113/907,61/422,66/907,26/422,206/907,90/422
2388,威盛,2026/06,2026/05/04,2024,Y,半導體,科技與通訊,半導體,B+,61.76,-,477/2559,178/907,74/317,60/235,100,70,52.18,66.12,130/907,35/317,446/907,160/317,96/907,41/317
2390,云辰,2026/06,2026/05/04,2024,N,其他電子業,資源轉化,電氣與電子設備,C,47.14,-,1784/2559,328/440,131/163,85/114,100,48.68,48.37,45.06,269/440,107/163,285/440,107/163,351/440,137/163
2392,正崴,2026/06,2026/05/04,2024,Y,電子零組件,科技與通訊,硬體,B+,59.71,-,626/2559,225/907,94/422,56/234,86.04,83.6,47.29,57.05,33/907,15/422,578/907,250/422,319/907,144/422
2393,億光,2026/06,2026/05/04,2024,Y,光電業,科技與通訊,半導體,B,57.51,-,819/2559,294/907,111/317,34/141,85.86,54.84,53.01,63.7,385/907,128/317,423/907,151/317,135/907,59/317
2395,研華,2026/06,2026/05/04,2024,Y,電腦及週邊,科技與通訊,硬體,A+,76.47,-,12/2559,7/907,3/422,2/125,100,85.26,81.35,66.05,21/907,10/422,14/907,5/422,98/907,38/422
2397,友通,2026/06,2026/05/04,2024,Y,電腦及週邊,科技與通訊,硬體,A,65.84,-,243/2559,107/907,41/422,20/125,99.99,68.15,70.02,60.2,160/907,81/422,100/907,37/422,234/907,100/422
2399,映泰,2026/06,2026/05/04,2024,N,電腦及週邊,科技與通訊,硬體,B,58.79,-,704/2559,257/907,110/422,47/125,100,62.38,67.65,47.66,239/907,121/422,136/907,51/422,625/907,279/422
2401,凌陽,2026/06,2026/05/04,2024,N,半導體,科技與通訊,半導體,B,58.64,↓,720/2559,260/907,100/317,81/235,100,57.06,57.47,60.82,349/907,117/317,325/907,121/317,218/907,93/317
2402,毅嘉,2026/06,2026/05/04,2024,N,電子零組件,科技與通訊,硬體,B,56.31,-,932/2559,337/907,147/422,89/234,100,72.37,45.41,57.08,104/907,52/422,632/907,278/422,316/907,142/422
2404,漢唐,2026/06,2026/05/04,2024,Y,其他電子業,科技與通訊,半導體,B-,50.7,-,1472/2559,519/907,188/317,62/114,93.79,62.65,43.18,50.68,234/907,78/317,689/907,237/317,549/907,213/317
2405,輔信,2026/06,2026/05/04,2024,Y,電腦及週邊,科技與通訊,硬體,C,46.31,-,1854/2559,655/907,301/422,108/125,99.45,47.82,43.5,48.16,532/907,266/422,684/907,312/422,613/907,273/422
2406,國碩,2026/06,2026/05/04,2024,N,光電業,可再生資源與替代能源,太陽能科技與項目開發商,B-,48.45,-,1664/2559,30/55,17/29,82/141,99.24,45.14,39.43,56.15,34/55,19/29,42/55,22/29,20/55,11/29
2408,南亞科,2026/06,2026/05/04,2024,Y,半導體,科技與通訊,半導體,A,68.36,-,162/2559,67/907,28/317,26/235,94.97,59.12,79.86,62.68,301/907,99/317,21/907,10/317,159/907,73/317
2409,友達,2026/06,2026/05/04,2024,Y,光電業,科技與通訊,硬體,A+,74.78,-,31/2559,17/907,9/422,3/141,100,84.49,79.2,64.22,25/907,12/422,24/907,7/422,128/907,51/422
2412,中華電,2026/06,2026/05/04,2024,Y,通信網路業,科技與通訊,電訊服務,A+,80.41,-,2/2559,2/907,1/7,1/100,83.18,90.98,79.82,74.33,3/907,1/7,22/907,3/7,10/907,1/7
2413,環科,2026/06,2026/05/04,2024,N,電子零組件,資源轉化,電氣與電子設備,B,57.55,-,817/2559,146/440,60/163,73/234,89.8,65.48,65.39,45.73,86/440,37/163,60/440,26/163,345/440,134/163
2414,精技,2026/06,2026/05/04,2024,N,電子通路業,消費品,多線和專業零售商與配銷商,B+,60.99,-,532/2559,41/223,7/53,8/39,100,67.12,52.81,66.82,32/223,7/53,112/223,24/53,18/223,2/53
2415,錩新,2026/06,2026/05/04,2024,N,電子零組件,資源轉化,工業機械與物品,B-,52.86,-,1247/2559,231/440,72/137,124/234,100,42.17,61.26,54.58,338/440,107/137,111/440,31/137,197/440,54/137
2417,圓剛,2026/06,2026/05/04,2024,Y,電腦及週邊,科技與通訊,半導體,B+,59.97,-,610/2559,222/907,85/317,39/125,100,68.55,59.75,54.77,151/907,43/317,272/907,103/317,393/907,156/317
2419,仲琦,2026/06,2026/05/04,2024,Y,通信網路業,科技與通訊,電子製造服務與原廠設計製造,A,66.39,-,218/2559,96/907,11/53,15/100,80.48,83.41,64.45,57.59,36/907,6/53,191/907,16/53,305/907,14/53
2420,新巨,2026/06,2026/05/04,2024,N,電子零組件,資源轉化,電氣與電子設備,B,56.31,-,933/2559,171/440,71/163,90/234,100,50.59,61.67,56.58,245/440,99/163,107/440,46/163,157/440,60/163
2421,建準,2026/06,2026/05/04,2024,Y,電子零組件,資源轉化,電氣與電子設備,B,57.04,↓,858/2559,157/440,63/163,77/234,100,59.73,66.38,48.02,148/440,64/163,54/440,24/163,309/440,117/163
2423,固緯,2026/06,2026/05/04,2024,N,其他電子業,科技與通訊,硬體,B+,59.46,↑,648/2559,236/907,99/422,33/114,77.7,56.33,54.53,66.37,362/907,183/422,381/907,158/422,93/907,35/422
2424,隴華,2026/06,2026/05/04,2024,N,通信網路業,科技與通訊,電子製造服務與原廠設計製造,C,46.29,↓,1856/2559,657/907,44/53,78/100,46.14,44.73,52.97,40.68,596/907,42/53,424/907,32/53,796/907,48/53
2425,承啟,2026/06,2026/05/04,2024,N,電腦及週邊,科技與通訊,硬體,C,43.81,↑,2060/2559,705/907,328/422,113/125,94.25,47.23,42.9,42.56,544/907,270/422,697/907,320/422,759/907,342/422
2426,鼎元,2026/06,2026/05/04,2024,Y,光電業,科技與通訊,半導體,B+,61.02,-,530/2559,196/907,79/317,22/141,100,57.5,61.32,62.95,337/907,112/317,242/907,93/317,154/907,71/317
2427,三商電,2026/06,2026/05/04,2024,N,資訊服務業,科技與通訊,軟體與資訊科技服務,B,54.62,↑,1070/2559,387/907,41/100,29/56,90.88,40.85,75.54,42.39,669/907,55/100,47/907,4/100,767/907,80/100
2428,興勤,2026/06,2026/05/04,2024,Y,電子零組件,資源轉化,電氣與電子設備,B+,64.02,-,335/2559,35/440,15/163,25/234,100,66.09,70.11,57.89,82/440,35/163,35/440,15/163,131/440,53/163
2429,銘旺科,2026/06,2026/05/04,2024,N,光電業,科技與通訊,硬體,C-,39.54,-,2362/2559,827/907,387/422,129/141,63.79,46.84,30.3,44.16,554/907,275/422,879/907,410/422,719/907,324/422
2430,燦坤,2026/06,2026/05/04,2024,Y,電子通路業,消費品,多線和專業零售商與配銷商,B,54.28,↑,1103/2559,102/223,24/53,19/39,99.9,41.54,51.74,63.22,195/223,47/53,120/223,27/53,38/223,7/53
2431,聯昌,2026/06,2026/05/04,2024,N,電子零組件,資源轉化,電氣與電子設備,B,56.57,-,897/2559,164/440,67/163,82/234,75.05,57.7,57.82,54.79,172/440,72/163,154/440,62/163,192/440,73/163
2433,互盛電,2026/06,2026/05/04,2024,Y,其他電子業,消費品,多線和專業零售商與配銷商,B-,50.91,-,1445/2559,131/223,30/53,61/114,100,57.63,51.21,47.31,79/223,21/53,122/223,28/53,165/223,36/53
2434,統懋,2026/06,2026/05/04,2024,N,半導體,科技與通訊,半導體,C,44.74,-,1980/2559,686/907,248/317,187/235,100,39.58,41.86,50.87,699/907,239/317,723/907,252/317,542/907,211/317
2436,偉詮電,2026/06,2026/05/04,2024,N,半導體,科技與通訊,半導體,B,56.03,-,960/2559,347/907,129/317,103/235,76.07,63.18,46.67,60.88,228/907,75/317,597/907,211/317,215/907,91/317
2438,翔耀,2026/06,2026/05/04,2024,N,光電業,科技與通訊,硬體,C-,32.4,-,2551/2559,905/907,421/422,140/141,64,38.84,39.95,20.78,709/907,349/422,761/907,350/422,907/907,422/422
2439,美律,2026/06,2026/05/04,2024,Y,通信網路業,科技與通訊,硬體,A+,74.81,-,29/2559,15/907,8/422,3/100,100,82.68,75.55,69.09,39/907,18/422,46/907,14/422,51/907,19/422
2440,太空梭,2026/06,2026/05/04,2024,N,電子零組件,資源轉化,電氣與電子設備,C,47.53,-,1751/2559,320/440,127/163,166/234,100,44.07,54.25,45.09,311/440,124/163,195/440,76/163,350/440,136/163
2441,超豐,2026/06,2026/05/04,2024,N,半導體,科技與通訊,半導體,C,46.51,↓,1841/2559,651/907,237/317,179/235,100,49.77,47.97,42.99,492/907,161/317,559/907,201/317,746/907,281/317
2442,新美齊,2026/06,2026/05/04,2024,N,建材營造,公共建設,房屋營造,C,41.82,-,2220/2559,154/177,78/84,88/94,97.81,33.72,35.21,51.52,174/177,82/84,158/177,78/84,101/177,51/84
2444,兆勁,2026/06,2026/05/04,2024,N,通信網路業,科技與通訊,硬體,C-,39.84,-,2342/2559,817/907,382/422,93/100,91.24,47.03,46.99,28.16,547/907,271/422,587/907,258/422,901/907,418/422
2449,京元電子,2026/06,2026/05/04,2024,Y,半導體,科技與通訊,半導體,A+,72.65,-,65/2559,32/907,12/317,11/235,92.42,68.71,78.15,69.65,149/907,42/317,30/907,15/317,38/907,18/317
2450,神腦,2026/06,2026/05/04,2024,Y,通信網路業,消費品,多線和專業零售商與配銷商,A,65.34,-,271/2559,17/223,3/53,18/100,86.38,68.72,74.02,54.36,30/223,6/53,10/223,3/53,102/223,19/53
2451,創見,2026/06,2026/05/04,2024,N,半導體,科技與通訊,半導體,B,55.08,-,1030/2559,374/907,138/317,111/235,96.06,44.48,53.52,63.33,603/907,204/317,413/907,148/317,146/907,68/317
2453,凌群,2026/06,2026/05/04,2024,Y,資訊服務業,科技與通訊,軟體與資訊科技服務,A+,71.46,-,89/2559,44/907,3/100,2/56,100,64.13,73.46,74.08,211/907,12/100,68/907,6/100,11/907,1/100
2454,聯發科,2026/06,2026/05/04,2024,Y,半導體,科技與通訊,半導體,A,69.01,↓,147/2559,61/907,25/317,24/235,97.55,57.32,73.31,72.11,340/907,113/317,70/907,30/317,20/907,8/317
2455,全新,2026/06,2026/05/04,2024,Y,通信網路業,科技與通訊,半導體,B,58.3,-,745/2559,269/907,104/317,39/100,100,57.95,59.14,57.69,330/907,108/317,292/907,108/317,299/907,123/317
2457,飛宏,2026/06,2026/05/04,2024,Y,電子零組件,資源轉化,電氣與電子設備,A+,75.05,-,24/2559,1/440,1/163,2/234,91.37,89.02,71.04,67.59,1/440,1/163,29/440,12/163,31/440,17/163
2458,義隆,2026/06,2026/05/04,2024,Y,半導體,科技與通訊,半導體,B+,64.12,-,328/2559,137/907,56/317,47/235,100,77.05,58.31,61.76,69/907,23/317,311/907,116/317,189/907,83/317
2459,敦吉,2026/06,2026/05/04,2024,N,其他電子業,科技與通訊,電子製造服務與原廠設計製造,C,44.81,-,1971/2559,682/907,45/53,90/114,100,37.84,50.75,43.27,723/907,47/53,490/907,36/53,738/907,42/53
2460,建通,2026/06,2026/05/04,2024,N,電子零組件,科技與通訊,硬體,B-,49.46,-,1581/2559,558/907,251/422,151/234,77.97,60.85,34.8,56.92,265/907,136/422,838/907,388/422,323/907,145/422
2461,光群雷,2026/06,2026/05/04,2024,N,其他電子業,資源轉化,容器與包裝,C,41.38,-,2247/2559,395/440,15/17,99/114,84.52,31.19,36.55,52.64,428/440,17/17,409/440,15/17,228/440,11/17
2462,良得電,2026/06,2026/05/04,2024,Y,電子零組件,資源轉化,電氣與電子設備,B+,59.78,↑,621/2559,100/440,40/163,55/234,100,76.77,62.46,45.04,15/440,6/163,98/440,42/163,353/440,139/163
2464,盟立,2026/06,2026/05/04,2024,Y,其他電子業,資源轉化,電氣與電子設備,B,58.66,↓,715/2559,120/440,48/163,37/114,93.26,55.64,57.4,61.88,198/440,82/163,161/440,67/163,79/440,32/163
2465,麗臺,2026/06,2026/05/04,2024,N,電腦及週邊,科技與通訊,硬體,B+,59.45,↑,652/2559,239/907,101/422,43/125,63.89,50.28,70.4,54.28,475/907,238/422,93/907,33/422,411/907,182/422
2466,冠西電,2026/06,2026/05/04,2024,N,光電業,科技與通訊,半導體,C,41.56,-,2237/2559,771/907,273/317,120/141,63.88,44.35,38.36,43,605/907,205/317,789/907,279/317,744/907,279/317
2467,志聖,2026/06,2026/05/04,2024,Y,電子零組件,資源轉化,工業機械與物品,A,65.93,-,237/2559,22/440,6/137,18/234,98.88,70.46,73.25,57.04,49/440,17/137,18/440,7/137,141/440,42/137
2468,華經,2026/06,2026/05/04,2024,N,資訊服務業,科技與通訊,軟體與資訊科技服務,B,56.73,-,884/2559,316/907,31/100,23/56,78.11,69.29,59.33,46.19,138/907,8/100,286/907,37/100,666/907,63/100
2471,資通,2026/06,2026/05/04,2024,Y,資訊服務業,科技與通訊,軟體與資訊科技服務,B,53.17,-,1214/2559,444/907,48/100,34/56,100,54.98,55.55,49.66,378/907,24/100,360/907,45/100,575/907,56/100
2472,立隆電,2026/06,2026/05/04,2024,N,電子零組件,科技與通訊,半導體,B-,50.51,-,1494/2559,528/907,191/317,141/234,95.73,58.98,51.15,44.52,307/907,102/317,475/907,173/317,715/907,270/317
2474,可成,2026/06,2026/05/04,2024,N,其他電子業,資源轉化,工業機械與物品,B+,61.53,-,492/2559,74/440,27/137,27/114,93.14,54.25,80.27,52.93,207/440,68/137,6/440,3/137,221/440,62/137
2476,鉅祥,2026/06,2026/05/04,2024,N,電子零組件,資源轉化,工業機械與物品,B-,49.07,-,1612/2559,295/440,92/137,154/234,99.86,69.97,35.27,43.74,50/440,18/137,413/440,132/137,371/440,112/137
2477,美隆電,2026/06,2026/05/04,2024,N,其他電子業,科技與通訊,硬體,B,53.51,-,1178/2559,428/907,188/422,55/114,99.92,75.39,40.88,52.32,78/907,38/422,747/907,343/422,491/907,213/422
2478,大毅,2026/06,2026/05/04,2024,Y,電子零組件,資源轉化,電氣與電子設備,B+,59.06,↑,683/2559,113/440,45/163,59/234,100,63.95,57.5,56.57,98/440,43/163,159/440,65/163,158/440,61/163
2480,敦陽科,2026/06,2026/05/04,2024,N,資訊服務業,科技與通訊,軟體與資訊科技服務,B+,58.99,-,689/2559,250/907,22/100,16/56,90.09,60.75,63.86,53.02,268/907,17/100,204/907,26/100,463/907,44/100
2481,強茂,2026/06,2026/05/04,2024,Y,半導體,科技與通訊,半導體,B+,62.13,-,452/2559,173/907,71/317,58/235,92.17,62.4,68.77,55.31,238/907,80/317,121/907,52/317,377/907,153/317
2482,連宇,2026/06,2026/05/04,2024,N,其他電子業,科技與通訊,硬體,B+,59.82,-,620/2559,223/907,93/422,31/114,79.24,59.81,56.58,63.07,281/907,144/422,338/907,133/422,151/907,57/422
2483,百容,2026/06,2026/05/04,2024,N,電子零組件,科技與通訊,硬體,C,45,-,1961/2559,679/907,313/422,186/234,80.26,62.35,36.57,42.47,242/907,122/422,819/907,378/422,761/907,343/422
2484,希華,2026/06,2026/05/04,2024,N,電子零組件,資源轉化,電氣與電子設備,B,55.54,-,997/2559,184/440,77/163,99/234,100,54.71,62.53,50.92,204/440,85/163,96/440,40/163,260/440,99/163
2485,兆赫,2026/06,2026/05/04,2024,N,通信網路業,科技與通訊,硬體,C-,37.26,-,2457/2559,862/907,402/422,98/100,75.29,39.48,37.58,35.54,700/907,343/422,801/907,368/422,868/907,401/422
2486,一詮,2026/06,2026/05/04,2024,N,光電業,科技與通訊,硬體,C,43.79,-,2065/2559,708/907,330/422,106/141,90.32,68.26,33.73,38.39,158/907,79/422,846/907,393/422,843/907,386/422
2488,漢平,2026/06,2026/05/04,2024,N,其他電子業,科技與通訊,硬體,C,46.43,-,1848/2559,652/907,299/422,87/114,100,35.63,49.47,50.2,755/907,372/422,530/907,225/422,561/907,244/422
2489,瑞軒,2026/06,2026/05/04,2024,Y,光電業,科技與通訊,硬體,B-,52.62,-,1285/2559,467/907,205/422,58/141,88.98,60.93,61.35,38.65,263/907,135/422,239/907,90/422,833/907,378/422
2491,吉祥全,2026/06,2026/05/04,2024,Y,光電業,科技與通訊,半導體,B,54.16,-,1112/2559,399/907,144/317,51/141,91.97,41.55,60.12,56.17,660/907,228/317,266/907,99/317,352/907,143/317
2492,華新科,2026/06,2026/05/04,2024,Y,電子零組件,資源轉化,電氣與電子設備,B+,64.06,-,331/2559,32/440,14/163,24/234,89.85,67.08,79.6,50.14,73/440,31/163,7/440,3/163,270/440,104/163
2493,揚博,2026/06,2026/05/04,2024,Y,電子零組件,資源轉化,工業機械與物品,B-,48.85,-,1631/2559,296/440,93/137,157/234,100,55.82,42.54,48.36,197/440,65/137,352/440,111/137,304/440,94/137
2495,普安,2026/06,2026/05/04,2024,N,電腦及週邊,科技與通訊,硬體,B-,49.14,-,1605/2559,563/907,255/422,96/125,100,46,47.8,52.47,569/907,283/422,562/907,240/422,481/907,208/422
2496,卓越,2026/06,2026/05/04,2024,N,其他,服務,教育,B,57.68,↓,807/2559,36/145,3/6,42/211,78.53,49.47,64.6,52.64,124/145,4/6,28/145,3/6,73/145,3/6
2497,怡利電,2026/06,2026/05/04,2024,N,汽車工業,運輸,汽車零件,A,67.57,-,178/2559,13/127,8/82,4/51,100,81.84,73.37,51.55,2/127,2/82,10/127,6/82,72/127,47/82
2498,宏達電,2026/06,2026/05/04,2024,Y,通信網路業,科技與通訊,硬體,A,66.16,-,228/2559,103/907,40/422,17/100,100,68.72,73.4,57.31,148/907,75/422,69/907,27/422,311/907,137/422
2501,國建,2026/06,2026/05/04,2024,Y,建材營造,公共建設,房屋營造,B+,62.86,-,401/2559,25/177,6/84,12/94,86.68,71.96,57.83,60.65,12/177,4/84,69/177,32/84,43/177,23/84
2504,國產,2026/06,2026/05/04,2024,Y,建材營造,提煉與礦產加工,建築材料,B+,62.6,-,420/2559,5/36,4/17,15/94,76.26,64.63,67.32,57.13,9/36,6/17,11/36,4/17,12/36,5/17
2505,國揚,2026/06,2026/05/04,2024,N,建材營造,公共建設,房屋營造,B,53.2,↑,1212/2559,93/177,48/84,57/94,87.55,47.13,66.38,47.8,115/177,50/84,31/177,11/84,128/177,65/84
2506,太設,2026/06,2026/05/04,2024,N,建材營造,公共建設,房屋營造,B,54.92,-,1041/2559,76/177,36/84,45/94,100,46.25,50.52,63.44,117/177,52/84,101/177,50/84,22/177,12/84
2509,全坤建,2026/06,2026/05/04,2024,N,建材營造,公共建設,房屋營造,B,55.94,-,972/2559,69/177,30/84,39/94,100,66.62,50.74,52.86,27/177,12/84,97/177,46/84,87/177,45/84
2511,太子,2026/06,2026/05/04,2024,Y,建材營造,公共建設,房屋營造,B,58.65,-,716/2559,52/177,20/84,30/94,85.49,53.91,59.58,60.99,82/177,38/84,62/177,27/84,41/177,22/84
2514,龍邦,2026/06,2026/05/04,2024,N,其他,公共建設,房屋營造,B-,52.08,-,1334/2559,101/177,53/84,77/211,72.08,71.87,50.83,40.51,14/177,6/84,96/177,45/84,158/177,76/84
2515,中工,2026/06,2026/05/04,2024,Y,建材營造,公共建設,工程與建造服務,B+,62.66,-,417/2559,27/177,13/32,14/94,62.85,62.82,75.33,53.71,39/177,14/32,11/177,4/32,82/177,18/32
2516,新建,2026/06,2026/05/04,2024,N,建材營造,公共建設,工程與建造服務,B-,50.03,-,1539/2559,113/177,21/32,66/94,86.54,47.74,57.86,46,111/177,22/32,68/177,19/32,134/177,24/32
2520,冠德,2026/06,2026/05/04,2024,Y,建材營造,公共建設,房屋營造,B+,62.01,-,460/2559,31/177,10/84,18/94,100,77.4,65.36,50,8/177,1/84,35/177,14/84,112/177,57/84
2524,京城,2026/06,2026/05/04,2024,N,建材營造,公共建設,房屋營造,C,47.52,↓,1756/2559,124/177,65/84,73/94,81.52,52.15,60.49,35.57,86/177,40/84,59/177,25/84,169/177,81/84
2527,宏璟,2026/06,2026/05/04,2024,N,建材營造,公共建設,房屋營造,B-,50.22,-,1522/2559,110/177,57/84,65/94,100,50.9,44.01,54.13,90/177,42/84,128/177,65/84,80/177,41/84
2528,皇普,2026/06,2026/05/04,2024,Y,建材營造,公共建設,房屋營造,B,58.82,-,702/2559,50/177,18/84,28/94,100,57.12,61.13,58.27,64/177,28/84,58/177,24/84,59/177,30/84
2530,華建,2026/06,2026/05/04,2024,Y,建材營造,公共建設,房屋營造,B+,61.72,-,481/2559,33/177,11/84,19/94,100,56.18,64.41,63.31,72/177,32/84,42/177,19/84,26/177,15/84
2534,宏盛,2026/06,2026/05/04,2024,N,建材營造,公共建設,房屋營造,C,42.76,-,2133/2559,149/177,76/84,84/94,99.81,23.4,48.51,50.9,177/177,84/84,109/177,53/84,106/177,54/84
2535,達欣工,2026/06,2026/05/04,2024,Y,建材營造,公共建設,工程與建造服務,B+,64.13,↓,327/2559,16/177,6/32,5/94,100,68.41,68.09,58.68,22/177,8/32,23/177,10/32,56/177,11/32
2536,宏普,2026/06,2026/05/04,2024,N,建材營造,公共建設,房屋營造,B-,52.92,-,1242/2559,94/177,49/84,58/94,100,60.1,51.36,49.51,51/177,22/84,93/177,43/84,118/177,60/84
2537,聯上發,2026/06,2026/05/04,2024,N,建材營造,公共建設,房屋營造,B,56.62,-,889/2559,63/177,27/84,36/94,100,52.48,65.09,53.31,85/177,39/84,37/177,16/84,85/177,43/84
2538,基泰,2026/06,2026/05/04,2024,N,建材營造,公共建設,房屋營造,B-,48.26,↑,1689/2559,118/177,61/84,68/94,98.4,57.3,45.35,44.6,63/177,27/84,126/177,64/84,146/177,73/84
2539,櫻花建,2026/06,2026/05/04,2024,N,建材營造,公共建設,房屋營造,B+,61.39,-,500/2559,34/177,12/84,20/94,100,45.93,67.95,66.53,118/177,53/84,25/177,8/84,11/177,4/84
2540,愛山林,2026/06,2026/05/04,2024,N,建材營造,公共建設,房屋營造,B,57.8,-,798/2559,53/177,21/84,31/94,66.04,50.47,58.64,61.82,94/177,43/84,65/177,30/84,33/177,18/84
2542,興富發,2026/06,2026/05/04,2024,Y,建材營造,公共建設,房屋營造,B-,52.75,↓,1260/2559,95/177,50/84,59/94,94.06,55.62,47.36,54.71,75/177,35/84,115/177,58/84,79/177,40/84
2543,皇昌,2026/06,2026/05/04,2024,Y,建材營造,公共建設,工程與建造服務,B,54.68,↓,1064/2559,81/177,19/32,49/94,89.48,56.37,67.41,44.73,69/177,17/32,28/177,11/32,145/177,28/32
2545,皇翔,2026/06,2026/05/04,2024,N,建材營造,公共建設,房屋營造,B,54.39,-,1094/2559,84/177,42/84,51/94,100,45.17,69.37,49.73,123/177,58/84,22/177,6/84,116/177,59/84
2546,根基,2026/06,2026/05/04,2024,Y,建材營造,公共建設,工程與建造服務,B+,63.63,-,358/2559,20/177,10/32,8/94,100,71.78,64.86,57.65,15/177,7/32,38/177,12/32,64/177,12/32
2547,日勝生,2026/06,2026/05/04,2024,Y,建材營造,公共建設,房屋營造,A,65.17,-,283/2559,14/177,3/84,3/94,88.17,63.21,86.43,51.57,36/177,15/84,1/177,1/84,100/177,50/84
2548,華固,2026/06,2026/05/04,2024,N,建材營造,公共建設,房屋營造,B+,60.09,-,603/2559,39/177,13/84,22/94,85.95,62.61,62.49,56.82,41/177,17/84,49/177,22/84,69/177,35/84
2596,綠意,2026/06,2026/05/04,2024,N,建材營造,公共建設,房屋營造,C,46.75,↓,1821/2559,129/177,68/84,76/94,100,49.87,37.83,51.02,97/177,45/84,149/177,75/84,105/177,53/84
2597,潤弘,2026/06,2026/05/04,2024,Y,建材營造,公共建設,工程與建造服務,B+,64.58,↓,308/2559,15/177,5/32,4/94,100,68.27,73.29,56.18,24/177,9/32,13/177,6/32,72/177,15/32
2601,益航,2026/06,2026/05/04,2024,N,貿易百貨,消費品,多線和專業零售商與配銷商,C,41.96,-,2209/2559,194/223,42/53,15/20,56.24,30.5,41.18,48.39,214/223,49/53,181/223,43/53,153/223,31/53
2603,長榮,2026/06,2026/05/04,2024,Y,航運業,運輸,海洋運輸,A,67.66,-,177/2559,12/127,2/13,4/37,81.32,77.18,70.94,57.42,10/127,1/13,17/127,2/13,46/127,4/13
2605,新興,2026/06,2026/05/04,2024,N,航運業,運輸,海洋運輸,C-,35.01,-,2524/2559,121/127,13/13,35/37,100,37.2,37.22,31.58,100/127,12/13,106/127,11/13,124/127,13/13
2606,裕民,2026/06,2026/05/04,2024,Y,航運業,運輸,海洋運輸,B,56.16,-,950/2559,45/127,6/13,18/37,100,72.92,51.01,46.23,19/127,2/13,68/127,8/13,92/127,11/13
2607,榮運,2026/06,2026/05/04,2024,Y,航運業,運輸,海洋運輸,B+,64.42,-,314/2559,25/127,3/13,7/37,100,69.67,68.21,57.3,29/127,4/13,24/127,3/13,47/127,5/13
2608,嘉里大榮,2026/06,2026/05/04,2024,Y,航運業,運輸,公路運輸,A,64.96,↑,292/2559,23/127,1/6,5/37,71.51,64.82,65.38,64.76,37/127,2/6,34/127,2/6,17/127,1/6
2609,陽明,2026/06,2026/05/04,2024,Y,航運業,運輸,海洋運輸,A,67.84,-,174/2559,11/127,1/13,3/37,79.72,70.11,80.47,56.59,24/127,3/13,3/127,1/13,52/127,6/13
2610,華航,2026/06,2026/05/04,2024,Y,航運業,運輸,航空,A+,71.64,-,81/2559,9/127,1/5,2/37,69.8,77.33,77.31,63.96,9/127,1/5,4/127,1/5,23/127,1/5
2611,志信,2026/06,2026/05/04,2024,N,航運業,運輸,公路運輸,B,53.71,-,1153/2559,58/127,3/6,22/37,45.82,73.12,46.39,48.27,18/127,1/6,80/127,5/6,84/127,6/6
2612,中航,2026/06,2026/05/04,2024,Y,航運業,運輸,公路運輸,B+,61.9,↑,468/2559,31/127,2/6,14/37,93.91,55.9,67.38,62.75,59/127,3/6,27/127,1/6,26/127,2/6
2613,中櫃,2026/06,2026/05/04,2024,Y,航運業,運輸,海洋運輸,B+,62.89,↓,400/2559,27/127,4/13,9/37,100,66.01,57.23,64.54,33/127,6/13,53/127,6/13,20/127,1/13
2614,東森,2026/06,2026/05/04,2024,Y,其他,消費品,多線和專業零售商與配銷商,A,65.26,↑,276/2559,18/223,4/53,13/211,83.38,50.37,73.37,63.79,119/223,29/53,11/223,4/53,31/223,4/53
2615,萬海,2026/06,2026/05/04,2024,Y,航運業,運輸,海洋運輸,B+,61.95,-,463/2559,30/127,5/13,12/37,77.09,68.11,66.58,53.46,30/127,5/13,31/127,4/13,61/127,7/13
2616,山隆,2026/06,2026/05/04,2024,Y,油電燃氣業,提煉與礦產加工,石油和天然氣-精煉與行銷,B-,52.37,-,1308/2559,14/36,1/5,8/13,57.53,53.05,59.63,46.59,16/36,2/5,14/36,3/5,27/36,5/5
2617,台航,2026/06,2026/05/04,2024,N,航運業,運輸,海洋運輸,C,42.7,↑,2137/2559,105/127,12/13,33/37,91.94,37.72,40.2,48.64,98/127,10/13,100/127,10/13,82/127,10/13
2618,長榮航,2026/06,2026/05/04,2024,Y,航運業,運輸,航空,B+,63.05,↓,384/2559,26/127,2/5,8/37,51.35,73.3,71.72,55.7,16/127,2/5,14/127,2/5,53/127,4/5
2630,亞航,2026/06,2026/05/04,2024,N,航運業,資源轉化,航空航太與國防,B-,52.37,-,1309/2559,245/440,6/10,24/37,100,45.08,54.96,55.9,302/440,6/10,188/440,4/10,168/440,5/10
2633,台灣高鐵,2026/06,2026/05/04,2024,Y,航運業,運輸,鐵路運輸,A+,73.82,-,45/2559,4/127,1/1,1/37,80.4,74.31,75.99,71.81,15/127,1/1,6/127,1/1,6/127,1/1
2634,漢翔,2026/06,2026/05/04,2024,Y,航運業,資源轉化,航空航太與國防,B+,61.95,-,464/2559,67/440,1/10,13/37,92.13,63.7,62.12,60.51,104/440,1/10,102/440,3/10,95/440,3/10
2636,台驊控股,2026/06,2026/05/04,2024,N,航運業,運輸,空運與物流,B+,64.85,-,298/2559,24/127,1/8,6/37,78.67,69.87,56.58,66.88,26/127,1/8,55/127,3/8,12/127,1/8
2637,慧洋-KY,2026/06,2026/05/04,2024,N,航運業,運輸,海洋運輸,B,55.99,-,965/2559,47/127,7/13,19/37,100,65.94,51.5,51.16,35/127,7/13,65/127,7/13,73/127,9/13
2640,大車隊,2026/06,2026/05/04,2024,N,數位雲端,運輸,公路運輸,B-,49.85,-,1553/2559,70/127,5/6,27/47,66.72,31.81,58.52,58.21,104/127,5/6,46/127,3/6,41/127,3/6
2641,正德,2026/06,2026/05/04,2024,N,航運業,運輸,海洋運輸,C,47.67,↓,1741/2559,78/127,9/13,28/37,100,40.96,48.81,52.33,90/127,9/13,73/127,9/13,68/127,8/13
2642,宅配通,2026/06,2026/05/04,2024,Y,航運業,運輸,空運與物流,B-,52.94,↓,1240/2559,60/127,4/8,23/37,96.59,66.11,52.23,42.65,32/127,3/8,63/127,7/8,109/127,6/8
2643,捷迅,2026/06,2026/05/04,2024,N,航運業,運輸,空運與物流,B,55.13,↑,1026/2559,50/127,3/8,20/37,82.56,64.67,60.83,43.07,38/127,4/8,41/127,1/8,105/127,5/8
2645,長榮航太,2026/06,2026/05/04,2024,Y,航運業,資源轉化,航空航太與國防,B+,59.6,-,635/2559,103/440,2/10,15/37,91.8,56.3,66.75,56.7,189/440,2/10,51/440,1/10,153/440,4/10
2646,星宇航空,2026/06,2026/05/04,2024,Y,航運業,運輸,航空,B+,62.22,-,446/2559,28/127,3/5,10/37,76.46,57.36,71.36,59.42,56/127,3/5,16/127,3/5,37/127,2/5
2701,萬企,2026/06,2026/05/04,2024,N,觀光餐旅,公共建設,房屋營造,C,44.04,↑,2036/2559,142/177,72/84,49/67,100,41.27,34.37,52.52,136/177,65/84,160/177,80/84,89/177,46/84
2702,華園,2026/06,2026/05/04,2024,N,觀光餐旅,服務,旅館與住宿,B,57.14,-,847/2559,41/145,4/15,14/67,98.38,71.63,58.4,44.51,9/145,1/15,36/145,3/15,123/145,14/15
2704,國賓,2026/06,2026/05/04,2024,Y,觀光餐旅,服務,旅館與住宿,C,45.76,-,1900/2559,114/145,15/15,44/67,87.71,42.71,49.12,42.63,134/145,8/15,85/145,11/15,127/145,15/15
2705,六福,2026/06,2026/05/04,2024,Y,觀光餐旅,服務,旅館與住宿,B-,52.44,↓,1301/2559,65/145,9/15,22/67,84.03,50.13,45.06,65.95,39/145,5/15,109/145,14/15,12/145,7/15
2706,第一店,2026/06,2026/05/04,2024,N,觀光餐旅,公共建設,房屋營造,C,43.31,-,2104/2559,146/177,75/84,50/67,100,35.72,41.76,49.15,170/177,79/84,135/177,67/84,120/177,62/84
2707,晶華,2026/06,2026/05/04,2024,Y,觀光餐旅,服務,旅館與住宿,B,56.98,-,863/2559,42/145,5/15,15/67,94.34,38.03,56.45,71.72,142/145,12/15,45/145,5/15,6/145,3/15
2712,遠雄來,2026/06,2026/05/04,2024,N,觀光餐旅,服務,旅館與住宿,B,53.24,-,1204/2559,59/145,8/15,21/67,100,31.74,53.12,69.21,145/145,15/15,63/145,8/15,8/145,4/15
2718,全心投資控股,2026/06,2026/05/04,2024,N,建材營造,公共建設,房屋營造,B,53.24,-,1205/2559,91/177,46/84,55/94,100,56.77,35.58,63.36,66/177,29/84,156/177,77/84,25/177,14/84
2719,燦星旅,2026/06,2026/05/04,2024,N,觀光餐旅,服務,專業與商業服務,B+,61.36,-,503/2559,26/145,11/24,9/67,82.28,59.03,53.06,76.35,29/145,11/24,65/145,16/24,2/145,1/24
2722,夏都,2026/06,2026/05/04,2024,N,觀光餐旅,服務,旅館與住宿,B-,52.33,-,1314/2559,68/145,11/15,24/67,88.98,31.99,57.68,58.67,144/145,14/15,39/145,4/15,37/145,11/15
2723,美食-KY,2026/06,2026/05/04,2024,Y,觀光餐旅,食品與飲料,餐飲,C,45.16,-,1947/2559,64/87,24/37,47/67,96.52,46.7,43.79,45.34,50/87,17/37,63/87,21/37,66/87,26/37
2724,藝舍-KY,2026/06,2026/05/04,2024,N,其他,公共建設,房屋營造,C,44.52,-,1998/2559,140/177,71/84,145/211,97.01,42.47,38.51,49.99,131/177,62/84,146/177,73/84,113/177,58/84
2726,雅茗-KY,2026/06,2026/05/04,2024,N,觀光餐旅,食品與飲料,餐飲,C-,40.19,-,2316/2559,78/87,30/37,55/67,95.27,43.39,36.99,41.04,53/87,18/37,73/87,29/37,74/87,28/37
2727,王品,2026/06,2026/05/04,2024,Y,觀光餐旅,食品與飲料,餐飲,B,57.41,-,830/2559,32/87,5/37,13/67,99.64,52.27,65.7,51.96,36/87,9/37,20/87,4/37,51/87,17/37
2729,瓦城,2026/06,2026/05/04,2024,Y,觀光餐旅,食品與飲料,餐飲,C,46.17,-,1870/2559,57/87,18/37,40/67,85.01,41.58,50.42,45.4,57/87,21/37,46/87,10/37,65/87,25/37
2731,雄獅,2026/06,2026/05/04,2024,Y,觀光餐旅,服務,專業與商業服務,A+,74.28,-,37/2559,2/145,2/24,1/67,91.33,87.35,73.86,65.36,1/145,1/24,9/145,3/24,14/145,5/24
2732,六角,2026/06,2026/05/04,2024,Y,觀光餐旅,食品與飲料,餐飲,C,44.8,-,1973/2559,66/87,25/37,48/67,94.84,42.33,43.38,49.2,54/87,19/37,64/87,22/37,59/87,21/37
2734,易飛網,2026/06,2026/05/04,2024,N,觀光餐旅,科技與通訊,互聯網媒體與服務,C,42.78,-,2131/2559,732/907,7/8,52/67,74.08,50.24,48.99,31.84,476/907,4/8,537/907,7/8,891/907,8/8
2736,富野,2026/06,2026/05/04,2024,N,觀光餐旅,服務,旅館與住宿,B-,51.83,↓,1361/2559,73/145,12/15,27/67,60.53,40.32,55.34,54.64,137/145,10/15,48/145,6/15,67/145,13/15
2739,寒舍,2026/06,2026/05/04,2024,Y,觀光餐旅,服務,旅館與住宿,B+,62.19,-,448/2559,23/145,3/15,7/67,100,40.3,68.46,68.22,138/145,11/15,20/145,2/15,9/145,5/15
2740,華軒,2026/06,2026/05/04,2024,Y,觀光餐旅,食品與飲料,餐飲,C-,36.62,-,2482/2559,86/87,37/37,64/67,52.51,37.35,35.32,37.56,83/87,36/37,80/87,32/37,84/87,35/37
2743,山富,2026/06,2026/05/04,2024,N,觀光餐旅,服務,專業與商業服務,B,56.3,-,935/2559,44/145,15/24,16/67,96.9,57.13,65.12,41.57,32/145,13/24,24/145,8/24,131/145,21/24
2745,五福,2026/06,2026/05/04,2024,Y,觀光餐旅,服務,專業與商業服務,A,65.81,↑,246/2559,12/145,6/24,3/67,94.75,67.46,69.4,58.84,15/145,6/24,15/145,6/24,34/145,10/24
2748,雲品,2026/06,2026/05/04,2024,Y,觀光餐旅,服務,旅館與住宿,A+,74.2,-,40/2559,3/145,1/15,2/67,91.91,64.03,78.35,75.01,23/145,3/15,5/145,1/15,3/145,2/15
2751,王座,2026/06,2026/05/04,2024,Y,觀光餐旅,食品與飲料,餐飲,C-,39.35,-,2374/2559,81/87,32/37,57/67,100,36.34,35.65,47.28,84/87,37/37,76/87,31/37,61/87,23/37
2752,豆府,2026/06,2026/05/04,2024,Y,觀光餐旅,食品與飲料,餐飲,B-,50.27,-,1518/2559,48/87,13/37,33/67,100,51.22,39.05,63.87,37/87,10/37,71/87,28/37,12/87,3/37
2753,八方雲集,2026/06,2026/05/04,2024,Y,觀光餐旅,食品與飲料,餐飲,B,57.91,-,787/2559,29/87,4/37,12/67,89.49,56.75,56.64,60.74,30/87,4/37,33/87,6/37,20/87,6/37
2754,亞洲藏壽司,2026/06,2026/05/04,2024,Y,觀光餐旅,食品與飲料,餐飲,C,45.26,-,1938/2559,61/87,22/37,46/67,81.57,41.42,39.94,56.16,79/87,35/37,69/87,26/37,32/87,10/37
2755,揚秦,2026/06,2026/05/04,2024,Y,觀光餐旅,食品與飲料,餐飲,B+,64.37,↓,315/2559,15/87,1/37,4/67,79.18,70.49,52.74,73.16,16/87,1/37,41/87,8/37,2/87,1/37
2756,聯發國際,2026/06,2026/05/04,2024,Y,觀光餐旅,食品與飲料,餐飲,B,55.3,-,1013/2559,35/87,6/37,18/67,84.73,57.72,48.91,61.09,28/87,3/37,51/87,12/37,19/87,5/37
2762,世界健身-KY,2026/06,2026/05/04,2024,N,運動休閒,服務,休閒設施,B,53.28,-,1201/2559,58/145,4/10,19/32,89.32,39.63,56.82,57.62,140/145,9/10,43/145,4/10,41/145,4/10
2801,彰銀,2026/06,2026/05/04,2024,Y,金融業,金融,商業銀行,A+,74.95,-,26/2559,4/99,4/37,4/93,78.48,61.96,79.31,74.35,35/99,19/37,9/99,7/37,2/99,2/37
2812,台中銀,2026/06,2026/05/04,2024,Y,金融業,金融,商業銀行,B,56.08,↑,956/2559,31/99,20/37,29/93,76.24,65.21,67.14,43.6,26/99,15/37,22/99,13/37,79/99,34/37
2816,旺旺保,2026/06,2026/05/04,2024,Y,金融業,金融,保險,B-,50.61,-,1482/2559,53/99,13/19,49/93,100,56.25,39.76,59.05,44/99,13/19,81/99,16/19,28/99,4/19
2820,華票,2026/06,2026/05/04,2024,Y,金融業,金融,商業銀行,B,58.89,-,698/2559,26/99,16/37,25/93,100,72.29,58.53,55.73,17/99,11/37,28/99,19/37,44/99,22/37
2832,台產,2026/06,2026/05/04,2024,Y,金融業,金融,保險,B-,52.68,-,1276/2559,41/99,9/19,38/93,80.88,46.01,48.05,58.66,57/99,16/19,54/99,11/19,30/99,5/19
2834,臺企銀,2026/06,2026/05/04,2024,Y,金融業,金融,商業銀行,A,69.82,↓,123/2559,11/99,8/37,11/93,65.03,74.84,71.92,69.2,15/99,10/37,17/99,10/37,4/99,3/37
2836,高雄銀,2026/06,2026/05/04,2024,Y,金融業,金融,商業銀行,A,68.59,-,157/2559,15/99,11/37,15/93,73.4,49.16,75.69,67.17,54/99,25/37,13/99,8/37,8/99,7/37
2838,聯邦銀,2026/06,2026/05/04,2024,Y,金融業,金融,商業銀行,B,57.39,-,831/2559,28/99,18/37,27/93,76.91,63.04,48.65,63.89,33/99,17/37,50/99,31/37,15/99,10/37
2845,遠東銀,2026/06,2026/05/04,2024,Y,金融業,金融,商業銀行,B+,62.36,↓,438/2559,19/99,13/37,19/93,69.04,65.97,60.04,63.54,24/99,14/37,26/99,17/37,16/99,11/37
2849,安泰銀,2026/06,2026/05/04,2024,Y,金融業,金融,商業銀行,B-,48.72,↑,1640/2559,62/99,31/37,56/93,69.34,37.84,40.37,59.19,68/99,32/37,79/99,37/37,26/99,16/37
2850,新產,2026/06,2026/05/04,2024,Y,金融業,金融,保險,C,44.02,-,2038/2559,72/99,18/19,68/93,77.35,65.59,47.4,35.32,25/99,6/19,59/99,12/19,97/99,19/19
2851,中再保,2026/06,2026/05/04,2024,Y,金融業,金融,保險,B,55.05,-,1031/2559,35/99,7/19,33/93,84.2,66.9,48.87,57.61,21/99,5/19,49/99,10/19,36/99,7/19
2852,第一保,2026/06,2026/05/04,2024,Y,金融業,金融,保險,B-,48.95,-,1622/2559,61/99,16/19,55/93,85.56,57.09,45.25,50.19,42/99,11/19,63/99,14/19,60/99,14/19
2855,統一證,2026/06,2026/05/04,2024,Y,金融業,金融,投資銀行與經紀商,B+,59.32,↑,661/2559,24/99,4/28,24/93,89.06,64.64,58.51,58.67,28/99,4/28,29/99,4/28,29/99,6/28
2867,三商壽,2026/06,2026/05/04,2024,Y,金融業,金融,保險,B-,50.74,-,1464/2559,52/99,12/19,48/93,68.43,61.83,55.67,43.34,36/99,9/19,38/99,7/19,80/99,18/19
2880,華南金,2026/06,2026/05/04,2024,Y,金融業,金融,商業銀行,B+,59.44,↓,655/2559,23/99,15/37,23/93,62.68,63.01,58.38,59.47,34/99,18/37,30/99,20/37,25/99,15/37
2881,富邦金,2026/06,2026/05/04,2024,Y,金融業,金融,保險,A+,72.12,-,74/2559,6/99,1/19,6/93,84.23,78.52,77.87,65.2,11/99,2/19,10/99,2/19,11/99,1/19
2882,國泰金,2026/06,2026/05/04,2024,Y,金融業,金融,保險,A,69.12,-,144/2559,13/99,2/19,13/93,77.4,82.03,77.43,58.15,8/99,1/19,11/99,3/19,34/99,6/19
2883,凱基金,2026/06,2026/05/04,2024,Y,金融業,金融,保險,B+,59.53,↓,640/2559,22/99,5/19,22/93,25.63,70.44,81.77,54.81,19/99,4/19,7/99,1/19,47/99,12/19
2884,玉山金,2026/06,2026/05/04,2024,Y,金融業,金融,商業銀行,A+,76.27,-,14/2559,2/99,2/37,2/93,73.04,85.3,91.22,62.02,4/99,3/37,1/99,1/37,18/99,12/37
2885,元大金,2026/06,2026/05/04,2024,Y,金融業,金融,投資銀行與經紀商,A+,73.09,-,53/2559,5/99,1/28,5/93,79.76,90.21,85.17,57.6,1/99,1/28,5/99,1/28,37/99,7/28
2886,兆豐金,2026/06,2026/05/04,2024,Y,金融業,金融,商業銀行,A+,76.53,-,11/2559,1/99,1/37,1/93,71.5,85.89,86.84,67.4,3/99,2/37,3/99,3/37,6/99,5/37
2887,台新新光金,2026/06,2026/05/04,2024,Y,金融業,金融,商業銀行,A,70.1,-,114/2559,9/99,6/37,9/93,68.4,83.82,80.16,58.25,6/99,5/37,8/99,6/37,33/99,18/37
2889,國票金,2026/06,2026/05/04,2024,Y,金融業,金融,商業銀行,B-,52.78,↓,1255/2559,40/99,25/37,37/93,0,80.93,62.63,65.14,9/99,7/37,24/99,15/37,12/99,8/37
2890,永豐金,2026/06,2026/05/04,2024,Y,金融業,金融,商業銀行,A,69.57,↓,130/2559,12/99,9/37,12/93,45.43,82.22,85.28,65.05,7/99,6/37,4/99,4/37,13/99,9/37
2891,中信金,2026/06,2026/05/04,2024,Y,金融業,金融,商業銀行,A,68.93,-,149/2559,14/99,10/37,14/93,65.83,78.63,82.41,55.77,10/99,8/37,6/99,5/37,43/99,21/37
2892,第一金,2026/06,2026/05/04,2024,Y,金融業,金融,商業銀行,A+,75.27,-,21/2559,3/99,3/37,3/93,63.67,88.76,87.17,67.19,2/99,1/37,2/99,2/37,7/99,6/37
2897,王道銀行,2026/06,2026/05/04,2024,Y,金融業,金融,商業銀行,A,70.01,↓,117/2559,10/99,7/37,10/93,67.38,66.13,65.83,76.26,23/99,13/37,23/99,14/37,1/99,1/37
2901,欣欣,2026/06,2026/05/04,2024,N,貿易百貨,消費品,多線和專業零售商與配銷商,C,45.04,-,1956/2559,180/223,39/53,14/20,100,30,48,49.17,217/223,50/53,145/223,34/53,149/223,29/53
2903,遠百,2026/06,2026/05/04,2024,Y,貿易百貨,消費品,多線和專業零售商與配銷商,B+,60.51,-,570/2559,47/223,10/53,3/20,88.48,56.36,68.4,54.04,86/223,23/53,24/223,6/53,107/223,20/53
2904,匯僑,2026/06,2026/05/04,2024,N,其他,公共建設,房屋營造,B,54.64,-,1066/2559,82/177,40/84,58/211,100,49.16,66.14,50.06,102/177,46/84,32/177,12/84,111/177,56/84
2905,三商,2026/06,2026/05/04,2024,Y,貿易百貨,金融,保險,B,56.94,-,867/2559,30/99,6/19,5/20,90.49,56.51,70.41,44.75,43/99,12/19,19/99,6/19,77/99,17/19
2906,高林,2026/06,2026/05/04,2024,Y,貿易百貨,消費品,多線和專業零售商與配銷商,B,56.04,-,959/2559,89/223,21/53,6/20,90.46,78.05,43.04,59.33,15/223,4/53,167/223,40/53,67/223,12/53
2908,特力,2026/06,2026/05/04,2024,Y,貿易百貨,消費品,多線和專業零售商與配銷商,A+,71.76,-,80/2559,4/223,2/53,1/20,99.18,77.41,81.92,58.05,17/223,5/53,3/223,2/53,74/223,13/53
2910,統領,2026/06,2026/05/04,2024,N,貿易百貨,消費品,多線和專業零售商與配銷商,C-,41.1,↓,2266/2559,200/223,45/53,16/20,100,27.99,45.52,42.71,220/223,51/53,155/223,37/53,184/223,41/53
2911,麗嬰房,2026/06,2026/05/04,2024,N,貿易百貨,消費品,多線和專業零售商與配銷商,B-,48.28,-,1685/2559,151/223,34/53,12/20,49.31,61.23,33.57,57.82,57/223,15/53,219/223,52/53,75/223,14/53
2912,統一超,2026/06,2026/05/04,2024,Y,貿易百貨,食品與飲料,食品零售商與配銷商,B+,62.7,↓,415/2559,21/87,2/3,2/20,83.56,69.39,57.71,62.27,18/87,2/3,32/87,1/3,15/87,2/3
2913,農林,2026/06,2026/05/04,2024,Y,貿易百貨,食品與飲料,農產品,B-,48.31,↑,1680/2559,52/87,12/15,11/20,71.4,40.03,57.82,44.51,81/87,15/15,31/87,12/15,67/87,12/15
2915,潤泰全,2026/06,2026/05/04,2024,Y,貿易百貨,消費品,多線和專業零售商與配銷商,B,54.85,-,1045/2559,95/223,22/53,7/20,80.72,67.08,57.44,46.11,34/223,9/53,84/223,18/53,170/223,38/53
2916,滿心,2026/06,2026/05/04,2024,N,居家生活,消費品,多線和專業零售商與配銷商,C-,40.99,-,2275/2559,201/223,46/53,33/37,100,47.73,37.84,41.11,134/223,33/53,203/223,51/53,192/223,44/53
2923,鼎固-KY,2026/06,2026/05/04,2024,Y,建材營造,公共建設,房屋營造,B,54.8,-,1053/2559,77/177,37/84,46/94,100,26.92,67.53,63.42,176/177,83/84,27/177,10/84,23/177,13/84
2924,宏太-KY,2026/06,2026/05/04,2024,N,居家生活,消費品,多線和專業零售商與配銷商,C,42.08,↑,2195/2559,193/223,41/53,31/37,87.13,48.89,40,41.01,128/223,31/53,186/223,45/53,193/223,45/53
2926,誠品生活,2026/06,2026/05/04,2024,N,文化創意業,消費品,多線和專業零售商與配銷商,B-,52.74,-,1261/2559,115/223,27/53,20/34,100,35.1,60.42,53.08,204/223,48/53,59/223,13/53,114/223,22/53
2929,淘帝-KY,2026/06,2026/05/04,2024,N,貿易百貨,消費品,多線和專業零售商與配銷商,B-,50.22,-,1523/2559,135/223,32/53,10/20,67.31,59.88,48.6,47.26,65/223,17/53,141/223,33/53,166/223,37/53
2937,集雅社,2026/06,2026/05/04,2024,N,居家生活,消費品,多線和專業零售商與配銷商,B+,59.45,-,654/2559,57/223,13/53,11/37,100,52.08,58.93,63.59,105/223,27/53,70/223,14/53,34/223,6/53
2939,永邑-KY,2026/06,2026/05/04,2024,N,貿易百貨,消費品,家用與個人產品,C-,37.27,-,2455/2559,216/223,23/23,19/20,57.25,50.13,37.96,30.26,121/223,14/23,201/223,23/23,223/223,23/23
2941,米斯特,2026/06,2026/05/04,2024,N,居家生活,消費品,服飾、配件與鞋類,C-,38.57,-,2416/2559,213/223,59/61,34/37,100,32.35,32.89,47.72,212/223,57/61,220/223,60/61,157/223,49/61
2945,三商家購,2026/06,2026/05/04,2024,Y,貿易百貨,食品與飲料,食品零售商與配銷商,B,57.63,-,810/2559,30/87,3/3,4/20,91.79,70.96,49.12,54.91,15/87,1/3,49/87,3/3,42/87,3/3
2947,振宇五金,2026/06,2026/05/04,2024,N,居家生活,消費品,多線和專業零售商與配銷商,B-,51.08,-,1428/2559,129/223,29/53,21/37,100,42.82,40.6,66.4,160/223,37/53,184/223,44/53,20/223,3/53
2948,寶陞,2026/06,2026/05/04,2024,N,居家生活,消費品,裝潢材料與家具,C,46.2,-,1863/2559,168/223,18/25,24/37,100,41.7,48.86,45.53,180/223,22/25,136/223,15/25,173/223,21/25
2949,欣新網,2026/06,2026/05/04,2024,N,數位雲端,消費品,電子商務,B,55.23,↑,1019/2559,93/223,4/8,21/47,82.65,55.02,58.27,52.06,93/223,3/8,77/223,4/8,126/223,5/8
3002,歐格,2026/06,2026/05/04,2024,N,電腦及週邊,科技與通訊,硬體,B-,51.11,-,1424/2559,504/907,225/422,86/125,100,49.63,41,62.17,497/907,248/422,743/907,340/422,178/907,72/422
3003,健和興,2026/06,2026/05/04,2024,N,電子零組件,科技與通訊,硬體,B,56.7,-,885/2559,317/907,138/422,79/234,100,74.24,63.18,39.15,84/907,42/422,212/907,75/422,827/907,376/422
3004,豐達科,2026/06,2026/05/04,2024,N,鋼鐵工業,資源轉化,航空航太與國防,B,56.42,↓,919/2559,169/440,4/10,26/57,93.47,51.82,64.19,54.05,229/440,3/10,72/440,2/10,204/440,7/10
3005,神基,2026/06,2026/05/04,2024,Y,電腦及週邊,科技與通訊,硬體,B+,60.84,-,548/2559,202/907,83/422,36/125,100,68.36,64.6,52.33,156/907,78/422,188/907,66/422,490/907,212/422
3006,晶豪科,2026/06,2026/05/04,2024,N,半導體,科技與通訊,半導體,B,55.16,-,1024/2559,373/907,137/317,109/235,98.63,57.19,48.1,60.94,344/907,116/317,554/907,199/317,213/907,90/317
3008,大立光,2026/06,2026/05/04,2024,Y,光電業,科技與通訊,硬體,B,57.7,-,805/2559,292/907,126/422,33/141,89.97,52.81,60.76,57.72,430/907,220/422,254/907,99/422,296/907,129/422
3010,華立,2026/06,2026/05/04,2024,N,電子通路業,科技與通訊,電子製造服務與原廠設計製造,B,56.99,-,862/2559,307/907,22/53,12/39,100,71.65,57.51,47.22,114/907,15/53,324/907,25/53,639/907,37/53
3011,今皓,2026/06,2026/05/04,2024,N,電子零組件,資源轉化,電氣與電子設備,C,45.43,-,1925/2559,350/440,137/163,182/234,72.22,38.2,51.8,46.07,370/440,146/163,233/440,92/163,338/440,129/163
3013,晟銘電,2026/06,2026/05/04,2024,N,電腦及週邊,科技與通訊,硬體,B,53.1,↑,1217/2559,445/907,197/422,76/125,100,68.62,49.68,46.72,150/907,76/422,521/907,221/422,655/907,296/422
3014,聯陽,2026/06,2026/05/04,2024,N,半導體,科技與通訊,半導體,B-,51.81,↓,1364/2559,489/907,178/317,136/235,100,44.19,54.84,53.59,610/907,206/317,374/907,135/317,436/907,171/317
3015,全漢,2026/06,2026/05/04,2024,Y,電子零組件,資源轉化,電氣與電子設備,B+,61.59,-,489/2559,72/440,30/163,39/234,100,64.45,72.22,51.46,94/440,41/163,20/440,8/163,246/440,95/163
3016,嘉晶,2026/06,2026/05/04,2024,Y,半導體,科技與通訊,半導體,B-,50.72,-,1469/2559,518/907,187/317,145/235,100,36.32,59.13,51.4,741/907,251/317,293/907,109/317,523/907,205/317
3017,奇鋐,2026/06,2026/05/04,2024,N,電腦及週邊,科技與通訊,硬體,A,66.24,↑,221/2559,98/907,36/422,19/125,97.73,72.54,74.25,54.24,101/907,49/422,61/907,21/422,414/907,183/422
3018,隆銘綠能,2026/06,2026/05/04,2024,Y,其他電子業,公共建設,工程與建造服務,C,45.57,↑,1916/2559,135/177,25/32,88/114,19.11,50.6,54.97,51.24,92/177,21/32,79/177,20/32,103/177,21/32
3019,亞光,2026/06,2026/05/04,2024,Y,光電業,科技與通訊,硬體,B,55.96,-,970/2559,353/907,155/422,42/141,95.94,62.22,44.81,63.15,243/907,123/422,649/907,288/422,148/907,56/422
3021,鴻名,2026/06,2026/05/04,2024,N,電子零組件,科技與通訊,硬體,B,53.46,-,1187/2559,431/907,190/422,118/234,78.51,64.58,48.17,51.72,200/907,100/422,549/907,233/422,508/907,218/422
3022,威強電,2026/06,2026/05/04,2024,N,電腦及週邊,科技與通訊,硬體,B+,61.51,-,494/2559,183/907,70/422,32/125,98.65,73.72,63.65,51.66,91/907,44/422,207/907,73/422,513/907,220/422
3023,信邦,2026/06,2026/05/04,2024,Y,電子零組件,科技與通訊,硬體,B+,61.22,-,512/2559,189/907,75/422,44/234,90.64,71.18,54.63,61.52,120/907,64/422,379/907,156/422,196/907,83/422
3024,憶聲,2026/06,2026/05/04,2024,N,光電業,消費品,電器製造,C,45.5,-,1922/2559,176/223,24/27,96/141,75.07,64.71,42.08,39.82,40/223,5/27,174/223,23/27,198/223,24/27
3025,星通,2026/06,2026/05/04,2024,N,通信網路業,科技與通訊,硬體,B-,51.56,-,1388/2559,497/907,221/422,65/100,100,38.78,66.54,44.66,710/907,350/422,155/907,58/422,710/907,322/422
3026,禾伸堂,2026/06,2026/05/04,2024,N,電子零組件,科技與通訊,硬體,B,56.56,-,898/2559,322/907,142/422,83/234,100,69.67,53.2,51.64,134/907,69/422,416/907,177/422,515/907,221/422
3027,盛達,2026/06,2026/05/04,2024,Y,通信網路業,可再生資源與替代能源,燃料電池與工業電池,A+,71.59,↑,83/2559,2/55,1/11,7/100,76.62,73.79,65.5,73.08,7/55,1/11,12/55,1/11,1/55,1/11
3028,增你強,2026/06,2026/05/04,2024,N,電子通路業,科技與通訊,電子製造服務與原廠設計製造,B,56.45,-,913/2559,328/907,23/53,14/39,90.13,58.78,55.67,55.75,313/907,25/53,357/907,28/53,365/907,18/53
3029,零壹,2026/06,2026/05/04,2024,N,資訊服務業,科技與通訊,軟體與資訊科技服務,B,53.91,-,1134/2559,412/907,46/100,32/56,100,41.91,59.65,55.76,653/907,52/100,279/907,35/100,363/907,31/100
3030,德律,2026/06,2026/05/04,2024,N,其他電子業,資源轉化,電氣與電子設備,B+,63.96,-,340/2559,36/440,16/163,17/114,100,71,53.74,66.34,47/440,20/163,206/440,79/163,41/440,20/163
3031,佰鴻,2026/06,2026/05/04,2024,N,光電業,科技與通訊,半導體,B-,50.78,-,1457/2559,514/907,185/317,66/141,100,43.08,47.79,58.62,631/907,217/317,563/907,203/317,279/907,117/317
3032,偉訓,2026/06,2026/05/04,2024,Y,電子零組件,科技與通訊,硬體,B,54.02,-,1125/2559,407/907,178/422,109/234,79.95,61.89,47.24,55.83,249/907,127/422,581/907,253/422,359/907,158/422
3033,威健,2026/06,2026/05/04,2024,Y,電子通路業,科技與通訊,電子製造服務與原廠設計製造,A,66.06,-,232/2559,105/907,12/53,4/39,100,71.48,67.88,60.82,116/907,16/53,131/907,10/53,217/907,10/53
3034,聯詠,2026/06,2026/05/04,2024,Y,半導體,科技與通訊,半導體,A+,74.87,-,28/2559,14/907,5/317,5/235,92.79,82.22,75.58,69.53,44/907,15/317,45/907,22/317,40/907,19/317
3035,智原,2026/06,2026/05/04,2024,Y,半導體,科技與通訊,半導體,A+,72.54,-,69/2559,34/907,14/317,13/235,100,82.23,70.44,68.53,43/907,14/317,92/907,38/317,57/907,26/317
3036,文曄,2026/06,2026/05/04,2024,Y,電子通路業,科技與通訊,電子製造服務與原廠設計製造,A,70.94,-,100/2559,49/907,5/53,2/39,100,82.43,79.27,55.35,40/907,7/53,23/907,3/53,376/907,19/53
3037,欣興,2026/06,2026/05/04,2024,Y,電子零組件,科技與通訊,硬體,A,65.54,-,261/2559,112/907,43/422,19/234,93.21,57.03,78.86,57.59,351/907,178/422,26/907,8/422,306/907,135/422
3038,全台,2026/06,2026/05/04,2024,N,光電業,科技與通訊,硬體,B+,59.44,↑,656/2559,240/907,102/422,28/141,100,57.09,51.18,69.17,346/907,175/422,473/907,201/422,47/907,17/422
3040,遠見,2026/06,2026/05/04,2024,N,其他,公共建設,不動產服務,B-,50.18,-,1527/2559,111/177,5/8,105/211,76.06,49.66,57.29,45.54,98/177,5/8,72/177,2/8,137/177,7/8
3041,揚智,2026/06,2026/05/04,2024,N,半導體,科技與通訊,半導體,C,46.26,↓,1857/2559,658/907,238/317,180/235,73.18,36.05,62.8,36.17,750/907,255/317,220/907,88/317,863/907,308/317
3042,晶技,2026/06,2026/05/04,2024,Y,電子零組件,科技與通訊,硬體,A,68.57,-,158/2559,65/907,24/422,13/234,100,80.26,67.73,62.03,54/907,27/422,133/907,49/422,183/907,76/422
3043,科風,2026/06,2026/05/04,2024,Y,其他電子業,資源轉化,電氣與電子設備,C,43.98,-,2044/2559,372/440,144/163,93/114,52.3,56.57,40.49,37.15,186/440,78/163,372/440,140/163,416/440,156/163
3044,健鼎,2026/06,2026/05/04,2024,N,電子零組件,科技與通訊,硬體,B+,61.13,-,520/2559,190/907,76/422,45/234,100,55.8,59.69,65.94,366/907,185/422,276/907,110/422,100/907,40/422
3045,台灣大,2026/06,2026/05/04,2024,Y,通信網路業,科技與通訊,電訊服務,A+,74.78,-,30/2559,16/907,2/7,4/100,88.22,77.44,80.33,67.55,66/907,3/7,19/907,2/7,74/907,2/7
3046,建碁,2026/06,2026/05/04,2024,N,電腦及週邊,科技與通訊,硬體,B-,50.9,-,1446/2559,508/907,227/422,87/125,100,71.94,41.11,47.4,109/907,57/422,741/907,338/422,632/907,283/422
3047,訊舟,2026/06,2026/05/04,2024,N,通信網路業,科技與通訊,硬體,B,56.89,↑,873/2559,313/907,136/422,44/100,46.7,57.32,69.96,50.25,341/907,173/422,104/907,39/422,559/907,243/422
3048,益登,2026/06,2026/05/04,2024,Y,電子通路業,科技與通訊,電子製造服務與原廠設計製造,B-,51.05,-,1433/2559,506/907,35/53,25/39,100,58.61,46.96,50.37,316/907,27/53,588/907,41/53,558/907,35/53
3049,精金,2026/06,2026/05/04,2024,Y,光電業,科技與通訊,硬體,B,54.18,-,1111/2559,398/907,175/422,50/141,79.22,59.45,67.72,37.32,292/907,151/422,134/907,50/422,855/907,394/422
3050,鈺德,2026/06,2026/05/04,2024,N,光電業,科技與通訊,硬體,C-,38.37,-,2425/2559,847/907,396/422,132/141,87.67,41.35,45.17,29.69,663/907,324/422,643/907,285/422,898/907,416/422
3051,力特,2026/06,2026/05/04,2024,N,光電業,科技與通訊,硬體,B-,49.2,-,1600/2559,560/907,253/422,75/141,84.96,41.57,63.86,39.36,659/907,322/422,203/907,72/422,820/907,372/422
3052,夆典,2026/06,2026/05/04,2024,N,建材營造,公共建設,工程與建造服務,B+,63.41,-,367/2559,21/177,11/32,9/94,100,74.4,62.23,57.33,9/177,6/32,51/177,15/32,66/177,13/32
3054,立萬利,2026/06,2026/05/04,2024,Y,食品工業,醫療保健,生物科技與製藥,C,46.47,-,1843/2559,181/263,91/143,38/45,70.44,54.14,41.92,50.03,112/263,57/143,201/263,98/143,162/263,87/143
3055,蔚華科,2026/06,2026/05/04,2024,N,電子通路業,科技與通訊,半導體,C,43.54,↑,2082/2559,716/907,255/317,33/39,71.19,32.67,42.59,51.37,882/907,304/317,706/907,243/317,524/907,206/317
3056,富華新,2026/06,2026/05/04,2024,N,建材營造,公共建設,工程與建造服務,B+,59.03,-,685/2559,48/177,18/32,27/94,84.35,60.17,54.44,61.51,49/177,15/32,81/177,21/32,35/177,5/32
3057,喬鼎,2026/06,2026/05/04,2024,N,電腦及週邊,科技與通訊,硬體,B-,52.73,-,1262/2559,461/907,203/422,78/125,97.22,54.59,53.55,50.73,388/907,197/422,412/907,175/422,546/907,237/422
3058,立德,2026/06,2026/05/04,2024,Y,電子零組件,資源轉化,電氣與電子設備,B,54.61,-,1071/2559,196/440,81/163,105/234,67.39,67.6,63.36,38.29,69/440,29/163,85/440,34/163,408/440,154/163
3059,華晶科,2026/06,2026/05/04,2024,N,光電業,科技與通訊,硬體,B-,48.38,-,1675/2559,591/907,274/422,84/141,100,36.29,49.96,54.44,742/907,366/422,510/907,216/422,402/907,178/422
3060,銘異,2026/06,2026/05/04,2024,N,電腦及週邊,科技與通訊,硬體,B-,49.79,-,1558/2559,554/907,250/422,94/125,99.37,58.41,38.75,55.39,319/907,164/422,778/907,357/422,373/907,164/422
3062,建漢,2026/06,2026/05/04,2024,Y,通信網路業,科技與通訊,電子製造服務與原廠設計製造,B,53.69,↑,1159/2559,422/907,30/53,52/100,100,58.69,56.95,47.26,314/907,26/53,333/907,27/53,637/907,36/53
3064,泰偉,2026/06,2026/05/04,2024,N,文化創意業,服務,賭場與博弈,B,56.92,↓,870/2559,43/145,1/1,13/34,75.91,40.84,66.07,54.06,135/145,1/1,22/145,1/1,71/145,1/1
3066,李洲,2026/06,2026/05/04,2024,Y,光電業,科技與通訊,半導體,C-,38.48,↓,2420/2559,846/907,298/317,131/141,30.3,34.45,31.6,53.3,871/907,300/317,869/907,303/317,452/907,180/317
3067,全域,2026/06,2026/05/04,2024,N,其他電子業,科技與通訊,硬體,C-,39.44,-,2368/2559,830/907,390/422,101/114,100,37.75,35.07,44.88,725/907,357/422,835/907,387/422,704/907,318/422
3071,協禧,2026/06,2026/05/04,2024,N,電腦及週邊,資源轉化,電氣與電子設備,B+,62.91,-,397/2559,50/440,22/163,28/125,97.78,60.58,58.84,67.71,137/440,56/163,138/440,56/163,29/440,16/163
3073,天方能源,2026/06,2026/05/04,2024,N,綠能環保,可再生資源與替代能源,太陽能科技與項目開發商,B,54.92,↑,1042/2559,23/55,12/29,23/66,100,54.61,75.47,43.93,23/55,14/29,3/55,1/29,45/55,22/29
3078,僑威,2026/06,2026/05/04,2024,N,電子零組件,資源轉化,電氣與電子設備,B-,52.01,-,1342/2559,253/440,101/163,132/234,97.38,50.72,56.75,49.43,244/440,98/163,166/440,69/163,281/440,109/163
3081,聯亞,2026/06,2026/05/04,2024,Y,通信網路業,科技與通訊,半導體,B+,59.5,-,643/2559,235/907,91/317,34/100,95.02,36.38,59.9,73.69,739/907,250/317,269/907,100/317,15/907,5/317
3083,網龍,2026/06,2026/05/04,2024,N,文化創意業,科技與通訊,軟體與資訊科技服務,C,44.43,-,2005/2559,694/907,68/100,28/34,100,43.69,37.39,51.93,619/907,50/100,805/907,88/100,503/907,49/100
3085,新零售,2026/06,2026/05/04,2024,N,數位雲端,科技與通訊,互聯網媒體與服務,B-,50.64,-,1477/2559,521/907,5/8,26/47,91.13,31.91,56.29,56.82,886/907,8/8,344/907,5/8,326/907,4/8
3086,華義*,2026/06,2026/05/04,2024,Y,文化創意業,科技與通訊,軟體與資訊科技服務,B-,52.88,↓,1246/2559,455/907,51/100,19/34,100,47.98,42.21,66.63,529/907,45/100,711/907,81/100,87/907,12/100
3088,艾訊,2026/06,2026/05/04,2024,Y,電腦及週邊,科技與通訊,硬體,A,65.56,-,259/2559,111/907,42/422,21/125,100,74.65,55.58,69.79,83/907,41/422,359/907,147/422,35/907,11/422
3090,日電貿,2026/06,2026/05/04,2024,Y,電子零組件,科技與通訊,電子製造服務與原廠設計製造,B,55.72,-,987/2559,360/907,27/53,96/234,100,55.9,59.33,52,365/907,32/53,287/907,23/53,501/907,32/53
3092,鴻碩,2026/06,2026/05/04,2024,N,電子零組件,資源轉化,電氣與電子設備,B,58.64,-,719/2559,122/440,49/163,60/234,87.56,45.6,63.3,64.94,297/440,116/163,86/440,35/163,51/440,25/163
3093,港建*,2026/06,2026/05/04,2024,N,其他電子業,服務,專業與商業服務,B,58.72,-,710/2559,30/145,14/24,36/114,97.32,72.34,47.72,66.33,8/145,5/24,96/145,19/24,11/145,3/24
3094,聯傑,2026/06,2026/05/04,2024,N,半導體,科技與通訊,半導體,B,58.63,-,722/2559,262/907,102/317,83/235,100,33.31,66.81,66.43,878/907,302/317,151/907,62/317,91/907,38/317
3095,及成,2026/06,2026/05/04,2024,N,通信網路業,科技與通訊,電子製造服務與原廠設計製造,C-,37.87,-,2443/2559,855/907,51/53,97/100,100,36.26,41.32,35.45,743/907,48/53,738/907,48/53,870/907,52/53
3105,穩懋,2026/06,2026/05/04,2024,Y,半導體,科技與通訊,半導體,A,67.16,-,193/2559,83/907,34/317,33/235,100,65.53,71.96,63.38,182/907,57/317,80/907,35/317,142/907,64/317
3114,好德,2026/06,2026/05/04,2024,N,電子零組件,科技與通訊,電子製造服務與原廠設計製造,B-,52.34,-,1313/2559,473/907,32/53,129/234,100,57.04,45.32,56.4,350/907,29/53,636/907,45/53,343/907,16/53
3115,富榮綱,2026/06,2026/05/04,2024,N,電子零組件,科技與通訊,半導體,C,41.81,↑,2221/2559,762/907,268/317,205/234,74.69,36.24,47.79,39.34,744/907,252/317,564/907,204/317,823/907,300/317
3118,進階,2026/06,2026/05/04,2024,N,生技醫療,醫療保健,醫療設備與用品,B+,63.97,-,339/2559,37/263,19/95,37/267,100,69.62,62.83,62.56,40/263,19/95,51/263,22/95,45/263,16/95
3122,笙泉,2026/06,2026/05/04,2024,N,半導體,科技與通訊,半導體,B-,51.67,-,1374/2559,491/907,180/317,138/235,100,43.97,56.36,51.83,615/907,208/317,342/907,127/317,506/907,199/317
3128,昇銳,2026/06,2026/05/04,2024,N,光電業,資源轉化,電氣與電子設備,B+,58.93,↑,693/2559,117/440,47/163,29/141,84.56,59.57,63.09,55.34,149/440,65/163,88/440,36/163,183/440,70/163
3130,一零四,2026/06,2026/05/04,2024,N,數位雲端,科技與通訊,互聯網媒體與服務,A,65.66,-,252/2559,108/907,1/8,5/47,87.51,52.59,70.66,68.91,436/907,2/8,89/907,1/8,53/907,1/8
3131,弘塑,2026/06,2026/05/04,2024,N,其他電子業,科技與通訊,半導體,B+,58.92,↑,694/2559,252/907,97/317,34/114,91.94,70.66,58.16,52.28,126/907,33/317,318/907,119/317,494/907,194/317
3135,凌航,2026/06,2026/05/04,,N,半導體,科技與通訊,半導體,C-,37,-,2470/2559,869/907,304/317,225/235,100,39.69,35.19,37.11,687/907,236/317,833/907,292/317,856/907,306/317
3138,耀登,2026/06,2026/05/04,2024,Y,通信網路業,科技與通訊,硬體,A,69.47,-,131/2559,56/907,21/422,11/100,100,75.2,75.05,60.27,79/907,39/422,54/907,17/422,231/907,97/422
3141,晶宏,2026/06,2026/05/04,2024,N,半導體,科技與通訊,半導體,B,53.83,-,1143/2559,415/907,149/317,117/235,100,48.69,47.32,63.59,520/907,170/317,577/907,206/317,139/907,63/317
3147,大綜,2026/06,2026/05/04,2024,N,資訊服務業,科技與通訊,軟體與資訊科技服務,B+,60.88,-,542/2559,200/907,17/100,13/56,93.07,51.22,65.5,62.37,452/907,33/100,172/907,19/100,171/907,18/100
3149,正達,2026/06,2026/05/04,2024,N,光電業,科技與通訊,硬體,B,53.94,-,1133/2559,411/907,181/422,52/141,100,44.68,51.21,62.51,597/907,297/422,472/907,200/422,164/907,63/422
3152,璟德,2026/06,2026/05/04,2024,N,通信網路業,科技與通訊,硬體,B,57.91,-,786/2559,284/907,121/422,42/100,100,46.38,59.01,64.1,561/907,279/422,297/907,115/422,131/907,53/422
3158,嘉實,2026/06,2026/05/04,,N,資訊服務業,科技與通訊,軟體與資訊科技服務,B-,48.41,-,1670/2559,588/907,56/100,37/56,97.8,39.65,59.67,42.68,697/907,60/100,277/907,34/100,757/907,76/100
3162,精確,2026/06,2026/05/04,2024,N,電機機械,運輸,汽車零件,C,46.82,-,1815/2559,84/127,54/82,92/123,87.63,65.98,36.92,38.48,34/127,17/82,108/127,70/82,115/127,76/82
3163,波若威,2026/06,2026/05/04,2024,N,通信網路業,科技與通訊,硬體,B-,48.39,↑,1674/2559,590/907,273/422,71/100,100,49.77,37.58,58.33,493/907,246/422,802/907,369/422,283/907,126/422
3164,景岳,2026/06,2026/05/04,2024,N,生技醫療,醫療保健,生物科技與製藥,B-,52.97,-,1233/2559,116/263,61/143,119/267,100,42.12,61.14,44.79,147/263,76/143,65/263,30/143,210/263,116/143
3167,大量,2026/06,2026/05/04,2024,N,電機機械,資源轉化,工業機械與物品,B-,51.99,-,1345/2559,255/440,79/137,73/123,92.15,56.45,54.23,46.96,187/440,64/137,197/440,56/137,324/440,99/137
3168,眾福科,2026/06,2026/05/04,2024,Y,光電業,科技與通訊,硬體,B-,48.58,-,1652/2559,582/907,268/422,80/141,100,33.7,52.26,54.3,877/907,412/422,442/907,188/422,410/907,181/422
3169,亞信,2026/06,2026/05/04,2024,N,半導體,科技與通訊,半導體,B-,48.05,-,1708/2559,601/907,216/317,162/235,90.56,51.18,46.28,47.86,455/907,151/317,609/907,217/317,619/907,240/317
3171,炎洲流通,2026/06,2026/05/04,2024,N,居家生活,資源轉化,容器與包裝,C,42.01,-,2205/2559,386/440,14/17,32/37,84.29,43.76,32.68,47.69,315/440,12/17,424/440,16/17,312/440,14/17
3176,基亞,2026/06,2026/05/04,2024,N,生技醫療,醫療保健,生物科技與製藥,B,56.53,-,905/2559,90/263,46/143,93/267,100,66.78,52.87,56.86,52/263,23/143,132/263,61/143,89/263,52/143
3178,公準,2026/06,2026/05/04,2024,N,半導體,科技與通訊,半導體,B,53.54,-,1174/2559,426/907,155/317,122/235,100,43.24,45.13,68.46,627/907,215/317,645/907,227/317,58/907,27/317
3188,鑫龍騰,2026/06,2026/05/04,2024,N,建材營造,公共建設,房屋營造,B,55.95,-,971/2559,68/177,29/84,38/94,100,48.55,60.29,57.57,107/177,47/84,60/177,26/84,65/177,33/84
3189,景碩,2026/06,2026/05/04,2024,Y,半導體,科技與通訊,硬體,B+,62.95,-,396/2559,159/907,61/422,52/235,100,63.19,56.25,69.48,227/907,115/422,345/907,137/422,42/907,14/422
3191,雲嘉南,2026/06,2026/05/04,2024,N,電子零組件,科技與通訊,硬體,C-,37.07,-,2467/2559,867/907,404/422,229/234,50.88,42.7,30.67,39.91,638/907,312/422,876/907,408/422,811/907,365/422
3205,佰研,2026/06,2026/05/04,2024,Y,生技醫療,食品與飲料,肉品、家禽與乳製品,B,58.75,-,707/2559,25/87,1/7,76/267,99.45,48.76,61.74,65.19,41/87,5/7,26/87,1/7,10/87,1/7
3206,志豐,2026/06,2026/05/04,2024,N,電子零組件,科技與通訊,硬體,B,58.04,-,769/2559,277/907,117/422,66/234,100,66.77,47.24,63.32,173/907,87/422,580/907,252/422,147/907,55/422
3207,耀勝,2026/06,2026/05/04,2024,N,電子零組件,資源轉化,電氣與電子設備,C,45.03,-,1957/2559,357/440,138/163,185/234,100,46.59,54.14,37.03,292/440,113/163,199/440,77/163,417/440,157/163
3209,全科,2026/06,2026/05/04,2024,Y,電子通路業,科技與通訊,電子製造服務與原廠設計製造,B,56.03,-,961/2559,348/907,25/53,16/39,92.44,58.27,51.79,58.85,324/907,28/53,459/907,34/53,276/907,12/53
3211,順達,2026/06,2026/05/04,2024,N,電腦及週邊,科技與通訊,硬體,B,58.82,-,701/2559,255/907,109/422,46/125,100,65.04,45.64,68.09,195/907,98/422,628/907,275/422,63/907,24/422
3213,茂訊,2026/06,2026/05/04,2024,N,電腦及週邊,科技與通訊,硬體,B-,47.96,↑,1719/2559,603/907,278/422,101/125,100,52.51,47.26,45.81,437/907,223/422,579/907,251/422,679/907,308/422
3217,優群,2026/06,2026/05/04,2024,N,電子零組件,科技與通訊,硬體,B+,59.14,↑,674/2559,243/907,104/422,58/234,100,72.24,69.94,40.07,106/907,54/422,105/907,40/422,809/907,364/422
3218,大學光,2026/06,2026/05/04,2024,Y,生技醫療,醫療保健,健康照護提供,A,65.29,-,274/2559,30/263,2/10,29/267,100,77.57,58.16,70.68,15/263,1/10,89/263,4/10,16/263,2/10
3219,倚強科,2026/06,2026/05/04,2024,Y,其他電子業,資源轉化,電氣與電子設備,B-,50.44,-,1502/2559,277/440,111/163,66/114,100,51.77,38.77,58.19,231/440,93/163,390/440,147/163,126/440,50/163
3221,台嘉碩,2026/06,2026/05/04,2024,N,通信網路業,科技與通訊,硬體,B+,62.17,-,449/2559,171/907,66/422,26/100,74.73,54.23,69.68,59.66,395/907,202/422,111/907,43/422,246/907,106/422
3224,三顧,2026/06,2026/05/04,2024,N,電子通路業,科技與通訊,電子製造服務與原廠設計製造,B-,51.05,-,1432/2559,505/907,34/53,24/39,74.17,44.28,59.48,46.91,607/907,43/53,282/907,22/53,648/907,38/53
3226,龍鋒,2026/06,2026/05/04,2024,N,電機機械,運輸,汽車零件,B,56.43,-,918/2559,44/127,26/82,44/123,91.37,44.22,59.34,64.27,86/127,57/82,44/127,26/82,22/127,18/82
3227,原相,2026/06,2026/05/04,2024,Y,半導體,科技與通訊,半導體,B+,59.57,↑,638/2559,232/907,89/317,72/235,100,57.51,61.34,59.09,335/907,110/317,240/907,92/317,268/907,112/317
3228,金麗科,2026/06,2026/05/04,2024,N,半導體,科技與通訊,半導體,C,43.12,-,2113/2559,726/907,257/317,194/235,93.12,43.04,53.82,32.47,632/907,218/317,401/907,145/317,888/907,314/317
3229,晟鈦,2026/06,2026/05/04,2024,N,電子零組件,科技與通訊,硬體,C,43.63,-,2075/2559,714/907,332/422,194/234,100,46.23,43.17,42.43,564/907,281/422,690/907,316/422,764/907,346/422
3230,錦明,2026/06,2026/05/04,2024,Y,光電業,資源轉化,工業機械與物品,B-,48.09,↑,1707/2559,313/440,98/137,87/141,70.85,61.54,49.21,37.16,127/440,45/137,272/440,79/137,415/440,127/137
3231,緯創,2026/06,2026/05/04,2024,Y,電腦及週邊,科技與通訊,電子製造服務與原廠設計製造,A+,71.21,↑,92/2559,45/907,4/53,10/125,88.13,88.67,69.69,61.69,10/907,3/53,109/907,8/53,190/907,7/53
3232,昱捷,2026/06,2026/05/04,2024,N,電子通路業,科技與通訊,電子製造服務與原廠設計製造,C,47.49,-,1760/2559,614/907,41/53,31/39,100,53.27,45.78,45.55,417/907,35/53,626/907,44/53,687/907,40/53
3234,光環,2026/06,2026/05/04,2024,N,通信網路業,科技與通訊,半導體,C,47.8,-,1732/2559,604/907,217/317,73/100,93.72,29.79,50.96,56,893/907,310/317,478/907,174/317,355/907,145/317
3236,千如,2026/06,2026/05/04,2024,Y,電子零組件,資源轉化,電氣與電子設備,B+,60.71,-,555/2559,84/440,33/163,50/234,100,56.67,56.04,67.23,184/440,77/163,175/440,72/163,35/440,19/163
3252,海灣,2026/06,2026/05/04,2024,N,觀光餐旅,服務,旅館與住宿,B,56.06,-,958/2559,46/145,6/15,17/67,100,68.28,48.77,58.77,14/145,2/15,90/145,12/15,36/145,10/15
3257,虹冠電,2026/06,2026/05/04,2024,N,半導體,科技與通訊,半導體,C,47.47,-,1763/2559,615/907,221/317,165/235,97.5,58.91,50.1,37.62,310/907,103/317,506/907,181/317,852/907,305/317
3259,鑫創,2026/06,2026/05/04,2024,N,半導體,科技與通訊,半導體,C,41.46,-,2242/2559,774/907,275/317,207/235,96.49,26.15,52.3,40.28,905/907,317/317,441/907,158/317,801/907,295/317
3260,威剛,2026/06,2026/05/04,2024,Y,半導體,科技與通訊,半導體,B+,62.99,-,390/2559,157/907,63/317,51/235,100,63.09,68.83,57.07,229/907,76/317,120/907,51/317,317/907,128/317
3264,欣銓,2026/06,2026/05/04,2024,Y,半導體,科技與通訊,半導體,A+,75.82,-,18/2559,9/907,3/317,3/235,100,83.16,78.6,68.4,38/907,13/317,27/907,12/317,60/907,28/317
3265,台星科,2026/06,2026/05/04,2024,Y,半導體,科技與通訊,半導體,A,67.41,-,184/2559,77/907,32/317,31/235,100,68.95,70.71,63.13,144/907,39/317,87/907,37/317,149/907,69/317
3266,昇陽,2026/06,2026/05/04,2024,N,建材營造,公共建設,房屋營造,A,67,-,197/2559,8/177,1/84,2/94,99.86,71.53,64.19,66.12,16/177,7/84,44/177,20/84,12/177,5/84
3268,海德威,2026/06,2026/05/04,2024,N,半導體,科技與通訊,半導體,C,47.04,-,1793/2559,629/907,231/317,174/235,90.29,44.82,42.01,53.48,589/907,201/317,718/907,249/317,446/907,177/317
3272,東碩,2026/06,2026/05/04,2024,Y,電腦及週邊,科技與通訊,硬體,B+,59.68,-,629/2559,227/907,95/422,40/125,77.55,72.32,45.38,66,105/907,53/422,634/907,280/422,99/907,39/422
3276,宇環,2026/06,2026/05/04,2024,N,電子零組件,科技與通訊,硬體,C-,39.9,↓,2338/2559,815/907,380/422,216/234,89.3,33.04,44.37,39.76,880/907,414/422,655/907,291/422,813/907,366/422
3284,太普高,2026/06,2026/05/04,2024,N,其他,資源轉化,工業機械與物品,C,45.66,-,1907/2559,346/440,107/137,132/211,100,30.89,51.41,52.42,431/440,135/137,237/440,68/137,231/440,66/137
3285,微端,2026/06,2026/05/04,2024,N,其他電子業,科技與通訊,硬體,C,47.69,-,1739/2559,607/907,280/422,81/114,74.68,53.05,40.89,51.1,426/907,218/422,746/907,342/422,534/907,231/422
3287,廣寰科,2026/06,2026/05/04,2024,N,電腦及週邊,科技與通訊,硬體,B-,50.68,-,1474/2559,520/907,233/422,88/125,100,50.12,47.15,54.56,483/907,240/422,583/907,254/422,397/907,173/422
3288,點晶,2026/06,2026/05/04,2024,N,電子零組件,科技與通訊,半導體,C-,38.13,-,2432/2559,850/907,300/317,226/234,100,36.15,43.64,33.87,746/907,253/317,677/907,232/317,882/907,311/317
3289,宜特,2026/06,2026/05/04,2024,Y,其他電子業,科技與通訊,半導體,A,66.03,-,235/2559,106/907,41/317,11/114,77.36,65.25,77.18,55.37,189/907,62/317,38/907,18/317,375/907,152/317
3290,東浦,2026/06,2026/05/04,2024,N,電子零組件,資源轉化,工業機械與物品,C,47.5,-,1757/2559,322/440,100/137,167/234,100,61.52,34.54,46.71,128/440,46/137,416/440,134/137,328/440,101/137
3293,鈊象,2026/06,2026/05/04,2024,Y,文化創意業,科技與通訊,軟體與資訊科技服務,A,68.76,-,153/2559,63/907,5/100,2/34,100,63.89,71.02,69.58,215/907,13/100,84/907,11/100,39/907,6/100
3294,英濟,2026/06,2026/05/04,2024,N,電子零組件,科技與通訊,硬體,B,53.96,↑,1130/2559,409/907,179/422,111/234,100,35.24,49.88,69.86,760/907,376/422,514/907,217/422,33/907,10/422
3296,勝德,2026/06,2026/05/04,2024,N,電子零組件,資源轉化,電氣與電子設備,B,53.89,-,1135/2559,211/440,87/163,113/234,93.95,53.6,47.46,58.94,216/440,88/163,302/440,112/163,117/440,47/163
3297,杭特,2026/06,2026/05/04,2024,N,光電業,資源轉化,電氣與電子設備,C,46.05,-,1876/2559,342/440,136/163,93/141,100,40,44.86,51.47,350/440,137/163,330/440,123/163,245/440,94/163
3303,岱稜,2026/06,2026/05/04,2024,Y,其他電子業,資源轉化,容器與包裝,B+,62.21,-,447/2559,63/440,2/17,24/114,94.06,57.35,58.32,68.78,177/440,5/17,145/440,7/17,22/440,1/17
3305,昇貿,2026/06,2026/05/04,2024,N,其他電子業,資源轉化,工業機械與物品,B+,61.78,↑,475/2559,69/440,24/137,26/114,91.72,73.84,65.82,49.7,26/440,8/137,58/440,17/137,277/440,85/137
3306,鼎天,2026/06,2026/05/04,2024,N,通信網路業,科技與通訊,硬體,B-,51.66,-,1376/2559,492/907,219/422,63/100,100,55.34,52.78,48.22,372/907,190/422,431/907,184/422,610/907,272/422
3308,聯德,2026/06,2026/05/04,2024,N,電子零組件,資源轉化,電氣與電子設備,C,47.61,-,1746/2559,319/440,126/163,165/234,98.72,42.24,40.8,56.76,337/440,134/163,368/440,137/163,151/440,59/163
3310,佳穎,2026/06,2026/05/04,2024,N,電子零組件,資源轉化,工業機械與物品,B,53.6,↑,1170/2559,217/440,63/137,115/234,100,68.98,59.67,37.52,60/440,22/137,131/440,39/137,414/440,126/137
3311,閎暉,2026/06,2026/05/04,2024,N,通信網路業,科技與通訊,硬體,B-,52.95,-,1238/2559,453/907,200/422,55/100,100,67.19,48.1,48.81,171/907,85/422,556/907,237/422,597/907,265/422
3312,弘憶股,2026/06,2026/05/04,2024,N,電子通路業,科技與通訊,電子製造服務與原廠設計製造,B,55.86,-,978/2559,355/907,26/53,17/39,89.46,61.68,55.48,52.56,253/907,23/53,363/907,29/53,476/907,27/53
3313,斐成,2026/06,2026/05/04,2024,Y,其他,公共建設,房屋營造,B-,48.82,-,1634/2559,117/177,60/84,115/211,63.36,34.86,56.29,52.37,173/177,81/84,75/177,35/84,92/177,47/84
3317,尼克森,2026/06,2026/05/04,2024,N,半導體,科技與通訊,半導體,B,53.66,-,1162/2559,424/907,153/317,121/235,100,63.69,42.66,58.32,220/907,71/317,705/907,242/317,284/907,119/317
3321,同泰,2026/06,2026/05/04,2024,N,電子零組件,科技與通訊,硬體,C,42.05,-,2199/2559,757/907,353/422,204/234,80.45,44.35,37.76,44.89,606/907,301/422,797/907,366/422,703/907,317/422
3322,建舜電,2026/06,2026/05/04,2024,N,電子零組件,科技與通訊,半導體,B,58,-,774/2559,279/907,107/317,68/234,100,65.43,55.73,55.59,185/907,59/317,356/907,130/317,368/907,150/317
3323,加百裕,2026/06,2026/05/04,2024,N,電腦及週邊,科技與通訊,硬體,B+,60.34,-,583/2559,213/907,89/422,38/125,75.31,83.28,43.77,62.42,37/907,17/422,672/907,305/422,168/907,66/422
3324,雙鴻,2026/06,2026/05/04,2024,N,其他電子業,科技與通訊,硬體,A,65.27,↑,275/2559,118/907,45/422,15/114,100,66.59,57.15,72.57,175/907,88/422,330/907,130/422,17/907,7/422
3325,旭品,2026/06,2026/05/04,2024,N,電腦及週邊,科技與通訊,硬體,C,46.7,-,1829/2559,645/907,296/422,106/125,86.59,44.63,52.23,42.46,599/907,298/422,444/907,189/422,762/907,344/422
3332,幸康,2026/06,2026/05/04,2024,N,電子零組件,資源轉化,電氣與電子設備,B,56.61,-,891/2559,163/440,66/163,80/234,85.93,57,52.82,59.16,180/440,74/163,222/440,86/163,115/440,45/163
3338,泰碩,2026/06,2026/05/04,2024,N,電子零組件,資源轉化,電氣與電子設備,B+,63.21,-,378/2559,45/440,19/163,31/234,80.26,72.54,61.14,57.76,33/440,14/163,113/440,47/163,134/440,54/163
3339,泰谷,2026/06,2026/05/04,2024,N,光電業,科技與通訊,半導體,C-,34.94,-,2526/2559,893/907,312/317,138/141,74.83,34.24,45.14,25.18,873/907,301/317,644/907,226/317,905/907,317/317
3346,麗清,2026/06,2026/05/04,2024,N,汽車工業,科技與通訊,半導體,C-,39.35,-,2375/2559,833/907,291/317,48/51,100,47.19,43.54,30.22,545/907,180/317,683/907,235/317,895/907,316/317
3349,寶德,2026/06,2026/05/04,2024,N,電腦及週邊,科技與通訊,硬體,C,45.1,-,1951/2559,678/907,312/422,111/125,76.85,37.6,63.95,30.99,727/907,359/422,201/907,71/422,894/907,413/422
3354,律勝,2026/06,2026/05/04,2024,N,電子零組件,科技與通訊,硬體,C,45.8,-,1897/2559,664/907,304/422,180/234,100,22.72,50.68,55.49,907/907,422/422,492/907,207/422,370/907,162/422
3356,奇偶,2026/06,2026/05/04,2024,N,光電業,資源轉化,電氣與電子設備,B,53.77,↑,1148/2559,212/440,88/163,53/141,100,54.91,45,59.48,201/440,84/163,328/440,122/163,111/440,43/163
3357,臺慶科,2026/06,2026/05/04,2024,Y,電子零組件,資源轉化,電氣與電子設備,A,69.42,-,135/2559,11/440,6/163,11/234,100,75.95,68.99,64.85,18/440,8/163,39/440,16/163,52/440,26/163
3360,尚立,2026/06,2026/05/04,2024,N,電子通路業,科技與通訊,電子製造服務與原廠設計製造,B-,50.37,-,1508/2559,533/907,38/53,27/39,93.66,50.21,48.47,52.37,479/907,36/53,544/907,37/53,486/907,29/53
3362,先進光,2026/06,2026/05/04,2024,N,光電業,科技與通訊,硬體,C,43.49,-,2086/2559,718/907,333/422,107/141,83.46,31.26,43.78,50.94,889/907,417/422,671/907,304/422,540/907,235/422
3363,上詮,2026/06,2026/05/04,2024,N,通信網路業,資源轉化,電氣與電子設備,B+,60.29,↑,588/2559,92/440,36/163,33/100,100,62.04,51.74,65.39,120/440,51/163,235/440,93/163,48/440,23/163
3372,典範,2026/06,2026/05/04,2024,N,半導體,科技與通訊,半導體,C,46.9,-,1805/2559,634/907,232/317,175/235,100,46.01,42.18,52.17,568/907,189/317,713/907,246/317,498/907,196/317
3373,熱映,2026/06,2026/05/04,2024,N,其他電子業,醫療保健,醫療設備與用品,B-,49.54,-,1572/2559,153/263,60/95,68/114,63.62,57.9,51.14,41.43,87/263,38/95,145/263,61/95,237/263,84/95
3374,精材,2026/06,2026/05/04,2024,Y,半導體,科技與通訊,半導體,B+,59,↑,688/2559,249/907,96/317,79/235,100,61.27,59.89,56.66,259/907,84/317,270/907,101/317,335/907,135/317
3376,新日興,2026/06,2026/05/04,2024,Y,電子零組件,資源轉化,工業機械與物品,B+,63.31,-,372/2559,44/440,15/137,30/234,100,69.54,63.99,58.13,55/440,20/137,76/440,23/137,127/440,37/137
3379,彬台,2026/06,2026/05/04,2024,Y,電機機械,資源轉化,電氣與電子設備,B-,52.76,-,1258/2559,236/440,95/163,66/123,89.72,48.79,57.51,52.18,267/440,106/163,158/440,64/163,238/440,92/163
3380,明泰,2026/06,2026/05/04,2024,Y,通信網路業,科技與通訊,電子製造服務與原廠設計製造,B+,63.97,-,338/2559,140/907,15/53,23/100,94.91,74.14,62.47,59.05,87/907,12/53,226/907,20/53,270/907,11/53
3388,崇越電,2026/06,2026/05/04,2024,Y,電子零組件,科技與通訊,半導體,B,56.43,↑,917/2559,330/907,123/317,86/234,100,65.21,41.83,65.5,191/907,64/317,725/907,253/317,108/907,46/317
3390,旭軟,2026/06,2026/05/04,2024,N,電子零組件,科技與通訊,硬體,C-,40.63,-,2299/2559,797/907,368/422,211/234,84.56,31.94,53.4,33.35,885/907,416/422,414/907,176/422,885/907,410/422
3402,漢科,2026/06,2026/05/04,2024,N,其他電子業,科技與通訊,半導體,B-,52.68,-,1275/2559,464/907,169/317,57/114,100,50.72,48.98,57.63,465/907,154/317,538/907,194/317,302/907,124/317
3406,玉晶光,2026/06,2026/05/04,2024,N,光電業,科技與通訊,硬體,B,53.39,-,1194/2559,435/907,192/422,54/141,100,54.68,60.67,45.3,386/907,196/422,255/907,100/422,695/907,314/422
3413,京鼎,2026/06,2026/05/04,2024,Y,半導體,科技與通訊,半導體,B+,60.64,-,560/2559,205/907,80/317,64/235,100,38.93,75.31,59.69,708/907,241/317,49/907,23/317,245/907,105/317
3416,融程電,2026/06,2026/05/04,2024,Y,電腦及週邊,科技與通訊,硬體,B+,64.23,-,322/2559,134/907,51/422,24/125,98.3,72.48,59.75,63.51,102/907,50/422,274/907,108/422,141/907,54/422
3419,譁裕,2026/06,2026/05/04,2024,N,通信網路業,科技與通訊,硬體,C,44.01,-,2039/2559,700/907,324/422,84/100,82.85,42.02,37.82,51.46,650/907,317/422,796/907,365/422,521/907,223/422
3426,台興,2026/06,2026/05/04,2024,N,電機機械,資源轉化,電氣與電子設備,B,58.57,-,725/2559,125/440,50/163,36/123,100,58.65,65.71,53.16,163/440,68/163,59/440,25/163,220/440,86/163
3430,奇鈦科,2026/06,2026/05/04,2024,Y,化學工業,資源轉化,化學,B-,52.66,↓,1278/2559,240/440,54/113,27/59,81.45,45.61,53.51,57.31,296/440,72/113,210/440,55/113,138/440,33/113
3432,台端,2026/06,2026/05/04,2024,N,電子零組件,資源轉化,電氣與電子設備,B-,50.99,-,1442/2559,270/440,106/163,136/234,79.14,60.3,49.6,45.05,138/440,57/163,264/440,102/163,352/440,138/163
3434,哲固,2026/06,2026/05/04,2024,N,光電業,科技與通訊,硬體,B,56.92,-,871/2559,311/907,135/422,36/141,100,58.54,58.73,54.08,317/907,163/422,306/907,122/422,420/907,187/422
3437,榮創,2026/06,2026/05/04,2024,Y,光電業,科技與通訊,半導體,B-,51.66,-,1377/2559,493/907,181/317,64/141,96.21,52.62,51.56,51.15,435/907,145/317,466/907,169/317,533/907,207/317
3438,類比科,2026/06,2026/05/04,2024,N,半導體,科技與通訊,半導體,C,47.13,-,1785/2559,624/907,227/317,170/235,95.45,39.82,42.22,56.65,678/907,234/317,710/907,245/317,336/907,136/317
3441,聯一光,2026/06,2026/05/04,2024,N,光電業,科技與通訊,硬體,C,43.91,-,2052/2559,702/907,326/422,105/141,100,51.18,35.61,47.6,454/907,228/422,829/907,384/422,628/907,281/422
3443,創意,2026/06,2026/05/04,2024,Y,半導體,科技與通訊,半導體,A+,71.48,-,86/2559,43/907,19/317,17/235,100,84.03,70.18,64.84,27/907,8/317,98/907,41/317,119/907,52/317
3444,利機,2026/06,2026/05/04,2024,N,電子通路業,科技與通訊,半導體,B+,63.82,-,350/2559,144/907,61/317,5/39,100,51.84,69.54,65.68,443/907,148/317,112/907,45/317,104/907,43/317
3447,展達,2026/06,2026/05/04,2024,Y,通信網路業,科技與通訊,硬體,B,58.3,-,744/2559,268/907,113/422,38/100,85.83,67.57,51.18,59.57,168/907,83/422,474/907,202/422,251/907,109/422
3450,聯鈞,2026/06,2026/05/04,2024,Y,半導體,科技與通訊,半導體,B,55.6,-,992/2559,363/907,132/317,105/235,86.18,67.73,49.95,53.59,166/907,51/317,511/907,183/317,435/907,170/317
3455,由田,2026/06,2026/05/04,2024,N,光電業,科技與通訊,硬體,B,56.15,-,951/2559,344/907,150/422,41/141,100,44.45,50.03,69.66,604/907,300/422,508/907,214/422,37/907,13/422
3465,進泰電子,2026/06,2026/05/04,2024,N,其他電子業,資源轉化,電氣與電子設備,C,43.97,-,2045/2559,373/440,145/163,94/114,91.05,27.95,38.38,60.18,435/440,163/163,397/440,149/163,98/440,39/163
3466,德晉,2026/06,2026/05/04,2024,N,通信網路業,科技與通訊,硬體,C,43.79,-,2064/2559,707/907,329/422,85/100,56.09,49.04,50.24,34.02,511/907,255/422,499/907,209/422,879/907,407/422
3467,台灣精材,2026/06,2026/05/04,2024,N,半導體,科技與通訊,半導體,B-,49.09,↑,1611/2559,567/907,206/317,157/235,83.29,30.7,59.3,50.5,890/907,307/317,288/907,105/317,556/907,216/317
3479,安勤,2026/06,2026/05/04,2024,N,電腦及週邊,科技與通訊,硬體,B+,63.24,↑,376/2559,150/907,57/422,25/125,100,71.87,60.65,60.38,110/907,58/422,257/907,102/422,229/907,96/422
3481,群創,2026/06,2026/05/04,2024,Y,光電業,科技與通訊,硬體,A+,74.57,-,33/2559,18/907,10/422,4/141,84.97,79.7,82.87,63.02,55/907,28/422,8/907,4/422,153/907,59/422
3483,力致,2026/06,2026/05/04,2024,Y,電腦及週邊,科技與通訊,硬體,B,56.93,-,868/2559,310/907,134/422,53/125,100,50.06,50.14,68.07,487/907,243/422,503/907,212/422,64/907,25/422
3484,崧騰,2026/06,2026/05/04,2024,N,電子零組件,資源轉化,電氣與電子設備,B,58.21,-,756/2559,132/440,54/163,64/234,100,44.68,53.23,72.09,306/440,120/163,217/440,84/163,7/440,4/163
3485,敘豐,2026/06,2026/05/04,,N,光電業,資源轉化,工業機械與物品,C,45.55,-,1919/2559,348/440,109/137,95/141,99.75,32.24,37.91,61.27,411/440,129/137,401/440,128/137,86/440,25/137
3489,森寶,2026/06,2026/05/04,2024,N,建材營造,公共建設,房屋營造,B+,62.98,-,391/2559,23/177,5/84,11/94,100,72.98,50.61,65.33,10/177,2/84,100/177,49/84,16/177,8/84
3490,單井,2026/06,2026/05/04,2024,N,光電業,資源轉化,電氣與電子設備,C,46.81,-,1818/2559,335/440,132/163,92/141,98.06,35.31,45.94,56.08,385/440,150/163,318/440,118/163,166/440,65/163
3491,昇達科,2026/06,2026/05/04,2024,Y,通信網路業,科技與通訊,電子製造服務與原廠設計製造,B,57.92,↓,782/2559,282/907,21/53,41/100,100,57.01,64.15,52.27,352/907,30/53,197/907,17/53,495/907,31/53
3492,長盛,2026/06,2026/05/04,2024,N,電子零組件,資源轉化,電氣與電子設備,B,55.73,-,986/2559,179/440,73/163,95/234,100,40.31,62.26,62.41,348/440,136/163,101/440,45/163,73/440,31/163
3494,誠研,2026/06,2026/05/04,2024,N,電腦及週邊,消費品,多線和專業零售商與配銷商,B-,51.49,-,1393/2559,123/223,28/53,84/125,48.85,54.11,55.67,47.41,97/223,24/53,96/223,22/53,163/223,34/53
3498,陽程,2026/06,2026/05/04,2024,N,其他電子業,資源轉化,電氣與電子設備,B-,48.54,-,1657/2559,306/440,120/163,74/114,87.82,45.06,52.31,48.31,303/440,119/163,230/440,90/163,305/440,115/163
3499,環天科,2026/06,2026/05/04,2024,N,通信網路業,科技與通訊,硬體,C,46.74,-,1824/2559,641/907,294/422,75/100,100,49.45,53.69,38.07,501/907,250/422,408/907,172/422,848/907,390/422
3501,維熹,2026/06,2026/05/04,2024,N,電子零組件,資源轉化,電氣與電子設備,B,57.28,-,839/2559,153/440,62/163,75/234,100,74.79,63.99,39.11,23/440,10/163,77/440,32/163,404/440,152/163
3504,揚明光,2026/06,2026/05/04,2024,N,光電業,科技與通訊,硬體,B-,48.69,-,1643/2559,579/907,266/422,79/141,99.83,50.02,39.41,57.14,489/907,245/422,769/907,353/422,314/907,140/422
3508,位速,2026/06,2026/05/04,2024,N,其他電子業,科技與通訊,硬體,B-,48.74,↑,1638/2559,578/907,265/422,72/114,100,58.99,42.21,48.79,305/907,158/422,712/907,325/422,600/907,267/422
3511,矽瑪,2026/06,2026/05/04,2024,Y,電子零組件,資源轉化,電氣與電子設備,B+,63.34,-,371/2559,43/440,18/163,29/234,100,64.21,57.23,67.26,96/440,42/163,163/440,68/163,34/440,18/163
3512,皇龍,2026/06,2026/05/04,2024,Y,建材營造,公共建設,房屋營造,B,57.62,-,811/2559,55/177,23/84,32/94,77.19,55.74,48.07,65.47,74/177,34/84,113/177,56/84,15/177,7/84
3515,華擎,2026/06,2026/05/04,2024,Y,電腦及週邊,科技與通訊,硬體,B,55.78,-,984/2559,358/907,158/422,61/125,90.15,59.34,43.85,65.47,297/907,153/422,669/907,302/422,110/907,43/422
3516,亞帝歐,2026/06,2026/05/04,2024,N,光電業,科技與通訊,半導體,B,54.69,↑,1060/2559,384/907,141/317,46/141,100,51.92,51.34,59.79,442/907,147/317,469/907,172/317,242/907,103/317
3518,柏騰,2026/06,2026/05/04,2024,N,其他電子業,資源轉化,電氣與電子設備,C-,38.37,-,2424/2559,419/440,158/163,104/114,72.99,43.44,33.07,38.55,317/440,128/163,423/440,158/163,407/440,153/163
3520,華盈,2026/06,2026/05/04,2024,N,電子零組件,資源轉化,電氣與電子設備,B,56.44,-,914/2559,167/440,69/163,85/234,97.59,69.54,47.5,53.34,56/440,23/163,301/440,111/163,218/440,84/163
3521,台鋼建設,2026/06,2026/05/04,2024,N,建材營造,公共建設,房屋營造,C,43.98,↑,2042/2559,143/177,73/84,83/94,74.9,39.04,48.52,43.92,161/177,74/84,108/177,52/84,148/177,74/84
3522,御嵿,2026/06,2026/05/04,2024,Y,觀光餐旅,食品與飲料,餐飲,B-,51.62,-,1381/2559,41/87,9/37,28/67,78.19,41.78,58.49,52.85,56/87,20/37,30/87,5/37,46/87,16/37
3523,迎輝,2026/06,2026/05/04,2024,N,光電業,科技與通訊,硬體,B-,50.03,-,1538/2559,543/907,244/422,70/141,57.73,57.12,46.64,48.96,345/907,174/422,598/907,262/422,594/907,263/422
3526,凡甲,2026/06,2026/05/04,2024,Y,電子零組件,資源轉化,電氣與電子設備,A,69.89,↓,120/2559,9/440,5/163,9/234,100,56.83,73.49,76.98,183/440,76/163,15/440,5/163,1/440,1/163
3527,聚積,2026/06,2026/05/04,2024,N,半導體,科技與通訊,半導體,B+,63.85,-,346/2559,141/907,58/317,48/235,100,48.41,64.91,72.54,522/907,171/317,183/907,76/317,18/907,6/317
3528,安馳,2026/06,2026/05/04,2024,N,電子通路業,科技與通訊,電子製造服務與原廠設計製造,B,53.88,-,1137/2559,413/907,29/53,20/39,100,42.5,63.27,51.67,641/907,44/53,209/907,18/53,511/907,33/53
3529,力旺,2026/06,2026/05/04,2024,N,半導體,科技與通訊,半導體,A,68.03,-,169/2559,71/907,30/317,29/235,100,68.89,74.86,60.66,147/907,41/317,57/907,27/317,221/907,95/317
3530,晶相光,2026/06,2026/05/04,2024,N,半導體,科技與通訊,半導體,B,54.15,↑,1116/2559,402/907,146/317,115/235,84.89,66.63,48.12,52.3,174/907,54/317,551/907,198/317,493/907,193/317
3531,先益,2026/06,2026/05/04,2024,N,光電業,科技與通訊,硬體,B,56.6,-,893/2559,320/907,140/422,38/141,79.8,43.49,54.17,67.31,622/907,306/422,391/907,164/422,79/907,31/422
3532,台勝科,2026/06,2026/05/04,2024,Y,半導體,科技與通訊,半導體,B+,59.7,-,627/2559,226/907,87/317,70/235,91.2,46.17,77.56,50.4,566/907,188/317,35/907,17/317,557/907,217/317
3533,嘉澤,2026/06,2026/05/04,2024,Y,電子零組件,科技與通訊,硬體,B+,60.33,-,586/2559,215/907,90/422,52/234,99.47,66.02,54.01,63.05,178/907,91/422,396/907,167/422,152/907,58/422
3535,晶彩科,2026/06,2026/05/04,2024,Y,光電業,資源轉化,電氣與電子設備,B,55.64,-,988/2559,180/440,74/163,43/141,100,60.26,64.23,45.73,142/440,60/163,71/440,30/163,344/440,133/163
3537,堡達,2026/06,2026/05/04,2024,N,電子零組件,科技與通訊,硬體,B,58.2,-,758/2559,276/907,116/422,65/234,100,53.1,61.98,57.64,423/907,215/422,232/907,85/422,301/907,133/422
3540,曜越,2026/06,2026/05/04,2024,N,電腦及週邊,科技與通訊,硬體,C,46.85,-,1812/2559,635/907,291/422,105/125,100,39.31,54.52,43.95,703/907,346/422,382/907,159/422,723/907,326/422
3541,西柏,2026/06,2026/05/04,2024,N,其他電子業,科技與通訊,硬體,B-,48.9,↑,1626/2559,573/907,262/422,70/114,80.43,47.54,64.7,33.95,537/907,268/422,186/907,65/422,881/907,409/422
3543,州巧,2026/06,2026/05/04,2024,N,光電業,科技與通訊,硬體,B+,63.52,-,363/2559,148/907,55/422,15/141,100,61.98,68.27,59.74,248/907,126/422,128/907,47/422,243/907,105/422
3545,敦泰,2026/06,2026/05/04,2024,Y,半導體,科技與通訊,半導體,B+,62.91,-,398/2559,160/907,64/317,53/235,86.84,58.04,72.26,56.63,327/907,106/317,79/907,34/317,337/907,137/317
3546,宇峻,2026/06,2026/05/04,2024,N,文化創意業,科技與通訊,軟體與資訊科技服務,B+,63.68,-,355/2559,147/907,13/100,6/34,100,57.35,61.46,69.9,339/907,22/100,238/907,30/100,32/907,5/100
3548,兆利,2026/06,2026/05/04,2024,N,電子零組件,科技與通訊,硬體,B+,61.06,-,526/2559,192/907,78/422,46/234,100,59.19,56,67.29,299/907,155/422,350/907,142/422,80/907,32/422
3550,聯穎,2026/06,2026/05/04,2024,N,電子零組件,資源轉化,電氣與電子設備,B-,48.69,-,1644/2559,301/440,118/163,158/234,73.72,53.29,40.92,51.06,220/440,90/163,365/440,135/163,258/440,98/163
3551,世禾,2026/06,2026/05/04,2024,N,綠能環保,科技與通訊,半導體,B-,48.19,↑,1698/2559,596/907,214/317,36/66,100,41.09,46.54,54.31,667/907,231/317,601/907,213/317,409/907,163/317
3552,同致,2026/06,2026/05/04,2024,Y,其他電子業,運輸,汽車零件,A+,77,-,10/2559,1/127,1/82,2/114,100,78.95,74.57,77.19,6/127,5/82,8/127,4/82,2/127,2/82
3555,博士旺,2026/06,2026/05/04,2024,N,半導體,科技與通訊,半導體,C-,40.37,-,2310/2559,804/907,286/317,214/235,100,42.83,47.99,31.19,634/907,219/317,558/907,200/317,893/907,315/317
3556,禾瑞亞,2026/06,2026/05/04,2024,N,半導體,科技與通訊,半導體,B,53.68,↑,1161/2559,423/907,152/317,120/235,100,48.91,55.21,55.16,516/907,168/317,366/907,134/317,383/907,154/317
3557,嘉威,2026/06,2026/05/04,2024,Y,居家生活,消費品,裝潢材料與家具,B,56.81,-,881/2559,80/223,10/25,15/37,100,38.37,57.12,65.46,200/223,24/25,87/223,11/25,22/223,3/25
3558,神準,2026/06,2026/05/04,2024,Y,通信網路業,科技與通訊,電子製造服務與原廠設計製造,A,66.51,↑,215/2559,94/907,10/53,14/100,97.68,74.78,60.39,67.41,82/907,10/53,262/907,21/53,76/907,4/53
3563,牧德,2026/06,2026/05/04,2024,N,光電業,資源轉化,電氣與電子設備,B,54.45,-,1085/2559,198/440,83/163,47/141,100,45.81,40.14,71.65,294/440,114/163,376/440,143/163,10/440,6/163
3564,其陽,2026/06,2026/05/04,2024,Y,通信網路業,科技與通訊,硬體,B+,59.13,-,676/2559,245/907,105/422,36/100,100,55.52,64.37,56.18,370/907,189/422,193/907,67/422,351/907,155/422
3567,逸昌,2026/06,2026/05/04,2024,N,半導體,科技與通訊,半導體,C,47.24,-,1779/2559,621/907,224/317,167/235,99.1,35.06,42.12,60.04,862/907,298/317,716/907,248/317,236/907,101/317
3570,大塚,2026/06,2026/05/04,2024,N,資訊服務業,科技與通訊,軟體與資訊科技服務,B+,61.31,-,506/2559,186/907,16/100,11/56,100,51.81,63.19,65.42,444/907,29/100,211/907,27/100,111/907,15/100
3576,聯合再生,2026/06,2026/05/04,2024,Y,光電業,可再生資源與替代能源,太陽能科技與項目開發商,A,69.78,-,125/2559,6/55,4/29,8/141,71.3,81.7,61.44,64.41,3/55,2/29,17/55,7/29,7/55,6/29
3577,泓格,2026/06,2026/05/04,2024,N,電腦及週邊,資源轉化,電氣與電子設備,B+,59.48,-,645/2559,105/440,42/163,42/125,92.57,44.56,60.07,70.22,308/440,122/163,126/440,53/163,15/440,10/163
3580,友威科,2026/06,2026/05/04,2024,N,其他電子業,科技與通訊,硬體,B,54.53,↑,1080/2559,391/907,169/422,50/114,100,50.49,44.14,67.47,471/907,234/422,660/907,295/422,75/907,29/422
3581,博磊,2026/06,2026/05/04,2024,N,半導體,科技與通訊,半導體,B-,48.43,-,1668/2559,587/907,210/317,160/235,100,36.77,46.61,57.61,734/907,247/317,599/907,212/317,304/907,125/317
3583,辛耘,2026/06,2026/05/04,2024,N,半導體,科技與通訊,半導體,A,70.33,-,109/2559,52/907,22/317,21/235,100,74.09,69.16,69.13,88/907,26/317,117/907,49/317,50/907,24/317
3587,閎康,2026/06,2026/05/04,2024,Y,其他電子業,服務,專業與商業服務,A+,78.5,-,7/2559,1/145,1/24,1/114,100,80.28,86.8,63.91,4/145,3/24,1/145,1/24,18/145,7/24
3588,通嘉,2026/06,2026/05/04,2024,N,半導體,科技與通訊,半導體,B+,60.26,-,590/2559,217/907,83/317,68/235,100,61.79,56.48,63.09,251/907,82/317,340/907,126/317,150/907,70/317
3591,艾笛森,2026/06,2026/05/04,2024,N,光電業,科技與通訊,半導體,B-,52.02,-,1341/2559,481/907,175/317,62/141,81.61,53.82,46.19,56.71,409/907,137/317,612/907,219/317,334/907,134/317
3592,瑞鼎,2026/06,2026/05/04,2024,Y,半導體,科技與通訊,半導體,A,65.35,-,270/2559,117/907,47/317,41/235,100,73.63,59.12,66.35,92/907,28/317,294/907,110/317,94/907,40/317
3593,力銘,2026/06,2026/05/04,2024,N,電子零組件,科技與通訊,硬體,C,47.77,-,1736/2559,606/907,279/422,163/234,62.54,57.36,49.76,39.71,338/907,172/422,520/907,220/422,815/907,368/422
3594,磐儀,2026/06,2026/05/04,2024,N,電腦及週邊,科技與通訊,硬體,B+,60.4,↑,576/2559,209/907,86/422,37/125,95.59,73.08,50.87,61.93,99/907,48/422,481/907,204/422,184/907,77/422
3596,智易,2026/06,2026/05/04,2024,Y,通信網路業,科技與通訊,硬體,A,69.35,-,138/2559,57/907,22/422,12/100,100,90.75,68.73,56.45,4/907,3/422,122/907,45/422,340/907,151/422
3597,映興,2026/06,2026/05/04,2024,N,電子零組件,資源轉化,電氣與電子設備,B-,48.31,↑,1679/2559,311/440,122/163,160/234,100,60.26,30.57,52.66,141/440,59/163,435/440,160/163,227/440,88/163
3605,宏致,2026/06,2026/05/04,2024,Y,電子零組件,科技與通訊,硬體,B,56.32,-,929/2559,335/907,146/422,88/234,99.75,68.94,44.78,59.89,146/907,74/422,650/907,289/422,238/907,102/422
3607,谷崧,2026/06,2026/05/04,2024,N,電子零組件,科技與通訊,硬體,C,47.68,-,1740/2559,608/907,281/422,164/234,100,54.26,41.84,49.36,394/907,201/422,724/907,330/422,584/907,256/422
3609,三一東林,2026/06,2026/05/04,2024,N,電子零組件,資源轉化,電氣與電子設備,C-,40.11,-,2327/2559,405/440,156/163,214/234,42.02,42.63,44.24,35.11,330/440,132/163,336/440,127/163,428/440,159/163
3611,鼎翰,2026/06,2026/05/04,2024,Y,電腦及週邊,科技與通訊,硬體,B,56.86,-,877/2559,314/907,137/422,54/125,92.54,61.59,54.77,55.95,254/907,129/422,377/907,154/422,356/907,157/422
3615,安可,2026/06,2026/05/04,2024,N,光電業,科技與通訊,硬體,B-,48.24,-,1690/2559,593/907,275/422,86/141,100,41.67,64.13,36.5,656/907,320/422,198/907,69/422,861/907,397/422
3617,碩天,2026/06,2026/05/04,2024,Y,其他電子業,科技與通訊,硬體,B+,60.72,-,554/2559,203/907,84/422,28/114,100,65.55,53.7,64.69,181/907,92/422,406/907,171/422,121/907,47/422
3622,洋華,2026/06,2026/05/04,2024,Y,光電業,科技與通訊,硬體,B+,60.13,-,600/2559,220/907,92/422,25/141,100,45.67,71.68,57.7,578/907,288/422,81/907,29/422,298/907,131/422
3623,富晶通,2026/06,2026/05/04,2024,N,光電業,科技與通訊,硬體,C,42.47,-,2159/2559,742/907,346/422,115/141,100,37.55,41.72,46.32,728/907,360/422,728/907,332/422,663/907,302/422
3624,光頡,2026/06,2026/05/04,2024,Y,電子零組件,資源轉化,電氣與電子設備,B+,60.89,-,541/2559,80/440,32/163,48/234,100,38.91,68.25,71.85,353/440,138/163,42/440,18/163,9/440,5/163
3625,西勝,2026/06,2026/05/04,2024,N,電腦及週邊,科技與通訊,硬體,C-,40.12,-,2325/2559,811/907,377/422,119/125,99.68,43.71,38.5,39.47,618/907,305/422,787/907,359/422,817/907,370/422
3628,盈正,2026/06,2026/05/04,2024,Y,其他電子業,科技與通訊,硬體,B+,60.35,-,580/2559,211/907,87/422,29/114,100,59.37,61.06,60.27,294/907,152/422,249/907,95/422,232/907,98/422
3629,地心引力,2026/06,2026/05/04,2024,N,文化創意業,科技與通訊,軟體與資訊科技服務,C-,40.7,↓,2292/2559,793/907,83/100,33/34,63.81,40.07,37.26,44.53,674/907,58/100,806/907,89/100,714/907,70/100
3630,新鉅科,2026/06,2026/05/04,2024,N,光電業,科技與通訊,硬體,B-,49.95,-,1546/2559,547/907,246/422,71/141,100,46.72,47.43,54.51,556/907,277/422,572/907,245/422,398/907,174/422
3631,晟楠,2026/06,2026/05/04,2024,Y,電子零組件,資源轉化,工業機械與物品,C-,39.05,-,2392/2559,413/440,126/137,222/234,70.68,32.54,40.03,43.21,397/440,124/137,378/440,120/137,378/440,114/137
3632,研勤,2026/06,2026/05/04,2024,N,通信網路業,科技與通訊,硬體,B,53.24,↑,1207/2559,440/907,196/422,54/100,61.11,69.18,55.04,41.38,140/907,73/422,369/907,150/422,786/907,353/422
3645,達邁,2026/06,2026/05/04,2024,Y,電子零組件,科技與通訊,硬體,A,67.3,↑,191/2559,82/907,31/422,15/234,100,63.49,77.36,59.64,222/907,112/422,36/907,11/422,250/907,108/422
3646,艾恩特,2026/06,2026/05/04,2024,N,電子零組件,資源轉化,電氣與電子設備,B,55.63,-,990/2559,181/440,75/163,97/234,100,52.32,53.29,59.86,227/440,91/163,215/440,83/163,106/440,40/163
3652,精聯,2026/06,2026/05/04,2024,Y,電腦及週邊,科技與通訊,硬體,B,53.43,-,1190/2559,432/907,191/422,75/125,100,47.37,53.02,57.66,540/907,269/422,419/907,179/422,300/907,132/422
3653,健策,2026/06,2026/05/04,2024,Y,電子零組件,科技與通訊,硬體,B,53.53,-,1176/2559,427/907,187/422,117/234,100,64.34,52.51,47.71,206/907,104/422,436/907,185/422,624/907,278/422
3661,世芯-KY,2026/06,2026/05/04,2024,Y,半導體,科技與通訊,半導體,A,66.65,-,209/2559,92/907,38/317,35/235,97.04,70.76,68.29,62.42,125/907,32/317,126/907,55/317,169/907,78/317
3663,鑫科,2026/06,2026/05/04,2024,N,其他電子業,資源轉化,工業機械與物品,A,67.32,-,189/2559,19/440,4/137,7/114,98.06,66.2,60.08,73.58,79/440,26/137,125/440,35/137,5/440,1/137
3664,安瑞-KY,2026/06,2026/05/04,2024,N,通信網路業,科技與通訊,硬體,C-,37.93,-,2441/2559,854/907,398/422,96/100,62.05,50.56,40.97,26.92,470/907,233/422,745/907,341/422,903/907,419/422
3665,貿聯-KY,2026/06,2026/05/04,2024,Y,其他電子業,科技與通訊,硬體,A,67.08,-,195/2559,85/907,32/422,9/114,100,80.85,69.68,55.78,52/907,25/422,110/907,42/422,360/907,159/422
3666,光耀,2026/06,2026/05/04,2024,N,光電業,科技與通訊,半導體,C,44.77,-,1976/2559,684/907,247/317,97/141,37.86,43.47,48.29,46.63,623/907,212/317,545/907,195/317,659/907,251/317
3669,圓展,2026/06,2026/05/04,2024,Y,通信網路業,科技與通訊,硬體,B,58.87,↓,700/2559,254/907,108/422,37/100,81.76,65.44,54.37,59.23,184/907,93/422,384/907,160/422,264/907,118/422
3672,康聯訊,2026/06,2026/05/04,2024,N,通信網路業,科技與通訊,硬體,B-,52.46,-,1298/2559,471/907,209/422,58/100,99.96,64.91,46.86,50.2,197/907,99/422,593/907,261/422,562/907,245/422
3673,TPK-KY,2026/06,2026/05/04,2024,Y,光電業,科技與通訊,硬體,B,55.32,-,1012/2559,368/907,162/422,45/141,97.79,62.13,51.89,54.45,246/907,125/422,455/907,194/422,401/907,177/422
3675,德微,2026/06,2026/05/04,2024,N,半導體,科技與通訊,半導體,B+,60.39,↑,578/2559,210/907,82/317,67/235,100,47.3,57.25,71.81,542/907,178/317,327/907,122/317,23/907,10/317
3679,新至陞,2026/06,2026/05/04,2024,Y,電子零組件,科技與通訊,硬體,B,57.46,-,824/2559,297/907,129/422,74/234,100,50.1,58.31,61.27,486/907,242/422,312/907,123/422,202/907,86/422
3680,家登,2026/06,2026/05/04,2024,Y,半導體,科技與通訊,半導體,A+,72.55,-,68/2559,33/907,13/317,12/235,100,65.3,73.55,76.13,187/907,61/317,67/907,29/317,7/907,2/317
3684,榮昌,2026/06,2026/05/04,2024,N,通信網路業,科技與通訊,硬體,B+,60.35,↑,582/2559,212/907,88/422,31/100,100,63.34,59.7,59.11,225/907,114/422,275/907,109/422,266/907,120/422
3685,元創精密,2026/06,2026/05/04,2024,N,電機機械,運輸,汽車零件,B-,51.6,↓,1384/2559,65/127,39/82,74/123,100,50.47,45.62,56.98,71/127,45/82,81/127,50/82,48/127,31/82
3686,達能,2026/06,2026/05/04,2024,N,半導體,可再生資源與替代能源,太陽能科技與項目開發商,B-,51.69,-,1372/2559,28/55,16/29,137/235,79.73,47.15,55.7,53.27,29/55,17/29,23/55,12/29,29/55,15/29
3687,歐買尬,2026/06,2026/05/04,2024,N,數位雲端,科技與通訊,軟體與資訊科技服務,B-,51.64,-,1379/2559,494/907,53/100,25/47,79.42,53.22,50.67,51.61,419/907,26/100,494/907,65/100,517/907,50/100
3689,湧德,2026/06,2026/05/04,2024,N,電子零組件,科技與通訊,硬體,B+,62.13,-,451/2559,172/907,67/422,38/234,100,49.77,64.36,67.71,494/907,247/422,195/907,68/422,72/907,27/422
3691,碩禾,2026/06,2026/05/04,2024,N,光電業,可再生資源與替代能源,太陽能科技與項目開發商,B+,64.74,-,302/2559,8/55,6/29,14/141,85.28,73.61,69.83,54.56,8/55,5/29,10/55,4/29,25/55,12/29
3693,營邦,2026/06,2026/05/04,2024,N,電腦及週邊,科技與通訊,硬體,B,54.63,↑,1069/2559,386/907,167/422,66/125,100,54.17,56.35,53.21,399/907,204/422,343/907,136/422,456/907,198/422
3694,海華,2026/06,2026/05/04,2024,N,通信網路業,科技與通訊,硬體,B,53.75,-,1150/2559,418/907,185/422,50/100,89.15,61.32,54.76,47.97,257/907,132/422,378/907,155/422,616/907,274/422
3701,大眾控,2026/06,2026/05/04,2024,Y,電腦及週邊,科技與通訊,電子製造服務與原廠設計製造,B-,50.33,-,1510/2559,535/907,39/53,90/125,90.95,56.98,57.11,39.35,353/907,31/53,331/907,26/53,821/907,49/53
3702,大聯大,2026/06,2026/05/04,2024,Y,電子通路業,科技與通訊,電子製造服務與原廠設計製造,A+,74.25,-,38/2559,19/907,2/53,1/39,100,74.18,80.49,68.05,86/907,11/53,18/907,2/53,66/907,3/53
3703,欣陸,2026/06,2026/05/04,2024,N,建材營造,公共建設,工程與建造服務,B+,64.08,-,330/2559,17/177,7/32,6/94,87.08,62.93,70.04,60.65,38/177,13/32,19/177,8/32,42/177,7/32
3704,合勤控,2026/06,2026/05/04,2024,Y,通信網路業,科技與通訊,電子製造服務與原廠設計製造,B+,61,-,531/2559,197/907,18/53,29/100,87.81,62.14,65.05,56.22,245/907,22/53,180/907,15/53,348/907,17/53
3705,永信,2026/06,2026/05/04,2024,Y,生技醫療,醫療保健,生物科技與製藥,A,70.79,↓,103/2559,11/263,4/143,10/267,91.46,79.78,72.95,61.27,9/263,5/143,10/263,5/143,51/263,26/143
3706,神達,2026/06,2026/05/04,2024,Y,電腦及週邊,科技與通訊,電子製造服務與原廠設計製造,B+,64.57,↓,309/2559,130/907,14/53,23/125,100,73.57,70.9,52.56,93/907,13/53,86/907,7/53,477/907,28/53
3707,漢磊,2026/06,2026/05/04,2024,N,半導體,科技與通訊,半導體,B,58.32,-,742/2559,267/907,103/317,84/235,95.88,60.62,51.85,63.34,272/907,88/317,458/907,166/317,143/907,65/317
3708,上緯投控,2026/06,2026/05/04,2024,Y,綠能環保,資源轉化,化學,A,65.87,-,242/2559,23/440,5/113,5/66,81.09,77.48,53,66.81,13/440,6/113,221/440,60/113,37/440,11/113
3709,鑫聯大投控,2026/06,2026/05/04,2024,N,電腦及週邊,消費品,多線和專業零售商與配銷商,B+,60.97,-,534/2559,42/223,8/53,34/125,86.91,66.64,66.41,52.34,35/223,10/53,35/223,10/53,122/223,24/53
3710,連展投控,2026/06,2026/05/04,2024,N,電子零組件,科技與通訊,硬體,B,55.76,-,985/2559,359/907,159/422,94/234,86.1,61,51.05,57.15,261/907,133/422,476/907,203/422,313/907,139/422
3711,日月光投控,2026/06,2026/05/04,2024,Y,半導體,科技與通訊,半導體,A+,74.06,-,42/2559,21/907,6/317,6/235,88.05,89.71,82.64,55.59,9/907,2/317,9/907,5/317,367/907,149/317
3712,永崴投控,2026/06,2026/05/04,2024,Y,電腦及週邊,科技與通訊,硬體,B+,64.83,-,299/2559,126/907,48/422,22/125,84.72,71.37,63.08,62.45,117/907,62/422,215/907,77/422,167/907,65/422
3713,新晶投控,2026/06,2026/05/04,2024,N,綠能環保,可再生資源與替代能源,太陽能科技與項目開發商,C,46.25,-,1858/2559,37/55,19/29,41/66,85.54,50.56,41.72,45.15,26/55,16/29,38/55,21/29,42/55,21/29
3714,富采,2026/06,2026/05/04,2024,Y,光電業,科技與通訊,半導體,B+,64.87,↓,297/2559,125/907,51/317,13/141,89.5,63.45,76.01,54.62,224/907,73/317,44/907,21/317,396/907,158/317
3715,定穎投控,2026/06,2026/05/04,2024,Y,電子零組件,科技與通訊,硬體,B,56.94,-,866/2559,309/907,133/422,78/234,97.6,64.25,48.02,61.23,208/907,105/422,557/907,238/422,203/907,87/422
3716,中化控股,2026/06,2026/05/04,2024,Y,生技醫療,醫療保健,生物科技與製藥,A,65.2,↑,282/2559,32/263,14/143,31/267,99.48,64.98,68.31,59.66,59/263,26/143,27/263,12/143,62/263,33/143
3717,聯嘉投控,2026/06,2026/05/04,,N,汽車工業,運輸,汽車零件,C-,33.83,-,2541/2559,124/127,82/82,51/51,100,30.74,24.88,43.03,114/127,75/82,127/127,82/82,106/127,70/82
4102,永日,2026/06,2026/05/04,2024,N,生技醫療,醫療保健,生物科技與製藥,A,65.33,↑,272/2559,29/263,13/143,28/267,97.37,64.55,70.41,56.55,61/263,28/143,18/263,7/143,90/263,53/143
4104,佳醫,2026/06,2026/05/04,2024,Y,生技醫療,醫療保健,醫療設備與用品,A+,71.21,-,91/2559,8/263,4/95,7/267,100,89,66.57,68.67,1/263,1/95,34/263,15/95,24/263,9/95
4105,東洋,2026/06,2026/05/04,2024,Y,生技醫療,醫療保健,生物科技與製藥,B+,60.86,-,546/2559,56/263,24/143,55/267,72.41,76.99,54.05,63.29,16/263,10/143,117/263,53/143,41/263,20/143
4106,雃博,2026/06,2026/05/04,2024,N,生技醫療,醫療保健,醫療設備與用品,A,69.46,-,132/2559,16/263,8/95,16/267,79.78,76.49,63.64,75.72,18/263,5/95,49/263,21/95,3/263,2/95
4107,邦特,2026/06,2026/05/04,2024,N,生技醫療,醫療保健,醫療設備與用品,A,70.94,-,101/2559,10/263,5/95,9/267,100,70.59,69.53,73.72,38/263,17/95,22/263,12/95,7/263,3/95
4108,懷特,2026/06,2026/05/04,2024,N,生技醫療,醫療保健,生物科技與製藥,B,54.6,-,1072/2559,102/263,51/143,106/267,84.56,54.67,53.32,56.89,107/263,52/143,126/263,57/143,88/263,51/143
4109,加捷生醫,2026/06,2026/05/04,2024,Y,生技醫療,醫療保健,生物科技與製藥,A,65.51,↑,263/2559,27/263,11/143,26/267,97.08,68.15,67.37,60.46,47/263,21/143,32/263,15/143,55/263,29/143
4111,濟生,2026/06,2026/05/04,2024,N,生技醫療,醫療保健,生物科技與製藥,B,56.83,-,878/2559,88/263,44/143,90/267,79.26,54.65,55.94,59.82,108/263,53/143,100/263,47/143,61/263,32/143
4113,聯上,2026/06,2026/05/04,2024,N,建材營造,公共建設,房屋營造,B,54.77,-,1055/2559,78/177,38/84,47/94,54.57,61.6,50.63,53.49,45/177,19/84,99/177,48/84,84/177,42/84
4114,健喬,2026/06,2026/05/04,2024,N,生技醫療,醫療保健,生物科技與製藥,B+,60.02,↑,608/2559,66/263,31/143,64/267,92.03,64.64,59.6,57.91,60/263,27/143,78/263,37/143,78/263,44/143
4116,明基醫,2026/06,2026/05/04,2024,N,生技醫療,醫療保健,醫療設備與用品,A+,73.75,-,46/2559,3/263,2/95,3/267,100,73.68,71.88,77.22,27/263,11/95,13/263,6/95,1/263,1/95
4119,旭富,2026/06,2026/05/04,2024,Y,生技醫療,醫療保健,生物科技與製藥,B+,60.61,-,564/2559,58/263,25/143,57/267,100,71.88,57.98,58.42,34/263,16/143,90/263,43/143,71/263,39/143
4120,友華,2026/06,2026/05/04,2024,N,生技醫療,醫療保健,生物科技與製藥,B+,59.72,-,625/2559,69/263,33/143,67/267,89.8,62.71,53.3,69.61,72/263,34/143,128/263,59/143,21/263,10/143
4121,優盛,2026/06,2026/05/04,2024,N,生技醫療,醫療保健,藥品零售商,B+,60.96,↑,535/2559,55/263,2/8,54/267,98.64,76.07,58.34,56.39,19/263,1/8,87/263,3/8,91/263,3/8
4123,晟德,2026/06,2026/05/04,2024,Y,生技醫療,醫療保健,生物科技與製藥,B,56.39,-,920/2559,93/263,47/143,96/267,73.2,69.59,52.65,55.04,41/263,18/143,137/263,64/143,100/263,58/143
4126,太醫,2026/06,2026/05/04,2024,Y,生技醫療,醫療保健,醫療設備與用品,A,69.77,-,126/2559,15/263,7/95,14/267,100,74.72,66.86,72,24/263,9/95,33/263,14/95,9/263,4/95
4127,天良,2026/06,2026/05/04,2024,N,生技醫療,醫療保健,生物科技與製藥,C,47.81,-,1729/2559,173/263,85/143,176/267,98.93,58.74,40.85,53.76,81/263,37/143,211/263,107/143,117/263,70/143
4128,中天,2026/06,2026/05/04,2024,Y,生技醫療,醫療保健,生物科技與製藥,A,69.81,↓,124/2559,14/263,6/143,13/267,100,78.35,73.77,57.28,13/263,9/143,5/263,2/143,83/263,47/143
4129,聯合,2026/06,2026/05/04,2024,Y,生技醫療,醫療保健,醫療設備與用品,B+,63.47,-,365/2559,42/263,21/95,42/267,94.67,75.8,62.61,57.38,20/263,6/95,54/263,24/95,82/263,28/95
4130,健亞,2026/06,2026/05/04,2024,Y,生技醫療,醫療保健,生物科技與製藥,B,53.89,-,1136/2559,107/263,56/143,110/267,49.44,30.94,52.85,73.87,262/263,142/143,134/263,62/143,6/263,4/143
4131,浩泰,2026/06,2026/05/04,2024,N,生技醫療,醫療保健,醫療設備與用品,B-,50.71,-,1471/2559,146/263,56/95,150/267,74.3,37.13,54.7,51.87,258/263,95/95,111/263,47/95,136/263,45/95
4133,亞諾法,2026/06,2026/05/04,2024,N,生技醫療,醫療保健,生物科技與製藥,B+,62.49,-,426/2559,46/263,17/143,46/267,100,58.03,56.9,75.49,85/263,40/143,94/263,44/143,4/263,2/143
4137,麗豐-KY,2026/06,2026/05/04,2024,N,生技醫療,消費品,家用與個人產品,A,65.14,↑,284/2559,20/223,4/23,32/267,100,57.01,74.84,58.65,83/223,10/23,9/223,3/23,71/223,13/23
4138,曜亞,2026/06,2026/05/04,2024,N,生技醫療,醫療保健,醫療設備與用品,B,58.65,-,717/2559,78/263,29/95,77/267,100,72.76,55.47,55.72,30/263,13/95,105/263,43/95,96/263,33/95
4139,馬光-KY,2026/06,2026/05/04,2024,N,生技醫療,醫療保健,健康照護提供,B-,48.1,-,1702/2559,168/263,6/10,171/267,60.82,57.04,54.77,30.38,92/263,4/10,109/263,6/10,261/263,10/10
4142,國光生,2026/06,2026/05/04,2024,Y,生技醫療,醫療保健,生物科技與製藥,B-,51.05,-,1434/2559,140/263,74/143,144/267,80.38,42.07,53.33,52.46,148/263,77/143,125/263,56/143,131/263,76/143
4147,中裕,2026/06,2026/05/04,2024,Y,生技醫療,醫療保健,生物科技與製藥,B,54.35,-,1099/2559,105/263,54/143,108/267,100,49.51,53.86,58.25,127/263,62/143,121/263,55/143,74/263,42/143
4148,全宇生技-KY,2026/06,2026/05/04,2024,N,生技醫療,資源轉化,化學,C,41.41,-,2245/2559,394/440,101/113,241/267,100,35.51,30.79,53.79,384/440,95/113,433/440,111/113,209/440,54/113
4153,鈺緯,2026/06,2026/05/04,2024,Y,生技醫療,科技與通訊,硬體,B-,52.72,-,1264/2559,462/907,204/422,124/267,100,38.77,53.19,61.06,711/907,351/422,417/907,178/422,208/907,91/422
4154,樂威科-KY,2026/06,2026/05/04,2024,Y,其他,消費品,服飾、配件與鞋類,C,43.39,-,2093/2559,185/223,51/61,161/211,63.51,32.74,37.33,55.11,210/223,55/61,206/223,54/61,94/223,23/61
4155,訊映,2026/06,2026/05/04,2024,N,生技醫療,醫療保健,醫療設備與用品,B+,59.07,↑,681/2559,75/263,28/95,73/267,100,68.74,60.17,51.04,44/263,21/95,72/263,31/95,150/263,49/95
4157,太景*-KY,2026/06,2026/05/04,2024,N,生技醫療,醫療保健,生物科技與製藥,B,57.2,-,843/2559,85/263,42/143,86/267,50.24,48.29,64.02,56.27,132/263,65/143,43/263,19/143,93/263,54/143
4160,訊聯基因,2026/06,2026/05/04,2024,N,生技醫療,醫療保健,健康照護提供,B+,63.59,-,360/2559,40/263,3/10,40/267,100,67.98,68.59,51.71,48/263,2/10,24/263,2/10,140/263,4/10
4161,聿新科,2026/06,2026/05/04,2024,N,生技醫療,醫療保健,醫療設備與用品,B+,59.69,↑,628/2559,70/263,27/95,68/267,98.43,51.01,68.07,49.75,124/263,48/95,29/263,13/95,164/263,57/95
4162,智擎,2026/06,2026/05/04,2024,Y,生技醫療,醫療保健,生物科技與製藥,B+,61.64,↓,486/2559,52/263,22/143,51/267,67.3,78.48,54.58,64.07,12/263,8/143,113/263,51/143,37/263,18/143
4163,鐿鈦,2026/06,2026/05/04,2024,N,生技醫療,醫療保健,醫療設備與用品,B+,64.15,-,326/2559,36/263,18/95,36/267,98.04,63.19,63.85,65.28,69/263,31/95,47/263,19/95,33/263,12/95
4164,承業醫,2026/06,2026/05/04,2024,N,生技醫療,醫療保健,醫療設備與用品,B+,62.98,-,392/2559,44/263,23/95,44/267,100,65.3,63.72,60.18,58/263,27/95,48/263,20/95,59/263,21/95
4166,友霖,2026/06,2026/05/04,,N,生技醫療,醫療保健,生物科技與製藥,B-,50.09,↑,1536/2559,150/263,77/143,154/267,74.25,51.01,48.86,51.75,123/263,60/143,166/263,80/143,137/263,78/143
4167,松瑞藥,2026/06,2026/05/04,2024,N,生技醫療,醫療保健,生物科技與製藥,B-,51.95,-,1349/2559,130/263,67/143,135/267,100,42.14,51.07,59.66,146/263,75/143,146/263,69/143,63/263,34/143
4168,醣聯,2026/06,2026/05/04,2024,N,生技醫療,醫療保健,生物科技與製藥,B,56.59,-,894/2559,89/263,45/143,91/267,79.88,40.84,58.4,63.05,250/263,132/143,86/263,41/143,42/263,21/143
4169,泰宗,2026/06,2026/05/04,,N,生技醫療,醫療保健,醫療設備與用品,B,54.94,-,1038/2559,101/263,39/95,105/267,100,41.86,58.6,56.36,198/263,72/95,84/263,36/95,92/263,30/95
4171,瑞基,2026/06,2026/05/04,2024,N,農業科技,醫療保健,醫療設備與用品,A,68.89,-,150/2559,19/263,10/95,1/8,80.2,71.16,71.66,62.4,36/263,16/95,14/263,7/95,47/263,17/95
4173,久裕,2026/06,2026/05/04,2024,Y,生技醫療,醫療保健,健康照護配銷商,B+,61.23,-,511/2559,53/263,3/7,52/267,100,53.39,65.6,58.12,114/263,6/7,36/263,4/7,75/263,4/7
4174,浩鼎,2026/06,2026/05/04,2024,N,生技醫療,醫療保健,生物科技與製藥,B+,60.05,-,607/2559,65/263,30/143,63/267,92.85,57.11,62.16,58.01,90/263,42/143,58/263,27/143,77/263,43/143
4175,杏一,2026/06,2026/05/04,2024,Y,生技醫療,醫療保健,藥品零售商,B+,63.91,-,342/2559,38/263,1/8,38/267,88.53,60.58,64.22,65.42,75/263,2/8,42/263,1/8,32/263,2/8
4178,永笙-KY,2026/06,2026/05/04,,N,生技醫療,醫療保健,健康照護提供,C,45.98,-,1879/2559,187/263,7/10,190/267,64.64,49.16,42.35,50.65,128/263,7/10,199/263,8/10,156/263,5/10
4183,福永生技,2026/06,2026/05/04,2024,N,生技醫療,醫療保健,醫療設備與用品,B+,63.73,-,353/2559,39/263,20/95,39/267,71.26,68.47,60.45,66.79,45/263,22/95,70/263,30/95,29/263,11/95
4188,安克,2026/06,2026/05/04,2024,N,生技醫療,醫療保健,醫療設備與用品,B,56.87,-,875/2559,86/263,33/95,88/267,100,63.41,59.32,48.34,67/263,30/95,80/263,34/95,176/263,62/95
4190,佐登-KY,2026/06,2026/05/04,2024,N,生技醫療,消費品,家用與個人產品,B,57.19,-,844/2559,79/223,11/23,87/267,100,56.06,55.04,60.07,89/223,11/23,97/223,10/23,59/223,9/23
4192,杏國,2026/06,2026/05/04,2024,N,生技醫療,醫療保健,生物科技與製藥,C-,36.56,-,2486/2559,261/263,143/143,265/267,18.05,31.68,44.04,41.89,261/263,141/143,193/263,94/143,235/263,129/143
4198,欣大健康,2026/06,2026/05/04,2024,N,生技醫療,醫療保健,醫療設備與用品,C,44.25,-,2019/2559,208/263,82/95,211/267,71.4,44.6,42.64,46.97,141/263,51/95,198/263,82/95,187/263,67/95
4205,中華食,2026/06,2026/05/04,2024,Y,食品工業,食品與飲料,加工食品,B-,49,-,1618/2559,49/87,9/15,36/45,100,37.46,65.43,39.57,82/87,14/15,21/87,3/15,79/87,14/15
4207,環泰,2026/06,2026/05/04,2024,Y,食品工業,食品與飲料,加工食品,B+,63.26,-,375/2559,18/87,5/15,17/45,91.58,65.33,62.01,62.76,20/87,4/15,25/87,5/15,13/87,5/15
4303,信立,2026/06,2026/05/04,2024,Y,塑膠工業,消費品,服飾、配件與鞋類,C,46.87,↓,1809/2559,160/223,44/61,21/26,100,42.21,41.28,55.17,163/223,45/61,179/223,46/61,93/223,22/61
4304,勝昱,2026/06,2026/05/04,2024,N,塑膠工業,資源轉化,容器與包裝,C-,39.68,-,2354/2559,408/440,16/17,25/26,41.71,39.49,37.89,41.17,351/440,13/17,402/440,14/17,391/440,17/17
4305,世坤,2026/06,2026/05/04,2024,N,塑膠工業,資源轉化,化學,B,54.42,-,1089/2559,201/440,47/113,15/26,100,51.8,42.4,65.4,230/440,53/113,353/440,92/113,47/440,14/113
4306,炎洲,2026/06,2026/05/04,2024,N,塑膠工業,資源轉化,化學,B,54.8,-,1052/2559,193/440,46/113,14/26,90.11,43.44,59.16,60.05,318/440,76/113,137/440,32/113,104/440,28/113
4401,東隆興,2026/06,2026/05/04,2024,N,紡織纖維,資源轉化,化學,B-,49.22,-,1597/2559,293/440,70/113,28/55,93.83,54.41,50.69,44.22,206/440,46/113,247/440,63/113,365/440,89/113
4402,郡都開發,2026/06,2026/05/04,2024,N,紡織纖維,消費品,服飾、配件與鞋類,C-,40.13,↓,2322/2559,206/223,57/61,51/55,97.81,36.81,48.39,32.86,203/223,52/61,143/223,33/61,219/223,60/61
4406,新昕纖,2026/06,2026/05/04,2024,N,紡織纖維,資源轉化,化學,C,42.44,-,2165/2559,381/440,97/113,45/55,62.51,25.52,51.82,48.09,437/440,111/113,232/440,61/113,308/440,76/113
4413,飛寶企業,2026/06,2026/05/04,2024,N,紡織纖維,消費品,服飾、配件與鞋類,B-,48.28,↑,1684/2559,150/223,41/61,33/55,52.4,49.73,52.45,43.08,124/223,31/61,116/223,27/61,182/223,52/61
4414,如興,2026/06,2026/05/04,2024,Y,紡織纖維,消費品,服飾、配件與鞋類,C,46.94,-,1799/2559,159/223,43/61,34/55,82.39,60.5,36.86,51.19,63/223,15/61,208/223,55/61,130/223,36/61
4416,三圓,2026/06,2026/05/04,2024,N,建材營造,公共建設,房屋營造,C-,36.76,-,2475/2559,173/177,82/84,91/94,0,50.3,46.83,42.59,96/177,44/84,119/177,60/84,151/177,75/84
4417,金洲,2026/06,2026/05/04,2024,N,紡織纖維,消費品,服飾、配件與鞋類,B-,50.49,-,1497/2559,132/223,33/61,24/55,100,47.33,50.38,52.14,138/223,35/61,128/223,28/61,125/223,34/61
4419,皇家美食,2026/06,2026/05/04,2024,Y,觀光餐旅,食品與飲料,餐飲,B-,48.09,-,1704/2559,53/87,15/37,37/67,94.03,47.87,55.25,39.01,46/87,15/37,36/87,7/37,81/87,32/37
4420,光明,2026/06,2026/05/04,2024,N,紡織纖維,消費品,服飾、配件與鞋類,B-,51.05,-,1431/2559,130/223,32/61,23/55,100,51.39,53.81,47.92,111/223,26/61,105/223,23/61,156/223,48/61
4426,利勤,2026/06,2026/05/04,2024,N,紡織纖維,消費品,服飾、配件與鞋類,C,44.26,-,2018/2559,182/223,49/61,41/55,78.87,32.7,42.62,51.66,211/223,56/61,171/223,43/61,127/223,35/61
4430,耀億,2026/06,2026/05/04,2024,N,其他,消費品,服飾、配件與鞋類,B,56.21,-,943/2559,87/223,17/61,51/211,100,59.08,56.52,54.48,73/223,17/61,90/223,20/61,101/223,26/61
4432,銘旺實,2026/06,2026/05/04,2024,Y,紡織纖維,消費品,服飾、配件與鞋類,C,45.04,-,1955/2559,179/223,48/61,39/55,100,44.94,36.58,54.21,152/223,41/61,210/223,57/61,104/223,27/61
4433,興采,2026/06,2026/05/04,2024,N,紡織纖維,消費品,服飾、配件與鞋類,B-,52.7,-,1272/2559,116/223,25/61,17/55,77.4,46.89,41.8,67.26,139/223,36/61,175/223,45/61,14/223,3/61
4438,廣越,2026/06,2026/05/04,2024,Y,紡織纖維,消費品,服飾、配件與鞋類,B+,64.24,-,320/2559,24/223,3/61,1/55,85.81,80.95,57.57,63.29,6/223,3/61,83/223,17/61,37/223,8/61
4439,冠星-KY,2026/06,2026/05/04,2024,N,紡織纖維,消費品,服飾、配件與鞋類,C,46.51,-,1840/2559,163/223,46/61,36/55,100,46.6,40.97,52.44,140/223,37/61,182/223,48/61,120/223,31/61
4440,宜新實業,2026/06,2026/05/04,2024,N,紡織纖維,資源轉化,化學,C,46.45,-,1845/2559,337/440,83/113,37/55,99.98,54.23,44.37,42.17,208/440,47/113,334/440,86/113,386/440,97/113
4441,振大環球,2026/06,2026/05/04,,N,紡織纖維,消費品,服飾、配件與鞋類,C,42.27,-,2177/2559,190/223,53/61,46/55,91.02,41.7,36.81,48.42,180/223,47/61,209/223,56/61,152/223,47/61
4442,竣邦-KY,2026/06,2026/05/04,2024,N,紡織纖維,資源轉化,化學,C,41.77,↑,2223/2559,389/440,100/113,48/55,100,37.8,31.59,52.39,374/440,90/113,430/440,108/113,235/440,59/113
4502,健信,2026/06,2026/05/04,2024,N,電機機械,運輸,汽車零件,C,45.85,-,1888/2559,88/127,57/82,97/123,100,63.91,48.29,29.21,41/127,21/82,75/127,45/82,126/127,81/82
4503,金雨,2026/06,2026/05/04,2024,N,電機機械,科技與通訊,硬體,B-,50.62,-,1481/2559,523/907,234/422,80/123,100,47,54.28,49.25,548/907,272/422,388/907,162/422,587/907,258/422
4506,崇友,2026/06,2026/05/04,2024,Y,電機機械,資源轉化,電氣與電子設備,B+,59.06,-,684/2559,114/440,46/163,35/123,100,48.8,48.34,74.79,266/440,105/163,286/440,108/163,3/440,2/163
4510,高鋒,2026/06,2026/05/04,2024,N,電機機械,消費品,電器製造,C,46.47,↓,1844/2559,165/223,23/27,93/123,100,53.56,47.78,41.59,98/223,14/27,147/223,22/27,191/223,23/27
4513,福裕,2026/06,2026/05/04,2024,N,電機機械,消費品,電器製造,B,54.5,-,1083/2559,99/223,15/27,53/123,100,56.26,57.26,50.67,87/223,13/27,86/223,15/27,133/223,17/27
4523,永彰,2026/06,2026/05/04,2024,Y,電機機械,運輸,汽車零件,B+,61.37,↓,502/2559,33/127,16/82,23/123,32.48,74.6,66,65.6,14/127,9/82,32/127,18/82,16/127,14/82
4526,東台,2026/06,2026/05/04,2024,N,電機機械,資源轉化,工業機械與物品,B+,60.53,-,569/2559,89/440,34/137,29/123,89.82,74.93,64.88,46.47,21/440,6/137,66/440,20/137,333/440,102/137
4527,方方土霖,2026/06,2026/05/04,2024,N,電機機械,資源轉化,電氣與電子設備,B,53.73,-,1152/2559,214/440,89/163,61/123,100,59.42,38.3,61.05,151/440,66/163,399/440,151/163,89/440,36/163
4528,江興鍛,2026/06,2026/05/04,2024,Y,電機機械,運輸,汽車零件,C,46.89,-,1808/2559,83/127,53/82,90/123,100,33.76,48.24,56.66,102/127,69/82,76/127,46/82,51/127,34/82
4529,淳紳,2026/06,2026/05/04,2024,N,其他,運輸,汽車,C-,33.45,-,2543/2559,125/127,9/10,208/211,16.77,31.61,44.53,37.42,105/127,7/10,87/127,7/10,117/127,9/10
4530,宏易,2026/06,2026/05/04,2024,Y,觀光餐旅,食品與飲料,餐飲,C-,37.99,-,2437/2559,84/87,35/37,61/67,62.73,52.41,30.01,33.45,35/87,8/37,87/87,37/37,86/87,37/37
4532,瑞智,2026/06,2026/05/04,2024,Y,電機機械,資源轉化,工業機械與物品,B+,60.77,-,552/2559,83/440,32/137,27/123,100,76.96,59.73,49.41,14/440,3/137,130/440,38/137,282/440,87/137
4533,協易機,2026/06,2026/05/04,2024,N,電機機械,消費品,電器製造,B+,60.94,-,537/2559,43/223,8/27,25/123,83.54,61.11,59.18,62.74,58/223,9/27,67/223,12/27,41/223,5/27
4534,慶騰,2026/06,2026/05/04,2024,N,電機機械,資源轉化,工業機械與物品,B,57.13,-,850/2559,155/440,44/137,42/123,100,57.77,63.97,51.52,171/440,60/137,79/440,25/137,244/440,72/137
4535,至興,2026/06,2026/05/04,2024,Y,電機機械,運輸,汽車零件,A+,74.46,-,36/2559,3/127,3/82,1/123,100,75.69,67.17,78.88,13/127,8/82,28/127,16/82,1/127,1/82
4536,拓凱,2026/06,2026/05/04,2024,Y,運動休閒,消費品,玩具及體育商品,A,66.95,-,199/2559,9/223,4/26,4/32,100,81.01,67.3,59.72,5/223,3/26,29/223,4/26,65/223,10/26
4538,大詠城,2026/06,2026/05/04,2024,N,電機機械,資源轉化,工業機械與物品,B,56.07,-,957/2559,174/440,49/137,48/123,100,43.3,51.07,69.41,321/440,98/137,242/440,69/137,18/440,4/137
4540,全球傳動,2026/06,2026/05/04,2024,Y,電機機械,資源轉化,工業機械與物品,B+,63.9,-,343/2559,38/440,13/137,13/123,82.47,69.93,54.2,66.65,52/440,19/137,198/440,57/137,40/440,8/137
4541,晟田,2026/06,2026/05/04,2024,N,其他,資源轉化,航空航太與國防,B-,47.98,-,1716/2559,315/440,7/10,123/211,100,33.1,53.86,54.74,396/440,8/10,203/440,6/10,194/440,6/10
4542,科嶠,2026/06,2026/05/04,2024,N,電子零組件,資源轉化,工業機械與物品,B,54.83,↑,1048/2559,192/440,56/137,102/234,88.87,47.85,63.02,53.92,281/440,88/137,89/440,27/137,206/440,58/137
4543,萬在,2026/06,2026/05/04,2024,N,電機機械,運輸,汽車零件,B+,60.69,↑,557/2559,37/127,20/82,28/123,100,47.95,62.22,70.01,75/127,49/82,38/127,23/82,8/127,7/82
4545,銘鈺,2026/06,2026/05/04,2024,N,電子零組件,資源轉化,電氣與電子設備,B+,59.84,↑,618/2559,99/440,39/163,54/234,100,68.15,65.12,49.64,66/440,27/163,63/440,27/163,278/440,107/163
4549,桓達,2026/06,2026/05/04,2024,N,電機機械,資源轉化,電氣與電子設備,B,57.58,-,813/2559,145/440,59/163,40/123,100,51.29,68,54.5,239/440,96/163,43/440,19/163,199/440,76/163
4550,長佳,2026/06,2026/05/04,2024,N,電機機械,公共建設,工程與建造服務,B,54.2,↑,1110/2559,86/177,20/32,56/123,100,37.75,60.25,60.31,165/177,32/32,61/177,18/32,47/177,9/32
4551,智伸科,2026/06,2026/05/04,2024,N,汽車工業,運輸,汽車零件,B+,61.18,-,515/2559,34/127,17/82,13/51,100,58.29,58.03,65.88,50/127,30/82,48/127,29/82,14/127,12/82
4552,力達-KY,2026/06,2026/05/04,2024,N,電機機械,資源轉化,工業機械與物品,B,56.28,-,937/2559,172/440,47/137,46/123,100,59.18,48.78,59.73,154/440,53/137,279/440,83/137,107/440,34/137
4554,橙的,2026/06,2026/05/04,2024,Y,其他電子業,運輸,汽車零件,A,65.7,↑,250/2559,18/127,11/82,12/114,100,71.87,72.92,55.27,22/127,12/82,12/127,7/82,55/127,35/82
4555,氣立,2026/06,2026/05/04,2024,Y,電機機械,資源轉化,工業機械與物品,B+,62.77,-,407/2559,53/440,18/137,17/123,83.74,72.34,47.87,66.76,36/440,11/137,291/440,86/137,38/440,7/137
4556,旭然,2026/06,2026/05/04,2024,N,其他,資源轉化,工業機械與物品,B,53.1,↑,1218/2559,226/440,69/137,69/211,100,48.21,48.85,59.95,275/440,85/137,278/440,82/137,105/440,33/137
4557,永新-KY,2026/06,2026/05/04,2024,N,汽車工業,運輸,汽車零件,B,54.75,-,1056/2559,51/127,30/82,24/51,51.94,52.25,54.2,59.03,65/127,40/82,61/127,36/82,39/127,27/82
4558,寶緯,2026/06,2026/05/04,2024,N,電機機械,提煉與礦產加工,金屬與採礦,B-,50.77,↑,1460/2559,20/36,2/4,78/123,37.73,47.07,39.75,71.46,22/36,3/4,28/36,3/4,2/36,1/4
4560,強信-KY,2026/06,2026/05/04,2024,N,電機機械,資源轉化,工業機械與物品,B-,48.73,-,1639/2559,298/440,94/137,86/123,100,47.06,56.7,44.01,285/440,91/137,168/440,44/137,368/440,110/137
4561,健椿,2026/06,2026/05/04,2024,Y,電機機械,資源轉化,工業機械與物品,B,56.18,-,946/2559,173/440,48/137,47/123,100,63.94,47.6,56.79,99/440,35/137,298/440,91/137,149/440,45/137
4562,穎漢,2026/06,2026/05/04,2024,N,電機機械,資源轉化,工業機械與物品,B-,48.34,-,1676/2559,310/440,97/137,88/123,94.25,45.05,47.87,51.17,304/440,96/137,292/440,87/137,254/440,75/137
4563,百德,2026/06,2026/05/04,2024,N,電機機械,資源轉化,工業機械與物品,B+,61.73,-,480/2559,70/440,25/137,22/123,69.77,73.11,61.19,53.59,29/440,9/137,112/440,32/137,214/440,60/137
4564,元翎,2026/06,2026/05/04,2024,N,電機機械,資源轉化,容器與包裝,B,55.59,-,993/2559,182/440,8/17,50/123,80.09,38.02,69.5,58.34,371/440,14/17,37/440,1/17,124/440,6/17
4566,時碩工業,2026/06,2026/05/04,2024,Y,電機機械,運輸,汽車零件,A,64.97,-,291/2559,22/127,15/82,10/123,78.06,61.27,66.86,66.59,44/127,24/82,30/127,17/82,13/127,11/82
4568,科際精密,2026/06,2026/05/04,2024,N,電機機械,資源轉化,工業機械與物品,B,54.4,-,1092/2559,203/440,59/137,55/123,100,42.54,53.78,63.77,331/440,103/137,205/440,59/137,61/440,15/137
4569,六方科-KY,2026/06,2026/05/04,2024,N,汽車工業,運輸,汽車零件,C,46.75,-,1823/2559,85/127,55/82,37/51,100,43.87,48.13,48.08,87/127,58/82,77/127,47/82,86/127,55/82
4571,鈞興-KY,2026/06,2026/05/04,2024,N,電機機械,運輸,汽車零件,C,45.97,-,1880/2559,87/127,56/82,96/123,100,46.57,27.68,59.09,83/127,55/82,124/127,79/82,38/127,26/82
4572,駐龍,2026/06,2026/05/04,2024,N,電機機械,資源轉化,航空航太與國防,B,54.05,-,1123/2559,208/440,5/10,58/123,100,48.73,47.12,63.24,268/440,5/10,305/440,8/10,67/440,1/10
4576,大銀微系統,2026/06,2026/05/04,2024,Y,電機機械,資源轉化,電氣與電子設備,A,68.59,-,156/2559,14/440,9/163,5/123,100,72.52,59.67,72.34,34/440,15/163,132/440,55/163,6/440,3/163
4577,達航科技,2026/06,2026/05/04,2024,N,其他電子業,資源轉化,工業機械與物品,B+,62.98,-,393/2559,49/440,16/137,19/114,97.08,61.8,60.46,65.75,124/440,44/137,118/440,34/137,45/440,10/137
4580,捷流閥業,2026/06,2026/05/04,2024,N,電機機械,資源轉化,工業機械與物品,B-,52.95,↓,1237/2559,230/440,71/137,63/123,100,63.1,53.26,45.11,108/440,37/137,216/440,61/137,349/440,105/137
4581,光隆精密-KY,2026/06,2026/05/04,2024,N,汽車工業,運輸,汽車零件,B,57.72,-,804/2559,41/127,24/82,19/51,100,50.07,49.46,70.13,72/127,46/82,71/127,42/82,7/127,6/82
4583,台灣精銳,2026/06,2026/05/04,2024,N,電機機械,資源轉化,電氣與電子設備,B-,52.71,-,1268/2559,238/440,97/163,67/123,88.5,37.98,42.75,71.23,372/440,147/163,348/440,130/163,12/440,8/163
4584,君帆,2026/06,2026/05/04,2024,N,電機機械,資源轉化,工業機械與物品,B-,49.82,-,1557/2559,285/440,88/137,83/123,100,46.75,34.55,63.57,289/440,92/137,415/440,133/137,64/440,17/137
4585,達明,2026/06,2026/05/04,,N,其他電子業,資源轉化,電氣與電子設備,C,45.03,-,1958/2559,358/440,139/163,89/114,100,43.75,44.32,46.52,316/440,127/163,335/440,126/163,332/440,126/163
4588,玖鼎電力,2026/06,2026/05/04,2024,N,其他電子業,資源轉化,電氣與電子設備,B,55.43,-,1000/2559,185/440,78/163,46/114,74.1,60.12,49.85,56.11,143/440,61/163,259/440,100/163,165/440,64/163
4609,唐鋒,2026/06,2026/05/04,2024,N,居家生活,消費品,電器製造,B-,48.22,↑,1695/2559,152/223,21/27,23/37,34.53,33.81,53.57,58.26,209/223,27/27,107/223,20/27,73/223,10/27
4702,中美實,2026/06,2026/05/04,2024,N,居家生活,資源轉化,化學,B-,53.04,-,1228/2559,229/440,51/113,19/37,100,51.55,49.28,56.97,236/440,55/113,270/440,73/113,144/440,35/113
4706,大恭,2026/06,2026/05/04,2024,Y,化學工業,資源轉化,化學,B-,50.84,-,1454/2559,271/440,63/113,34/59,79.24,25.4,60.61,62.6,438/440,112/113,117/440,27/113,72/440,18/113
4707,磐亞,2026/06,2026/05/04,2024,Y,化學工業,資源轉化,化學,C,46.93,↓,1800/2559,330/440,79/113,45/59,91.99,31.66,63.99,45.59,427/440,106/113,75/440,17/113,346/440,84/113
4711,永純,2026/06,2026/05/04,2024,Y,化學工業,資源轉化,化學,B-,49.87,-,1552/2559,284/440,66/113,36/59,100,40.79,50.31,56.35,345/440,82/113,252/440,65/113,162/440,39/113
4714,永捷,2026/06,2026/05/04,2024,Y,化學工業,資源轉化,化學,B,54.05,-,1122/2559,207/440,49/113,24/59,81.74,42.95,61.52,56.77,325/440,78/113,108/440,25/113,150/440,38/113
4716,大立,2026/06,2026/05/04,2024,Y,化學工業,資源轉化,化學,B-,52.35,-,1312/2559,247/440,58/113,29/59,79.64,43.82,55.82,56.15,314/440,75/113,178/440,47/113,163/440,40/113
4720,德淵,2026/06,2026/05/04,2024,Y,化學工業,資源轉化,化學,A+,72.51,-,70/2559,3/440,2/113,2/59,100,81.32,72.15,66.18,8/440,2/113,23/440,6/113,42/440,13/113
4721,美琪瑪,2026/06,2026/05/04,2024,Y,化學工業,資源轉化,化學,B-,49.59,-,1566/2559,288/440,67/113,37/59,100,31.07,60.17,55.55,430/440,107/113,122/440,29/113,177/440,47/113
4722,國精化,2026/06,2026/05/04,2024,Y,化學工業,資源轉化,化學,B+,59.49,↑,644/2559,104/440,21/113,10/59,87.65,51.63,57.69,66.75,234/440,54/113,156/440,39/113,39/440,12/113
4726,永昕,2026/06,2026/05/04,2024,N,生技醫療,醫療保健,生物科技與製藥,B,55.2,-,1021/2559,99/263,50/143,103/267,55.81,44.08,62.4,48.93,143/263,73/143,55/263,24/143,169/263,91/143
4728,雙美,2026/06,2026/05/04,2024,N,生技醫療,醫療保健,生物科技與製藥,B+,60.07,-,606/2559,64/263,29/143,62/267,64.89,63.12,61.87,54.9,70/263,32/143,59/263,28/143,101/263,59/143
4729,熒茂,2026/06,2026/05/04,2024,N,光電業,科技與通訊,硬體,B-,50.61,-,1483/2559,524/907,235/422,67/141,85.24,63.45,47.64,45.47,223/907,113/422,565/907,241/422,689/907,313/422
4735,豪展,2026/06,2026/05/04,2024,N,生技醫療,醫療保健,醫療設備與用品,B+,64.77,-,301/2559,35/263,17/95,35/267,95.65,74.25,64.66,59.1,26/263,10/95,41/263,17/95,68/263,24/95
4736,泰博,2026/06,2026/05/04,2024,N,生技醫療,醫療保健,醫療設備與用品,B-,53,-,1230/2559,115/263,42/95,118/267,59.85,55.49,54.44,48.84,103/263,42/95,116/263,50/95,171/263,60/95
4737,華廣,2026/06,2026/05/04,2024,N,生技醫療,醫療保健,醫療設備與用品,A,68.61,-,155/2559,20/263,11/95,19/267,100,76.69,71.28,58.72,17/263,4/95,16/263,8/95,70/263,25/95
4739,康普,2026/06,2026/05/04,2024,Y,化學工業,資源轉化,化學,B-,49.43,-,1585/2559,291/440,68/113,38/59,89.26,43.22,53.4,51.12,323/440,77/113,213/440,57/113,256/440,64/113
4741,泓瀚,2026/06,2026/05/04,2024,Y,化學工業,資源轉化,化學,B-,48.6,-,1650/2559,303/440,73/113,42/59,96.97,34.58,63.45,47.98,393/440,98/113,84/440,20/113,310/440,77/113
4743,合一,2026/06,2026/05/04,2024,Y,生技醫療,醫療保健,生物科技與製藥,A+,71.04,-,97/2559,9/263,3/143,8/267,98.39,75.13,69.33,71.62,21/263,11/143,23/263,9/143,11/263,6/143
4744,皇將,2026/06,2026/05/04,2024,Y,生技醫療,醫療保健,醫療設備與用品,B+,60.44,↑,575/2559,59/263,25/95,58/267,76.2,57.8,65.58,52.68,88/263,39/95,37/263,16/95,129/263,42/95
4745,合富-KY,2026/06,2026/05/04,2024,N,生技醫療,醫療保健,醫療設備與用品,B,56.45,-,912/2559,92/263,35/95,95/267,72.44,68.85,53.69,53.79,43/263,20/95,123/263,54/95,114/263,36/95
4746,台耀,2026/06,2026/05/04,2024,Y,生技醫療,醫療保健,生物科技與製藥,A,68.54,-,159/2559,21/263,8/143,20/267,100,83.46,67.97,60.32,6/263,3/143,31/263,14/143,58/263,31/143
4747,強生,2026/06,2026/05/04,2024,N,生技醫療,醫療保健,生物科技與製藥,B,54.38,-,1095/2559,104/263,53/143,107/267,100,63.77,58.53,40.97,65/263,29/143,85/263,40/143,240/263,132/143
4749,新應材,2026/06,2026/05/04,2024,N,半導體,資源轉化,化學,B+,60.54,-,568/2559,88/440,18/113,66/235,100,72.81,55.12,55.39,31/440,9/113,185/440,50/113,181/440,49/113
4754,國碳科,2026/06,2026/05/04,2024,Y,化學工業,提煉與礦產加工,建築材料,B-,51.42,-,1398/2559,17/36,9/17,32/59,81.08,45.5,46.62,61.16,27/36,14/17,21/36,10/17,7/36,4/17
4755,三福化,2026/06,2026/05/04,2024,Y,化學工業,資源轉化,化學,B+,61.71,-,483/2559,71/440,14/113,8/59,98.93,42.07,73.38,67.69,340/440,81/113,17/440,5/113,30/440,7/113
4760,勤凱,2026/06,2026/05/04,2024,N,其他電子業,科技與通訊,半導體,B,54.07,↑,1120/2559,405/907,148/317,52/114,100,59.36,58.5,46.3,295/907,98/317,310/907,115/317,664/907,252/317
4763,材料*-KY,2026/06,2026/05/04,2024,Y,化學工業,資源轉化,化學,B,57.46,-,823/2559,149/440,38/113,20/59,100,61.76,56.39,55.05,125/440,25/113,171/440,45/113,189/440,51/113
4764,雙鍵,2026/06,2026/05/04,2024,Y,化學工業,資源轉化,化學,C-,39.1,↓,2388/2559,411/440,105/113,56/59,87.36,28.23,48.58,40.13,434/440,109/113,282/440,76/113,399/440,102/113
4766,南寶,2026/06,2026/05/04,2024,Y,化學工業,資源轉化,化學,A+,73.68,-,48/2559,2/440,1/113,1/59,100,83.05,63.15,74.55,7/440,1/113,87/440,21/113,4/440,2/113
4767,誠泰科技,2026/06,2026/05/04,2024,Y,化學工業,資源轉化,化學,B+,63.74,-,352/2559,39/440,9/113,7/59,100,62.99,58.48,68.25,110/440,23/113,141/440,33/113,28/440,6/113
4768,晶呈科技,2026/06,2026/05/04,2024,Y,化學工業,資源轉化,化學,B,58.14,-,762/2559,137/440,37/113,19/59,89.12,50.93,53.1,67.33,242/440,57/113,219/440,59/113,33/440,9/113
4770,上品,2026/06,2026/05/04,2024,Y,化學工業,資源轉化,化學,B+,59.01,↑,687/2559,115/440,26/113,12/59,100,59.76,57.82,59.34,147/440,28/113,153/440,38/113,113/440,29/113
4771,望隼,2026/06,2026/05/04,2024,N,生技醫療,醫療保健,醫療設備與用品,A,70.28,-,111/2559,12/263,6/95,11/267,92.4,75.04,72.17,63.89,22/263,7/95,12/263,5/95,39/263,13/95
4772,台特化,2026/06,2026/05/04,2024,Y,化學工業,科技與通訊,半導體,C,47.53,↓,1755/2559,613/907,220/317,44/59,100,54.85,40.98,49.46,384/907,127/317,744/907,259/317,579/907,227/317
4804,大略-KY,2026/06,2026/05/04,2024,N,觀光餐旅,服務,專業與商業服務,C-,36.13,-,2499/2559,144/145,24/24,65/67,22.02,49.95,41.77,28.72,81/145,20/24,121/145,23/24,144/145,24/24
4806,桂田文創,2026/06,2026/05/04,2024,N,文化創意業,服務,媒體與娛樂,B-,52.51,↓,1292/2559,64/145,28/84,21/34,99.5,45.62,54.21,54.86,129/145,82/84,58/145,23/84,64/145,31/84
4807,日成-KY,2026/06,2026/05/04,2024,N,貿易百貨,消費品,服飾、配件與鞋類,B,53.68,-,1160/2559,109/223,24/61,9/20,89.72,59.09,43.94,61.54,72/223,16/61,161/223,37/61,50/223,12/61
4903,聯光通,2026/06,2026/05/04,2024,Y,通信網路業,科技與通訊,硬體,B+,64.21,↑,324/2559,136/907,52/422,21/100,100,81.74,51.85,65.49,46/907,19/422,457/907,195/422,109/907,42/422
4904,遠傳,2026/06,2026/05/04,2024,Y,通信網路業,科技與通訊,電訊服務,A+,73.04,-,56/2559,27/907,3/7,5/100,88.03,83.7,82.3,57.05,32/907,2/7,10/907,1/7,320/907,4/7
4905,台聯電,2026/06,2026/05/04,2024,N,通信網路業,醫療保健,醫療設備與用品,A+,71.62,↑,82/2559,6/263,3/95,6/100,100,77.85,70.28,70.2,14/263,3/95,19/263,10/95,20/263,8/95
4906,正文,2026/06,2026/05/04,2024,Y,通信網路業,科技與通訊,硬體,B+,64.6,-,307/2559,129/907,50/422,20/100,90.53,72.21,76.09,48.31,107/907,55/422,43/907,13/422,607/907,271/422
4907,富宇,2026/06,2026/05/04,2024,N,建材營造,公共建設,房屋營造,B,54.69,-,1061/2559,79/177,39/84,48/94,100,56.41,48.43,57.97,68/177,30/84,111/177,54/84,61/177,32/84
4908,前鼎,2026/06,2026/05/04,2024,N,通信網路業,科技與通訊,硬體,B-,52.49,-,1295/2559,469/907,207/422,57/100,100,49.41,47.42,59.51,503/907,252/422,573/907,246/422,254/907,111/422
4909,新復興,2026/06,2026/05/04,2024,N,通信網路業,科技與通訊,電子製造服務與原廠設計製造,C,46.77,-,1820/2559,639/907,42/53,74/100,100,34.69,59.07,42.11,868/907,52/53,295/907,24/53,774/907,44/53
4911,德英,2026/06,2026/05/04,2024,N,生技醫療,醫療保健,生物科技與製藥,B-,51.21,-,1418/2559,139/263,73/143,143/267,100,65.38,48.89,46.66,57/263,25/143,165/263,79/143,189/263,103/143
4912,聯德控股-KY,2026/06,2026/05/04,2024,N,電子零組件,資源轉化,工業機械與物品,B,55.99,-,966/2559,176/440,51/137,91/234,90.98,49.41,64.77,54.33,257/440,81/137,68/440,21/137,202/440,56/137
4915,致伸,2026/06,2026/05/04,2024,Y,電子零組件,科技與通訊,硬體,A+,71.82,-,79/2559,40/907,15/422,6/234,99.17,86.04,62.69,71.96,17/907,8/422,222/907,81/422,21/907,8/422
4916,事欣科,2026/06,2026/05/04,2024,N,電腦及週邊,科技與通訊,硬體,C-,40.06,↓,2328/2559,812/907,378/422,120/125,100,59.12,38.16,29.91,302/907,157/422,793/907,362/422,897/907,415/422
4919,新唐,2026/06,2026/05/04,2024,Y,半導體,科技與通訊,半導體,A+,72.06,↑,77/2559,38/907,17/317,15/235,100,83.91,74.85,61.78,29/907,9/317,58/907,28/317,187/907,82/317
4923,力士,2026/06,2026/05/04,2024,N,半導體,科技與通訊,半導體,B,53.22,↑,1208/2559,441/907,159/317,126/235,79.32,57.5,52.73,51.01,336/907,111/317,432/907,154/317,537/907,208/317
4924,欣厚-KY,2026/06,2026/05/04,2024,N,電腦及週邊,科技與通訊,硬體,C-,35.31,-,2518/2559,890/907,415/422,124/125,100,41.31,32.16,34.67,664/907,325/422,863/907,402/422,876/907,406/422
4927,泰鼎-KY,2026/06,2026/05/04,2024,Y,電子零組件,科技與通訊,硬體,C,45.12,↓,1949/2559,676/907,311/422,184/234,98,49.29,35.45,52.15,507/907,254/422,831/907,386/422,499/907,215/422
4930,燦星網,2026/06,2026/05/04,2024,Y,電器電纜,消費品,電器製造,B,54.75,↑,1057/2559,96/223,14/27,8/20,99.89,58.51,38.94,69.94,76/223,12/27,194/223,24/27,8/223,2/27
4931,新盛力,2026/06,2026/05/04,2024,N,電腦及週邊,科技與通訊,硬體,B,55.23,-,1020/2559,372/907,163/422,63/125,100,69.28,46.33,55.24,139/907,72/422,605/907,264/422,381/907,168/422
4933,友輝,2026/06,2026/05/04,2024,N,光電業,科技與通訊,硬體,C,47.6,-,1747/2559,610/907,282/422,90/141,91.1,46.73,46.32,49.44,555/907,276/422,607/907,266/422,580/907,252/422
4934,太極,2026/06,2026/05/04,2024,N,光電業,可再生資源與替代能源,太陽能科技與項目開發商,B-,48.05,↑,1709/2559,32/55,18/29,88/141,100,41.04,49.31,53.21,38/55,21/29,32/55,18/29,30/55,16/29
4935,茂林-KY,2026/06,2026/05/04,2024,Y,光電業,科技與通訊,半導體,B,56.44,-,916/2559,329/907,122/317,39/141,86.36,65.22,38.62,68.71,190/907,63/317,784/907,276/317,54/907,25/317
4938,和碩,2026/06,2026/05/04,2024,Y,電腦及週邊,科技與通訊,電子製造服務與原廠設計製造,A+,73.07,-,55/2559,26/907,3/53,6/125,100,87.71,68.28,68.61,12/907,4/53,127/907,9/53,56/907,2/53
4939,亞電,2026/06,2026/05/04,2024,N,電子零組件,科技與通訊,硬體,B-,52.85,↓,1249/2559,457/907,202/422,125/234,68.56,58.92,51.28,50.58,309/907,160/422,470/907,199/422,553/907,242/422
4942,嘉彰,2026/06,2026/05/04,2024,N,光電業,資源轉化,工業機械與物品,B+,62.05,-,457/2559,65/440,22/137,18/141,99.59,71.2,51.75,62.91,45/440,14/137,234/440,67/137,69/440,19/137
4943,康控-KY,2026/06,2026/05/04,2024,N,電子零組件,科技與通訊,硬體,C-,37.62,-,2448/2559,858/907,400/422,227/234,77.56,38.76,36.67,37.86,712/907,352/422,817/907,377/422,850/907,391/422
4946,辣椒,2026/06,2026/05/04,2024,N,文化創意業,科技與通訊,軟體與資訊科技服務,C-,34.05,-,2539/2559,901/907,99/100,34/34,61.79,36.98,31.75,34.5,730/907,65/100,868/907,96/100,877/907,95/100
4949,有成精密,2026/06,2026/05/04,2024,Y,光電業,可再生資源與替代能源,太陽能科技與項目開發商,B+,61.85,-,470/2559,12/55,8/29,19/141,76.98,56.59,63.77,65.19,22/55,13/29,15/55,6/29,6/55,5/29
4950,金耘國際,2026/06,2026/05/04,2024,N,鋼鐵工業,消費品,裝潢材料與家具,C-,40.61,↓,2300/2559,205/223,25/25,52/57,80.39,43.06,37.88,42.36,158/223,19/25,202/223,21/25,189/223,24/25
4951,精拓科,2026/06,2026/05/04,2024,N,半導體,科技與通訊,半導體,B,57.3,-,836/2559,300/907,114/317,91/235,92.79,46.71,63.74,57.54,557/907,184/317,206/907,84/317,307/907,126/317
4952,凌通,2026/06,2026/05/04,2024,Y,半導體,科技與通訊,半導體,B,57.78,-,799/2559,290/907,110/317,89/235,100,55.2,51.36,65.84,375/907,124/317,468/907,171/317,102/907,42/317
4953,緯軟,2026/06,2026/05/04,2024,Y,資訊服務業,科技與通訊,軟體與資訊科技服務,A,66.16,-,226/2559,101/907,9/100,6/56,100,82.01,56.66,65.66,45/907,2/100,336/907,44/100,105/907,14/100
4956,光鋐,2026/06,2026/05/04,2024,N,光電業,科技與通訊,半導體,C,44.51,-,1999/2559,693/907,250/317,100/141,100,30.23,62.91,35.12,891/907,308/317,217/907,87/317,874/907,309/317
4958,臻鼎-KY,2026/06,2026/05/04,2024,Y,電子零組件,科技與通訊,硬體,A+,71.92,↑,78/2559,39/907,14/422,5/234,93.78,74.84,73.83,68.18,81/907,40/422,63/907,23/422,62/907,23/422
4960,誠美材,2026/06,2026/05/04,2024,Y,光電業,科技與通訊,硬體,B+,62.29,-,442/2559,170/907,65/422,17/141,85.94,59.74,57.58,68.62,283/907,146/422,323/907,128/422,55/907,21/422
4961,天鈺,2026/06,2026/05/04,2024,Y,半導體,科技與通訊,半導體,A,69.22,-,141/2559,58/907,23/317,22/235,100,58.01,69.47,76.05,328/907,107/317,113/907,46/317,8/907,3/317
4966,譜瑞-KY,2026/06,2026/05/04,2024,N,半導體,科技與通訊,半導體,B,56.83,-,879/2559,315/907,119/317,96/235,100,60.3,49.94,61.51,276/907,90/317,512/907,184/317,197/907,85/317
4967,十銓,2026/06,2026/05/04,2024,N,半導體,科技與通訊,半導體,B,56.2,-,945/2559,341/907,128/317,102/235,100,63.84,59.46,48.1,217/907,70/317,283/907,104/317,614/907,236/317
4968,立積,2026/06,2026/05/04,2024,Y,半導體,科技與通訊,半導體,B+,64.71,-,303/2559,127/907,52/317,44/235,100,68.5,57.19,69.84,152/907,44/317,329/907,123/317,34/907,17/317
4971,IET-KY,2026/06,2026/05/04,2024,N,半導體,科技與通訊,半導體,B,56.29,-,936/2559,338/907,126/317,99/235,78.16,42.83,55.45,65.64,635/907,220/317,365/907,133/317,106/907,44/317
4972,湯石照明,2026/06,2026/05/04,2024,N,光電業,資源轉化,電氣與電子設備,B+,59.67,↑,633/2559,102/440,41/163,27/141,100,65.21,52.36,61,89/440,38/163,227/440,89/163,91/440,37/163
4973,廣穎,2026/06,2026/05/04,2024,Y,半導體,科技與通訊,半導體,B,53.42,↑,1192/2559,433/907,156/317,123/235,99.08,47.8,45.17,65.22,533/907,174/317,642/907,225/317,113/907,47/317
4974,亞泰,2026/06,2026/05/04,2024,N,電子零組件,科技與通訊,半導體,B-,49.14,-,1606/2559,564/907,205/317,152/234,100,63.33,36.89,52.43,226/907,74/317,811/907,285/317,483/907,189/317
4976,佳凌,2026/06,2026/05/04,2024,N,光電業,科技與通訊,硬體,C,47.57,-,1750/2559,612/907,284/422,91/141,96.53,39.13,40.82,59.66,705/907,347/422,749/907,344/422,248/907,107/422
4977,眾達-KY,2026/06,2026/05/04,2024,N,通信網路業,科技與通訊,硬體,C,42.33,-,2171/2559,745/907,347/422,87/100,100,39.36,40.65,45.88,701/907,344/422,753/907,347/422,677/907,307/422
4979,華星光,2026/06,2026/05/04,2024,N,通信網路業,科技與通訊,半導體,B-,52.44,-,1300/2559,472/907,172/317,59/100,100,48.36,40.44,67.03,524/907,172/317,756/907,262/317,83/907,32/317
4987,科誠,2026/06,2026/05/04,2024,N,電腦及週邊,資源轉化,電氣與電子設備,B,56.96,-,864/2559,160/440,65/163,52/125,77.22,60.83,40.86,66.14,135/440,55/163,367/440,136/163,43/440,21/163
4989,榮科,2026/06,2026/05/04,2024,Y,電子零組件,科技與通訊,硬體,B+,61.28,-,508/2559,187/907,73/422,42/234,86.6,62.4,70.45,51.4,237/907,120/422,91/907,32/422,522/907,224/422
4991,環宇-KY,2026/06,2026/05/04,2024,Y,半導體,科技與通訊,半導體,C,47.17,↓,1782/2559,623/907,226/317,169/235,100,43.98,49.64,46.71,614/907,207/317,524/907,189/317,656/907,250/317
4994,傳奇,2026/06,2026/05/04,2024,N,資訊服務業,科技與通訊,軟體與資訊科技服務,B,54.93,-,1039/2559,376/907,38/100,26/56,100,59.35,54.09,52.99,296/907,18/100,393/907,49/100,464/907,45/100
4995,晶達,2026/06,2026/05/04,2024,Y,光電業,科技與通訊,硬體,B+,61.03,-,528/2559,194/907,79/422,21/141,99.97,56.19,55.89,69.24,363/907,184/422,351/907,143/422,46/907,16/422
4999,鑫禾,2026/06,2026/05/04,2024,N,電子零組件,科技與通訊,硬體,C,42.5,-,2156/2559,740/907,345/422,199/234,93.58,35.86,50.85,38.35,753/907,371/422,482/907,205/422,846/907,388/422
5007,三星,2026/06,2026/05/04,2024,N,鋼鐵工業,資源轉化,工業機械與物品,B+,64.29,-,318/2559,30/440,10/137,7/57,100,65.28,68.95,60.05,87/440,30/137,40/440,13/137,103/440,32/137
5009,榮剛,2026/06,2026/05/04,2024,Y,鋼鐵工業,提煉與礦產加工,鋼鐵製造商,B+,62.53,-,423/2559,6/36,2/10,12/57,91.66,59.31,76.46,56.35,10/36,3/10,2/36,1/10,14/36,5/10
5011,久陽,2026/06,2026/05/04,2024,Y,鋼鐵工業,資源轉化,工業機械與物品,B+,61.41,-,499/2559,76/440,29/137,15/57,97.21,62.48,74.69,50.64,115/440,39/137,13/440,6/137,265/440,79/137
5013,強新,2026/06,2026/05/04,2024,N,鋼鐵工業,資源轉化,工業機械與物品,B,56,-,963/2559,175/440,50/137,27/57,99.6,43.26,59.8,62.71,322/440,99/137,129/440,37/137,70/440,20/137
5014,建錩,2026/06,2026/05/04,2024,N,鋼鐵工業,資源轉化,工業機械與物品,B-,51.8,-,1366/2559,258/440,80/137,36/57,100,63.05,50.76,44.14,109/440,38/137,245/440,71/137,366/440,109/137
5015,華祺,2026/06,2026/05/04,2024,Y,鋼鐵工業,資源轉化,工業機械與物品,B,53.51,↑,1179/2559,219/440,64/137,31/57,95.89,47.39,50.88,60.07,282/440,89/137,244/440,70/137,102/440,31/137
5016,松和,2026/06,2026/05/04,2024,N,鋼鐵工業,資源轉化,工業機械與物品,B,54.29,-,1101/2559,205/440,60/137,29/57,100,52.56,45.35,62.3,224/440,74/137,325/440,103/137,77/440,21/137
5201,凱衛,2026/06,2026/05/04,2024,N,資訊服務業,科技與通訊,軟體與資訊科技服務,C-,40.4,-,2307/2559,802/907,85/100,48/56,100,31.89,43.06,43.12,887/907,99/100,693/907,78/100,742/907,74/100
5202,力新,2026/06,2026/05/04,2024,N,資訊服務業,科技與通訊,軟體與資訊科技服務,B+,63.12,-,382/2559,154/907,14/100,9/56,85.42,44.04,64.32,73.97,612/907,48/100,196/907,25/100,13/907,2/100
5203,訊連,2026/06,2026/05/04,2024,N,資訊服務業,科技與通訊,軟體與資訊科技服務,A,66.72,-,207/2559,91/907,8/100,5/56,100,63.77,67.56,67.73,218/907,14/100,138/907,14/100,70/907,9/100
5205,中茂,2026/06,2026/05/04,2024,N,綠能環保,公共建設,廢棄物管理,C,42.93,-,2122/2559,148/177,26/30,53/66,82.28,44.62,33.75,48.27,126/177,24/30,163/177,26/30,125/177,23/30
5206,坤悅,2026/06,2026/05/04,2024,N,建材營造,公共建設,房屋營造,B,55.88,-,975/2559,70/177,31/84,40/94,100,37.62,64.45,61.36,166/177,77/84,41/177,18/84,38/177,20/84
5209,新鼎,2026/06,2026/05/04,2024,Y,其他,公共建設,工程與建造服務,A+,75.03,-,25/2559,3/177,2/32,3/211,100,88.98,71.58,68.67,1/177,1/32,14/177,7/32,7/177,2/32
5210,寶碩,2026/06,2026/05/04,2024,N,資訊服務業,科技與通訊,軟體與資訊科技服務,C,43.67,-,2072/2559,711/907,71/100,41/56,78,39.11,50.79,39.43,707/907,61/100,487/907,60/100,818/907,89/100
5211,蒙恬,2026/06,2026/05/04,2024,N,資訊服務業,科技與通訊,硬體,C,42.95,-,2121/2559,728/907,339/422,43/56,100,36.09,55.11,35.13,749/907,369/422,368/907,149/422,873/907,404/422
5212,凌網,2026/06,2026/05/04,2024,N,資訊服務業,科技與通訊,軟體與資訊科技服務,B,56.68,-,886/2559,318/907,32/100,24/56,87.21,40.37,66.84,56.83,672/907,57/100,150/907,16/100,325/907,27/100
5213,亞昕,2026/06,2026/05/04,2024,N,建材營造,公共建設,房屋營造,B+,59.2,↑,671/2559,47/177,16/84,26/94,93.05,54.11,68,56.25,81/177,37/84,24/177,7/84,71/177,37/84
5215,科嘉-KY,2026/06,2026/05/04,2024,N,電腦及週邊,科技與通訊,硬體,C-,41.03,-,2270/2559,787/907,364/422,117/125,100,50.19,40.19,36.07,481/907,239/422,757/907,349/422,864/907,398/422
5220,萬達光電,2026/06,2026/05/04,2024,N,光電業,資源轉化,電氣與電子設備,C,44.34,-,2015/2559,367/440,143/163,102/141,100,42.3,44.39,45.83,336/440,133/163,333/440,125/163,343/440,132/163
5222,全訊,2026/06,2026/05/04,2024,N,半導體,科技與通訊,硬體,C,43.24,-,2106/2559,723/907,336/422,193/235,100,28.1,70.05,25.98,902/907,421/422,99/907,36/422,904/907,420/422
5223,安力-KY,2026/06,2026/05/04,2024,N,電腦及週邊,資源轉化,工業機械與物品,B,54.97,↑,1035/2559,191/440,55/137,64/125,100,60.27,52.56,52.82,140/440,51/137,225/440,64/137,224/440,64/137
5225,東科-KY,2026/06,2026/05/04,2024,Y,其他電子業,科技與通訊,硬體,B,57.12,-,852/2559,303/907,131/422,42/114,90.62,66.27,47.32,61.13,176/907,89/422,576/907,249/422,205/907,89/422
5227,立凱-KY,2026/06,2026/05/04,2024,Y,電子零組件,可再生資源與替代能源,燃料電池與工業電池,B,56.37,-,923/2559,22/55,2/11,87/234,55.52,43.69,63.58,63.5,35/55,6/11,16/55,2/11,8/55,2/11
5228,鈺鎧,2026/06,2026/05/04,2024,N,電子零組件,資源轉化,電氣與電子設備,C,47.18,-,1781/2559,327/440,130/163,171/234,100,43.38,51.94,46.45,319/440,129/163,231/440,91/163,335/440,127/163
5230,雷笛克光學,2026/06,2026/05/04,2024,N,光電業,科技與通訊,半導體,C-,35.61,-,2510/2559,886/907,310/317,137/141,100,29.92,36.08,38.74,892/907,309/317,825/907,290/317,829/907,301/317
5234,達興材料,2026/06,2026/05/04,2024,Y,光電業,科技與通訊,硬體,A,68.14,-,167/2559,69/907,26/422,9/141,100,59.6,65.18,76.5,287/907,149/422,178/907,63/422,6/907,4/422
5236,凌陽創新,2026/06,2026/05/04,2024,Y,半導體,科技與通訊,半導體,B,56.9,-,872/2559,312/907,118/317,95/235,100,49.24,52.16,66.48,508/907,164/317,448/907,162/317,89/907,36/317
5243,乙盛-KY,2026/06,2026/05/04,2024,Y,光電業,科技與通訊,硬體,B-,48.87,-,1628/2559,575/907,263/422,78/141,100,60.64,47.47,42.85,271/907,140/422,571/907,244/422,750/907,339/422
5244,弘凱,2026/06,2026/05/04,2024,N,光電業,科技與通訊,半導體,B-,48.41,↑,1671/2559,589/907,211/317,83/141,75.25,38.36,46.34,56.82,717/907,243/317,604/907,216/317,328/907,132/317
5245,智晶,2026/06,2026/05/04,2024,N,光電業,資源轉化,電氣與電子設備,B+,59.89,-,615/2559,98/440,38/163,26/141,92.83,48.56,60.04,68.28,272/440,108/163,127/440,54/163,27/440,15/163
5251,天鉞電,2026/06,2026/05/04,2024,N,光電業,科技與通訊,硬體,C-,32.08,-,2552/2559,906/907,422/422,141/141,100,36.9,31.17,29.95,732/907,362/422,872/907,406/422,896/907,414/422
5258,虹堡,2026/06,2026/05/04,2024,Y,電腦及週邊,科技與通訊,硬體,B+,59.56,↑,639/2559,233/907,98/422,41/125,93.28,63.85,62.88,53.54,216/907,110/422,218/907,79/422,441/907,194/422
5263,智崴,2026/06,2026/05/04,2024,Y,文化創意業,科技與通訊,硬體,B+,59.57,-,637/2559,231/907,97/422,8/34,100,38.23,72.72,59.91,719/907,354/422,75/907,28/422,237/907,101/422
5269,祥碩,2026/06,2026/05/04,2024,N,半導體,科技與通訊,半導體,B+,59.45,-,651/2559,238/907,92/317,74/235,100,79.41,53.69,52.6,58/907,17/317,407/907,146/317,473/907,186/317
5272,笙科,2026/06,2026/05/04,2024,N,半導體,科技與通訊,半導體,B-,48.82,-,1635/2559,576/907,209/317,159/235,64.27,46.19,46.11,53.18,565/907,187/317,615/907,220/317,458/907,182/317
5274,信驊,2026/06,2026/05/04,2024,N,半導體,科技與通訊,半導體,A+,72.8,↑,59/2559,29/907,10/317,10/235,100,85.05,65.91,71.96,23/907,7/317,165/907,67/317,22/907,9/317
5276,達輝-KY,2026/06,2026/05/04,2024,N,其他,運輸,汽車零件,C,45.78,-,1898/2559,90/127,59/82,131/211,69.55,47.39,39.49,49.14,78/127,51/82,102/127,67/82,79/127,52/82
5278,尚凡*,2026/06,2026/05/04,2024,N,數位雲端,科技與通訊,互聯網媒體與服務,B+,60.63,-,563/2559,208/907,2/8,10/47,94.97,53.85,64.51,61.03,408/907,1/8,190/907,3/8,209/907,2/8
5283,禾聯碩,2026/06,2026/05/04,2024,N,電器電纜,消費品,電器製造,B+,60.24,-,592/2559,50/223,10/27,4/20,100,47.54,71.46,54.34,136/223,18/27,13/223,4/27,103/223,14/27
5284,jpp-KY,2026/06,2026/05/04,2024,N,其他,科技與通訊,硬體,B-,52.97,-,1234/2559,452/907,199/422,71/211,100,52.78,58.96,47.09,431/907,221/422,299/907,117/422,643/907,288/422
5285,界霖,2026/06,2026/05/04,2024,N,半導體,科技與通訊,半導體,B+,63.15,-,381/2559,153/907,62/317,50/235,95.72,67.92,63.75,59.54,164/907,50/317,205/907,83/317,252/907,108/317
5287,數字,2026/06,2026/05/04,2024,N,數位雲端,科技與通訊,互聯網媒體與服務,B+,60.34,↑,584/2559,214/907,3/8,11/47,80.73,44.52,69.78,60.89,602/907,5/8,108/907,2/8,214/907,3/8
5288,豐祥-KY,2026/06,2026/05/04,2024,Y,電機機械,運輸,汽車零件,A,65.5,-,264/2559,19/127,12/82,8/123,97.96,54.36,68.7,72.26,63/127,38/82,23/127,13/82,5/127,5/82
5289,宜鼎,2026/06,2026/05/04,2024,Y,電腦及週邊,科技與通訊,半導體,A+,72.68,-,63/2559,30/907,11/317,7/125,100,71.06,81.5,64.89,123/907,31/317,12/907,7/317,117/907,51/317
5291,邑昇,2026/06,2026/05/04,2024,N,電子零組件,科技與通訊,硬體,C,47.34,-,1770/2559,619/907,287/422,169/234,92.21,36.66,43.89,57.53,735/907,364/422,665/907,299/422,308/907,136/422
5292,華懋,2026/06,2026/05/04,2024,N,綠能環保,資源轉化,電氣與電子設備,B,54.28,-,1102/2559,206/440,85/163,26/66,96.84,61.01,40.33,59.7,134/440,54/163,374/440,141/163,108/440,41/163
5299,杰力,2026/06,2026/05/04,2024,N,半導體,科技與通訊,半導體,B+,59.64,↑,634/2559,229/907,88/317,71/235,91.95,68.07,43.1,70.85,162/907,48/317,691/907,238/317,28/907,15/317
5301,寶得利,2026/06,2026/05/04,2024,N,觀光餐旅,消費品,多線和專業零售商與配銷商,C-,37.45,↓,2451/2559,215/223,50/53,63/67,0,52.44,53.99,36.35,103/223,26/53,104/223,23/53,212/223,52/53
5302,太欣,2026/06,2026/05/04,2024,N,半導體,科技與通訊,半導體,C,44.53,-,1995/2559,691/907,249/317,188/235,50.01,39.15,42.27,50.2,704/907,240/317,709/907,244/317,560/907,218/317
5306,桂盟,2026/06,2026/05/04,2024,N,運動休閒,消費品,玩具及體育商品,B,58.68,↓,712/2559,63/223,10/26,11/32,100,56.15,49.22,70.1,88/223,11/26,132/223,20/26,6/223,2/26
5309,系統電,2026/06,2026/05/04,2024,Y,電子零組件,運輸,汽車零件,A+,73.58,-,50/2559,5/127,4/82,3/234,100,69.72,82.85,69.87,27/127,15/82,2/127,1/82,9/127,8/82
5310,天剛,2026/06,2026/05/04,2024,N,資訊服務業,科技與通訊,軟體與資訊科技服務,C-,24.06,-,2559/2559,907/907,100/100,56/56,0,23.48,30.58,33.74,906/907,100/100,877/907,97/100,884/907,96/100
5312,寶島科,2026/06,2026/05/04,2024,N,生技醫療,醫療保健,藥品零售商,B+,59.14,↑,673/2559,74/263,3/8,72/267,52.13,48.57,61.63,67.2,130/263,5/8,62/263,2/8,27/263,1/8
5314,世紀*,2026/06,2026/05/04,2024,Y,其他,科技與通訊,半導體,C,44.87,-,1967/2559,681/907,246/317,140/211,80.96,49.4,35.03,51.84,504/907,163/317,836/907,294/317,505/907,198/317
5315,光聯,2026/06,2026/05/04,2024,N,光電業,科技與通訊,硬體,B-,51.4,-,1400/2559,499/907,223/422,65/141,99.6,50.68,46.32,56.92,468/907,231/422,606/907,265/422,324/907,146/422
5321,美而快,2026/06,2026/05/04,2024,N,數位雲端,消費品,電子商務,B+,61.47,-,496/2559,36/223,2/8,8/47,73.71,61.89,67.2,55.1,52/223,2/8,31/223,2/8,95/223,4/8
5324,士開,2026/06,2026/05/04,2024,Y,建材營造,公共建設,房屋營造,B-,52.52,-,1289/2559,98/177,51/84,60/94,77.45,60.87,38.58,57.01,46/177,20/84,145/177,72/84,68/177,34/84
5328,華容,2026/06,2026/05/04,2024,Y,電子零組件,資源轉化,電氣與電子設備,B-,49.11,↑,1610/2559,294/440,116/163,153/234,72.75,45.38,58.32,44.99,299/440,118/163,144/440,59/163,355/440,140/163
5340,建榮,2026/06,2026/05/04,2024,N,電子零組件,科技與通訊,硬體,B-,50,-,1542/2559,544/907,245/422,146/234,100,43.22,42.17,62.11,628/907,308/422,715/907,326/422,180/907,73/422
5344,立衛,2026/06,2026/05/04,2024,Y,半導體,科技與通訊,半導體,C,45.11,-,1950/2559,677/907,244/317,185/235,100,47.63,46.05,42.59,536/907,176/317,618/907,222/317,758/907,286/317
5345,馥鴻,2026/06,2026/05/04,2024,N,其他,科技與通訊,硬體,C,42.53,-,2153/2559,738/907,344/422,168/211,65.01,43.18,35.6,49.03,629/907,309/422,830/907,385/422,592/907,261/422
5347,世界,2026/06,2026/05/04,2024,Y,半導體,科技與通訊,半導體,A+,78.74,-,5/2559,4/907,2/317,2/235,88.68,85.21,83.88,69.51,22/907,6/317,7/907,4/317,41/907,20/317
5348,正能量智能,2026/06,2026/05/04,2024,N,運動休閒,消費品,玩具及體育商品,B,54.72,↑,1059/2559,97/223,13/26,14/32,79.47,50.65,63.26,47.52,117/223,14/26,47/223,8/26,162/223,19/26
5351,鈺創,2026/06,2026/05/04,2024,Y,半導體,科技與通訊,半導體,A,66.46,-,216/2559,95/907,40/317,37/235,100,36.14,75.22,76.84,747/907,254/317,53/907,25/317,5/907,1/317
5353,台林,2026/06,2026/05/04,2024,N,通信網路業,科技與通訊,電子製造服務與原廠設計製造,B+,60.88,-,543/2559,201/907,19/53,30/100,100,62.37,66.76,54.06,241/907,21/53,152/907,12/53,421/907,23/53
5355,佳總,2026/06,2026/05/04,2024,N,電子零組件,科技與通訊,硬體,C,42.09,↑,2192/2559,756/907,352/422,203/234,65.82,43.99,36.06,46.93,613/907,304/422,826/907,382/422,647/907,291/422
5356,協益,2026/06,2026/05/04,2024,N,電腦及週邊,科技與通訊,硬體,B-,51.31,-,1407/2559,502/907,224/422,85/125,100,60.97,56.04,40.48,262/907,134/422,348/907,140/422,798/907,358/422
5364,力麗店,2026/06,2026/05/04,2024,N,觀光餐旅,服務,旅館與住宿,B,53.5,-,1180/2559,56/145,7/15,20/67,75.48,43.2,54.65,59.23,133/145,7/15,53/145,7/15,33/145,9/15
5371,中光電,2026/06,2026/05/04,2024,Y,光電業,科技與通訊,硬體,A+,73.73,-,47/2559,23/907,12/422,5/141,93.07,73.48,69.46,78.14,95/907,45/422,114/907,44/422,3/907,3/422
5381,合正,2026/06,2026/05/04,2024,N,電子零組件,科技與通訊,硬體,C,41.57,-,2236/2559,770/907,358/422,206/234,100,47,44.4,35.32,549/907,273/422,654/907,290/422,872/907,403/422
5386,青雲,2026/06,2026/05/04,2024,N,電腦及週邊,科技與通訊,半導體,B-,49.17,↑,1603/2559,561/907,204/317,95/125,94.74,49.02,46.52,51.92,512/907,167/317,602/907,214/317,504/907,197/317
5388,中磊,2026/06,2026/05/04,2024,Y,通信網路業,科技與通訊,硬體,A,69.75,-,127/2559,55/907,20/422,10/100,87.94,84.2,66.08,64.3,26/907,13/422,162/907,60/422,127/907,50/422
5392,能率,2026/06,2026/05/04,2024,N,光電業,科技與通訊,硬體,B-,49.84,-,1555/2559,553/907,249/422,72/141,100,54.02,55.55,41.49,404/907,207/422,361/907,148/422,783/907,352/422
5398,慕康生醫,2026/06,2026/05/04,2024,N,其他,醫療保健,生物科技與製藥,B,57.43,-,828/2559,83/263,41/143,44/211,100,72.74,62.8,38.1,31/263,14/143,52/263,23/143,250/263,139/143
5403,中菲,2026/06,2026/05/04,2024,Y,資訊服務業,科技與通訊,軟體與資訊科技服務,B,58.41,-,737/2559,265/907,24/100,18/56,84.7,49.75,59.37,62.91,495/907,39/100,284/907,36/100,155/907,17/100
5410,國眾,2026/06,2026/05/04,2024,N,資訊服務業,消費品,多線和專業零售商與配銷商,B+,60.6,-,565/2559,46/223,9/53,15/56,100,61.29,67.24,53.13,56/223,14/53,30/223,7/53,113/223,21/53
5425,台半,2026/06,2026/05/04,2024,Y,半導體,科技與通訊,半導體,B+,61.53,-,491/2559,182/907,77/317,62/235,94.46,60.42,69.42,54.35,275/907,89/317,115/907,47/317,407/907,161/317
5426,振發,2026/06,2026/05/04,2024,N,電腦及週邊,資源轉化,工業機械與物品,B-,53.09,-,1220/2559,227/440,70/137,77/125,100,42.54,66.89,50.64,332/440,104/137,49/440,16/137,264/440,78/137
5432,新門,2026/06,2026/05/04,2024,Y,綠能環保,科技與通訊,硬體,C,41.95,-,2210/2559,760/907,354/422,56/66,89.6,48.15,30.16,49.82,527/907,263/422,880/907,411/422,566/907,247/422
5434,崇越,2026/06,2026/05/04,2024,Y,電子通路業,科技與通訊,半導體,A,67.13,-,194/2559,84/907,35/317,3/39,88.17,79.47,58.75,67.72,57/907,16/317,305/907,113/317,71/907,31/317
5438,東友,2026/06,2026/05/04,2024,N,電腦及週邊,科技與通訊,硬體,B-,51.82,-,1362/2559,488/907,218/422,83/125,100,36.93,60.19,52.85,731/907,361/422,264/907,104/422,468/907,203/422
5439,高技,2026/06,2026/05/04,2024,N,電子零組件,科技與通訊,硬體,B,53.8,-,1145/2559,416/907,183/422,114/234,98.36,50.39,60.88,48.88,473/907,236/422,252/907,98/422,595/907,264/422
5443,均豪,2026/06,2026/05/04,2024,Y,半導體,資源轉化,電氣與電子設備,B+,59.08,-,679/2559,112/440,44/163,77/235,85.63,58.22,53.62,63.83,165/440,69/163,208/440,80/163,58/440,29/163
5450,南良,2026/06,2026/05/04,2024,N,其他,資源轉化,化學,B,58.58,↓,724/2559,124/440,32/113,35/211,100,54.68,60.39,60.13,205/440,45/113,119/440,28/113,101/440,27/113
5452,佶優,2026/06,2026/05/04,2024,N,其他電子業,資源轉化,化學,B-,48.03,↑,1713/2559,314/440,76/113,79/114,100,48.62,54.66,42.63,271/440,67/113,192/440,52/113,382/440,95/113
5455,昇益,2026/06,2026/05/04,2024,N,建材營造,公共建設,房屋營造,B,57.04,-,857/2559,58/177,24/84,33/94,100,56.23,46.86,64.66,71/177,31/84,118/177,59/84,18/177,10/84
5457,宣德,2026/06,2026/05/04,2024,N,電子零組件,資源轉化,電氣與電子設備,B+,60.45,-,574/2559,91/440,35/163,51/234,96.33,67.18,62.81,53.62,72/440,30/163,94/440,39/163,213/440,81/163
5460,同協,2026/06,2026/05/04,2024,N,電子零組件,資源轉化,工業機械與物品,B-,49.92,↑,1550/2559,283/440,87/137,148/234,100,38.55,46.43,61.08,368/440,116/137,312/440,97/137,88/440,27/137
5464,霖宏,2026/06,2026/05/04,2024,N,電子零組件,科技與通訊,硬體,B-,48.44,-,1666/2559,586/907,272/422,159/234,100,38.04,53.74,49.72,721/907,355/422,404/907,169/422,570/907,249/422
5465,富驊,2026/06,2026/05/04,2024,Y,電腦及週邊,科技與通訊,硬體,B,55.55,-,995/2559,364/907,161/422,62/125,87.76,59.64,52.08,56.45,285/907,148/422,451/907,191/422,341/907,152/422
5468,凱鈺,2026/06,2026/05/04,2024,N,半導體,科技與通訊,半導體,C,46.66,-,1830/2559,646/907,235/317,177/235,100,47.75,45.41,47.22,535/907,175/317,631/907,224/317,640/907,245/317
5469,瀚宇博,2026/06,2026/05/04,2024,N,電子零組件,科技與通訊,硬體,C,46.9,-,1804/2559,633/907,290/422,174/234,100,59.71,47.13,38.58,284/907,147/422,584/907,255/422,837/907,382/422
5471,松翰,2026/06,2026/05/04,2024,N,半導體,科技與通訊,半導體,B,55.84,-,979/2559,356/907,130/317,104/235,100,50.19,51.54,63.69,482/907,158/317,467/907,170/317,137/907,61/317
5474,聰泰,2026/06,2026/05/04,2024,N,電腦及週邊,科技與通訊,半導體,B+,62.08,-,454/2559,174/907,72/317,30/125,100,56.57,66.68,60.96,359/907,120/317,153/907,63/317,211/907,88/317
5475,德宏,2026/06,2026/05/04,2024,N,電子零組件,科技與通訊,硬體,C,46.58,-,1837/2559,649/907,297/422,177/234,53.23,42.19,46.09,49.84,646/907,315/422,616/907,269/422,565/907,246/422
5478,智冠,2026/06,2026/05/04,2024,Y,文化創意業,科技與通訊,軟體與資訊科技服務,B,57.48,-,821/2559,296/907,29/100,12/34,99.43,53.16,61.95,55.75,420/907,27/100,233/907,29/100,364/907,32/100
5481,新華,2026/06,2026/05/04,2024,N,其他,服務,教育,B,54.06,↑,1121/2559,52/145,5/6,61/211,18.21,63.18,62.78,63.31,26/145,2/6,31/145,4/6,19/145,2/6
5483,中美晶,2026/06,2026/05/04,2024,Y,半導體,科技與通訊,半導體,A,67.38,↑,185/2559,78/907,33/317,32/235,93.86,73.06,67.49,63.7,100/907,30/317,140/907,58/317,136/907,60/317
5484,慧友,2026/06,2026/05/04,2024,N,光電業,資源轉化,電氣與電子設備,B,57,-,860/2559,158/440,64/163,35/141,100,61.14,53.46,56.56,132/440,53/163,212/440,82/163,159/440,62/163
5487,通泰,2026/06,2026/05/04,2024,N,半導體,科技與通訊,半導體,C,45.96,-,1881/2559,662/907,240/317,182/235,98.54,42.06,60.57,33.81,648/907,226/317,259/907,97/317,883/907,312/317
5488,松普,2026/06,2026/05/04,2024,N,電子零組件,資源轉化,電氣與電子設備,C,44.94,-,1962/2559,359/440,140/163,187/234,100,51.06,41.01,43.31,241/440,97/163,364/440,134/163,377/440,147/163
5489,彩富,2026/06,2026/05/04,2024,Y,其他電子業,資源轉化,電氣與電子設備,B,55.34,↑,1010/2559,186/440,79/163,47/114,100,45.46,58.49,60.39,298/440,117/163,140/440,57/163,96/440,38/163
5490,同亨,2026/06,2026/05/04,2024,N,電腦及週邊,科技與通訊,硬體,B,56.16,-,949/2559,343/907,149/422,56/125,100,54.56,58.94,54.4,389/907,198/422,300/907,118/422,404/907,180/422
5493,三聯,2026/06,2026/05/04,2024,N,其他電子業,科技與通訊,半導體,B,57.46,-,825/2559,298/907,112/317,41/114,100,49.17,61.28,58.88,510/907,166/317,244/907,94/317,273/907,114/317
5498,凱崴,2026/06,2026/05/04,2024,N,電子零組件,資源轉化,工業機械與物品,C-,39,-,2396/2559,414/440,127/137,223/234,100,48.35,38.97,32.01,274/440,84/137,386/440,123/137,435/440,134/137
5508,永信建,2026/06,2026/05/04,2024,N,建材營造,公共建設,房屋營造,B+,62.72,-,412/2559,26/177,7/84,13/94,100,70.36,58.89,60.59,19/177,9/84,64/177,29/84,44/177,24/84
5511,德昌,2026/06,2026/05/04,2024,Y,建材營造,公共建設,工程與建造服務,A,70.88,-,102/2559,4/177,3/32,1/94,95,83.09,76.95,58.97,3/177,3/32,8/177,3/32,54/177,10/32
5512,力麒,2026/06,2026/05/04,2024,N,建材營造,公共建設,房屋營造,B-,48.04,-,1712/2559,119/177,62/84,70/94,100,68.33,45.89,36.79,23/177,11/84,125/177,63/84,166/177,79/84
5514,三豐,2026/06,2026/05/04,2024,N,建材營造,公共建設,房屋營造,B,53.21,-,1210/2559,92/177,47/84,56/94,100,38.92,53.12,62.25,163/177,75/84,87/177,40/84,30/177,17/84
5515,建國,2026/06,2026/05/04,2024,Y,建材營造,公共建設,工程與建造服務,B+,63.99,↓,337/2559,18/177,8/32,7/94,100,63.1,70.03,60.34,37/177,12/32,20/177,9/32,46/177,8/32
5516,雙喜,2026/06,2026/05/04,2024,N,建材營造,公共建設,工程與建造服務,C,45.45,-,1924/2559,136/177,26/32,80/94,100,43.94,44.88,46.8,129/177,25/32,127/177,26/32,131/177,23/32
5519,隆大,2026/06,2026/05/04,2024,N,建材營造,公共建設,房屋營造,B+,59.67,-,631/2559,43/177,15/84,24/94,100,45.31,70.19,61.36,122/177,57/84,18/177,4/84,39/177,21/84
5520,力泰,2026/06,2026/05/04,2024,N,建材營造,提煉與礦產加工,建築材料,B-,48.23,↑,1692/2559,25/36,11/17,69/94,100,55.29,41.78,45.07,14/36,8/17,25/36,12/17,29/36,13/17
5521,工信,2026/06,2026/05/04,2024,N,建材營造,公共建設,工程與建造服務,B+,59.51,-,642/2559,44/177,16/32,25/94,100,39.12,73.8,62.34,159/177,31/32,12/177,5/32,28/177,4/32
5522,遠雄,2026/06,2026/05/04,2024,Y,建材營造,公共建設,房屋營造,B,58.75,-,708/2559,51/177,19/84,29/94,87.77,59.33,70.56,50.15,58/177,24/84,16/177,3/84,110/177,55/84
5523,豐謙,2026/06,2026/05/04,2024,N,建材營造,公共建設,房屋營造,B,56.78,-,883/2559,60/177,26/84,35/94,91.22,46.97,54.05,64.83,116/177,51/84,82/177,38/84,17/177,9/84
5525,順天,2026/06,2026/05/04,2024,N,建材營造,公共建設,房屋營造,B-,50.75,-,1462/2559,106/177,54/84,63/94,89.59,60.17,57.38,40.21,50/177,21/84,71/177,33/84,159/177,77/84
5529,鉅陞,2026/06,2026/05/04,2024,Y,建材營造,公共建設,房屋營造,C,46.11,-,1873/2559,131/177,69/84,78/94,75.49,45.81,47.77,45.14,120/177,55/84,114/177,57/84,140/177,71/84
5530,龍巖,2026/06,2026/05/04,2024,Y,其他,公共建設,房屋營造,B,57.69,-,806/2559,54/177,22/84,41/211,70.63,44.13,51.07,70.82,128/177,60/84,95/177,44/84,5/177,1/84
5531,鄉林,2026/06,2026/05/04,2024,N,建材營造,公共建設,房屋營造,B,53.48,-,1183/2559,89/177,44/84,53/94,100,39.9,59.17,58.04,156/177,70/84,63/177,28/84,60/177,31/84
5533,皇鼎,2026/06,2026/05/04,2024,N,建材營造,公共建設,房屋營造,B,54.5,-,1082/2559,83/177,41/84,50/94,100,47.14,63.23,53.04,114/177,49/84,48/177,21/84,86/177,44/84
5534,長虹,2026/06,2026/05/04,2024,N,建材營造,公共建設,房屋營造,B+,62.14,-,450/2559,30/177,9/84,17/94,100,58.67,80.2,51.72,59/177,25/84,3/177,2/84,98/177,49/84
5536,聖暉*,2026/06,2026/05/04,2024,Y,其他電子業,科技與通訊,半導體,A,65.64,-,256/2559,109/907,42/317,13/114,99.98,78.18,57.83,65.52,63/907,21/317,321/907,120/317,107/907,45/317
5538,東明-KY,2026/06,2026/05/04,2024,Y,鋼鐵工業,資源轉化,工業機械與物品,B,53.76,-,1149/2559,213/440,62/137,30/57,100,40.91,61.43,57.65,344/440,110/137,109/440,30/137,135/440,40/137
5543,桓鼎-KY,2026/06,2026/05/04,2024,N,建材營造,可再生資源與替代能源,燃料電池與工業電池,B-,52.06,-,1335/2559,26/55,3/11,62/94,68.59,46.92,52.79,55.95,30/55,3/11,27/55,3/11,22/55,5/11
5546,永固-KY,2026/06,2026/05/04,2024,N,建材營造,提煉與礦產加工,建築材料,C-,34.49,-,2534/2559,34/36,15/17,94/94,87.12,29.6,31.01,42.2,36/36,17/17,34/36,15/17,32/36,15/17
5547,久舜,2026/06,2026/05/04,2024,N,建材營造,公共建設,工程與建造服務,B-,49.57,-,1568/2559,114/177,22/32,67/94,92.08,45,49.53,52.48,124/177,24/32,104/177,23/32,90/177,19/32
5548,安倉,2026/06,2026/05/04,2024,N,建材營造,公共建設,工程與建造服務,C,47.66,-,1744/2559,122/177,23/32,72/94,82.18,47.48,41.4,52.13,112/177,23/32,137/177,28/32,94/177,20/32
5601,台聯櫃,2026/06,2026/05/04,2024,N,航運業,公共建設,房屋營造,C,43.97,-,2046/2559,144/177,74/84,32/37,78.26,45.64,41.26,44.8,121/177,56/84,138/177,69/84,144/177,72/84
5603,陸海,2026/06,2026/05/04,2024,Y,航運業,運輸,公路運輸,C-,39.57,-,2360/2559,112/127,6/6,34/37,77.5,27.35,41.18,48.41,125/127,6/6,98/127,6/6,83/127,5/6
5604,中連,2026/06,2026/05/04,2024,N,其他,公共建設,不動產服務,C,45.38,-,1929/2559,137/177,8/8,136/211,100,37.57,42.33,52.42,167/177,8/8,133/177,6/8,91/177,6/8
5607,遠雄港,2026/06,2026/05/04,2024,N,航運業,公共建設,房屋營造,B-,50.45,-,1500/2559,109/177,56/84,27/37,100,39.84,66.01,46.25,157/177,71/84,33/177,13/84,133/177,68/84
5608,四維航,2026/06,2026/05/04,2024,Y,航運業,運輸,海洋運輸,B,53.75,-,1151/2559,57/127,8/13,21/37,80.63,37.56,61.46,61.3,99/127,11/13,40/127,5/13,31/127,2/13
5609,中菲行,2026/06,2026/05/04,2024,Y,航運業,運輸,空運與物流,B+,62.1,-,453/2559,29/127,2/8,11/37,85.28,69.68,54.42,61.59,28/127,2/8,58/127,4/8,29/127,2/8
5701,劍湖山,2026/06,2026/05/04,2024,Y,觀光餐旅,服務,休閒設施,B-,51.61,-,1382/2559,75/145,6/10,29/67,58.55,46.61,54.59,50.53,127/145,6/10,54/145,5/10,87/145,6/10
5703,亞都,2026/06,2026/05/04,2024,Y,觀光餐旅,服務,旅館與住宿,B+,62.46,-,431/2559,20/145,2/15,6/67,99.97,63.26,50.83,80.49,25/145,4/15,75/145,10/15,1/145,1/15
5704,老爺知,2026/06,2026/05/04,2024,N,觀光餐旅,服務,旅館與住宿,B-,50.12,-,1531/2559,94/145,13/15,34/67,70.97,40.38,46.37,63.26,136/145,9/15,104/145,13/15,20/145,8/15
5706,鳳凰,2026/06,2026/05/04,2024,N,觀光餐旅,服務,專業與商業服務,B+,62.5,↑,425/2559,18/145,8/24,5/67,100,56.43,65.05,62.89,33/145,14/24,26/145,10/24,21/145,8/24
5864,致和證,2026/06,2026/05/04,2024,Y,金融業,金融,投資銀行與經紀商,C-,39.09,-,2389/2559,89/99,24/28,87/93,71.64,36.18,36.99,41.77,70/99,12/28,84/99,24/28,84/99,20/28
5871,中租-KY,2026/06,2026/05/04,2024,Y,其他,金融,抵押融資,B+,59.21,↑,669/2559,25/99,1/6,31/211,82.2,77.01,55.11,58.32,12/99,1/6,39/99,1/6,32/99,1/6
5876,上海商銀,2026/06,2026/05/04,2024,Y,金融業,金融,商業銀行,A+,71.07,↑,94/2559,7/99,5/37,7/93,68.72,76.43,74.22,68.06,13/99,9/37,14/99,9/37,5/99,4/37
5878,台名,2026/06,2026/05/04,2024,Y,金融業,金融,保險,B,54.27,↑,1104/2559,36/99,8/19,34/93,96.41,41.32,54.87,57.1,61/99,17/19,40/99,8/19,41/99,10/19
5880,合庫金,2026/06,2026/05/04,2024,Y,金融業,金融,商業銀行,A,65.64,-,254/2559,18/99,12/37,18/93,55.26,84.14,70.69,61.85,5/99,4/37,18/99,11/37,20/99,14/37
5902,德記,2026/06,2026/05/04,2024,Y,居家生活,消費品,多線和專業零售商與配銷商,B+,59.96,-,611/2559,53/223,11/53,10/37,100,64.13,55.68,62.55,44/223,12/53,95/223,21/53,44/223,9/53
5903,全家,2026/06,2026/05/04,2024,Y,居家生活,食品與飲料,食品零售商與配銷商,B+,62.71,-,413/2559,20/87,1/3,5/37,90.61,60.06,53.75,77.12,25/87,3/3,39/87,2/3,1/87,1/3
5904,寶雅,2026/06,2026/05/04,2024,Y,居家生活,消費品,多線和專業零售商與配銷商,B,54.24,-,1105/2559,103/223,25/53,18/37,100,64.57,46.48,57.56,42/223,11/53,149/223,35/53,77/223,16/53
5905,南仁湖,2026/06,2026/05/04,2024,Y,觀光餐旅,服務,休閒設施,B,58.72,↓,711/2559,31/145,3/10,11/67,27.63,80.63,64.02,60.06,3/145,1/10,29/145,3/10,27/145,2/10
5906,台南-KY,2026/06,2026/05/04,2024,N,貿易百貨,消費品,服飾、配件與鞋類,B-,48.04,-,1711/2559,154/223,42/61,13/20,100,49.55,39.29,56.72,126/223,33/61,190/223,49/61,82/223,20/61
5907,大洋-KY,2026/06,2026/05/04,2024,N,貿易百貨,消費品,多線和專業零售商與配銷商,C-,35.94,-,2504/2559,221/223,53/53,20/20,99.75,26.49,38.76,37.51,222/223,52/53,195/223,47/53,208/223,51/53
6005,群益證,2026/06,2026/05/04,2024,Y,金融業,金融,投資銀行與經紀商,A,66.15,↑,229/2559,17/99,3/28,17/93,74.63,68.14,67.81,64.12,20/99,3/28,21/99,3/28,14/99,4/28
6015,宏遠證,2026/06,2026/05/04,2024,Y,金融業,金融,投資銀行與經紀商,C-,38.67,-,2410/2559,92/99,27/28,90/93,70.13,25.67,26.46,53.2,98/99,28/28,99/99,28/28,50/99,10/28
6016,康和證,2026/06,2026/05/04,2024,Y,金融業,金融,投資銀行與經紀商,B-,51.46,↓,1395/2559,50/99,7/28,46/93,31.26,53.93,51.58,61.68,47/99,6/28,45/99,7/28,21/99,5/28
6020,大展證,2026/06,2026/05/04,2024,Y,金融業,金融,投資銀行與經紀商,B,55.41,↑,1003/2559,33/99,5/28,31/93,81.94,53.14,39.38,70.63,48/99,7/28,82/99,23/28,3/99,1/28
6021,美好證,2026/06,2026/05/04,2024,Y,金融業,金融,投資銀行與經紀商,C,42.8,-,2130/2559,78/99,16/28,75/93,70.88,39.24,29.93,55.49,66/99,11/28,96/99,27/28,45/99,8/28
6023,元大期,2026/06,2026/05/04,2024,Y,金融業,金融,投資銀行與經紀商,A+,71.05,↑,96/2559,8/99,2/28,8/93,100,75.36,76.21,65.21,14/99,2/28,12/99,2/28,10/99,3/28
6024,群益期,2026/06,2026/05/04,2024,Y,金融業,金融,投資銀行與經紀商,B-,52.1,-,1333/2559,44/99,6/28,41/93,47.47,45.39,56.97,51.92,58/99,9/28,34/99,6/28,57/99,11/28
6026,福邦證,2026/06,2026/05/04,2024,Y,金融業,金融,投資銀行與經紀商,B-,49.17,-,1602/2559,59/99,9/28,53/93,65.72,35.11,35.23,65.56,90/99,23/28,87/99,25/28,9/99,2/28
6028,公勝保經,2026/06,2026/05/04,2024,Y,金融業,金融,保險,B+,60.98,↑,533/2559,21/99,4/19,21/93,51.45,37.4,74.19,60.24,69/99,18/19,15/99,4/19,24/99,3/19
6101,寬魚國際,2026/06,2026/05/04,2024,N,文化創意業,服務,媒體與娛樂,A,66.62,-,213/2559,8/145,3/84,4/34,100,71.12,76.04,48.26,12/145,4/84,7/145,3/84,100/145,57/84
6103,合邦,2026/06,2026/05/04,2024,N,半導體,科技與通訊,半導體,B,53.7,↑,1154/2559,419/907,150/317,118/235,100,45.3,53.02,59.69,582/907,196/317,420/907,149/317,244/907,104/317
6104,創惟,2026/06,2026/05/04,2024,N,半導體,科技與通訊,半導體,B-,52.94,↓,1239/2559,454/907,165/317,130/235,98.57,39.63,58.18,56.1,698/907,238/317,317/907,118/317,353/907,144/317
6108,競國,2026/06,2026/05/04,2024,N,電子零組件,科技與通訊,硬體,C,43.81,-,2059/2559,704/907,327/422,191/234,80.29,62.78,36.36,39.27,231/907,116/422,821/907,379/422,825/907,374/422
6109,亞元,2026/06,2026/05/04,2024,N,通信網路業,資源轉化,電氣與電子設備,B-,52.16,-,1328/2559,252/440,100/163,60/100,88.87,49.08,53.02,53.83,262/440,103/163,220/440,85/163,207/440,79/163
6111,光聚晶電,2026/06,2026/05/04,2024,N,文化創意業,科技與通訊,軟體與資訊科技服務,C,42,-,2206/2559,759/907,79/100,32/34,99.69,41.94,36.75,47.28,651/907,51/100,815/907,90/100,636/907,61/100
6112,邁達特,2026/06,2026/05/04,2024,Y,資訊服務業,科技與通訊,軟體與資訊科技服務,B,54.82,-,1049/2559,381/907,39/100,27/56,90.82,64.66,58.59,44.84,199/907,10/100,309/907,40/100,706/907,69/100
6113,亞矽,2026/06,2026/05/04,2024,N,電子通路業,科技與通訊,電子製造服務與原廠設計製造,B-,48.11,↑,1701/2559,599/907,40/53,28/39,100,55.44,45.97,45.61,371/907,33/53,621/907,43/53,686/907,39/53
6114,久威,2026/06,2026/05/04,2024,Y,電子零組件,科技與通訊,硬體,B-,50.89,-,1447/2559,509/907,228/422,137/234,100,58.31,50.02,47.06,321/907,166/422,509/907,215/422,644/907,289/422
6115,鎰勝,2026/06,2026/05/04,2024,N,電子零組件,資源轉化,電氣與電子設備,B-,51.03,-,1437/2559,268/440,105/163,135/234,100,47.31,44.48,58.72,283/440,110/163,332/440,124/163,119/440,48/163
6116,彩晶,2026/06,2026/05/04,2024,Y,光電業,科技與通訊,硬體,A,67.97,-,171/2559,72/907,28/422,10/141,89.85,64.46,76.11,62.04,202/907,102/422,42/907,12/422,181/907,74/422
6117,迎廣,2026/06,2026/05/04,2024,N,電腦及週邊,科技與通訊,硬體,B,56.39,-,921/2559,331/907,144/422,55/125,100,71.36,43.88,59.44,118/907,63/422,666/907,300/422,255/907,112/422
6118,建達,2026/06,2026/05/04,2024,N,電子通路業,消費品,多線和專業零售商與配銷商,C,47.69,-,1738/2559,156/223,36/53,30/39,100,59.29,49.13,40.48,68/223,18/53,133/223,31/53,194/223,46/53
6120,達運,2026/06,2026/05/04,2024,Y,光電業,科技與通訊,硬體,B+,62.63,-,419/2559,165/907,64/422,16/141,98.63,73.39,56.11,62.37,96/907,46/422,347/907,139/422,172/907,67/422
6121,新普,2026/06,2026/05/04,2024,Y,電腦及週邊,科技與通訊,硬體,A+,71.53,↑,84/2559,41/907,16/422,9/125,91.66,91.52,67.58,62.86,2/907,2/422,137/907,52/422,156/907,60/422
6122,擎邦,2026/06,2026/05/04,2024,Y,電機機械,公共建設,工程與建造服務,B+,60.88,-,544/2559,37/177,15/32,26/123,100,64.91,64.05,56.13,30/177,11/32,46/177,13/32,73/177,16/32
6123,上奇,2026/06,2026/05/04,2024,N,資訊服務業,消費品,多線和專業零售商與配銷商,B,58.47,-,729/2559,65/223,14/53,17/56,86.93,48.75,58,63.7,129/223,32/53,79/223,17/53,32/223,5/53
6124,業強,2026/06,2026/05/04,2024,N,電子零組件,資源轉化,工業機械與物品,C,47.8,-,1731/2559,318/440,99/137,162/234,98.12,58.04,43.87,43.06,167/440,58/137,338/440,106/137,379/440,115/137
6125,廣運,2026/06,2026/05/04,2024,N,光電業,可再生資源與替代能源,太陽能科技與項目開發商,B-,52.72,-,1265/2559,24/55,13/29,57/141,98.32,46.15,60.6,53.88,31/55,18/29,18/55,8/29,27/55,14/29
6126,信音,2026/06,2026/05/04,2024,Y,電子零組件,資源轉化,電氣與電子設備,A,68.53,-,160/2559,15/440,10/163,14/234,79.11,73.54,60.2,71.03,28/440,12/163,121/440,50/163,13/440,9/163
6127,九豪,2026/06,2026/05/04,2024,N,電子零組件,科技與通訊,硬體,C,43.67,-,2073/2559,712/907,331/422,193/234,74.97,35.03,37.4,55.38,863/907,403/422,804/907,371/422,374/907,165/422
6128,上福,2026/06,2026/05/04,2024,Y,電腦及週邊,科技與通訊,硬體,B+,59.08,↑,680/2559,247/907,106/422,44/125,82.74,62.51,54.86,61.13,235/907,119/422,373/907,153/422,204/907,88/422
6129,普誠,2026/06,2026/05/04,2024,Y,半導體,科技與通訊,半導體,A,68.67,-,154/2559,64/907,27/317,25/235,100,44.83,78.39,74,588/907,200/317,29/907,14/317,12/907,4/317
6130,上亞科技,2026/06,2026/05/04,2024,Y,生技醫療,科技與通訊,半導體,B,56.54,-,902/2559,324/907,120/317,92/267,66.69,50.23,67.5,49.57,477/907,156/317,139/907,57/317,578/907,226/317
6133,金橋,2026/06,2026/05/04,2024,N,電子零組件,資源轉化,電氣與電子設備,B-,50.32,↑,1511/2559,278/440,112/163,143/234,100,34.72,67.54,49.11,392/440,151/163,47/440,20/163,291/440,110/163
6134,萬旭,2026/06,2026/05/04,2024,N,電子零組件,資源轉化,電氣與電子設備,B,54.68,↑,1063/2559,194/440,80/163,104/234,100,68.67,62.93,38,62/440,25/163,92/440,38/163,411/440,155/163
6136,富爾特,2026/06,2026/05/04,2024,N,通信網路業,消費品,多線和專業零售商與配銷商,B,57.27,-,840/2559,78/223,18/53,43/100,99.61,56.45,57.28,57.65,85/223,22/53,85/223,19/53,76/223,15/53
6138,茂達,2026/06,2026/05/04,2024,N,半導體,科技與通訊,半導體,B,57.89,-,789/2559,286/907,108/317,87/235,91.3,64.33,52.08,59.64,207/907,68/317,450/907,163/317,249/907,107/317
6139,亞翔,2026/06,2026/05/04,2024,Y,其他電子業,科技與通訊,半導體,B-,51.7,-,1371/2559,490/907,179/317,60/114,85.35,64.66,53.89,41.34,198/907,66/317,400/907,144/317,789/907,291/317
6140,訊達,2026/06,2026/05/04,2024,N,資訊服務業,科技與通訊,軟體與資訊科技服務,B,58.4,-,738/2559,266/907,25/100,19/56,55.94,58.3,65.22,53.27,322/907,20/100,176/907,20/100,453/907,40/100
6141,柏承,2026/06,2026/05/04,2024,N,電子零組件,科技與通訊,硬體,C,46.19,↑,1864/2559,660/907,303/422,179/234,68.04,37.8,54.26,43.43,724/907,356/422,389/907,163/422,736/907,333/422
6142,友勁,2026/06,2026/05/04,2024,Y,通信網路業,科技與通訊,硬體,B-,48.23,-,1693/2559,595/907,276/422,72/100,98.42,42.11,43.6,56.73,647/907,316/422,678/907,309/422,333/907,149/422
6143,振曜,2026/06,2026/05/04,2024,Y,通信網路業,科技與通訊,硬體,A,66.16,-,227/2559,102/907,39/422,16/100,94.74,76.69,61.52,64.16,70/907,32/422,236/907,88/422,129/907,52/422
6144,得利影,2026/06,2026/05/04,2024,N,文化創意業,服務,媒體與娛樂,B,57.81,-,796/2559,35/145,13/84,11/34,100,71.39,48.84,62.19,11/145,3/84,89/145,42/84,22/145,3/84
6146,耕興,2026/06,2026/05/04,2024,N,其他電子業,服務,專業與商業服務,B+,63.46,↓,366/2559,15/145,7/24,18/114,100,45.98,73.27,60.59,128/145,24/24,10/145,4/24,25/145,9/24
6147,頎邦,2026/06,2026/05/04,2024,Y,半導體,科技與通訊,半導體,B+,64.23,↓,323/2559,135/907,55/317,46/235,83.41,73.94,62.67,59.66,90/907,27/317,223/907,89/317,247/907,106/317
6148,驊宏資,2026/06,2026/05/04,2024,N,資訊服務業,科技與通訊,軟體與資訊科技服務,B,54.58,-,1073/2559,388/907,42/100,30/56,80.21,48.37,55,58.09,523/907,44/100,370/907,46/100,288/907,23/100
6150,撼訊,2026/06,2026/05/04,2024,N,電腦及週邊,科技與通訊,半導體,B,53.63,↑,1165/2559,425/907,154/317,72/125,83.46,53.04,44.3,63.34,427/907,141/317,657/907,231/317,145/907,67/317
6151,晉倫,2026/06,2026/05/04,2024,N,其他電子業,資源轉化,化學,B-,52.27,-,1319/2559,249/440,59/113,59/114,81.34,48.92,50.63,56.01,263/440,65/113,249/440,64/113,167/440,41/113
6152,百一,2026/06,2026/05/04,2024,N,通信網路業,科技與通訊,硬體,B+,59.45,↑,649/2559,237/907,100/422,35/100,100,64.05,64.98,51.02,212/907,108/422,181/907,64/422,536/907,233/422
6153,嘉聯益,2026/06,2026/05/04,2024,Y,電子零組件,科技與通訊,硬體,B-,50.4,-,1505/2559,531/907,237/422,142/234,95,59.14,42.7,52.59,300/907,156/422,700/907,322/422,474/907,206/422
6154,順發,2026/06,2026/05/04,2024,N,電子通路業,消費品,多線和專業零售商與配銷商,B,58.01,-,773/2559,70/223,16/53,11/39,100,45.71,61.48,60.27,149/223,35/53,52/223,12/53,57/223,11/53
6155,鈞寶,2026/06,2026/05/04,2024,N,電子零組件,資源轉化,電氣與電子設備,B,53.97,-,1128/2559,210/440,86/163,110/234,100,44,62.98,54.69,312/440,125/163,91/440,37/163,195/440,74/163
6156,松上,2026/06,2026/05/04,2024,Y,電子零組件,科技與通訊,硬體,B,57.25,-,842/2559,301/907,130/422,76/234,89.7,55.68,49.39,66.1,367/907,186/422,532/907,226/422,97/907,37/422
6158,禾昌,2026/06,2026/05/04,2024,N,電子零組件,資源轉化,電氣與電子設備,B,57.94,↓,781/2559,142/440,58/163,71/234,100,69.77,60.12,47.43,54/440,22/163,123/440,51/163,316/440,119/163
6160,欣技,2026/06,2026/05/04,2024,N,電腦及週邊,科技與通訊,硬體,B,56.12,-,955/2559,346/907,151/422,57/125,100,49.53,56.58,59.81,500/907,249/422,337/907,132/422,240/907,104/422
6161,捷波,2026/06,2026/05/04,2024,Y,電腦及週邊,科技與通訊,半導體,B,54.15,-,1115/2559,401/907,145/317,69/125,94.99,54.2,52.85,55.42,396/907,132/317,427/907,153/317,372/907,151/317
6163,華電網,2026/06,2026/05/04,2024,N,通信網路業,科技與通訊,電訊服務,B,56.49,-,908/2559,326/907,5/7,45/100,100,59.63,62.14,48.87,286/907,5/7,230/907,5/7,596/907,5/7
6164,華興,2026/06,2026/05/04,2024,N,光電業,科技與通訊,半導體,C-,38.27,-,2427/2559,849/907,299/317,133/141,73.46,28.13,42.79,40.16,900/907,313/317,698/907,240/317,806/907,297/317
6165,浪凡,2026/06,2026/05/04,2024,N,數位雲端,服務,媒體與娛樂,A,70.4,-,107/2559,5/145,1/84,2/47,87.39,76.17,81.7,48.09,5/145,1/84,4/145,2/84,104/145,60/84
6166,凌華,2026/06,2026/05/04,2024,Y,電腦及週邊,科技與通訊,硬體,B+,62.7,-,414/2559,164/907,63/422,29/125,88.15,64.2,58.19,66.27,209/907,106/422,316/907,125/422,95/907,36/422
6167,久正,2026/06,2026/05/04,2024,N,光電業,科技與通訊,硬體,B,55.63,-,989/2559,361/907,160/422,44/141,100,50.67,52.81,61.58,469/907,232/422,430/907,183/422,194/907,82/422
6168,宏齊,2026/06,2026/05/04,2024,N,光電業,科技與通訊,半導體,B-,49.46,-,1580/2559,557/907,203/317,73/141,100,42.05,49.77,53.84,649/907,227/317,518/907,187/317,431/907,168/317
6169,昱泉,2026/06,2026/05/04,2024,N,文化創意業,科技與通訊,軟體與資訊科技服務,C,42.98,-,2118/2559,727/907,74/100,31/34,78.85,36.02,48.89,41.46,751/907,67/100,539/907,69/100,784/907,84/100
6170,統振,2026/06,2026/05/04,2024,N,通信網路業,科技與通訊,軟體與資訊科技服務,C,44.18,↑,2024/2559,699/907,69/100,83/100,72.41,54.13,39.68,42.4,401/907,25/100,765/907,85/100,766/907,79/100
6171,大城地產,2026/06,2026/05/04,2024,N,建材營造,公共建設,房屋營造,B,55.43,-,1001/2559,71/177,32/84,41/94,100,55.76,38.26,67.2,73/177,33/84,147/177,74/84,8/177,3/84
6173,信昌電,2026/06,2026/05/04,2024,Y,電子零組件,科技與通訊,半導體,B-,49.94,-,1547/2559,548/907,198/317,147/234,100,42.36,53.01,51.65,643/907,225/317,422/907,150/317,514/907,202/317
6174,安碁,2026/06,2026/05/04,2024,N,電子零組件,科技與通訊,半導體,B-,52.66,-,1279/2559,465/907,170/317,127/234,100,54.62,49.84,54.24,387/907,129/317,515/907,186/317,412/907,164/317
6175,立敦,2026/06,2026/05/04,2024,N,電子零組件,科技與通訊,硬體,C,46.92,-,1802/2559,632/907,289/422,173/234,100,44.23,50.84,44.71,608/907,302/422,483/907,206/422,708/907,320/422
6176,瑞儀,2026/06,2026/05/04,2024,Y,光電業,科技與通訊,硬體,B,58.66,-,714/2559,259/907,111/422,30/141,99.89,61.57,69.85,45.65,255/907,130/422,107/907,41/422,684/907,310/422
6177,達麗,2026/06,2026/05/04,2024,Y,建材營造,公共建設,房屋營造,B+,62.41,-,436/2559,29/177,8/84,16/94,100,63.49,52.01,69,35/177,14/84,92/177,42/84,6/177,2/84
6179,亞通,2026/06,2026/05/04,2024,N,其他,公共建設,工程與建造服務,C,44.86,-,1968/2559,138/177,27/32,141/211,100,50.69,53.27,35.33,91/177,20/32,85/177,22/32,171/177,32/32
6180,橘子,2026/06,2026/05/04,2024,Y,文化創意業,科技與通訊,軟體與資訊科技服務,A+,72.39,-,71/2559,35/907,2/100,1/34,99.81,71.54,78.02,67.31,115/907,6/100,31/907,2/100,78/907,10/100
6182,合晶,2026/06,2026/05/04,2024,Y,半導體,科技與通訊,半導體,B,58.02,↓,771/2559,278/907,106/317,86/235,97.36,53.27,49.9,69.14,415/907,139/317,513/907,185/317,48/907,23/317
6183,關貿,2026/06,2026/05/04,2024,Y,資訊服務業,科技與通訊,軟體與資訊科技服務,A+,74.14,-,41/2559,20/907,1/100,1/56,100,68.12,81.49,70.58,161/907,9/100,13/907,1/100,30/907,4/100
6184,大豐電,2026/06,2026/05/04,2024,Y,其他,服務,媒體與娛樂,A,66.57,↓,214/2559,9/145,4/84,7/211,59.03,51.03,82.45,58.83,38/145,15/84,3/145,1/84,35/145,12/84
6185,幃翔,2026/06,2026/05/04,2024,N,電子零組件,資源轉化,電氣與電子設備,B-,50.52,↑,1491/2559,273/440,108/163,140/234,78.83,56.84,57.74,40.37,182/440,75/163,155/440,63/163,397/440,150/163
6186,新潤,2026/06,2026/05/04,2024,N,建材營造,公共建設,房屋營造,B,55,-,1034/2559,75/177,35/84,44/94,92.49,71.93,53.19,45.62,13/177,5/84,86/177,39/84,136/177,70/84
6187,萬潤,2026/06,2026/05/04,2024,N,半導體,科技與通訊,半導體,B+,61.68,-,485/2559,181/907,76/317,61/235,90.76,70.18,51.59,66.4,129/907,34/317,465/907,168/317,92/907,39/317
6188,廣明,2026/06,2026/05/04,2024,Y,電腦及週邊,科技與通訊,硬體,B-,48.97,-,1621/2559,572/907,261/422,98/125,100,50.32,44.31,52.78,474/907,237/422,656/907,292/422,470/907,204/422
6189,豐藝,2026/06,2026/05/04,2024,N,電子通路業,科技與通訊,電子製造服務與原廠設計製造,B,56.14,-,954/2559,345/907,24/53,15/39,100,69.05,52.6,51.52,142/907,20/53,434/907,33/53,520/907,34/53
6190,萬泰科,2026/06,2026/05/04,2024,N,通信網路業,資源轉化,電氣與電子設備,B-,52.72,↓,1263/2559,237/440,96/163,56/100,100,68.47,39.82,50.59,65/440,26/163,379/440,144/163,267/440,102/163
6191,精成科,2026/06,2026/05/04,2024,N,電子零組件,科技與通訊,電子製造服務與原廠設計製造,C-,40.53,↓,2304/2559,800/907,47/53,212/234,100,28.59,47.21,41.38,899/907,53/53,582/907,40/53,785/907,46/53
6192,巨路,2026/06,2026/05/04,2024,N,其他電子業,科技與通訊,電子製造服務與原廠設計製造,B-,50.63,-,1480/2559,522/907,37/53,63/114,100,47.33,66.31,37.04,541/907,40/53,159/907,13/53,857/907,51/53
6194,育富,2026/06,2026/05/04,2024,N,電子零組件,科技與通訊,硬體,C-,39.62,-,2358/2559,826/907,386/422,218/234,100,39.69,32.44,46.75,687/907,336/422,859/907,399/422,653/907,294/422
6195,詩肯,2026/06,2026/05/04,2024,Y,居家生活,消費品,多線和專業零售商與配銷商,B+,62.06,-,456/2559,32/223,6/53,6/37,100,59.1,56.04,69.98,71/223,19/53,92/223,20/53,7/223,1/53
6196,帆宣,2026/06,2026/05/04,2024,Y,其他電子業,科技與通訊,半導體,A,68.99,-,148/2559,62/907,26/317,5/114,100,76.12,62.2,71.28,76/907,24/317,229/907,91/317,25/907,12/317
6197,佳必琪,2026/06,2026/05/04,2024,Y,電子零組件,科技與通訊,硬體,B,56.57,-,896/2559,321/907,141/422,81/234,100,56.38,62.04,51.23,360/907,181/422,231/907,84/422,531/907,230/422
6198,瑞築,2026/06,2026/05/04,2024,Y,建材營造,公共建設,房屋營造,B,53.52,↑,1177/2559,88/177,43/84,52/94,100,45.89,46.62,63.13,119/177,54/84,120/177,61/84,27/177,16/84
6199,天品,2026/06,2026/05/04,2024,N,其他,公共建設,房屋營造,B-,49.44,↑,1583/2559,115/177,58/84,112/211,99.82,39.65,34.6,65.94,158/177,72/84,159/177,79/84,13/177,6/84
6201,亞弘電,2026/06,2026/05/04,2024,N,其他電子業,科技與通訊,硬體,B,57.49,-,820/2559,295/907,128/422,40/114,100,58.1,59.33,55.26,326/907,168/422,285/907,114/422,379/907,166/422
6202,盛群,2026/06,2026/05/04,2024,Y,半導體,科技與通訊,半導體,B,57.13,-,849/2559,302/907,115/317,92/235,89.91,44.53,55.75,66.47,601/907,203/317,354/907,129/317,90/907,37/317
6203,海韻電,2026/06,2026/05/04,2024,N,電子零組件,資源轉化,電氣與電子設備,B+,63.93,-,341/2559,37/440,17/163,26/234,100,72.59,56.6,62.92,32/440,13/163,169/440,71/163,68/440,30/163
6204,艾華,2026/06,2026/05/04,2024,N,電子零組件,資源轉化,電氣與電子設備,B,54.56,↑,1076/2559,197/440,82/163,106/234,89.88,59.23,40.26,61.79,153/440,67/163,375/440,142/163,80/440,33/163
6205,詮欣,2026/06,2026/05/04,2024,Y,電子零組件,資源轉化,電氣與電子設備,B+,62.7,-,416/2559,54/440,24/163,35/234,100,61.34,73.46,55.64,129/440,52/163,16/440,6/163,172/440,66/163
6206,飛捷,2026/06,2026/05/04,2024,Y,電腦及週邊,科技與通訊,硬體,A,66.38,-,219/2559,97/907,35/422,18/125,100,73.95,58.98,69.01,89/907,43/422,298/907,116/422,52/907,20/422
6207,雷科,2026/06,2026/05/04,2024,N,電子零組件,科技與通訊,半導體,B-,53.04,-,1227/2559,449/907,163/317,122/234,100,37.98,63.1,52.5,722/907,246/317,213/907,86/317,479/907,188/317
6208,日揚,2026/06,2026/05/04,2024,Y,半導體,科技與通訊,半導體,B-,52.79,-,1253/2559,459/907,167/317,131/235,100,38.38,49.59,65.09,716/907,242/317,526/907,191/317,116/907,50/317
6209,今國光,2026/06,2026/05/04,2024,N,光電業,科技與通訊,硬體,C,42.87,-,2127/2559,731/907,341/422,111/141,100,41.55,42.92,43.66,662/907,323/422,696/907,319/422,728/907,330/422
6210,慶生,2026/06,2026/05/04,2024,Y,電子零組件,科技與通訊,硬體,C,46.52,-,1839/2559,650/907,298/422,178/234,100,48.98,43.73,47.76,515/907,258/422,673/907,306/422,620/907,275/422
6212,理銘,2026/06,2026/05/04,2024,N,建材營造,公共建設,房屋營造,B+,59.83,-,619/2559,42/177,14/84,23/94,100,70.58,50.67,59.46,18/177,8/84,98/177,47/84,51/177,26/84
6213,聯茂,2026/06,2026/05/04,2024,Y,電子零組件,科技與通訊,硬體,B+,60.19,-,596/2559,219/907,91/422,53/234,100,53.26,62.43,62.31,418/907,213/422,227/907,82/422,175/907,70/422
6214,精誠,2026/06,2026/05/04,2024,Y,資訊服務業,科技與通訊,軟體與資訊科技服務,A,70.27,↓,113/2559,53/907,4/100,3/56,92.49,82.37,76.14,56.77,41/907,1/100,40/907,3/100,331/907,28/100
6215,和椿,2026/06,2026/05/04,2024,N,其他電子業,資源轉化,電氣與電子設備,B,56.49,-,910/2559,166/440,68/163,43/114,100,75.49,46.14,50,19/440,9/163,315/440,117/163,273/440,105/163
6216,居易,2026/06,2026/05/04,2024,N,通信網路業,科技與通訊,硬體,B-,51.92,-,1350/2559,483/907,214/422,61/100,77.81,53.11,46.04,57.05,422/907,214/422,620/907,271/422,318/907,143/422
6217,中探針,2026/06,2026/05/04,2024,Y,電子零組件,科技與通訊,半導體,B-,53.02,-,1229/2559,450/907,164/317,123/234,93.16,65.47,39.13,59.06,183/907,58/317,775/907,270/317,269/907,113/317
6218,豪勉,2026/06,2026/05/04,2024,N,通信網路業,科技與通訊,軟體與資訊科技服務,B,56.18,-,948/2559,342/907,34/100,46/100,100,48.51,58.16,59.04,521/907,43/100,319/907,42/100,271/907,21/100
6219,富旺,2026/06,2026/05/04,2024,N,建材營造,公共建設,房屋營造,C,47.08,↓,1788/2559,127/177,67/84,75/94,99.92,36.15,55.91,47.79,169/177,78/84,76/177,36/84,130/177,66/84
6220,岳豐,2026/06,2026/05/04,2024,N,電子零組件,資源轉化,電氣與電子設備,B,54.41,-,1090/2559,202/440,84/163,107/234,100,56.11,52.68,54.43,194/440,81/163,224/440,87/163,201/440,77/163
6221,晉泰,2026/06,2026/05/04,2024,N,資訊服務業,科技與通訊,軟體與資訊科技服務,B-,48.16,↑,1699/2559,597/907,57/100,38/56,81.92,43.82,60.34,38.72,617/907,49/100,263/907,33/100,832/907,92/100
6222,立軒,2026/06,2026/05/04,2024,N,光電業,公共建設,房屋營造,C,41.58,↑,2235/2559,156/177,79/84,119/141,100,43.13,28.98,49.4,130/177,61/84,173/177,84/84,119/177,61/84
6223,旺矽,2026/06,2026/05/04,2024,Y,半導體,科技與通訊,半導體,B+,64.91,↓,295/2559,123/907,50/317,43/235,90.98,59.05,78.54,54.99,303/907,100/317,28/907,13/317,389/907,155/317
6224,聚鼎,2026/06,2026/05/04,2024,N,電子零組件,資源轉化,電氣與電子設備,B,55.92,-,974/2559,177/440,72/163,93/234,38.4,57.95,64.05,59.24,169/440,71/163,74/440,31/163,114/440,44/163
6225,天瀚,2026/06,2026/05/04,2024,N,光電業,科技與通訊,硬體,B-,49.15,-,1604/2559,562/907,254/422,76/141,73.17,44.62,45.74,55.44,600/907,299/422,627/907,274/422,371/907,163/422
6226,光鼎,2026/06,2026/05/04,2024,N,光電業,科技與通訊,半導體,C,45.64,-,1910/2559,667/907,242/317,94/141,100,57.92,43.26,40.26,331/907,109/317,688/907,236/317,802/907,296/317
6227,茂綸,2026/06,2026/05/04,2024,N,電子通路業,科技與通訊,電子製造服務與原廠設計製造,B-,52.75,-,1259/2559,460/907,31/53,21/39,100,46.54,47.52,61.92,560/907,41/53,569/907,39/53,185/907,6/53
6228,全譜,2026/06,2026/05/04,2024,N,電腦及週邊,科技與通訊,硬體,C-,41.23,↓,2259/2559,782/907,362/422,116/125,100,28.81,39.55,50.74,898/907,420/422,767/907,352/422,544/907,236/422
6229,研通,2026/06,2026/05/04,2024,N,半導體,科技與通訊,半導體,C,46.81,-,1817/2559,637/907,233/317,176/235,100,43.6,53.57,42.08,620/907,210/317,410/907,147/317,775/907,289/317
6230,尼得科超眾,2026/06,2026/05/04,2024,N,電腦及週邊,科技與通訊,硬體,B-,50.2,-,1526/2559,540/907,241/422,93/125,87.42,53.08,40.7,57.88,424/907,216/422,751/907,345/422,291/907,128/422
6231,系微,2026/06,2026/05/04,2024,N,資訊服務業,科技與通訊,軟體與資訊科技服務,B,58.23,-,753/2559,275/907,28/100,22/56,99.66,50.72,53.14,68.06,466/907,38/100,418/907,51/100,65/907,7/100
6233,旺玖,2026/06,2026/05/04,2024,N,半導體,科技與通訊,半導體,B-,52.71,-,1270/2559,463/907,168/317,132/235,100,41.2,50.53,62.14,666/907,230/317,496/907,178/317,179/907,81/317
6234,高僑,2026/06,2026/05/04,2024,N,光電業,資源轉化,電氣與電子設備,B-,48.31,↑,1681/2559,312/440,123/163,85/141,100,47.92,48.4,48.52,280/440,109/163,284/440,106/163,301/440,112/163
6235,華孚,2026/06,2026/05/04,2024,N,電腦及週邊,資源轉化,工業機械與物品,B-,52,↓,1344/2559,254/440,78/137,81/125,92.48,53.7,55.26,48.27,215/440,70/137,183/440,50/137,306/440,95/137
6236,中湛,2026/06,2026/05/04,2024,N,其他,科技與通訊,軟體與資訊科技服務,C-,37.97,-,2438/2559,853/907,90/100,196/211,92.64,38.59,33.25,42.31,713/907,62/100,850/907,94/100,769/907,81/100
6237,驊訊,2026/06,2026/05/04,2024,N,半導體,科技與通訊,半導體,B-,52.23,-,1321/2559,475/907,173/317,133/235,99.96,42.57,47.86,62.71,640/907,223/317,561/907,202/317,158/907,72/317
6239,力成,2026/06,2026/05/04,2024,Y,半導體,科技與通訊,半導體,B+,61.04,-,527/2559,193/907,78/317,63/235,100,69.06,59.16,57.87,141/907,37/317,291/907,107/317,292/907,121/317
6240,松崗,2026/06,2026/05/04,2024,N,資訊服務業,服務,媒體與娛樂,B,55.24,↑,1017/2559,48/145,18/84,25/56,91.41,57.88,59.22,46.95,30/145,12/84,34/145,12/84,111/145,64/84
6241,易通展,2026/06,2026/05/04,2024,Y,通信網路業,科技與通訊,硬體,B-,51.87,↓,1354/2559,486/907,216/422,62/100,100,63.72,36.83,59.43,219/907,111/422,814/907,376/422,256/907,113/422
6242,立康,2026/06,2026/05/04,2024,N,生技醫療,醫療保健,生物科技與製藥,A,69.9,-,119/2559,13/263,5/143,12/267,100,66.05,71.65,69.08,55/263,24/143,15/263,6/143,23/263,11/143
6243,迅杰,2026/06,2026/05/04,2024,N,半導體,科技與通訊,半導體,B,56.96,-,865/2559,308/907,117/317,94/235,79.91,65.02,65.37,43.45,196/907,65/317,174/907,73/317,734/907,277/317
6244,茂迪,2026/06,2026/05/04,2024,N,光電業,可再生資源與替代能源,太陽能科技與項目開發商,A+,73.64,-,49/2559,1/55,1/29,6/141,100,81.46,64.49,72.14,4/55,3/29,14/55,5/29,2/55,1/29
6245,立端,2026/06,2026/05/04,2024,Y,通信網路業,科技與通訊,硬體,A,67.38,-,187/2559,80/907,30/422,13/100,100,60.73,74.25,64.71,269/907,139/422,62/907,22/422,120/907,46/422
6246,臺龍,2026/06,2026/05/04,2024,N,光電業,科技與通訊,硬體,C,43.17,↑,2110/2559,724/907,337/422,109/141,70.84,45.92,41.02,43.59,572/907,285/422,742/907,339/422,730/907,331/422
6248,沛波,2026/06,2026/05/04,2024,Y,鋼鐵工業,資源轉化,工業機械與物品,B,57.42,-,829/2559,151/440,43/137,24/57,97.34,61.98,48.67,60.56,122/440,42/137,281/440,84/137,94/440,29/137
6257,矽格,2026/06,2026/05/04,2024,Y,半導體,科技與通訊,半導體,A,66.93,-,202/2559,89/907,37/317,34/235,100,78.89,64.74,61.56,59/907,18/317,185/907,77/317,195/907,84/317
6259,百徽,2026/06,2026/05/04,2024,N,電子零組件,科技與通訊,電子製造服務與原廠設計製造,C,43.38,↑,2095/2559,721/907,46/53,196/234,78.82,49.94,40.83,41.8,491/907,38/53,748/907,49/53,779/907,45/53
6261,久元,2026/06,2026/05/04,2024,N,半導體,科技與通訊,半導體,B+,62.39,-,437/2559,169/907,70/317,57/235,100,44.96,66.32,69.46,586/907,198/317,158/907,65/317,44/907,21/317
6263,普萊德,2026/06,2026/05/04,2024,Y,通信網路業,科技與通訊,硬體,A+,71.05,-,95/2559,46/907,17/422,8/100,100,81.48,67.95,67.56,48/907,21/422,130/907,48/422,73/907,28/422
6264,富裔,2026/06,2026/05/04,2024,N,建材營造,公共建設,房屋營造,C,42.17,-,2186/2559,151/177,77/84,86/94,57.23,39.95,39.2,45.64,155/177,69/84,141/177,70/84,135/177,69/84
6265,方土昶,2026/06,2026/05/04,2024,N,電子通路業,科技與通訊,電子製造服務與原廠設計製造,C,46.7,-,1828/2559,644/907,43/53,32/39,98.93,47.5,51.74,41.14,538/907,39/53,461/907,35/53,791/907,47/53
6266,泰詠,2026/06,2026/05/04,2024,N,電子零組件,科技與通訊,硬體,B,55.98,-,967/2559,351/907,154/422,92/234,100,65.17,43.83,62.33,192/907,95/422,670/907,303/422,174/907,69/422
6269,台郡,2026/06,2026/05/04,2024,Y,電子零組件,科技與通訊,硬體,B,54.8,-,1050/2559,382/907,166/422,103/234,93.42,69.31,48.6,51.83,137/907,71/422,541/907,230/422,507/907,217/422
6270,倍微,2026/06,2026/05/04,2024,N,電子通路業,科技與通訊,電子製造服務與原廠設計製造,B-,51.3,-,1408/2559,503/907,33/53,23/39,99.99,59.04,43.69,54.03,304/907,24/53,676/907,47/53,422/907,24/53
6271,同欣電,2026/06,2026/05/04,2024,Y,半導體,科技與通訊,半導體,B,58.8,↓,703/2559,256/907,98/317,80/235,89.97,59.59,67.37,49.73,289/907,95/317,143/907,59/317,568/907,220/317
6272,驊陞,2026/06,2026/05/04,2024,Y,電子零組件,科技與通訊,硬體,B+,60.92,-,538/2559,199/907,82/422,47/234,92.62,57.99,63.06,60.63,329/907,169/422,216/907,78/422,223/907,93/422
6274,台燿,2026/06,2026/05/04,2024,Y,電子零組件,科技與通訊,硬體,A,65.06,-,287/2559,119/907,46/422,21/234,84.67,65.25,68.6,61.39,188/907,94/422,124/907,46/422,199/907,84/422
6275,元山,2026/06,2026/05/04,2024,N,電子零組件,消費品,電器製造,B+,63.65,-,356/2559,27/223,5/27,28/234,100,70.45,61.92,62.21,28/223,2/27,50/223,9/27,46/223,6/27
6276,安鈦克,2026/06,2026/05/04,2024,N,電腦及週邊,科技與通訊,硬體,B,57.82,↑,795/2559,289/907,124/422,48/125,91.76,54.19,56.16,61.77,397/907,203/422,346/907,138/422,188/907,78/422
6277,宏正,2026/06,2026/05/04,2024,Y,電腦及週邊,科技與通訊,硬體,B+,58.96,↑,691/2559,251/907,107/422,45/125,76.68,58.11,57.92,60.54,325/907,167/422,320/907,126/422,225/907,95/422
6278,台表科,2026/06,2026/05/04,2024,N,光電業,科技與通訊,硬體,B,54.36,-,1098/2559,395/907,173/422,49/141,100,62.7,52.86,50.59,232/907,117/422,426/907,180/422,552/907,241/422
6279,胡連,2026/06,2026/05/04,2024,Y,電子零組件,運輸,汽車零件,A+,72.69,-,62/2559,7/127,5/82,4/234,100,69.94,76.15,72.37,25/127,14/82,5/127,2/82,4/127,4/82
6281,全國電,2026/06,2026/05/04,2024,Y,電子通路業,消費品,多線和專業零售商與配銷商,B,56.56,-,899/2559,83/223,20/53,13/39,100,53.42,66.25,47.65,99/223,25/53,36/223,11/53,159/223,33/53
6282,康舒,2026/06,2026/05/04,2024,Y,電子零組件,資源轉化,電氣與電子設備,A,70.07,-,115/2559,8/440,4/163,8/234,100,88.42,82.59,46.91,2/440,2/163,2/440,2/163,325/440,123/163
6283,淳安,2026/06,2026/05/04,2024,N,其他電子業,科技與通訊,硬體,B-,48.54,-,1656/2559,583/907,269/422,73/114,95.89,56.66,45.3,46.66,358/907,180/422,637/907,281/422,658/907,298/422
6284,佳邦,2026/06,2026/05/04,2024,Y,電子零組件,科技與通訊,半導體,C,46.7,-,1827/2559,643/907,234/317,175/234,100,46.86,34.2,59.09,552/907,183/317,841/907,296/317,267/907,111/317
6285,啟碁,2026/06,2026/05/04,2024,Y,通信網路業,科技與通訊,電子製造服務與原廠設計製造,A,69.85,-,122/2559,54/907,6/53,9/100,100,89.79,65.64,61.48,8/907,2/53,169/907,14/53,198/907,8/53
6290,良維,2026/06,2026/05/04,2024,Y,電子零組件,資源轉化,電氣與電子設備,B-,52.21,-,1322/2559,250/440,99/163,130/234,98.54,53.83,52.47,50.79,212/440,87/163,226/440,88/163,262/440,100/163
6291,沛亨,2026/06,2026/05/04,2024,Y,半導體,科技與通訊,半導體,B-,49.51,-,1575/2559,556/907,202/317,156/235,89.48,43.5,46.06,56.76,621/907,211/317,617/907,221/317,332/907,133/317
6292,迅德,2026/06,2026/05/04,2024,N,電子零組件,資源轉化,電氣與電子設備,B-,53.07,-,1222/2559,228/440,93/163,121/234,100,59.98,47.51,52.06,145/440,62/163,300/440,110/163,239/440,93/163
6294,智基,2026/06,2026/05/04,2024,N,文化創意業,服務,教育,B+,61.53,-,493/2559,25/145,1/6,7/34,83.08,49.25,65.28,64.53,125/145,5/6,23/145,2/6,17/145,1/6
6405,悅城,2026/06,2026/05/04,2024,N,光電業,資源轉化,電氣與電子設備,B-,47.97,↑,1718/2559,316/440,124/163,89/141,100,35.94,57.47,49.87,382/440,149/163,160/440,66/163,276/440,106/163
6409,旭隼,2026/06,2026/05/04,2024,Y,其他電子業,資源轉化,電氣與電子設備,B+,62.47,-,429/2559,59/440,26/163,21/114,100,63.86,49.2,71.38,100/440,44/163,273/440,104/163,11/440,7/163
6411,晶焱,2026/06,2026/05/04,2024,Y,半導體,科技與通訊,半導體,A,69.15,-,142/2559,59/907,24/317,23/235,97.37,77.28,80.98,52.19,67/907,22/317,15/907,8/317,497/907,195/317
6412,群電,2026/06,2026/05/04,2024,Y,電子零組件,科技與通訊,硬體,B+,63.71,↓,354/2559,146/907,54/422,27/234,100,87.57,50.15,62.19,13/907,5/422,502/907,211/422,176/907,71/422
6414,樺漢,2026/06,2026/05/04,2024,Y,電腦及週邊,科技與通訊,硬體,A,66.94,-,201/2559,88/907,34/422,16/125,100,81.25,65.58,59.26,51/907,24/422,170/907,62/422,261/907,115/422
6415,矽力*-KY,2026/06,2026/05/04,2024,Y,半導體,科技與通訊,半導體,B+,61.92,-,465/2559,176/907,73/317,59/235,100,64.39,69.97,52.31,205/907,67/317,103/907,43/317,492/907,192/317
6416,瑞祺電通,2026/06,2026/05/04,2024,Y,通信網路業,科技與通訊,硬體,B+,63.02,-,387/2559,156/907,59/422,25/100,100,76.58,60.91,56.56,71/907,33/422,250/907,96/422,338/907,150/422
6417,韋僑,2026/06,2026/05/04,2024,N,通信網路業,科技與通訊,硬體,B,53.79,-,1147/2559,417/907,184/422,49/100,100,42.97,51.68,62.74,633/907,310/422,462/907,197/422,157/907,61/422
6418,詠昇,2026/06,2026/05/04,2024,N,電子零組件,資源轉化,電氣與電子設備,C,46.63,↓,1831/2559,336/440,133/163,176/234,75.24,37.09,58.41,44.95,377/440,148/163,143/440,58/163,357/440,141/163
6419,京晨科,2026/06,2026/05/04,2024,N,光電業,科技與通訊,硬體,C-,40.13,-,2321/2559,809/907,375/422,128/141,84.02,37.68,34.18,47.64,726/907,358/422,842/907,389/422,626/907,280/422
6423,億而得,2026/06,2026/05/04,2024,N,半導體,科技與通訊,半導體,B,53.4,-,1193/2559,434/907,157/317,124/235,100,38.32,65.77,50.56,718/907,244/317,167/907,69/317,554/907,214/317
6425,易發,2026/06,2026/05/04,2024,Y,電機機械,資源轉化,工業機械與物品,B,54.66,-,1065/2559,195/440,57/137,51/123,100,61.23,55,49.47,130/440,47/137,187/440,52/137,280/440,86/137
6426,統新,2026/06,2026/05/04,2024,Y,通信網路業,科技與通訊,硬體,B-,50.82,↑,1455/2559,513/907,231/422,67/100,100,35.38,60.08,51.32,758/907,374/422,267/907,105/422,529/907,228/422
6431,光麗-KY,2026/06,2026/05/04,2024,N,生技醫療,消費品,家用與個人產品,C,46.81,-,1816/2559,161/223,17/23,182/267,42.53,49.06,60.47,33.76,127/223,15/23,57/223,9/23,218/223,22/23
6432,今展科,2026/06,2026/05/04,2024,N,電子零組件,科技與通訊,硬體,B+,63.16,-,380/2559,152/907,58/422,32/234,100,81.46,60.56,54.21,50/907,23/422,260/907,103/422,415/907,184/422
6435,大中,2026/06,2026/05/04,2024,N,半導體,科技與通訊,半導體,B-,51.62,-,1380/2559,495/907,182/317,139/235,100,49.64,51.68,52.81,496/907,162/317,463/907,167/317,469/907,185/317
6438,迅得,2026/06,2026/05/04,2024,Y,其他電子業,科技與通訊,半導體,B+,62.41,-,435/2559,168/907,69/317,23/114,98.2,63.57,65.9,58.2,221/907,72/317,166/907,68/317,286/907,120/317
6441,廣錠,2026/06,2026/05/04,2024,N,電腦及週邊,科技與通訊,硬體,C-,39.32,-,2378/2559,834/907,392/422,121/125,68.5,33.09,41.69,40.88,879/907,413/422,729/907,333/422,794/907,356/422
6442,光聖,2026/06,2026/05/04,2024,N,通信網路業,科技與通訊,硬體,B+,64.02,-,334/2559,138/907,53/422,22/100,100,78.07,70.57,48.59,65/907,31/422,90/907,31/422,602/907,268/422
6443,元晶,2026/06,2026/05/04,2024,Y,光電業,可再生資源與替代能源,太陽能科技與項目開發商,A,69.88,-,121/2559,5/55,3/29,7/141,69.57,81.27,52.7,69.99,5/55,4/29,28/55,15/29,3/55,2/29
6446,藥華藥,2026/06,2026/05/04,2024,Y,生技醫療,醫療保健,健康照護配銷商,A+,72.77,-,60/2559,5/263,2/7,5/267,100,88.82,68.03,71.45,2/263,1/7,30/263,2/7,13/263,1/7
6449,鈺邦,2026/06,2026/05/04,2024,Y,電子零組件,科技與通訊,硬體,B-,50.75,-,1461/2559,516/907,232/422,139/234,93.88,62.19,41.88,52.4,244/907,124/422,722/907,329/422,484/907,210/422
6451,訊芯-KY,2026/06,2026/05/04,2024,Y,半導體,科技與通訊,半導體,B,55.26,-,1016/2559,370/907,135/317,108/235,100,61.28,48.29,58.43,258/907,83/317,546/907,196/317,282/907,118/317
6456,GIS-KY,2026/06,2026/05/04,2024,Y,光電業,科技與通訊,硬體,B-,52.19,↓,1326/2559,477/907,211/422,60/141,100,53.99,44.09,59.16,405/907,208/422,661/907,296/422,265/907,119/422
6461,益得,2026/06,2026/05/04,2024,N,生技醫療,醫療保健,生物科技與製藥,C,47.88,-,1725/2559,171/263,84/143,174/267,76.72,38.91,47.62,53.91,254/263,136/143,176/263,84/143,113/263,69/143
6462,神盾,2026/06,2026/05/04,2024,N,半導體,科技與通訊,半導體,B,53.19,-,1213/2559,443/907,161/317,127/235,87.79,60.72,52.51,49.12,270/907,87/317,435/907,155/317,591/907,229/317
6464,台數科,2026/06,2026/05/04,2024,Y,其他,服務,媒體與娛樂,A,66.23,-,223/2559,10/145,5/84,8/211,82.9,62.48,68.66,65.09,28/145,11/84,19/145,9/84,15/145,2/84
6465,威潤,2026/06,2026/05/04,2024,N,通信網路業,科技與通訊,硬體,C-,40.69,↓,2293/2559,794/907,366/422,92/100,70.43,34.2,47.05,38.42,874/907,409/422,586/907,257/422,842/907,385/422
6469,大樹,2026/06,2026/05/04,2024,N,生技醫療,醫療保健,藥品零售商,B,56.35,-,927/2559,94/263,4/8,97/267,91.73,58.55,57.02,53.76,82/263,3/8,93/263,4/8,116/263,4/8
6470,宇智,2026/06,2026/05/04,2024,N,通信網路業,科技與通訊,硬體,B,54.58,-,1074/2559,389/907,168/422,48/100,80.78,63.98,48.81,54.4,214/907,109/422,540/907,229/422,403/907,179/422
6472,保瑞,2026/06,2026/05/04,2024,Y,生技醫療,醫療保健,生物科技與製藥,A,65.53,-,262/2559,26/263,10/143,25/267,91.35,80.23,70.18,47.91,8/263,4/143,20/263,8/143,179/263,98/143
6474,華豫寧,2026/06,2026/05/04,2024,N,電子通路業,科技與通訊,硬體,B-,50.96,-,1444/2559,507/907,226/422,26/39,99.98,40.92,53.74,54.51,668/907,327/422,403/907,168/422,399/907,175/422
6477,安集,2026/06,2026/05/04,2024,N,光電業,可再生資源與替代能源,太陽能科技與項目開發商,B-,52.05,↓,1339/2559,27/55,15/29,61/141,98.57,42.68,57.91,56.65,37/55,20/29,20/55,10/29,19/55,10/29
6482,弘煜科,2026/06,2026/05/04,2024,N,文化創意業,科技與通訊,軟體與資訊科技服務,B-,52.29,-,1317/2559,474/907,52/100,23/34,100,51.66,50.76,54.21,446/907,30/100,488/907,61/100,416/907,36/100
6485,點序,2026/06,2026/05/04,2024,N,半導體,科技與通訊,半導體,B-,51.38,-,1401/2559,500/907,183/317,141/235,91.25,45.92,55.48,50.74,573/907,191/317,364/907,132/317,545/907,212/317
6486,互動,2026/06,2026/05/04,2024,N,通信網路業,科技與通訊,硬體,B,54.85,-,1046/2559,379/907,165/422,47/100,100,58.95,50.33,56.77,308/907,159/422,498/907,208/422,329/907,147/422
6488,環球晶,2026/06,2026/05/04,2024,Y,半導體,科技與通訊,半導體,A+,72.82,-,58/2559,28/907,9/317,9/235,98.1,83.88,76.11,62.53,30/907,10/317,41/907,20/317,162/907,75/317
6491,晶碩,2026/06,2026/05/04,2024,Y,生技醫療,醫療保健,醫療設備與用品,A,66.19,-,225/2559,24/263,13/95,23/267,100,60.71,69.97,62.68,74/263,33/95,21/263,11/95,43/263,15/95
6492,生華科,2026/06,2026/05/04,2024,Y,生技醫療,醫療保健,生物科技與製藥,B-,51.65,-,1378/2559,133/263,70/143,137/267,100,27.94,49.43,70.43,263/263,143/143,162/263,78/143,18/263,8/143
6494,九齊,2026/06,2026/05/04,2024,N,半導體,科技與通訊,半導體,B-,49.69,-,1561/2559,555/907,201/317,155/235,96.6,47.46,46.76,54.03,539/907,177/317,596/907,210/317,423/907,165/317
6496,科懋,2026/06,2026/05/04,2024,N,生技醫療,醫療保健,健康照護配銷商,B,53.61,-,1168/2559,110/263,5/7,113/267,72.4,56.67,46.37,64.95,94/263,4/7,182/263,6/7,35/263,3/7
6498,久禾光,2026/06,2026/05/04,,N,光電業,科技與通訊,硬體,B-,50.16,-,1528/2559,541/907,242/422,69/141,82.08,57.08,46.91,49.03,347/907,176/422,590/907,259/422,593/907,262/422
6499,益安,2026/06,2026/05/04,2024,N,生技醫療,醫療保健,醫療設備與用品,B,55.53,↑,998/2559,98/263,37/95,101/267,73.63,66.84,45.21,67.37,51/263,24/95,188/263,79/95,26/263,10/95
6504,南六,2026/06,2026/05/04,2024,N,其他,消費品,家用與個人產品,B+,62.45,-,433/2559,30/223,6/23,17/211,99.56,61.5,65.12,60.03,54/223,6/23,40/223,6/23,61/223,10/23
6505,台塑化,2026/06,2026/05/04,2024,Y,油電燃氣業,提煉與礦產加工,石油和天然氣-精煉與行銷,B-,49.31,-,1590/2559,22/36,3/5,11/13,88.73,32.2,74.2,50.56,35/36,5/5,3/36,1/5,23/36,4/5
6506,雙邦,2026/06,2026/05/04,2024,Y,紡織纖維,資源轉化,化學,B-,52.61,-,1286/2559,241/440,55/113,18/55,96.32,37.17,48.56,67.22,376/440,91/113,283/440,77/113,36/440,10/113
6508,惠光,2026/06,2026/05/04,2024,N,農業科技,資源轉化,化學,C,45.55,-,1921/2559,349/440,85/113,4/8,100,47.05,38.05,50.05,286/440,70/113,400/440,100/113,272/440,67/113
6509,聚和,2026/06,2026/05/04,2024,Y,化學工業,資源轉化,化學,A,65.83,-,245/2559,25/440,6/113,4/59,100,78,57.08,63.26,11/440,4/113,164/440,42/113,66/440,17/113
6510,精測,2026/06,2026/05/04,2024,Y,半導體,科技與通訊,硬體,A,70.59,-,105/2559,50/907,19/422,19/235,99.54,52.21,73.79,79,439/907,224/422,64/907,24/422,1/907,1/422
6512,啟發電,2026/06,2026/05/04,2024,N,其他電子業,科技與通訊,硬體,B+,59.67,-,632/2559,228/907,96/422,32/114,100,42.36,75.27,55,644/907,313/422,51/907,16/422,387/907,172/422
6515,穎崴,2026/06,2026/05/04,2024,N,半導體,科技與通訊,半導體,B-,50.57,-,1486/2559,526/907,189/317,146/235,91.18,50.69,52.89,48.18,467/907,155/317,425/907,152/317,612/907,235/317
6516,勤崴國際,2026/06,2026/05/04,2024,Y,資訊服務業,科技與通訊,硬體,B+,61.03,-,529/2559,195/907,80/422,12/56,100,64.45,58.21,61.69,203/907,103/422,315/907,124/422,191/907,79/422
6517,保勝光學,2026/06,2026/05/04,2024,Y,光電業,科技與通訊,硬體,B-,51.84,-,1359/2559,487/907,217/422,63/141,100,36.14,46.25,67.34,748/907,368/422,611/907,267/422,77/907,30/422
6523,達爾膚,2026/06,2026/05/04,2024,N,生技醫療,消費品,家用與個人產品,B,55.34,-,1011/2559,92/223,13/23,102/267,100,62.18,44.81,63.34,49/223,5/23,158/223,18/23,36/223,6/23
6525,捷敏-KY,2026/06,2026/05/04,2024,Y,半導體,科技與通訊,半導體,B,54.64,-,1067/2559,385/907,142/317,114/235,89.75,52.5,65.24,45.39,438/907,146/317,175/907,74/317,692/907,262/317
6526,達發,2026/06,2026/05/04,2024,N,半導體,科技與通訊,半導體,C,47.21,-,1780/2559,622/907,225/317,168/235,100,50.79,49.18,42.99,463/907,153/317,533/907,193/317,745/907,280/317
6527,明達醫,2026/06,2026/05/04,2024,N,生技醫療,醫療保健,醫療設備與用品,B+,60.85,↑,547/2559,57/263,24/95,56/267,56.9,71.19,61.79,56.12,35/263,15/95,61/263,25/95,94/263,31/95
6530,創威,2026/06,2026/05/04,2024,N,通信網路業,科技與通訊,硬體,B-,51.6,-,1385/2559,496/907,220/422,64/100,90.25,51.04,55.82,47.73,458/907,230/422,353/907,144/422,622/907,276/422
6531,愛普*,2026/06,2026/05/04,2024,N,半導體,科技與通訊,半導體,B-,53.06,↓,1225/2559,448/907,162/317,129/235,98.83,41.55,50.81,62.57,661/907,229/317,485/907,176/317,161/907,74/317
6532,瑞耘,2026/06,2026/05/04,2024,N,半導體,科技與通訊,半導體,C,41.75,↑,2225/2559,764/907,270/317,203/235,94.5,28.83,38.55,53.13,897/907,312/317,786/907,278/317,460/907,183/317
6533,晶心科,2026/06,2026/05/04,2024,N,半導體,科技與通訊,半導體,B+,59.74,↑,624/2559,224/907,86/317,69/235,91.29,52.69,70.29,53.64,434/907,144/317,97/907,40/317,434/907,169/317
6535,順藥,2026/06,2026/05/04,2024,N,生技醫療,醫療保健,健康照護配銷商,B-,52.88,-,1245/2559,119/263,6/7,122/267,100,64.27,49.55,51.9,64/263,3/7,158/263,5/7,133/263,6/7
6538,倉和,2026/06,2026/05/04,2024,N,電子零組件,可再生資源與替代能源,太陽能科技與項目開發商,B+,61.28,-,507/2559,14/55,9/29,41/234,100,63.02,48.64,66.75,13/55,9/29,34/55,19/29,4/55,3/29
6541,泰福-KY,2026/06,2026/05/04,2024,N,生技醫療,醫療保健,生物科技與製藥,B-,47.88,-,1724/2559,170/263,83/143,173/267,72.69,39.52,50.22,48.78,251/263,133/143,154/263,75/143,173/263,93/143
6542,隆中,2026/06,2026/05/04,2024,N,文化創意業,科技與通訊,軟體與資訊科技服務,B-,52.98,↓,1232/2559,451/907,50/100,17/34,99.99,49.57,44,64.11,498/907,40/100,663/907,76/100,130/907,16/100
6546,正基,2026/06,2026/05/04,2024,Y,通信網路業,科技與通訊,硬體,B+,63.28,-,374/2559,149/907,56/422,24/100,100,54.42,74.54,57.62,392/907,199/422,60/907,20/422,303/907,134/422
6547,高端疫苗,2026/06,2026/05/04,2024,N,生技醫療,醫療保健,生物科技與製藥,B-,52.65,-,1281/2559,124/263,64/143,129/267,100,58.34,49.58,54.74,83/263,38/143,157/263,77/143,104/263,62/143
6548,長科*,2026/06,2026/05/04,2024,Y,半導體,科技與通訊,半導體,B,54.96,-,1036/2559,375/907,139/317,112/235,99.01,59.59,50.82,56.18,288/907,94/317,484/907,175/317,350/907,142/317
6550,北極星藥業-KY,2026/06,2026/05/04,2024,N,生技醫療,醫療保健,生物科技與製藥,B-,52.97,↓,1235/2559,117/263,62/143,120/267,47.68,34.64,60.85,54.5,260/263,140/143,68/263,32/143,107/263,64/143
6552,易華電,2026/06,2026/05/04,2024,N,半導體,資源轉化,電氣與電子設備,B-,50.11,-,1532/2559,281/440,113/163,150/235,79.71,43.84,51.27,53.94,313/440,126/163,238/440,94/163,205/440,78/163
6556,勝品,2026/06,2026/05/04,2024,Y,光電業,資源轉化,電氣與電子設備,B+,60.51,-,572/2559,90/440,34/163,24/141,92.47,58.14,51.05,69.38,166/440,70/163,243/440,97/163,19/440,12/163
6558,興能高,2026/06,2026/05/04,2024,N,其他電子業,科技與通訊,硬體,B-,50.36,-,1509/2559,534/907,238/422,67/114,100,55.58,43.45,53.99,369/907,188/422,686/907,314/422,425/907,188/422
6560,欣普羅,2026/06,2026/05/04,2024,N,光電業,科技與通訊,硬體,C-,40.58,-,2302/2559,798/907,369/422,124/141,100,38.58,45.81,36.61,714/907,353/422,624/907,272/422,859/907,396/422
6561,是方,2026/06,2026/05/04,2024,Y,通信網路業,科技與通訊,電訊服務,B+,60.31,-,587/2559,216/907,4/7,32/100,100,51.32,66.91,59.39,451/907,6/7,149/907,4/7,257/907,3/7
6568,宏觀,2026/06,2026/05/04,2024,N,半導體,科技與通訊,半導體,B-,50.77,-,1459/2559,515/907,186/317,144/235,78.99,46.89,49.61,54.37,551/907,182/317,525/907,190/317,405/907,159/317
6569,醫揚,2026/06,2026/05/04,2024,Y,生技醫療,科技與通訊,硬體,B,57.98,-,776/2559,280/907,118/422,81/267,100,47.99,56.5,65.76,528/907,264/422,339/907,134/422,103/907,41/422
6570,維田,2026/06,2026/05/04,2024,Y,電腦及週邊,科技與通訊,硬體,B,55.87,↑,977/2559,354/907,156/422,59/125,95.52,69.32,49.49,53.75,136/907,70/422,529/907,224/422,433/907,193/422
6573,虹揚-KY,2026/06,2026/05/04,2024,Y,半導體,科技與通訊,半導體,C,42.04,-,2200/2559,758/907,267/317,200/235,73.73,36.49,41.89,45.7,738/907,249/317,721/907,251/317,681/907,258/317
6574,霈方,2026/06,2026/05/04,2024,N,生技醫療,消費品,家用與個人產品,B-,52.77,-,1257/2559,114/223,14/23,123/267,64.1,55.63,42.5,62.44,90/223,12/23,173/223,20/23,45/223,7/23
6576,逸達,2026/06,2026/05/04,2024,Y,生技醫療,醫療保健,生物科技與製藥,B+,59.25,-,665/2559,73/263,36/143,71/267,100,63.77,54,66.06,66/263,30/143,118/263,54/143,30/263,14/143
6577,勁豐,2026/06,2026/05/04,2024,N,電腦及週邊,科技與通訊,硬體,B,54.92,-,1040/2559,377/907,164/422,65/125,99.99,52.97,52.83,58.25,428/907,219/422,429/907,182/422,285/907,127/422
6578,達邦蛋白,2026/06,2026/05/04,2024,N,農業科技,食品與飲料,農產品,C,46.19,↓,1867/2559,56/87,13/15,3/8,0,54.24,61.48,56.47,32/87,10/15,27/87,10/15,31/87,6/15
6579,研揚,2026/06,2026/05/04,2024,Y,電腦及週邊,科技與通訊,硬體,B,57.06,-,854/2559,305/907,132/422,51/125,97.24,70.55,56.37,49.24,127/907,67/422,341/907,135/422,588/907,259/422
6581,鋼聯,2026/06,2026/05/04,2024,Y,綠能環保,公共建設,廢棄物管理,B,56.66,↓,887/2559,61/177,8/30,17/66,100,60.61,54.79,55.48,47/177,5/30,80/177,10/30,76/177,12/30
6582,申豐,2026/06,2026/05/04,2024,Y,橡膠工業,資源轉化,化學,C,45.3,-,1935/2559,352/440,86/113,9/12,100,29.18,50.27,53.66,432/440,108/113,253/440,66/113,212/440,56/113
6584,南俊國際,2026/06,2026/05/04,2024,N,電子零組件,資源轉化,工業機械與物品,B,57.95,-,780/2559,141/440,41/137,70/234,100,62.28,55.55,56.51,117/440,40/137,181/440,49/137,160/440,48/137
6585,鼎基,2026/06,2026/05/04,2024,Y,其他,資源轉化,化學,B+,60.58,-,566/2559,86/440,16/113,24/211,85.82,58.81,57.95,63.87,159/440,32/113,151/440,37/113,57/440,16/113
6588,東典光電,2026/06,2026/05/04,2024,N,通信網路業,科技與通訊,硬體,C,44.61,-,1988/2559,688/907,317/422,81/100,100,36.2,45.24,49.3,745/907,367/422,638/907,282/422,586/907,257/422
6589,台康生技,2026/06,2026/05/04,2024,N,生技醫療,醫療保健,生物科技與製藥,B-,53.1,-,1219/2559,114/263,60/143,117/267,100,55.59,48,60.85,102/263,49/143,172/263,82/143,52/263,27/143
6590,普鴻,2026/06,2026/05/04,2024,N,資訊服務業,科技與通訊,軟體與資訊科技服務,B,53.49,-,1181/2559,429/907,47/100,33/56,100,40.59,65.22,49.91,671/907,56/100,177/907,21/100,564/907,55/100
6591,動力-KY,2026/06,2026/05/04,2024,N,電腦及週邊,資源轉化,工業機械與物品,B,53.48,-,1185/2559,220/440,65/137,73/125,100,56.95,52.32,51.74,181/440,62/137,229/440,66/137,241/440,70/137
6592,和潤企業,2026/06,2026/05/04,2024,Y,其他,金融,消費者金融,B,53.87,-,1139/2559,37/99,1/5,62/211,67.63,66.34,44.51,59.15,22/99,1/5,67/99,2/5,27/99,2/5
6593,台灣銘板,2026/06,2026/05/04,2024,Y,資訊服務業,科技與通訊,硬體,B-,53.07,↓,1221/2559,446/907,198/422,35/56,73.21,57.08,61.49,42.12,348/907,177/422,237/907,89/422,773/907,349/422
6596,寬宏藝術,2026/06,2026/05/04,2024,N,文化創意業,服務,廣告與行銷,B,53.6,-,1169/2559,55/145,2/5,16/34,100,49.95,58.31,48.76,81/145,3/5,37/145,1/5,99/145,4/5
6597,立誠,2026/06,2026/05/04,2024,N,電子零組件,資源轉化,電氣與電子設備,B-,51.21,-,1417/2559,265/440,104/163,134/234,69.71,53.56,54.06,47.32,217/440,89/163,201/440,78/163,319/440,120/163
6598,ABC-KY,2026/06,2026/05/04,2024,N,生技醫療,醫療保健,醫療設備與用品,B-,52.93,-,1241/2559,118/263,43/95,121/267,100,64.47,49.44,52.15,63/263,29/95,161/263,67/95,132/263,43/95
6603,富強鑫,2026/06,2026/05/04,2024,N,電機機械,資源轉化,工業機械與物品,B+,60.11,-,601/2559,95/440,36/137,30/123,100,74.9,54.3,53.38,22/440,7/137,193/440,54/137,217/440,61/137
6605,帝寶,2026/06,2026/05/04,2024,Y,汽車工業,運輸,汽車零件,A,66.71,-,208/2559,17/127,10/82,8/51,85.23,72.28,67.6,61.48,21/127,11/82,26/127,15/82,30/127,22/82
6606,建德工業,2026/06,2026/05/04,2024,N,電機機械,資源轉化,工業機械與物品,B-,49.61,-,1565/2559,287/440,89/137,84/123,100,48.01,49.07,51.21,278/440,87/137,274/440,80/137,252/440,74/137
6609,瀧澤科,2026/06,2026/05/04,2024,N,電機機械,資源轉化,工業機械與物品,B-,48.72,-,1641/2559,299/440,95/137,87/123,76.93,52.85,42.89,50,222/440,73/137,347/440,110/137,274/440,83/137
6612,奈米醫材,2026/06,2026/05/04,2024,N,生技醫療,醫療保健,醫療設備與用品,A,69.09,-,145/2559,18/263,9/95,18/267,72.02,72.81,72.35,60.82,29/263,12/95,11/263,4/95,54/263,19/95
6613,朋億*,2026/06,2026/05/04,2024,Y,其他電子業,科技與通訊,半導體,B+,62.45,-,432/2559,167/907,68/317,22/114,100,73.52,55.52,62.4,94/907,29/317,362/907,131/317,170/907,79/317
6614,資拓宏宇,2026/06,2026/05/04,2024,Y,數位雲端,科技與通訊,軟體與資訊科技服務,B,57.06,-,855/2559,306/907,30/100,16/47,95.32,49.54,66.14,52.74,499/907,41/100,161/907,17/100,472/907,46/100
6615,慧智,2026/06,2026/05/04,2024,N,生技醫療,醫療保健,健康照護提供,B+,61.9,-,467/2559,49/263,4/10,49/267,100,52.85,59.67,71.6,116/263,5/10,77/263,3/10,12/263,1/10
6616,特昇-KY,2026/06,2026/05/04,2024,N,居家生活,消費品,裝潢材料與家具,B-,49.73,-,1559/2559,137/223,15/25,22/37,100,47.44,41.5,59.72,137/223,17/25,176/223,20/25,66/223,7/25
6617,共信-KY,2026/06,2026/05/04,2024,N,生技醫療,醫療保健,生物科技與製藥,C,47.33,-,1771/2559,177/263,89/143,180/267,66.6,59.7,40.64,51.88,77/263,35/143,215/263,111/143,135/263,77/143
6620,漢達,2026/06,2026/05/04,,N,生技醫療,醫療保健,生物科技與製藥,B-,50.65,-,1476/2559,147/263,76/143,151/267,72.61,52.31,44.51,60.85,119/263,58/143,192/263,93/143,53/263,28/143
6624,萬年清,2026/06,2026/05/04,2024,N,綠能環保,公共建設,廢棄物管理,B,57.06,↓,856/2559,57/177,7/30,16/66,80.79,51.08,61.26,57.89,88/177,14/30,57/177,6/30,62/177,11/30
6625,必應,2026/06,2026/05/04,2024,N,其他,服務,媒體與娛樂,B+,63,-,388/2559,16/145,7/84,15/211,100,68.79,68.11,50.6,13/145,5/84,21/145,10/84,86/145,49/84
6629,泰金-KY,2026/06,2026/05/04,2024,N,居家生活,消費品,裝潢材料與家具,B,56.34,-,928/2559,85/223,11/25,17/37,71.19,30.38,57.74,67.48,215/223,25/25,82/223,10/25,13/223,2/25
6637,醫影,2026/06,2026/05/04,2024,N,生技醫療,醫療保健,健康照護配銷商,B+,59.9,-,612/2559,67/263,4/7,65/267,77.88,56.2,65.82,51.37,96/263,5/7,35/263,3/7,146/263,7/7
6640,均華,2026/06,2026/05/04,2024,Y,半導體,科技與通訊,半導體,B-,50,-,1543/2559,545/907,196/317,151/235,87.26,53.76,52.49,45.13,410/907,138/317,437/907,156/317,700/907,266/317
6641,基士德-KY,2026/06,2026/05/04,2024,N,綠能環保,公共建設,廢棄物管理,A,67.38,-,188/2559,7/177,3/30,4/66,100,71.11,57.64,71.83,17/177,2/30,70/177,8/30,4/177,1/30
6642,富致,2026/06,2026/05/04,2024,Y,電子零組件,資源轉化,電氣與電子設備,B-,52.81,-,1251/2559,232/440,94/163,126/234,100,66.09,38.69,53.44,81/440,34/163,392/440,148/163,216/440,83/163
6643,M31,2026/06,2026/05/04,2024,Y,半導體,科技與通訊,半導體,A,65.39,-,268/2559,116/907,46/317,40/235,100,60.21,66.25,67.79,279/907,93/317,160/907,66/317,68/907,30/317
6649,台生材,2026/06,2026/05/04,2024,N,生技醫療,醫療保健,醫療設備與用品,C,45.84,-,1891/2559,190/263,76/95,194/267,92.4,66.7,47.01,30.74,53/263,25/95,177/263,76/95,259/263,92/95
6651,全宇昕,2026/06,2026/05/04,2024,Y,半導體,科技與通訊,半導體,A,67.74,-,176/2559,75/907,31/317,30/235,100,83.77,65.56,59.79,31/907,11/317,171/907,71/317,241/907,102/317
6654,天正國際,2026/06,2026/05/04,2024,N,其他電子業,資源轉化,電氣與電子設備,C,47.53,-,1752/2559,321/440,128/163,83/114,100,44.5,46.39,50.66,309/440,123/163,313/440,115/163,263/440,101/163
6655,科定,2026/06,2026/05/04,2024,N,其他,消費品,裝潢材料與家具,B+,59.32,-,660/2559,58/223,6/25,29/211,86.38,55.3,69.99,49.79,91/223,10/25,15/223,1/25,140/223,17/25
6657,華安,2026/06,2026/05/04,2024,Y,生技醫療,醫療保健,生物科技與製藥,B-,50.85,-,1453/2559,143/263,75/143,147/267,100,39.04,54.51,51.5,253/263,135/143,115/263,52/143,143/263,82/143
6658,聯策,2026/06,2026/05/04,2024,N,其他電子業,資源轉化,電氣與電子設備,B-,52.27,↑,1318/2559,248/440,98/163,58/114,91.9,51.77,45.21,57.94,232/440,94/163,327/440,121/163,130/440,52/163
6661,威健生技,2026/06,2026/05/04,2024,N,生技醫療,醫療保健,生物科技與製藥,B,57.97,-,777/2559,80/263,40/143,82/267,100,54.2,59.71,57.15,111/263,56/143,76/263,36/143,86/263,50/143
6662,樂斯科,2026/06,2026/05/04,2024,N,生技醫療,醫療保健,生物科技與製藥,B,58.89,-,697/2559,77/263,38/143,75/267,89.1,42.57,58.19,70.31,145/263,74/143,88/263,42/143,19/263,9/143
6664,群翊,2026/06,2026/05/04,2024,N,電子零組件,資源轉化,工業機械與物品,B+,61.45,-,497/2559,75/440,28/137,40/234,100,64.85,63.98,57.01,91/440,32/137,78/440,24/137,143/440,43/137
6666,羅麗芬-KY,2026/06,2026/05/04,2024,N,生技醫療,消費品,家用與個人產品,B,58.53,-,726/2559,64/223,8/23,78/267,100,66.01,54,59.78,36/223,2/23,103/223,12/23,63/223,11/23
6667,信紘科,2026/06,2026/05/04,2024,Y,其他電子業,科技與通訊,半導體,B,58.74,↓,709/2559,258/907,99/317,35/114,88.39,54.18,57.02,63.34,398/907,133/317,332/907,124/317,144/907,66/317
6668,中揚光,2026/06,2026/05/04,2024,N,光電業,資源轉化,工業機械與物品,C,44.18,-,2023/2559,368/440,115/137,104/141,98.61,22.36,61.76,47.37,440/440,137/137,106/440,29/137,317/440,97/137
6669,緯穎,2026/06,2026/05/04,2024,Y,電腦及週邊,科技與通訊,硬體,A+,75.1,-,22/2559,12/907,7/422,4/125,92.85,78.1,77.58,70.72,64/907,30/422,34/907,10/422,29/907,9/422
6670,復盛應用,2026/06,2026/05/04,2024,Y,運動休閒,消費品,玩具及體育商品,A,67.29,-,192/2559,8/223,3/26,3/32,76.75,76.1,65.25,65.19,19/223,7/26,39/223,5/26,23/223,5/26
6671,三能-KY,2026/06,2026/05/04,2024,Y,居家生活,消費品,家用與個人產品,B,58.41,-,736/2559,66/223,9/23,12/37,100,59.88,54.76,61.63,66/223,7/23,98/223,11/23,49/223,8/23
6672,騰輝電子-KY,2026/06,2026/05/04,2024,Y,電子零組件,科技與通訊,硬體,B,53.29,↑,1198/2559,437/907,193/422,119/234,96.61,59.49,48.47,54.19,291/907,150/422,542/907,231/422,418/907,185/422
6674,鋐寶科技,2026/06,2026/05/04,2024,Y,通信網路業,科技與通訊,硬體,C,42.64,-,2142/2559,735/907,343/422,86/100,100,34.76,51.62,38.64,866/907,405/422,464/907,198/422,835/907,380/422
6679,鈺太,2026/06,2026/05/04,2024,N,半導體,科技與通訊,半導體,B-,48.34,-,1677/2559,592/907,212/317,161/235,100,46.32,43.59,54.36,562/907,186/317,680/907,234/317,406/907,160/317
6680,鑫創電子,2026/06,2026/05/04,2024,N,電腦及週邊,科技與通訊,硬體,B-,52.04,-,1340/2559,480/907,213/422,80/125,100,53.27,52,51.3,416/907,212/422,453/907,193/422,530/907,229/422
6683,雍智科技,2026/06,2026/05/04,2024,Y,半導體,科技與通訊,半導體,B,57.37,-,832/2559,299/907,113/317,90/235,100,45.09,58.61,63.89,584/907,197/317,308/907,114/317,133/907,57/317
6684,安格,2026/06,2026/05/04,2024,N,半導體,科技與通訊,半導體,C,47.1,-,1787/2559,626/907,229/317,172/235,78.7,35.09,52.18,49.62,861/907,297/317,447/907,161/317,577/907,225/317
6689,伊雲谷,2026/06,2026/05/04,2024,Y,數位雲端,科技與通訊,軟體與資訊科技服務,A,66.14,-,230/2559,104/907,10/100,4/47,100,78.46,57.45,67.03,60/907,3/100,326/907,43/100,82/907,11/100
6690,安碁資訊,2026/06,2026/05/04,2024,N,數位雲端,科技與通訊,軟體與資訊科技服務,A,67.38,-,186/2559,79/907,7/100,3/47,100,70.45,72.33,60.48,128/907,7/100,78/907,9/100,227/907,20/100
6691,洋基工程,2026/06,2026/05/04,2024,Y,其他電子業,公共建設,工程與建造服務,A,66.05,↑,233/2559,10/177,4/32,10/114,100,78.49,78,49.89,7/177,5/32,7/177,2/32,114/177,22/32
6692,進能服,2026/06,2026/05/04,2024,N,綠能環保,可再生資源與替代能源,太陽能科技與項目開發商,B,58.02,↓,772/2559,20/55,11/29,14/66,100,57.57,60.09,57.25,20/55,12/29,19/55,9/29,17/55,9/29
6693,廣閎科,2026/06,2026/05/04,2024,N,半導體,科技與通訊,半導體,B,53.38,-,1196/2559,436/907,158/317,125/235,78.53,68.01,49.65,47.87,163/907,49/317,523/907,188/317,618/907,239/317
6695,芯鼎,2026/06,2026/05/04,2024,N,半導體,科技與通訊,半導體,C,47.78,↓,1733/2559,605/907,218/317,163/235,100,55.94,46.25,44.16,364/907,121/317,610/907,218/317,718/907,272/317
6697,東捷資訊,2026/06,2026/05/04,2024,Y,資訊服務業,科技與通訊,軟體與資訊科技服務,B,58.3,-,746/2559,270/907,26/100,20/56,100,51.45,72.35,48.58,448/907,32/100,77/907,8/100,604/907,59/100
6698,旭暉應材,2026/06,2026/05/04,2024,N,其他電子業,資源轉化,電氣與電子設備,B-,50.51,-,1495/2559,274/440,109/163,65/114,92.37,47.02,47.26,55.56,287/440,111/163,303/440,113/163,175/440,67/163
6703,軒郁,2026/06,2026/05/04,2024,Y,生技醫療,消費品,家用與個人產品,A+,71.47,↑,87/2559,5/223,1/23,6/267,72.21,64.29,78.74,67.14,43/223,4/23,5/223,2/23,15/223,2/23
6706,惠特,2026/06,2026/05/04,2024,N,光電業,資源轉化,工業機械與物品,C,42.53,↑,2152/2559,378/440,117/137,114/141,80.41,34.41,50.72,42.47,394/440,123/137,246/440,72/137,384/440,117/137
6708,天擎,2026/06,2026/05/04,2024,N,半導體,科技與通訊,半導體,C,42.46,-,2160/2559,743/907,262/317,197/235,100,36.57,45.83,42.83,737/907,248/317,623/907,223/317,753/907,284/317
6712,長聖,2026/06,2026/05/04,2024,N,生技醫療,醫療保健,生物科技與製藥,C-,41.09,↓,2267/2559,241/263,128/143,244/267,100,41.86,39.11,44.24,198/263,104/143,234/263,125/143,215/263,120/143
6715,嘉基,2026/06,2026/05/04,2024,Y,電子零組件,科技與通訊,硬體,B-,50.1,↓,1533/2559,542/907,243/422,144/234,100,59.85,47.96,46.08,280/907,143/422,560/907,239/422,670/907,305/422
6716,應廣,2026/06,2026/05/04,2024,Y,半導體,科技與通訊,半導體,B,56.36,-,926/2559,334/907,125/317,98/235,88.63,53.89,50.6,63.66,407/907,136/317,495/907,177/317,138/907,62/317
6719,力智,2026/06,2026/05/04,2024,N,半導體,科技與通訊,半導體,B,57.86,-,792/2559,287/907,109/317,88/235,91.76,52.75,62.64,56.32,432/907,143/317,224/907,90/317,344/907,139/317
6720,久昌,2026/06,2026/05/04,2024,N,半導體,科技與通訊,半導體,C,45.17,-,1945/2559,673/907,243/317,184/235,100,69.03,35.19,40.08,143/907,38/317,834/907,293/317,807/907,298/317
6721,信實,2026/06,2026/05/04,2024,Y,其他,公共建設,不動產服務,B,53.65,↑,1164/2559,87/177,3/8,65/211,76.84,57.61,50.29,53.51,62/177,3/8,102/177,4/8,83/177,4/8
6722,輝創,2026/06,2026/05/04,,N,其他電子業,運輸,汽車零件,B,54.43,-,1086/2559,54/127,32/82,51/114,96.08,37.75,57.81,65.6,95/127,65/82,49/127,30/82,15/127,13/82
6725,矽科宏晟,2026/06,2026/05/04,2024,N,其他電子業,科技與通訊,半導體,B-,50.55,-,1489/2559,527/907,190/317,64/114,79.48,54.46,41.64,56.99,391/907,131/317,730/907,255/317,322/907,130/317
6727,亞泰金屬,2026/06,2026/05/04,2024,N,電子零組件,資源轉化,工業機械與物品,C,44.44,-,2004/2559,366/440,114/137,188/234,100,50.85,33.91,47.54,243/440,77/137,418/440,135/137,314/440,96/137
6728,上洋,2026/06,2026/05/04,2024,N,居家生活,消費品,電器製造,B+,61.39,-,501/2559,38/223,6/27,8/37,99.63,40.9,69.11,63.05,197/223,24/27,19/223,5/27,40/223,4/27
6730,常廣,2026/06,2026/05/04,,N,生技醫療,醫療保健,醫療設備與用品,B,53.83,-,1142/2559,108/263,40/95,111/267,100,57.08,49.74,59.3,91/263,40/95,156/263,64/95,67/263,23/95
6732,昇佳電子,2026/06,2026/05/04,2024,Y,半導體,科技與通訊,半導體,A,68.19,-,165/2559,68/907,29/317,27/235,100,78.45,71.01,58.87,61/907,19/317,85/907,36/317,274/907,115/317
6733,博晟生醫,2026/06,2026/05/04,2024,N,生技醫療,醫療保健,醫療設備與用品,B-,52.14,-,1329/2559,127/263,48/95,132/267,100,61.53,49.31,51.47,73/263,32/95,163/263,68/95,144/263,46/95
6735,美達科技,2026/06,2026/05/04,2024,N,其他電子業,科技與通訊,半導體,B,54.55,↑,1077/2559,390/907,143/317,49/114,98.99,53.13,56.75,53.25,421/907,140/317,335/907,125/317,454/907,181/317
6739,竹陞科技,2026/06,2026/05/04,2024,N,其他電子業,科技與通訊,軟體與資訊科技服務,B,54,-,1126/2559,408/907,45/100,53/114,100,51.57,58.71,50.82,447/907,31/100,307/907,39/100,543/907,53/100
6741,91APP*-KY,2026/06,2026/05/04,2024,Y,數位雲端,科技與通訊,軟體與資訊科技服務,B,56.31,-,930/2559,336/907,33/100,18/47,97.89,50.86,58.29,57.78,461/907,36/100,313/907,41/100,294/907,26/100
6742,澤米,2026/06,2026/05/04,2024,N,光電業,科技與通訊,硬體,B-,49.11,-,1609/2559,566/907,257/422,77/141,100,35.61,64.03,42.72,756/907,373/422,199/907,70/422,756/907,341/422
6743,安普新,2026/06,2026/05/04,2024,Y,其他電子業,科技與通訊,硬體,C,47.6,↓,1748/2559,611/907,283/422,82/114,100,33.79,45.4,58.5,875/907,410/422,633/907,279/422,281/907,125/422
6751,智聯服務,2026/06,2026/05/04,2024,N,資訊服務業,科技與通訊,軟體與資訊科技服務,B,58.26,↓,749/2559,272/907,27/100,21/56,80.14,76.57,49.77,55.19,72/907,4/100,519/907,66/100,382/907,33/100
6752,叡揚,2026/06,2026/05/04,2024,Y,資訊服務業,科技與通訊,軟體與資訊科技服務,A,67.47,-,181/2559,76/907,6/100,4/56,97.56,57.69,75.24,65.88,333/907,21/100,52/907,5/100,101/907,13/100
6753,龍德造船,2026/06,2026/05/04,2024,N,航運業,資源轉化,工業機械與物品,B-,51.71,↓,1370/2559,259/440,81/137,26/37,91.7,53.5,59.87,44.26,218/440,71/137,128/440,36/137,364/440,108/137
6754,匯僑設計,2026/06,2026/05/04,2024,Y,居家生活,公共建設,工程與建造服務,B+,62.95,-,395/2559,24/177,12/32,4/37,100,65.1,63.4,61.28,28/177,10/32,47/177,14/32,40/177,6/32
6756,威鋒電子,2026/06,2026/05/04,2024,Y,半導體,科技與通訊,半導體,B+,62.47,↑,430/2559,166/907,67/317,56/235,100,54.9,72.9,56.82,380/907,125/317,73/907,32/317,327/907,131/317
6757,台灣虎航,2026/06,2026/05/04,2024,Y,航運業,運輸,航空,B,57.56,-,815/2559,43/127,4/5,17/37,87.98,46.65,69.44,57.66,82/127,4/5,20/127,4/5,44/127,3/5
6761,穩得,2026/06,2026/05/04,2024,Y,電子零組件,科技與通訊,電子製造服務與原廠設計製造,A,65.04,↑,288/2559,120/907,13/53,22/234,100,69.44,72.52,54.79,135/907,19/53,76/907,5/53,392/907,21/53
6762,達亞,2026/06,2026/05/04,2024,N,生技醫療,醫療保健,醫療設備與用品,B+,63.34,-,370/2559,43/263,22/95,43/267,100,74.97,61.17,60.09,23/263,8/95,64/263,27/95,60/263,22/95
6763,綠界科技*,2026/06,2026/05/04,2024,N,數位雲端,科技與通訊,軟體與資訊科技服務,B+,59.58,-,636/2559,230/907,20/100,13/47,84.36,56.89,68.87,52,356/907,23/100,119/907,12/100,502/907,48/100
6767,台微醫,2026/06,2026/05/04,2024,N,生技醫療,醫療保健,醫療設備與用品,A,65.07,↑,286/2559,33/263,15/95,33/267,93.85,64.49,73.12,50.72,62/263,28/95,9/263,3/95,154/263,51/95
6768,志強-KY,2026/06,2026/05/04,2024,Y,運動休閒,消費品,服飾、配件與鞋類,B-,52.52,↓,1291/2559,118/223,26/61,21/32,87.47,61.73,39,62.58,53/223,12/61,193/223,52/61,43/223,10/61
6770,力積電,2026/06,2026/05/04,2024,Y,半導體,科技與通訊,半導體,A+,72.11,-,76/2559,37/907,16/317,14/235,100,65.6,87.86,60.46,180/907,56/317,2/907,2/317,228/907,98/317
6776,展碁國際,2026/06,2026/05/04,2024,N,電子通路業,消費品,多線和專業零售商與配銷商,B,54.64,-,1068/2559,98/223,23/53,18/39,86.13,78.42,48.93,49.19,14/223,3/53,135/223,32/53,148/223,28/53
6781,AES-KY,2026/06,2026/05/04,2024,N,電子零組件,科技與通訊,硬體,B+,61.26,-,509/2559,188/907,74/422,43/234,100,72.37,48.47,67.02,103/907,51/422,543/907,232/422,85/907,34/422
6782,視陽,2026/06,2026/05/04,2024,N,生技醫療,醫療保健,醫療設備與用品,A,65.21,↑,281/2559,31/263,14/95,30/267,100,52.56,70.44,63.49,117/263,45/95,17/263,9/95,40/263,14/95
6785,昱展新藥,2026/06,2026/05/04,2024,N,生技醫療,醫療保健,生物科技與製藥,B-,52,-,1343/2559,129/263,66/143,134/267,100,47.42,48.32,61.57,137/263,70/143,170/263,81/143,50/263,25/143
6788,華景電,2026/06,2026/05/04,2024,N,半導體,科技與通訊,半導體,B-,49.93,-,1549/2559,550/907,200/317,154/235,100,58.28,46.85,47.74,323/907,105/317,594/907,208/317,621/907,241/317
6789,采鈺,2026/06,2026/05/04,2024,Y,半導體,科技與通訊,硬體,A,68.04,-,168/2559,70/907,27/422,28/235,100,86.75,59.66,64.6,16/907,7/422,278/907,111/422,122/907,48/422
6790,永豐實,2026/06,2026/05/04,2024,Y,造紙工業,可再生資源與替代能源,紙漿與紙製品,B+,61.82,-,472/2559,13/55,3/7,3/7,92.52,61.06,65.63,60.38,15/55,2/7,11/55,5/7,13/55,3/7
6791,虎門科技,2026/06,2026/05/04,2024,N,資訊服務業,科技與通訊,軟體與資訊科技服務,B-,50.88,-,1448/2559,510/907,54/100,36/56,100,46.85,51.22,53.09,553/907,46/100,471/907,55/100,462/907,43/100
6792,詠業,2026/06,2026/05/04,2024,N,通信網路業,科技與通訊,硬體,B,53.69,-,1158/2559,421/907,186/422,51/100,95.04,50.1,55.67,53.97,484/907,241/422,358/907,146/422,426/907,189/422
6794,向榮生技,2026/06,2026/05/04,2024,N,生技醫療,醫療保健,生物科技與製藥,B+,60.36,-,579/2559,60/263,26/143,59/267,67.21,56.02,59.06,65.42,98/263,46/143,81/263,38/143,31/263,15/143
6796,晉弘,2026/06,2026/05/04,2024,N,生技醫療,醫療保健,醫療設備與用品,B,57.77,-,800/2559,81/263,30/95,83/267,100,65.72,61.51,46,56/263,26/95,63/263,26/95,195/263,70/95
6799,來頡,2026/06,2026/05/04,2024,N,半導體,科技與通訊,半導體,B,54.86,-,1044/2559,378/907,140/317,113/235,100,62.42,44.6,60.33,236/907,79/317,652/907,229/317,230/907,99/317
6803,崑鼎,2026/06,2026/05/04,2024,Y,綠能環保,公共建設,廢棄物管理,A,69.43,-,134/2559,5/177,1/30,2/66,99.14,63.94,78.21,66.74,33/177,4/30,6/177,1/30,10/177,3/30
6804,明係,2026/06,2026/05/04,2024,N,運動休閒,消費品,玩具及體育商品,B-,49.73,-,1560/2559,138/223,19/26,25/32,71.27,60.45,39.62,55.39,64/223,10/26,188/223,24/26,91/223,14/26
6805,富世達,2026/06,2026/05/04,2024,N,電子零組件,科技與通訊,硬體,B-,52.2,-,1323/2559,476/907,210/422,131/234,99.99,49.35,58.8,47.4,505/907,253/422,303/907,121/422,633/907,284/422
6806,森崴能源,2026/06,2026/05/04,2024,Y,綠能環保,可再生資源與替代能源,太陽能科技與項目開發商,A,70,-,118/2559,4/55,2/29,1/66,78.14,82.44,57.53,66.47,2/55,1/29,22/55,11/29,5/55,4/29
6807,峰源-KY,2026/06,2026/05/04,2024,N,居家生活,消費品,裝潢材料與家具,C,45.27,-,1937/2559,178/223,21/25,28/37,86.66,41.89,42.81,49.57,164/223,20/25,169/223,19/25,144/223,18/25
6811,宏碁資訊,2026/06,2026/05/04,2024,N,數位雲端,科技與通訊,軟體與資訊科技服務,B+,63.05,↓,385/2559,155/907,15/100,6/47,100,74.9,50.67,67.94,80/907,5/100,493/907,64/100,67/907,8/100
6821,聯寶,2026/06,2026/05/04,2024,N,電子零組件,科技與通訊,硬體,C,46.98,-,1795/2559,630/907,288/422,172/234,100,55.67,43.58,44.9,368/907,187/422,681/907,310/422,702/907,316/422
6823,濾能,2026/06,2026/05/04,2024,N,半導體,科技與通訊,硬體,B-,51.49,-,1392/2559,498/907,222/422,140/235,58.48,64.14,47.58,47.42,210/907,107/422,566/907,242/422,631/907,282/422
6829,千附精密,2026/06,2026/05/04,2024,N,半導體,資源轉化,工業機械與物品,B,55.11,↑,1027/2559,189/440,53/137,110/235,100,42.47,56.19,63.77,333/440,105/137,173/440,46/137,59/440,13/137
6830,汎銓,2026/06,2026/05/04,2024,Y,其他電子業,科技與通訊,半導體,B,56.37,-,922/2559,332/907,124/317,44/114,100,32.56,78.99,48.8,884/907,305/317,25/907,11/317,599/907,230/317
6831,邁科,2026/06,2026/05/04,2024,N,電腦及週邊,科技與通訊,硬體,B-,51.92,-,1351/2559,484/907,215/422,82/125,100,34.91,56.02,58.56,864/907,404/422,349/907,141/422,280/907,124/422
6834,天二科技,2026/06,2026/05/04,2024,N,電子零組件,科技與通訊,硬體,B,53.95,↑,1131/2559,410/907,180/422,112/234,100,47.75,61.19,50.63,534/907,267/422,247/907,93/422,551/907,240/422
6835,圓裕,2026/06,2026/05/04,2024,Y,電子零組件,科技與通訊,硬體,B,57.97,-,778/2559,281/907,119/422,69/234,87.26,60.46,49.52,64.85,273/907,141/422,528/907,223/422,118/907,45/422
6838,台新藥,2026/06,2026/05/04,2024,N,生技醫療,醫療保健,生物科技與製藥,C,42.36,-,2168/2559,231/263,120/143,232/267,74.01,41.86,40.64,45.81,198/263,104/143,216/263,112/143,198/263,108/143
6840,東研信超,2026/06,2026/05/04,2024,N,其他電子業,服務,專業與商業服務,B+,62.47,-,428/2559,19/145,9/24,20/114,100,65.09,69.1,49.95,22/145,10/24,17/145,7/24,95/145,15/24
6841,長佳智能,2026/06,2026/05/04,2024,N,生技醫療,醫療保健,醫療設備與用品,B-,52.11,-,1332/2559,128/263,49/95,133/267,55.44,72.71,56.83,30.71,32/263,14/95,96/263,39/95,260/263,93/95
6843,進典,2026/06,2026/05/04,2024,N,電機機械,資源轉化,電氣與電子設備,B-,50.63,-,1478/2559,272/440,107/163,79/123,100,62.08,42.06,48.48,119/440,50/163,357/440,132/163,303/440,114/163
6844,諾貝兒,2026/06,2026/05/04,2024,N,生技醫療,醫療保健,藥品零售商,B-,51.34,-,1404/2559,136/263,5/8,140/267,84.37,44.41,53.67,51.39,142/263,6/8,124/263,5/8,145/263,7/8
6846,綠茵,2026/06,2026/05/04,2024,Y,食品工業,醫療保健,生物科技與製藥,A+,71.46,↑,88/2559,7/263,2/143,5/45,100,79.28,68.48,72.06,10/263,6/143,25/263,10/143,8/263,5/143
6855,數泓科,2026/06,2026/05/04,2024,N,其他電子業,資源轉化,工業機械與物品,B,53.28,-,1200/2559,222/440,66/137,56/114,100,50.49,49.23,58.41,247/440,78/137,271/440,78/137,122/440,36/137
6856,鑫傳,2026/06,2026/05/04,2024,Y,文化創意業,服務,媒體與娛樂,B,58.67,↓,713/2559,32/145,10/84,9/34,100,63.02,55.35,60.78,27/145,10/84,47/145,16/84,24/145,5/84
6859,伯特光,2026/06,2026/05/04,2024,N,光電業,科技與通訊,硬體,C,43.14,-,2112/2559,725/907,338/422,110/141,100,29.36,45.22,49.76,895/907,418/422,639/907,283/422,567/907,248/422
6861,睿生光電,2026/06,2026/05/04,2024,N,生技醫療,醫療保健,醫療設備與用品,A+,74.47,-,35/2559,2/263,1/95,2/267,100,81.58,82.23,55.86,7/263,2/95,1/263,1/95,95/263,32/95
6862,三集瑞-KY,2026/06,2026/05/04,2024,N,電子零組件,科技與通訊,硬體,C,44.28,-,2016/2559,696/907,321/422,189/234,83.07,41.23,43.95,46.54,665/907,326/422,664/907,298/422,662/907,301/422
6863,永道-KY,2026/06,2026/05/04,2024,Y,通信網路業,科技與通訊,硬體,B,58.29,↓,747/2559,271/907,114/422,40/100,100,59.79,58.85,56.77,282/907,145/422,301/907,119/422,330/907,148/422
6865,偉康科技,2026/06,2026/05/04,2024,N,數位雲端,科技與通訊,軟體與資訊科技服務,B,55.97,-,969/2559,352/907,35/100,19/47,100,41.6,67.1,53.91,658/907,54/100,145/907,15/100,427/907,38/100
6869,雲豹能源,2026/06,2026/05/04,2024,Y,綠能環保,可再生資源與替代能源,太陽能科技與項目開發商,B+,62.79,↓,405/2559,11/55,7/29,8/66,88.9,68.76,71.53,53.02,10/55,6/29,7/55,3/29,31/55,17/29
6870,騰雲,2026/06,2026/05/04,2024,N,數位雲端,科技與通訊,軟體與資訊科技服務,B,58.45,-,730/2559,263/907,23/100,15/47,100,52.16,62.73,58.16,440/907,28/100,221/907,28/100,287/907,22/100
6872,浩宇生醫,2026/06,2026/05/04,2024,N,生技醫療,醫療保健,醫療設備與用品,B,56.14,-,953/2559,97/263,36/95,100/267,63.26,46.62,62.65,50.14,139/263,50/95,53/263,23/95,161/263,56/95
6873,泓德能源,2026/06,2026/05/04,2024,Y,綠能環保,可再生資源與替代能源,太陽能科技與項目開發商,A,65.29,-,273/2559,7/55,5/29,7/66,83.93,68.03,72.08,59.28,11/55,7/29,6/55,2/29,15/55,8/29
6874,倍力,2026/06,2026/05/04,2024,Y,資訊服務業,科技與通訊,軟體與資訊科技服務,B,54.23,-,1107/2559,397/907,43/100,31/56,88.32,62.38,50.8,52.5,240/907,15/100,486/907,59/100,478/907,47/100
6875,國邑*,2026/06,2026/05/04,2024,N,生技醫療,醫療保健,生物科技與製藥,B-,52.71,-,1269/2559,122/263,63/143,127/267,100,57.03,45.79,62.67,93/263,43/143,185/263,89/143,44/263,22/143
6877,鏵友益,2026/06,2026/05/04,2024,N,其他電子業,科技與通訊,半導體,B-,48.15,-,1700/2559,598/907,215/317,78/114,88.69,45.66,48.2,49.68,579/907,194/317,548/907,197/317,573/907,223/317
6881,潤德,2026/06,2026/05/04,2024,N,其他,消費品,裝潢材料與家具,C,45.83,-,1892/2559,173/223,19/25,130/211,70.39,59.27,48.66,36.23,70/223,8/25,140/223,16/25,213/223,25/25
6884,海柏特,2026/06,2026/05/04,,N,資訊服務業,服務,專業與商業服務,C,45.64,-,1909/2559,115/145,22/24,40/56,100,49.95,43.68,45.61,81/145,20/24,114/145,21/24,121/145,19/24
6885,全福生技,2026/06,2026/05/04,2024,N,生技醫療,醫療保健,生物科技與製藥,B-,51.86,-,1357/2559,132/263,69/143,136/267,58.18,47.69,46.63,64.02,135/263,68/143,180/263,85/143,38/263,19/143
6887,寶綠特-KY,2026/06,2026/05/04,2024,Y,綠能環保,資源轉化,化學,B,55.19,-,1023/2559,188/440,45/113,21/66,78.17,49.63,54.12,60.15,254/440,61/113,200/440,53/113,99/440,26/113
6890,來億-KY,2026/06,2026/05/04,2024,Y,運動休閒,消費品,服飾、配件與鞋類,C,46.61,-,1833/2559,162/223,45/61,29/32,93.61,51.22,39.13,52.43,113/223,28/61,192/223,51/61,121/223,32/61
6894,衛司特,2026/06,2026/05/04,2024,N,綠能環保,公共建設,廢棄物管理,B-,50.74,↑,1463/2559,107/177,18/30,34/66,100,59.57,47.01,47.8,55/177,7/30,116/177,18/30,129/177,25/30
6895,宏碩系統,2026/06,2026/05/04,2024,N,半導體,資源轉化,電氣與電子設備,B-,51.22,-,1416/2559,264/440,103/163,143/235,86.14,45.65,60.72,48.26,295/440,115/163,115/440,48/163,307/440,116/163
6899,創為精密,2026/06,2026/05/04,2024,N,光電業,科技與通訊,硬體,B,57.86,-,793/2559,288/907,123/422,32/141,100,48.85,59.75,61.66,517/907,259/422,273/907,107/422,192/907,80/422
6901,鑽石投資,2026/06,2026/05/04,2024,Y,其他,金融,資產管理與信託業務,B-,51.87,↓,1356/2559,46/99,1/3,80/211,100,39.5,42.65,63.5,64/99,1/3,74/99,1/3,17/99,1/3
6902,GOGOLOOK,2026/06,2026/05/04,2024,N,數位雲端,科技與通訊,軟體與資訊科技服務,B,54.02,-,1124/2559,406/907,44/100,22/47,100,50.83,65.12,44.93,462/907,37/100,179/907,22/100,701/907,68/100
6903,巨漢,2026/06,2026/05/04,2024,N,其他電子業,科技與通訊,半導體,B,55.6,-,991/2559,362/907,131/317,45/114,100,43.28,64.68,54.31,625/907,213/317,187/907,78/317,408/907,162/317
6904,伯鑫,2026/06,2026/05/04,2024,N,其他,資源轉化,工業機械與物品,B,56.44,-,915/2559,168/440,46/137,48/211,86.28,65.53,46.93,56.75,85/440,29/137,307/440,94/137,152/440,46/137
6906,現觀科,2026/06,2026/05/04,2024,N,數位雲端,科技與通訊,軟體與資訊科技服務,C,46.98,-,1796/2559,631/907,60/100,31/47,100,36.65,49.15,51.32,736/907,66/100,535/907,68/100,527/907,51/100
6907,雅特力-KY,2026/06,2026/05/04,,N,半導體,科技與通訊,半導體,C-,37.12,-,2464/2559,865/907,303/317,224/235,100,35.17,27.22,48.25,810/907,276/317,899/907,313/317,609/907,233/317
6909,創控,2026/06,2026/05/04,,N,半導體,科技與通訊,半導體,C,47.64,-,1745/2559,609/907,219/317,164/235,100,54.55,41.17,49.73,390/907,130/317,740/907,258/317,569/907,221/317
6910,德鴻,2026/06,2026/05/04,,N,數位雲端,科技與通訊,軟體與資訊科技服務,C,46.59,-,1835/2559,648/907,62/100,34/47,100,38.41,54.35,44,715/907,63/100,385/907,47/100,722/907,71/100
6913,鴻呈,2026/06,2026/05/04,2024,N,電子零組件,科技與通訊,硬體,B+,62.76,-,409/2559,163/907,62/422,34/234,79.21,71.16,61.23,58.99,121/907,65/422,246/907,92/422,272/907,121/422
6914,阜爾運通,2026/06,2026/05/04,2024,N,其他,公共建設,不動產服務,B-,52.7,-,1271/2559,96/177,4/8,73/211,100,49.18,46.05,59.56,101/177,6/8,123/177,5/8,50/177,3/8
6916,華凌,2026/06,2026/05/04,2024,N,光電業,科技與通訊,硬體,B,53.26,↑,1203/2559,439/907,195/422,55/141,100,45.01,62.37,49.36,585/907,290/422,228/907,83/422,583/907,255/422
6918,愛派司,2026/06,2026/05/04,,N,生技醫療,醫療保健,醫療設備與用品,C,46.61,-,1834/2559,179/263,73/95,183/267,86.45,41.86,53.96,36.13,198/263,72/95,119/263,51/95,254/263,90/95
6919,康霈*,2026/06,2026/05/04,2024,N,生技醫療,醫療保健,生物科技與製藥,B,53.57,↑,1173/2559,111/263,58/143,114/267,60.14,48.54,51.57,60.37,131/263,64/143,142/263,68/143,57/263,30/143
6922,宸曜,2026/06,2026/05/04,2024,N,電腦及週邊,科技與通訊,硬體,B,54.12,↑,1119/2559,404/907,177/422,70/125,95.49,54.16,61.3,46.9,400/907,205/422,243/907,91/422,649/907,292/422
6923,中台,2026/06,2026/05/04,2024,Y,綠能環保,公共建設,廢棄物管理,C,43.91,-,2050/2559,145/177,24/30,49/66,100,34.95,64.81,34.96,172/177,30/30,39/177,3/30,173/177,30/30
6925,意藍,2026/06,2026/05/04,2024,N,數位雲端,科技與通訊,軟體與資訊科技服務,C,46.85,-,1813/2559,636/907,61/100,32/47,100,39.93,40.15,57.93,675/907,59/100,758/907,84/100,290/907,24/100
6928,攸泰科技,2026/06,2026/05/04,2024,Y,電腦及週邊,科技與通訊,硬體,B,54.36,↓,1097/2559,394/907,172/422,67/125,85.8,57.65,49.54,57.11,334/907,171/422,527/907,222/422,315/907,141/422
6929,佑全,2026/06,2026/05/04,2024,N,生技醫療,醫療保健,藥品零售商,C,44.43,-,2007/2559,205/263,6/8,208/267,100,53.67,37.36,51.61,113/263,4/8,262/263,8/8,142/263,6/8
6931,青松健康,2026/06,2026/05/04,,N,生技醫療,醫療保健,健康照護提供,C,44.78,-,1975/2559,201/263,8/10,204/267,82.42,52.47,37.26,53.77,118/263,6/10,263/263,10/10,115/263,3/10
6933,AMAX-KY,2026/06,2026/05/04,2024,N,電腦及週邊,科技與通訊,硬體,B,56,↑,964/2559,350/907,153/422,58/125,100,54.88,67.07,45.63,382/907,195/422,146/907,55/422,685/907,311/422
6934,心誠鎂,2026/06,2026/05/04,,N,生技醫療,醫療保健,醫療設備與用品,B-,49.52,-,1574/2559,154/263,61/95,157/267,69.51,55.16,47.99,48.83,106/263,43/95,173/263,74/95,172/263,61/95
6936,永鴻生技,2026/06,2026/05/04,,N,生技醫療,醫療保健,生物科技與製藥,B-,52.51,-,1293/2559,126/263,65/143,131/267,95.92,68.41,53.31,41.19,46/263,20/143,127/263,58/143,239/263,131/143
6937,天虹,2026/06,2026/05/04,2024,N,半導體,科技與通訊,半導體,B,56.54,-,903/2559,325/907,121/317,97/235,100,45.75,59.24,60.65,575/907,192/317,290/907,106/317,222/907,96/317
6944,兆聯實業,2026/06,2026/05/04,,N,綠能環保,公共建設,廢棄物管理,B-,52.25,-,1320/2559,99/177,14/30,29/66,98.93,54.48,50.28,52.23,79/177,11/30,103/177,16/30,93/177,13/30
6952,大武山,2026/06,2026/05/04,2024,Y,其他,食品與飲料,肉品、家禽與乳製品,B,58.11,-,764/2559,28/87,3/7,36/211,74.42,69.93,50.77,55.43,17/87,2/7,44/87,3/7,38/87,4/7
6953,家碩,2026/06,2026/05/04,2024,N,半導體,科技與通訊,半導體,B+,60.63,-,562/2559,207/907,81/317,65/235,100,54.87,68.66,56.24,383/907,126/317,123/907,53/317,347/907,141/317
6957,裕慶-KY,2026/06,2026/05/04,2024,N,其他,資源轉化,工業機械與物品,C,45.06,-,1954/2559,356/440,112/137,139/211,100,39.26,46.12,48.61,352/440,114/137,316/440,98/137,298/440,93/137
6958,日盛台駿,2026/06,2026/05/04,2024,Y,其他,金融,抵押融資,B-,49.45,-,1582/2559,58/99,2/6,111/211,100,47.36,47.43,51.84,56/99,5/6,58/99,2/6,58/99,2/6
6961,旅天下,2026/06,2026/05/04,,N,觀光餐旅,服務,專業與商業服務,B-,48.19,↑,1697/2559,105/145,19/24,36/67,100,49.95,42.25,56.42,81/145,20/24,119/145,22/24,54/145,12/24
6962,奕力-KY,2026/06,2026/05/04,2024,N,半導體,科技與通訊,半導體,B+,62.9,-,399/2559,161/907,65/317,54/235,89.45,56.96,69.42,60.14,354/907,118/317,116/907,48/317,235/907,100/317
6965,中傑-KY,2026/06,2026/05/04,2024,N,運動休閒,消費品,服飾、配件與鞋類,B,53.87,-,1138/2559,107/223,23/61,18/32,87.83,51.15,49.66,59.74,114/223,29/61,130/223,29/61,64/223,16/61
6967,汎瑋材料,2026/06,2026/05/04,2024,N,電子零組件,科技與通訊,硬體,B-,49.05,-,1613/2559,568/907,258/422,155/234,100,48.23,43.55,55.07,526/907,262/422,682/907,311/422,386/907,171/422
6968,萬達寵物,2026/06,2026/05/04,2024,N,居家生活,消費品,家用與個人產品,C,42.97,-,2120/2559,187/223,22/23,30/37,80.13,46.08,48.69,35.3,145/223,16/23,138/223,15/23,215/223,21/23
6971,惠民實業,2026/06,2026/05/04,,N,綠能環保,公共建設,廢棄物管理,C,43.19,-,2108/2559,147/177,25/30,52/66,68.56,48.55,35.42,45.24,107/177,20/30,157/177,24/30,139/177,26/30
6982,大井泵浦,2026/06,2026/05/04,2024,Y,電機機械,資源轉化,電氣與電子設備,B,58.33,↓,741/2559,130/440,53/163,37/123,100,48.87,68.9,57.51,265/440,104/163,41/440,17/163,136/440,55/163
6994,富威電力,2026/06,2026/05/04,2024,Y,綠能環保,可再生資源與替代能源,風力科技與項目開發商,B,58.1,-,766/2559,19/55,3/8,13/66,100,70.44,51.4,51.49,9/55,2/8,29/55,5/8,34/55,4/8
6996,力領科技,2026/06,2026/05/04,2024,Y,半導體,科技與通訊,半導體,B,54.13,↑,1118/2559,403/907,147/317,116/235,100,54.11,51.86,56.4,402/907,134/317,456/907,165/317,342/907,138/317
6997,博弘,2026/06,2026/05/04,2024,N,數位雲端,科技與通訊,軟體與資訊科技服務,B+,59.11,-,677/2559,246/907,21/100,14/47,100,58.86,60.54,57.84,312/907,19/100,261/907,32/100,293/907,25/100
7402,邑錡,2026/06,2026/05/04,2024,N,光電業,科技與通訊,硬體,B,56.37,-,925/2559,333/907,145/422,40/141,100,39.83,61.14,62.04,677/907,329/422,248/907,94/422,182/907,75/422
7547,碩網,2026/06,2026/05/04,,N,數位雲端,科技與通訊,軟體與資訊科技服務,C,44.54,-,1994/2559,690/907,67/100,38/47,100,35.17,52.19,42.81,810/907,83/100,445/907,54/100,754/907,75/100
7556,意德士,2026/06,2026/05/04,2024,N,半導體,科技與通訊,半導體,B+,62.77,-,406/2559,162/907,66/317,55/235,100,58.98,65.46,62.48,306/907,101/317,173/907,72/317,165/907,77/317
7584,樂意,2026/06,2026/05/04,2024,N,文化創意業,服務,媒體與娛樂,B,57.99,↓,775/2559,34/145,12/84,10/34,64.95,45.25,68.91,49.86,131/145,83/84,18/145,8/84,96/145,54/84
7642,昶瑞機電,2026/06,2026/05/04,2024,Y,電機機械,消費品,電器製造,B,55.83,-,980/2559,91/223,13/27,49/123,96.59,50.12,54.49,60.05,122/223,16/27,101/223,18/27,60/223,8/27
7703,銳澤,2026/06,2026/05/04,2024,N,其他電子業,科技與通訊,半導體,C,47.46,-,1764/2559,616/907,222/317,84/114,100,45.55,52.43,43.69,580/907,195/317,439/907,157/317,726/907,274/317
7704,明遠精密,2026/06,2026/05/04,2024,N,半導體,科技與通訊,半導體,C,41.76,-,2224/2559,763/907,269/317,202/235,100,42.49,45.01,38.04,642/907,224/317,648/907,228/317,849/907,303/317
7705,三商餐飲,2026/06,2026/05/04,2024,Y,觀光餐旅,食品與飲料,餐飲,B,54.57,-,1075/2559,36/87,7/37,19/67,100,51.08,68.35,40.26,38/87,11/37,15/87,2/37,78/87,30/37
7708,全家餐飲,2026/06,2026/05/04,2024,Y,觀光餐旅,食品與飲料,餐飲,B-,51.61,-,1383/2559,42/87,10/37,30/67,100,52.93,48.16,54.74,34/87,7/37,54/87,15/37,43/87,15/37
7709,榮田,2026/06,2026/05/04,2024,N,電機機械,資源轉化,工業機械與物品,C,46.87,-,1810/2559,333/440,102/137,91/123,95.84,53.26,40.7,46.71,221/440,72/137,369/440,117/137,327/440,100/137
7711,永擎,2026/06,2026/05/04,,N,電腦及週邊,科技與通訊,硬體,C,41.71,-,2227/2559,765/907,355/422,115/125,84.23,35.17,41.43,46.12,810/907,389/422,735/907,336/422,668/907,303/422
7712,博盛半導體,2026/06,2026/05/04,2024,N,半導體,科技與通訊,半導體,B-,51.97,-,1347/2559,482/907,176/317,135/235,99.84,49.23,49.42,56.25,509/907,165/317,531/907,192/317,345/907,140/317
7713,威力德生醫,2026/06,2026/05/04,2024,N,生技醫療,醫療保健,醫療設備與用品,B,56.46,-,911/2559,91/263,34/95,94/267,99.84,59.18,55.28,56.93,78/263,35/95,106/263,44/95,87/263,29/95
7714,創泓科技,2026/06,2026/05/04,,N,數位雲端,科技與通訊,軟體與資訊科技服務,B-,48.62,-,1649/2559,581/907,55/100,28/47,86.86,35.17,50.76,54.97,810/907,83/100,489/907,62/100,390/907,34/100
7715,裕山,2026/06,2026/05/04,2024,N,綠能環保,公共建設,廢棄物管理,B+,59.2,-,670/2559,46/177,5/30,12/66,72.66,51.88,58.31,64.41,87/177,13/30,66/177,7/30,20/177,4/30
7716,昱臺國際,2026/06,2026/05/04,,N,航運業,運輸,海洋運輸,C,43.98,-,2043/2559,99/127,10/13,31/37,100,30.74,35.53,61.13,114/127,13/13,111/127,13/13,32/127,3/13
7717,萊德光電-KY,2026/06,2026/05/04,,N,通信網路業,科技與通訊,硬體,C-,41.03,-,2268/2559,786/907,363/422,91/100,100,35.17,45.45,40.32,810/907,389/422,630/907,277/422,800/907,359/422
7718,友鋮,2026/06,2026/05/04,,N,鋼鐵工業,運輸,汽車零件,C,47.14,-,1783/2559,81/127,51/82,44/57,100,37.75,44.3,56.96,95/127,65/82,89/127,56/82,49/127,32/82
7721,微程式,2026/06,2026/05/04,2024,N,數位雲端,科技與通訊,軟體與資訊科技服務,B,55.4,-,1005/2559,365/907,36/100,20/47,100,45.21,60.77,56.45,583/907,47/100,253/907,31/100,339/907,29/100
7722,LINEPAY,2026/06,2026/05/04,2024,Y,數位雲端,科技與通訊,軟體與資訊科技服務,B+,60.08,-,604/2559,221/907,19/100,12/47,95.53,61.87,64.36,54.68,250/907,16/100,194/907,24/100,395/907,35/100
7723,築間,2026/06,2026/05/04,2024,N,觀光餐旅,食品與飲料,餐飲,B-,50.46,-,1499/2559,45/87,12/37,32/67,64.45,47.59,44.06,61.74,47/87,16/37,61/87,19/37,17/87,4/37
7728,光焱科技,2026/06,2026/05/04,2024,N,其他電子業,科技與通訊,半導體,B-,48.98,↓,1619/2559,571/907,207/317,69/114,10.71,55.22,58.25,60.94,374/907,123/317,314/907,117/317,212/907,89/317
7732,金興精密,2026/06,2026/05/04,2024,N,汽車工業,運輸,汽車零件,B-,49.21,↓,1598/2559,75/127,47/82,33/51,100,61.98,41,44.83,43/127,23/82,99/127,65/82,98/127,64/82
7734,印能科技,2026/06,2026/05/04,2024,N,半導體,科技與通訊,半導體,B+,59.53,-,641/2559,234/907,90/317,73/235,79.26,45.68,76.25,51.54,577/907,193/317,39/907,19/317,518/907,204/317
7736,虎山,2026/06,2026/05/04,2024,N,汽車工業,運輸,汽車零件,C,47.77,-,1735/2559,77/127,48/82,34/51,100,46.86,44.64,50.84,80/127,53/82,86/127,54/82,75/127,49/82
7738,東聯互動,2026/06,2026/05/04,,N,數位雲端,科技與通訊,軟體與資訊科技服務,C,46.21,-,1862/2559,659/907,64/100,35/47,89.82,35.17,50.69,48.71,810/907,83/100,491/907,63/100,601/907,58/100
7743,金利食安,2026/06,2026/05/04,2024,Y,食品工業,食品與飲料,無酒精飲料,B,57.44,↑,827/2559,31/87,6/8,25/45,100,40.26,65.84,64.27,80/87,6/8,19/87,6/8,11/87,2/8
7744,崴寶,2026/06,2026/05/04,,N,電子零組件,科技與通訊,硬體,C,45.49,-,1923/2559,670/907,307/422,181/234,99.97,39.69,48.1,46.55,687/907,336/422,553/907,236/422,661/907,300/422
7747,昕奇雲端,2026/06,2026/05/04,2024,N,數位雲端,科技與通訊,軟體與資訊科技服務,C,45.35,-,1932/2559,671/907,66/100,37/47,99.83,37.41,53.75,41.97,729/907,64/100,402/907,50/100,777/907,82/100
7749,意騰-KY,2026/06,2026/05/04,,N,半導體,科技與通訊,半導體,B-,52.14,-,1330/2559,478/907,174/317,134/235,100,47.05,55.82,51.66,546/907,181/317,352/907,128/317,512/907,201/317
7750,新代,2026/06,2026/05/04,2024,N,電機機械,資源轉化,電氣與電子設備,B+,59.97,-,609/2559,97/440,37/163,31/123,100,57.41,72.49,52.5,176/440,73/163,19/440,7/163,230/440,89/163
7751,竑騰,2026/06,2026/05/04,,N,半導體,科技與通訊,半導體,B,55.38,-,1007/2559,366/907,133/317,106/235,100,39.88,61.25,59.3,676/907,233/317,245/907,95/317,260/907,110/317
7753,星亞,2026/06,2026/05/04,2024,N,光電業,科技與通訊,半導體,B-,50.43,-,1503/2559,530/907,192/317,68/141,99.97,47.25,51.94,50.93,543/907,179/317,454/907,164/317,541/907,210/317
7757,金色三麥,2026/06,2026/05/04,,N,觀光餐旅,食品與飲料,餐飲,B-,48.69,↑,1645/2559,51/87,14/37,35/67,71.61,41.44,49.04,55.72,68/87,28/37,50/87,11/37,35/87,12/37
7760,享溫馨,2026/06,2026/05/04,2024,N,觀光餐旅,服務,休閒設施,B-,51.96,↓,1348/2559,71/145,5/10,25/67,99.07,45.41,51.61,57.31,130/145,7/10,70/145,6/10,42/145,5/10
7765,中華資安,2026/06,2026/05/04,,N,數位雲端,科技與通訊,軟體與資訊科技服務,B-,53.06,-,1223/2559,447/907,49/100,24/47,85.61,49.34,59.27,49.19,506/907,42/100,289/907,38/100,590/907,57/100
7767,仁大資訊,2026/06,2026/05/04,2024,N,資訊服務業,科技與通訊,軟體與資訊科技服務,C-,40.63,↓,2297/2559,796/907,84/100,47/56,98.86,35.17,52.63,32.09,810/907,83/100,433/907,53/100,890/907,98/100
7768,頌勝科技,2026/06,2026/05/04,,N,半導體,資源轉化,化學,C,47.32,-,1773/2559,325/440,78/113,166/235,91.95,49.39,42.57,49.34,259/440,63/113,351/440,91/113,284/440,69/113
7769,鴻勁,2026/06,2026/05/04,,N,半導體,科技與通訊,半導體,C,43.82,-,2057/2559,703/907,251/317,189/235,99.24,48.77,39.15,45.35,518/907,169/317,773/907,268/317,693/907,263/317
7770,君曜,2026/06,2026/05/04,,N,半導體,科技與通訊,半導體,C,47.12,-,1786/2559,625/907,228/317,171/235,100,35.17,50.12,51.67,810/907,276/317,505/907,180/317,510/907,200/317
7772,耀穎,2026/06,2026/05/04,2024,N,半導體,科技與通訊,半導體,C,41.66,-,2229/2559,766/907,271/317,204/235,100,31.63,39.15,50.5,888/907,306/317,774/907,269/317,555/907,215/317
7777,能率亞洲,2026/06,2026/05/04,,N,其他,金融,投資銀行與經紀商,C-,36.34,-,2494/2559,97/99,28/28,204/211,100,35.41,32.32,40.25,80/99,17/28,91/99,26/28,88/99,21/28
7780,大研生醫*,2026/06,2026/05/04,,N,食品工業,醫療保健,生物科技與製藥,B-,51.87,-,1355/2559,131/263,68/143,31/45,84.43,55.49,53.26,47.08,104/263,50/143,130/263,60/143,185/263,101/143
7782,光速火箭,2026/06,2026/05/04,,N,居家生活,消費品,家用與個人產品,C,45.58,-,1915/2559,175/223,20/23,27/37,100,41.7,44.88,48.23,180/223,19/23,156/223,17/23,154/223,17/23
7786,東方風能,2026/06,2026/05/04,2024,N,綠能環保,運輸,海洋運輸,C,43.48,↑,2088/2559,101/127,11/13,50/66,100,55.06,36.13,39.43,60/127,8/13,110/127,12/13,114/127,12/13
7788,松川精密,2026/06,2026/05/04,2024,N,電子零組件,資源轉化,電氣與電子設備,B,58.03,-,770/2559,140/440,57/163,67/234,100,41.76,64.3,65.53,342/440,135/163,70/440,29/163,46/440,22/163
7791,皇家可口,2026/06,2026/05/04,,N,食品工業,食品與飲料,加工食品,C,43.15,-,2111/2559,72/87,12/15,43/45,91.35,28.03,55.5,42.71,87/87,15/15,34/87,6/15,71/87,12/15
7792,安葆,2026/06,2026/05/04,,N,其他電子業,資源轉化,電氣與電子設備,C,41.59,-,2234/2559,391/440,149/163,98/114,100,32.24,43.73,46.99,411/440,157/163,341/440,129/163,322/440,122/163
7794,宏碁智新,2026/06,2026/05/04,,N,居家生活,消費品,電器製造,C-,36.57,-,2485/2559,219/223,27/27,36/37,100,41.7,35.49,35.22,180/223,22/27,213/223,27/27,216/223,27/27
7795,長廣,2026/06,2026/05/04,,N,電子零組件,科技與通訊,半導體,C,47.24,-,1777/2559,620/907,223/317,170/234,86.64,46.69,54.21,40.62,559/907,185/317,390/907,139/317,797/907,293/317
7799,禾榮科,2026/06,2026/05/04,,N,生技醫療,醫療保健,醫療設備與用品,C,46.23,-,1860/2559,184/263,74/95,187/267,58.39,41.86,39.31,61.58,198/263,72/95,233/263,87/95,49/263,18/95
7805,威聯通,2026/06,2026/05/04,2024,N,數位雲端,科技與通訊,硬體,C,46.75,-,1822/2559,640/907,293/422,33/47,91.46,42.26,60.65,35.69,645/907,314/422,256/907,101/422,866/907,399/422
7810,捷創科技,2026/06,2026/05/04,,N,半導體,科技與通訊,半導體,C-,40.46,↓,2306/2559,801/907,285/317,213/235,100,35.17,39.64,44.64,810/907,276/317,766/907,267/317,712/907,269/317
7811,民盛,2026/06,2026/05/04,,N,運動休閒,消費品,玩具及體育商品,C-,39.4,↓,2372/2559,209/223,26/26,32/32,100,41.7,45.56,31.66,180/223,23/26,154/223,22/26,221/223,26/26
7820,立盈,2026/06,2026/05/04,,N,綠能環保,公共建設,廢棄物管理,C,45.76,-,1901/2559,134/177,22/30,43/66,83,48.55,39.09,48.65,107/177,20/30,142/177,22/30,123/177,22/30
7821,神數,2026/06,2026/05/04,,N,其他電子業,運輸,汽車零件,C,44.59,-,1991/2559,96/127,65/82,92/114,100,46.85,42.66,44.16,81/127,54/82,96/127,63/82,101/127,67/82
7822,倍利科,2026/06,2026/05/04,,N,半導體,科技與通訊,半導體,C,43.39,-,2092/2559,720/907,256/317,192/235,100,35.17,36.14,55.84,810/907,276/317,824/907,289/317,358/907,147/317
7828,創新服務,2026/06,2026/05/04,,N,半導體,科技與通訊,半導體,C-,37.61,-,2449/2559,859/907,302/317,223/235,100,35.17,32.67,44.1,810/907,276/317,856/907,299/317,720/907,273/317
8011,台通,2026/06,2026/05/04,2024,N,通信網路業,科技與通訊,電訊服務,C,45.57,-,1918/2559,669/907,6/7,79/100,96.25,71.22,38.36,36.57,119/907,4/7,790/907,7/7,860/907,7/7
8016,矽創,2026/06,2026/05/04,2024,Y,半導體,科技與通訊,半導體,B+,64.53,-,310/2559,131/907,53/317,45/235,100,68.42,65.77,60.84,154/907,45/317,168/907,70/317,216/907,92/317
8021,尖點,2026/06,2026/05/04,2024,Y,其他電子業,科技與通訊,半導體,A,65.48,-,265/2559,113/907,44/317,14/114,82.26,63.99,59.76,72.15,213/907,69/317,271/907,102/317,19/907,7/317
8024,佑華,2026/06,2026/05/04,2024,N,半導體,科技與通訊,半導體,B-,49.96,-,1545/2559,546/907,197/317,152/235,100,35.8,60.65,48.21,754/907,256/317,258/907,96/317,611/907,234/317
8027,鈦昇,2026/06,2026/05/04,2024,N,電機機械,科技與通訊,半導體,B-,52.85,↓,1250/2559,458/907,166/317,64/123,100,47.87,44.52,64.32,531/907,173/317,653/907,230/317,126/907,55/317
8028,昇陽半導體,2026/06,2026/05/04,2024,N,半導體,科技與通訊,半導體,B+,59.18,-,672/2559,242/907,93/317,75/235,100,26.82,68.33,70.48,904/907,316/317,125/907,54/317,31/907,16/317
8032,光菱,2026/06,2026/05/04,2024,Y,電子通路業,科技與通訊,電子製造服務與原廠設計製造,B+,61.7,-,484/2559,180/907,17/53,7/39,100,70.94,62.56,55,124/907,17/53,225/907,19/53,388/907,20/53
8033,雷虎,2026/06,2026/05/04,2024,N,其他,消費品,玩具及體育商品,B-,50.37,-,1507/2559,133/223,18/26,102/211,66.28,43.58,63.02,40.06,155/223,19/26,48/223,9/26,196/223,23/26
8034,榮群,2026/06,2026/05/04,2024,N,通信網路業,科技與通訊,硬體,C,46.72,-,1826/2559,642/907,295/422,76/100,100,36.83,54.91,44.77,733/907,363/422,372/907,152/422,707/907,319/422
8038,長園科,2026/06,2026/05/04,2024,N,電子零組件,可再生資源與替代能源,燃料電池與工業電池,B-,50,-,1541/2559,29/55,4/11,145/234,71.12,50.44,38.72,55.81,27/55,2/11,44/55,7/11,23/55,6/11
8039,台虹,2026/06,2026/05/04,2024,Y,電子零組件,資源轉化,工業機械與物品,A,69.73,-,128/2559,10/440,3/137,10/234,100,72.37,81.82,58.69,35/440,10/137,4/440,2/137,120/440,35/137
8040,九暘,2026/06,2026/05/04,2024,N,半導體,科技與通訊,半導體,B+,59.14,↑,675/2559,244/907,94/317,76/235,99.66,50.22,64.58,59.33,478/907,157/317,189/907,79/317,259/907,109/317
8042,金山電,2026/06,2026/05/04,2024,N,電子零組件,科技與通訊,半導體,B-,51.87,-,1353/2559,485/907,177/317,133/234,90.4,44.85,50.43,57.75,587/907,199/317,497/907,179/317,295/907,122/317
8043,蜜望實,2026/06,2026/05/04,2024,N,電子零組件,科技與通訊,電子製造服務與原廠設計製造,B,54.83,-,1047/2559,380/907,28/53,101/234,100,53.57,46.91,63.55,411/907,34/53,589/907,42/53,140/907,5/53
8044,網家,2026/06,2026/05/04,2024,Y,數位雲端,消費品,電子商務,B+,61.45,-,498/2559,37/223,3/8,9/47,70.05,45.78,58.34,72.43,148/223,4/8,76/223,3/8,2/223,1/8
8045,達運光電,2026/06,2026/05/04,2024,N,通信網路業,科技與通訊,硬體,B,53.29,↑,1199/2559,438/907,194/422,53/100,56.26,41.85,61.56,52.24,654/907,319/422,235/907,87/422,496/907,214/422
8046,南電,2026/06,2026/05/04,2024,Y,電子零組件,科技與通訊,硬體,A,66.21,-,224/2559,100/907,38/422,17/234,91.53,71.69,75.43,53.53,112/907,60/422,48/907,15/422,442/907,195/422
8047,星雲,2026/06,2026/05/04,2024,N,其他電子業,科技與通訊,硬體,C-,35.43,-,2515/2559,888/907,414/422,112/114,67.26,35.17,46.57,24.44,810/907,389/422,600/907,263/422,906/907,421/422
8048,德勝,2026/06,2026/05/04,2024,N,通信網路業,科技與通訊,硬體,B+,64.89,-,296/2559,124/907,47/422,19/100,83.91,64.48,60.9,69.13,201/907,101/422,251/907,97/422,49/907,18/422
8049,晶采,2026/06,2026/05/04,2024,N,光電業,科技與通訊,硬體,B,54.41,-,1091/2559,393/907,171/422,48/141,100,51.12,59.57,51.32,457/907,229/422,280/907,112/422,528/907,227/422
8050,廣積,2026/06,2026/05/04,2024,N,電腦及週邊,科技與通訊,硬體,B,55.81,-,981/2559,357/907,157/422,60/125,91.39,54.98,66.64,45.51,379/907,193/422,154/907,57/422,688/907,312/422
8054,安國,2026/06,2026/05/04,2024,N,半導體,科技與通訊,半導體,B,53.69,-,1157/2559,420/907,151/317,119/235,84.79,60.28,47.52,55.71,277/907,91/317,570/907,205/317,366/907,148/317
8059,凱碩,2026/06,2026/05/04,2024,N,通信網路業,科技與通訊,電子製造服務與原廠設計製造,B-,50.73,-,1465/2559,517/907,36/53,68/100,90.06,50.2,47.56,54.24,480/907,37/53,567/907,38/53,413/907,22/53
8064,東捷,2026/06,2026/05/04,2024,N,光電業,科技與通訊,硬體,B+,61.5,-,495/2559,184/907,71/422,20/141,87.74,65.04,67.43,53.34,194/907,97/422,142/907,54/422,450/907,197/422
8066,來思達,2026/06,2026/05/04,2024,N,居家生活,消費品,裝潢材料與家具,B-,51.41,-,1399/2559,124/223,14/25,20/37,100,62.13,44.82,53.28,51/223,4/25,157/223,18/25,112/223,14/25
8067,志旭,2026/06,2026/05/04,2024,N,電子通路業,消費品,多線和專業零售商與配銷商,B-,48.01,↑,1714/2559,155/223,35/53,29/39,100,43.43,50.7,47.33,156/223,36/53,125/223,29/53,164/223,35/53
8068,全達,2026/06,2026/05/04,2024,N,電子通路業,科技與通訊,電子製造服務與原廠設計製造,C-,39.04,-,2393/2559,838/907,49/53,39/39,100,35.17,45.2,35.33,810/907,50/53,641/907,46/53,871/907,53/53
8069,元太,2026/06,2026/05/04,2024,Y,光電業,科技與通訊,硬體,A+,75.76,-,19/2559,10/907,5/422,2/141,100,87.46,84.77,59.37,14/907,6/422,4/907,2/422,258/907,114/422
8070,長華*,2026/06,2026/05/04,2024,Y,電子通路業,科技與通訊,半導體,B-,52.66,↓,1280/2559,466/907,171/317,22/39,91.1,55.27,53.98,49.69,373/907,122/317,397/907,141/317,572/907,222/317
8071,能率網通,2026/06,2026/05/04,2024,N,電子零組件,科技與通訊,硬體,C-,40.12,-,2324/2559,810/907,376/422,213/234,100,45.53,38.36,38.46,581/907,289/422,791/907,361/422,840/907,383/422
8072,陞泰,2026/06,2026/05/04,2024,N,電子通路業,科技與通訊,電子製造服務與原廠設計製造,C-,39.99,-,2330/2559,813/907,48/53,36/39,100,35.17,29.74,53.3,810/907,50/53,882/907,53/53,451/907,26/53
8074,鉅橡,2026/06,2026/05/04,2024,Y,電子零組件,科技與通訊,硬體,B-,49.85,-,1554/2559,552/907,248/422,150/234,100,45.81,46.05,56.2,574/907,286/422,619/907,270/422,349/907,154/422
8076,伍豐,2026/06,2026/05/04,2024,N,電腦及週邊,科技與通訊,硬體,B,54.16,-,1113/2559,400/907,176/422,68/125,92.03,56.71,65.96,40.74,357/907,179/422,164/907,61/422,795/907,357/422
8077,洛碁,2026/06,2026/05/04,2024,N,觀光餐旅,服務,旅館與住宿,B-,52.36,-,1311/2559,67/145,10/15,23/67,79.2,35.47,51.35,66.36,143/145,13/15,73/145,9/15,10/145,6/15
8080,泰霖,2026/06,2026/05/04,2024,N,建材營造,公共建設,工程與建造服務,C,45.8,-,1896/2559,132/177,24/32,79/94,67.87,52.52,46.98,40.76,84/177,19/32,117/177,25/32,157/177,30/32
8081,致新,2026/06,2026/05/04,2024,N,半導體,科技與通訊,半導體,B,58.64,-,721/2559,261/907,101/317,82/235,97.75,60.86,54.81,61.07,264/907,86/317,376/907,137/317,207/907,87/317
8083,瑞穎,2026/06,2026/05/04,2024,N,電機機械,資源轉化,工業機械與物品,C,46.18,-,1869/2559,341/440,104/137,95/123,100,46.28,40.92,50.06,293/440,93/137,366/440,116/137,271/440,82/137
8084,巨虹,2026/06,2026/05/04,2024,Y,電子通路業,食品與飲料,餐飲,C,42.07,↑,2196/2559,75/87,29/37,35/39,59.78,48.97,40.3,37.25,40/87,12/37,68/87,25/37,85/87,36/37
8085,福華,2026/06,2026/05/04,2024,Y,其他電子業,科技與通訊,硬體,C,44.79,-,1974/2559,683/907,314/422,91/114,67.93,40.77,42.72,49.4,670/907,328/422,699/907,321/422,581/907,253/422
8086,宏捷科,2026/06,2026/05/04,2024,Y,半導體,科技與通訊,半導體,B,57.07,-,853/2559,304/907,116/317,93/235,100,50.1,54.83,63.72,485/907,159/317,375/907,136/317,134/907,58/317
8087,麗升能源,2026/06,2026/05/04,2024,N,綠能環保,可再生資源與替代能源,太陽能科技與項目開發商,B-,52.44,↓,1302/2559,25/55,14/29,28/66,100,67.67,53.9,38.94,12/55,8/29,25/55,14/29,53/55,28/29
8088,品安,2026/06,2026/05/04,2024,N,半導體,科技與通訊,半導體,C,47.07,-,1791/2559,627/907,230/317,173/235,92.66,42.77,59.05,37.8,637/907,221/317,296/907,111/317,851/907,304/317
8089,康全電訊,2026/06,2026/05/04,2024,N,通信網路業,科技與通訊,硬體,B-,49.12,↓,1608/2559,565/907,256/422,69/100,19.7,54.9,58.82,55.13,381/907,194/422,302/907,120/422,384/907,169/422
8091,翔名,2026/06,2026/05/04,2024,N,半導體,科技與通訊,半導體,B,55.38,-,1008/2559,367/907,134/317,107/235,100,43.93,64.44,53.54,616/907,209/317,192/907,80/317,440/907,174/317
8092,建暐,2026/06,2026/05/04,2024,N,其他電子業,資源轉化,工業機械與物品,C-,37.3,-,2454/2559,423/440,131/137,107/114,68.48,35,42.38,35.22,388/440,121/137,355/440,112/137,426/440,131/137
8093,保銳,2026/06,2026/05/04,2024,N,電子零組件,資源轉化,電氣與電子設備,B,58.45,-,732/2559,127/440,51/163,62/234,71.2,65.56,55.64,55.21,84/440,36/163,180/440,74/163,186/440,71/163
8096,擎亞,2026/06,2026/05/04,2024,N,電子通路業,科技與通訊,半導體,B+,61.72,-,482/2559,179/907,75/317,6/39,100,57.25,72.78,53.47,342/907,114/317,74/907,33/317,447/907,178/317
8097,常珵,2026/06,2026/05/04,2024,N,通信網路業,科技與通訊,硬體,C,44.56,-,1993/2559,689/907,318/422,82/100,69.45,34.34,43.45,52.11,872/907,408/422,685/907,313/422,500/907,216/422
8099,大世科,2026/06,2026/05/04,2024,Y,資訊服務業,科技與通訊,軟體與資訊科技服務,B+,63.77,-,351/2559,145/907,12/100,8/56,87.68,64.39,72.97,54.19,204/907,11/100,72/907,7/100,417/907,37/100
8101,華冠,2026/06,2026/05/04,2024,N,通信網路業,科技與通訊,硬體,C-,39.81,-,2347/2559,820/907,384/422,94/100,84.95,39.36,42.35,37.56,702/907,345/422,708/907,324/422,853/907,392/422
8102,傑霖科技,2026/06,2026/05/04,,N,半導體,科技與通訊,半導體,C,46.62,-,1832/2559,647/907,236/317,178/235,92.83,35.17,54.39,46.08,810/907,276/317,383/907,138/317,671/907,254/317
8103,瀚荃,2026/06,2026/05/04,2024,Y,電子零組件,資源轉化,電氣與電子設備,A+,71.29,-,90/2559,5/440,2/163,7/234,100,72.09,72.19,70.03,37/440,16/163,22/440,9/163,16/440,11/163
8104,錸寶,2026/06,2026/05/04,2024,N,光電業,科技與通訊,硬體,C,44.74,-,1979/2559,685/907,315/422,98/141,100,42.77,49.03,41.69,636/907,311/422,536/907,228/422,781/907,351/422
8105,凌巨,2026/06,2026/05/04,2024,Y,光電業,科技與通訊,硬體,B-,52.48,↓,1297/2559,470/907,208/422,59/141,89.96,44.19,45.78,64.4,609/907,303/422,625/907,273/422,125/907,49/422
8107,大億金茂,2026/06,2026/05/04,2024,N,電機機械,運輸,汽車零件,B-,52.38,-,1306/2559,63/127,38/82,72/123,100,64.43,43.57,49.04,39/127,19/82,91/127,58/82,80/127,53/82
8109,博大,2026/06,2026/05/04,2024,N,電子零組件,資源轉化,電氣與電子設備,B,53.53,↑,1175/2559,218/440,91/163,116/234,100,49.14,53.54,56.82,261/440,102/163,209/440,81/163,146/440,58/163
8110,華東,2026/06,2026/05/04,2024,N,半導體,科技與通訊,半導體,B-,49.93,-,1548/2559,549/907,199/317,153/235,100,68.4,53.89,34.31,155/907,46/317,399/907,143/317,878/907,310/317
8111,立碁,2026/06,2026/05/04,2024,Y,光電業,科技與通訊,半導體,A,67,-,198/2559,86/907,36/317,11/141,68.03,74.21,64.95,64.5,85/907,25/317,182/907,75/317,124/907,54/317
8112,至上,2026/06,2026/05/04,2024,Y,電子通路業,科技與通訊,電子製造服務與原廠設計製造,B,58.87,-,699/2559,253/907,20/53,10/39,93.95,73.21,55.19,53.5,97/907,14/53,367/907,30/53,444/907,25/53
8114,振樺電,2026/06,2026/05/04,2024,Y,電腦及週邊,科技與通訊,硬體,B+,62.03,-,459/2559,175/907,68/422,31/125,92.9,76.3,52.43,62.61,75/907,36/422,440/907,187/422,160/907,62/422
8121,越峰,2026/06,2026/05/04,2024,Y,電子零組件,資源轉化,電氣與電子設備,B+,62.29,-,440/2559,61/440,27/163,37/234,91.49,62.98,70.62,55.53,111/440,46/163,30/440,13/163,178/440,68/163
8131,福懋科,2026/06,2026/05/04,2024,Y,半導體,科技與通訊,半導體,A,64.94,↑,293/2559,121/907,48/317,42/235,97.73,67.49,75.28,52.99,169/907,53/317,50/907,24/317,465/907,184/317
8147,正淩,2026/06,2026/05/04,2024,N,電子零組件,科技與通訊,硬體,B,56.55,-,901/2559,323/907,143/422,84/234,100,54.08,54.06,60.6,403/907,206/422,395/907,166/422,224/907,94/422
8150,南茂,2026/06,2026/05/04,2024,Y,半導體,科技與通訊,半導體,A,70.37,-,108/2559,51/907,21/317,20/235,92.1,78.28,69.12,66.62,62/907,20/317,118/907,50/317,88/907,35/317
8155,博智,2026/06,2026/05/04,2024,N,電子零組件,科技與通訊,硬體,B-,49.91,-,1551/2559,551/907,247/422,149/234,100,67.73,39.33,49.24,165/907,82/422,770/907,354/422,589/907,260/422
8163,達方,2026/06,2026/05/04,2024,Y,電腦及週邊,科技與通訊,硬體,B+,62.97,↓,394/2559,158/907,60/422,27/125,88.92,76.38,55,62.47,73/907,34/422,371/907,151/422,166/907,64/422
8171,天宇,2026/06,2026/05/04,2024,N,綠能環保,科技與通訊,硬體,B,54.52,-,1081/2559,392/907,170/422,25/66,56.99,53.4,63.09,46.67,412/907,209/422,214/907,76/422,657/907,297/422
8176,智捷,2026/06,2026/05/04,2024,Y,通信網路業,科技與通訊,硬體,B+,61.84,-,471/2559,177/907,69/422,27/100,100,48.28,66.95,65.28,525/907,261/422,148/907,56/422,112/907,44/422
8182,加高,2026/06,2026/05/04,2024,Y,電子零組件,資源轉化,電氣與電子設備,B+,63.02,-,386/2559,47/440,21/163,33/234,100,66.4,64.81,59.15,77/440,33/163,67/440,28/163,116/440,46/163
8183,精星,2026/06,2026/05/04,2024,N,其他電子業,科技與通訊,硬體,B-,48.77,-,1637/2559,577/907,264/422,71/114,94.46,66.18,36.84,49.71,177/907,90/422,813/907,375/422,571/907,250/422
8201,無敵,2026/06,2026/05/04,2024,N,其他電子業,科技與通訊,軟體與資訊科技服務,B,55.27,-,1015/2559,369/907,37/100,48/114,78.69,50.92,68.04,45.25,459/907,35/100,129/907,13/100,697/907,67/100
8210,勤誠,2026/06,2026/05/04,2024,Y,電腦及週邊,科技與通訊,硬體,A,66.94,-,200/2559,87/907,33/422,15/125,100,76.33,52.85,75.11,74/907,35/422,428/907,181/422,9/907,5/422
8213,志超,2026/06,2026/05/04,2024,N,電子零組件,科技與通訊,硬體,B-,52.55,↓,1288/2559,468/907,206/422,128/234,97.47,65.07,50.19,47.01,193/907,96/422,500/907,210/422,645/907,290/422
8215,明基材,2026/06,2026/05/04,2024,Y,光電業,科技與通訊,硬體,A+,77.21,-,8/2559,6/907,2/422,1/141,100,80.54,83.88,68.44,53/907,26/422,6/907,3/422,59/907,22/422
8222,寶一,2026/06,2026/05/04,2024,N,電機機械,資源轉化,航空航太與國防,B,56.82,-,880/2559,162/440,3/10,43/123,100,51.62,54.24,62.65,235/440,4/10,196/440,5/10,71/440,2/10
8227,巨有科技,2026/06,2026/05/04,2024,N,半導體,科技與通訊,半導體,B-,50.32,-,1512/2559,536/907,194/317,148/235,100,50.91,46.77,53.5,460/907,152/317,595/907,209/317,445/907,176/317
8234,新漢,2026/06,2026/05/04,2024,Y,電腦及週邊,科技與通訊,硬體,B+,61.33,-,504/2559,185/907,72/422,33/125,92.08,51.36,50.13,78.83,450/907,226/422,504/907,213/422,2/907,2/422
8240,華宏,2026/06,2026/05/04,2024,N,光電業,科技與通訊,硬體,B,56.6,↓,892/2559,319/907,139/422,37/141,87.58,60.79,49.81,60.75,267/907,138/422,517/907,219/422,219/907,92/422
8249,菱光,2026/06,2026/05/04,2024,N,電子零組件,科技與通訊,半導體,C,43.8,-,2062/2559,706/907,252/317,192/234,100,42.58,39.81,48.57,639/907,222/317,763/907,266/317,605/907,231/317
8255,朋程,2026/06,2026/05/04,2024,Y,電機機械,科技與通訊,半導體,A,64.92,-,294/2559,122/907,49/317,11/123,100,63.01,70.37,60.69,230/907,77/317,95/907,39/317,220/907,94/317
8261,富鼎,2026/06,2026/05/04,2024,N,半導體,科技與通訊,半導體,B+,59.07,-,682/2559,248/907,95/317,78/235,100,57.24,58.78,60.5,343/907,115/317,304/907,112/317,226/907,97/317
8271,宇瞻,2026/06,2026/05/04,2024,Y,半導體,科技與通訊,半導體,A,65.45,-,266/2559,114/907,45/317,39/235,100,65.41,63.9,67.02,186/907,60/317,202/907,82/317,84/907,33/317
8272,全景軟體,2026/06,2026/05/04,2024,N,資訊服務業,科技與通訊,軟體與資訊科技服務,B,54.8,-,1051/2559,383/907,40/100,28/56,100,35.5,66.02,55.77,757/907,68/100,163/907,18/100,361/907,30/100
8277,商丞,2026/06,2026/05/04,2024,Y,半導體,科技與通訊,半導體,B-,50.31,-,1513/2559,537/907,195/317,149/235,57.12,50.02,38.64,62.17,490/907,160/317,783/907,275/317,177/907,80/317
8279,生展,2026/06,2026/05/04,2024,Y,生技醫療,醫療保健,生物科技與製藥,B+,60.13,-,599/2559,62/263,28/143,60/267,100,58.94,63.12,55.4,79/263,36/143,50/263,22/143,98/263,56/143
8284,三竹,2026/06,2026/05/04,2024,Y,資訊服務業,科技與通訊,軟體與資訊科技服務,B+,64.52,-,311/2559,132/907,11/100,7/56,80.1,51.15,64.9,72.57,456/907,34/100,184/907,23/100,16/907,3/100
8289,泰藝,2026/06,2026/05/04,2024,N,電子零組件,資源轉化,電氣與電子設備,B+,62.6,↑,421/2559,55/440,25/163,36/234,94.52,60.27,62.47,64.43,139/440,58/163,97/440,41/163,54/440,27/163
8291,尚茂,2026/06,2026/05/04,2024,N,電子零組件,科技與通訊,硬體,C-,34.3,-,2538/2559,900/907,419/422,232/234,13.22,34.46,38.7,43.67,870/907,407/422,779/907,358/422,727/907,329/422
8299,群聯,2026/06,2026/05/04,2024,Y,半導體,科技與通訊,半導體,A,71.03,-,98/2559,47/907,20/317,18/235,89.15,67.7,73.07,71.11,167/907,52/317,71/907,31/317,27/907,14/317
8341,日友,2026/06,2026/05/04,2024,N,綠能環保,公共建設,廢棄物管理,B-,51.28,-,1411/2559,102/177,15/30,31/66,100,50.35,53.4,50.39,95/177,16/30,84/177,11/30,107/177,18/30
8342,益張,2026/06,2026/05/04,2024,N,其他,消費品,裝潢材料與家具,B,57.92,↓,785/2559,73/223,7/25,38/211,92.38,59.29,47.45,68.53,69/223,7/25,148/223,17/25,9/223,1/25
8349,恒耀,2026/06,2026/05/04,2024,Y,鋼鐵工業,資源轉化,工業機械與物品,A,65.99,-,236/2559,21/440,5/137,3/57,95.72,69.41,69.02,61.16,58/440,21/137,38/440,12/137,87/440,26/137
8354,冠好,2026/06,2026/05/04,2024,N,其他,資源轉化,容器與包裝,B-,51.28,-,1412/2559,263/440,11/17,88/211,100,46.65,49.79,55.88,291/440,11/17,261/440,10/17,169/440,9/17
8358,金居,2026/06,2026/05/04,2024,N,電子零組件,科技與通訊,硬體,C,42.18,-,2184/2559,752/907,350/422,201/234,87.77,41.62,43.7,41.01,657/907,321/422,675/907,308/422,793/907,355/422
8367,建新國際,2026/06,2026/05/04,2024,N,航運業,運輸,空運與物流,B-,51.98,↓,1346/2559,64/127,5/8,25/37,77.03,57.69,53.49,46.17,55/127,5/8,62/127,6/8,94/127,4/8
8374,羅昇,2026/06,2026/05/04,2024,Y,電機機械,資源轉化,工業機械與物品,B+,62.49,-,427/2559,58/440,20/137,19/123,81.12,71.53,52.35,63.31,40/440,12/137,228/440,65/137,65/440,18/137
8383,千附,2026/06,2026/05/04,2024,N,半導體,科技與通訊,半導體,C,44.94,-,1964/2559,680/907,245/317,186/235,94.65,43.11,38.69,52.34,630/907,216/317,781/907,273/317,489/907,191/317
8390,金益鼎,2026/06,2026/05/04,2024,Y,綠能環保,公共建設,廢棄物管理,A,69.31,-,139/2559,6/177,2/30,3/66,92.51,78.59,64.16,67.09,6/177,1/30,45/177,4/30,9/177,2/30
8401,白紗科,2026/06,2026/05/04,2024,N,其他,服務,專業與商業服務,B+,61.16,↓,517/2559,27/145,12/24,21/211,100,66.14,55.92,65.87,20/145,8/24,46/145,15/24,13/145,4/24
8403,盛弘,2026/06,2026/05/04,2024,N,生技醫療,醫療保健,健康照護配銷商,A+,75.97,-,17/2559,1/263,1/7,1/267,100,87.28,75.75,69.37,3/263,2/7,4/263,1/7,22/263,2/7
8404,百和興業-KY,2026/06,2026/05/04,2024,Y,其他,消費品,服飾、配件與鞋類,B+,58.94,-,692/2559,61/223,13/61,33/211,100,57.56,58.35,60.24,80/223,18/61,75/223,15/61,58/223,15/61
8409,商之器,2026/06,2026/05/04,2024,N,生技醫療,科技與通訊,軟體與資訊科技服務,C-,37.07,↓,2465/2559,866/907,93/100,264/267,100,34.73,46.3,29.33,867/907,98/100,608/907,72/100,899/907,99/100
8410,森田,2026/06,2026/05/04,2024,N,電腦及週邊,科技與通訊,硬體,B,57.68,-,808/2559,293/907,127/422,50/125,83.1,47.93,51.75,69.75,530/907,265/422,460/907,196/422,36/907,12/422
8411,福貞-KY,2026/06,2026/05/04,2024,N,其他,資源轉化,容器與包裝,B+,61.23,-,510/2559,77/440,3/17,20/211,89.48,54.22,64.9,63.75,209/440,7/17,65/440,2/17,62/440,2/17
8415,大國鋼,2026/06,2026/05/04,2024,Y,鋼鐵工業,資源轉化,工業機械與物品,B+,64.03,-,333/2559,34/440,12/137,9/57,99,62.03,71.22,60.14,121/440,41/137,28/440,9/137,100/440,30/137
8416,實威,2026/06,2026/05/04,2024,N,資訊服務業,科技與通訊,軟體與資訊科技服務,B+,60.7,-,556/2559,204/907,18/100,14/56,100,41.84,71.53,61.79,655/907,53/100,82/907,10/100,186/907,19/100
8421,旭源,2026/06,2026/05/04,2024,N,其他,資源轉化,容器與包裝,B,54.42,-,1088/2559,200/440,9/17,59/211,100,62.94,39.28,59.4,112/440,4/17,382/440,12/17,112/440,4/17
8422,可寧衛*,2026/06,2026/05/04,2024,Y,綠能環保,公共建設,廢棄物管理,B+,62.65,-,418/2559,28/177,4/30,9/66,93.99,54.22,70.95,62.16,80/177,12/30,15/177,2/30,31/177,6/30
8423,保綠-KY,2026/06,2026/05/04,2024,N,綠能環保,公共建設,廢棄物管理,B,57.17,-,845/2559,56/177,6/30,15/66,80.04,65.05,46.54,59.63,29/177,3/30,121/177,19/30,49/177,9/30
8424,惠普,2026/06,2026/05/04,2024,Y,建材營造,提煉與礦產加工,建築材料,C,44.76,-,1978/2559,31/36,14/17,81/94,76.31,43.54,49.48,42.8,30/36,15/17,19/36,9/17,31/36,14/17
8426,紅木-KY,2026/06,2026/05/04,2024,N,其他,消費品,裝潢材料與家具,C,43.6,-,2079/2559,184/223,22/25,159/211,100,41.85,35.6,53.06,165/223,21/25,212/223,23/25,115/223,15/25
8429,金麗-KY,2026/06,2026/05/04,2024,N,貿易百貨,消費品,服飾、配件與鞋類,C-,38.15,-,2431/2559,214/223,60/61,18/20,100,34.08,43.59,34.27,208/223,54/61,163/223,39/61,217/223,59/61
8431,匯鑽科,2026/06,2026/05/04,2024,N,其他電子業,科技與通訊,硬體,C-,38.75,-,2407/2559,843/907,395/422,103/114,74.63,29.33,36.89,46.56,896/907,419/422,810/907,373/422,660/907,299/422
8432,東生華,2026/06,2026/05/04,2024,Y,生技醫療,醫療保健,生物科技與製藥,B+,62.03,-,458/2559,47/263,18/143,47/267,100,87.04,52.22,64.44,4/263,1/143,140/263,67/143,36/263,17/143
8433,弘帆,2026/06,2026/05/04,2024,N,居家生活,消費品,多線和專業零售商與配銷商,B,56.58,-,895/2559,82/223,19/53,16/37,80.41,47.73,67.04,49.63,135/223,34/53,32/223,8/53,143/223,27/53
8435,鉅邁,2026/06,2026/05/04,2024,N,其他,公共建設,自來水公用事業與服務,A,65.79,↑,247/2559,13/177,1/5,11/211,79.75,53.87,66.43,72.82,83/177,2/5,30/177,2/5,2/177,1/5
8436,大江,2026/06,2026/05/04,2024,Y,生技醫療,食品與飲料,無酒精飲料,A,69.58,-,129/2559,7/87,4/8,15/267,88.35,60.91,81.91,62.52,23/87,4/8,2/87,1/8,14/87,3/8
8437,大地-KY,2026/06,2026/05/04,2024,N,其他,服務,教育,B+,60.4,-,577/2559,29/145,2/6,25/211,100,47.66,73.88,48.17,126/145,6/6,8/145,1/6,101/145,5/6
8438,昶昕,2026/06,2026/05/04,2024,N,綠能環保,公共建設,廢棄物管理,B-,52.64,↓,1282/2559,97/177,13/30,27/66,76.84,50.58,40.67,62.27,93/177,15/30,139/177,21/30,29/177,5/30
8440,綠電,2026/06,2026/05/04,2024,Y,綠能環保,公共建設,廢棄物管理,B,56.31,-,934/2559,67/177,10/30,19/66,66.47,56.64,48.69,61.42,67/177,9/30,107/177,17/30,37/177,8/30
8442,威宏-KY,2026/06,2026/05/04,2024,N,其他,消費品,服飾、配件與鞋類,B,57.8,↑,797/2559,75/223,15/61,39/211,58.22,57.44,64.77,50.47,81/223,19/61,41/223,8/61,135/223,39/61
8443,阿瘦,2026/06,2026/05/04,2024,N,貿易百貨,消費品,服飾、配件與鞋類,B,54.45,-,1084/2559,100/223,21/61,8/20,100,42.82,68.45,45.04,161/223,44/61,23/223,2/61,176/223,51/61
8444,綠河-KY,2026/06,2026/05/04,2024,Y,其他,消費品,裝潢材料與家具,B+,60.17,-,598/2559,52/223,5/25,28/211,91.4,60.55,61.2,58.87,62/223,6/25,54/223,5/25,70/223,8/25
8446,華研,2026/06,2026/05/04,2024,N,文化創意業,服務,媒體與娛樂,A,66.75,-,205/2559,7/145,2/84,3/34,100,73.2,69.23,58.06,7/145,2/84,16/145,7/84,39/145,13/84
8450,霹靂,2026/06,2026/05/04,2024,N,文化創意業,服務,媒體與娛樂,B-,50.68,↓,1473/2559,87/145,44/84,24/34,71.95,39.67,42.67,71.57,139/145,84/84,118/145,64/84,7/145,1/84
8454,富邦媒,2026/06,2026/05/04,2024,Y,數位雲端,消費品,電子商務,A+,75.07,-,23/2559,1/223,1/8,1/47,73.27,73.72,79.35,72.27,25/223,1/8,4/223,1/8,3/223,2/8
8455,大拓-KY,2026/06,2026/05/04,2024,N,其他電子業,資源轉化,工業機械與物品,B-,48.39,↑,1673/2559,309/440,96/137,76/114,73.35,38.89,48.86,55.17,360/440,115/137,277/440,81/137,187/440,52/137
8462,柏文,2026/06,2026/05/04,2024,N,運動休閒,服務,休閒設施,B+,63.89,-,345/2559,14/145,1/10,8/32,99.69,43.73,76.53,58.45,132/145,8/10,6/145,1/10,38/145,3/10
8463,潤泰材,2026/06,2026/05/04,2024,Y,其他,提煉與礦產加工,建築材料,B,56.25,-,940/2559,9/36,6/17,49/211,92.5,45.94,71.3,56.97,24/36,13/17,6/36,3/17,13/36,6/17
8464,億豐,2026/06,2026/05/04,2024,Y,居家生活,消費品,裝潢材料與家具,B+,61.78,-,474/2559,33/223,3/25,7/37,85.69,79.14,61.71,53.41,11/223,2/25,51/223,4/25,110/223,13/25
8466,美吉吉-KY,2026/06,2026/05/04,2024,N,其他,消費品,裝潢材料與家具,B,53.81,-,1144/2559,108/223,12/25,64/211,89.77,54.24,53.48,53.95,96/223,13/25,108/223,12/25,108/223,11/25
8467,波力-KY,2026/06,2026/05/04,2024,N,運動休閒,消費品,玩具及體育商品,B+,60.76,↑,553/2559,45/223,8/26,10/32,100,50.21,69.69,56.28,120/223,15/26,17/223,2/26,84/223,11/26
8472,夠麻吉,2026/06,2026/05/04,2024,N,數位雲端,科技與通訊,互聯網媒體與服務,B,56.49,↓,909/2559,327/907,4/8,17/47,68.03,50.74,61.32,55.29,464/907,3/8,241/907,4/8,378/907,5/8
8473,山林水,2026/06,2026/05/04,2024,N,綠能環保,公共建設,自來水公用事業與服務,B+,61.74,-,479/2559,32/177,2/5,10/66,100,68.23,67.1,53.92,25/177,1/5,29/177,1/5,81/177,3/5
8476,台境*,2026/06,2026/05/04,2024,N,綠能環保,公共建設,廢棄物管理,B,55.15,-,1025/2559,74/177,11/30,22/66,100,49.47,51.19,61.48,99/177,17/30,94/177,15/30,36/177,7/30
8477,創業家,2026/06,2026/05/04,2024,N,數位雲端,消費品,電子商務,B,53.58,↑,1172/2559,110/223,5/8,23/47,94.05,41.7,48.75,64.57,180/223,6/8,137/223,5/8,25/223,3/8
8478,東哥遊艇,2026/06,2026/05/04,2024,N,運動休閒,資源轉化,工業機械與物品,B,53.99,-,1127/2559,209/440,61/137,17/32,100,45.28,58.76,56.94,301/440,95/137,139/440,42/137,145/440,44/137
8481,政伸,2026/06,2026/05/04,2024,N,其他,服務,專業與商業服務,A,66.04,↓,234/2559,11/145,5/24,9/211,82.57,66.14,61.72,72.89,21/145,9/24,32/145,11/24,5/145,2/24
8482,商億-KY,2026/06,2026/05/04,2024,N,居家生活,消費品,裝潢材料與家具,C,45.81,-,1894/2559,174/223,20/25,26/37,100,48.01,34.07,57.39,131/223,16/25,216/223,24/25,79/223,9/25
8488,吉源-KY,2026/06,2026/05/04,2024,N,其他,資源轉化,容器與包裝,C,47.07,-,1790/2559,329/440,12/17,128/211,100,37.85,43.55,56.62,373/440,15/17,343/440,11/17,155/440,7/17
8489,三貝德,2026/06,2026/05/04,2024,N,其他,服務,教育,B,57.16,-,846/2559,40/145,4/6,47/211,83.48,71.47,54.87,50.32,10/145,1/6,52/145,5/6,89/145,4/6
8499,鼎炫-KY,2026/06,2026/05/04,2024,N,其他電子業,資源轉化,電氣與電子設備,B,53.66,-,1163/2559,216/440,90/163,54/114,81.26,50.43,66.69,46.31,248/440,100/163,52/440,22/163,337/440,128/163
8905,裕國,2026/06,2026/05/04,2024,Y,其他,食品與飲料,肉品、家禽與乳製品,B-,51.8,-,1365/2559,40/87,5/7,81/211,80.14,45.63,49.4,61.31,52/87,6/7,48/87,5/7,18/87,2/7
8906,花王,2026/06,2026/05/04,2024,N,其他,服務,專業與商業服務,B-,48.59,-,1651/2559,100/145,18/24,116/211,100,51.83,51.6,41.38,37/145,16/24,71/145,17/24,132/145,22/24
8908,欣雄,2026/06,2026/05/04,2024,N,油電燃氣業,公共建設,天燃氣公用事業與配送,B-,50.1,↓,1534/2559,112/177,6/13,10/13,100,66.89,53.88,36.91,26/177,1/13,83/177,6/13,165/177,12/13
8916,光隆,2026/06,2026/05/04,2024,Y,其他,消費品,服飾、配件與鞋類,B,56.18,↓,947/2559,88/223,18/61,52/211,100,83.8,48.33,51.17,2/223,2/61,144/223,34/61,131/223,37/61
8917,欣泰,2026/06,2026/05/04,2024,Y,油電燃氣業,公共建設,天燃氣公用事業與配送,A,65.9,-,240/2559,11/177,1/13,2/13,76.36,61.64,70.22,65.56,43/177,4/13,17/177,3/13,14/177,1/13
8921,沈氏,2026/06,2026/05/04,2024,N,其他,服務,專業與商業服務,B+,61.14,-,519/2559,28/145,13/24,22/211,100,57.46,60.39,65.04,31/145,12/24,33/145,12/24,16/145,6/24
8923,時報,2026/06,2026/05/04,2024,N,文化創意業,服務,媒體與娛樂,B+,63.89,↓,344/2559,13/145,6/84,5/34,100,53.52,70.96,60.19,34/145,13/84,13/145,6/84,26/145,6/84
8924,大田,2026/06,2026/05/04,2024,N,運動休閒,消費品,玩具及體育商品,B,54.16,-,1114/2559,105/223,15/26,16/32,100,35.05,61.16,55.93,205/223,26/26,55/223,10/26,86/223,12/26
8926,台汽電,2026/06,2026/05/04,2024,Y,油電燃氣業,公共建設,電力公用事業與發電,A,66.92,-,203/2559,9/177,1/5,1/13,88.57,63.67,76.79,62.09,34/177,2/5,9/177,1/5,32/177,1/5
8927,北基,2026/06,2026/05/04,2024,N,油電燃氣業,提煉與礦產加工,石油和天然氣-精煉與行銷,C,45.71,↓,1905/2559,30/36,5/5,12/13,0,66.47,37.46,60.68,6/36,1/5,30/36,5/5,8/36,1/5
8928,鉅明,2026/06,2026/05/04,2024,N,運動休閒,消費品,玩具及體育商品,B,56.81,-,882/2559,81/223,12/26,13/32,81.82,42.92,60.22,59.9,159/223,20/26,60/223,11/26,62/223,9/26
8929,富堡,2026/06,2026/05/04,2024,N,其他,消費品,家用與個人產品,B+,64.69,-,304/2559,22/223,5/23,14/211,100,58.02,68.84,63.48,78/223,8/23,20/223,4/23,35/223,5/23
8930,青鋼,2026/06,2026/05/04,2024,N,鋼鐵工業,資源轉化,工業機械與物品,B-,52.37,-,1310/2559,246/440,76/137,33/57,100,42.37,46.02,64.63,334/440,106/137,317/440,99/137,53/440,11/137
8931,大汽電,2026/06,2026/05/04,2024,N,油電燃氣業,公共建設,電力公用事業與發電,B+,59.89,-,614/2559,40/177,3/5,4/13,80.95,56.87,65.78,57.69,65/177,3/5,34/177,2/5,63/177,3/5
8932,智通*,2026/06,2026/05/04,2024,N,其他,消費品,服飾、配件與鞋類,B-,48.92,-,1625/2559,147/223,38/61,113/211,99.93,44.88,60,38.95,153/223,42/61,62/223,9/61,204/223,56/61
8933,愛地雅,2026/06,2026/05/04,2024,N,運動休閒,消費品,玩具及體育商品,C,46.42,-,1850/2559,166/223,22/26,31/32,65,51.76,50.46,39.45,109/223,12/26,126/223,18/26,201/223,25/26
8935,邦泰,2026/06,2026/05/04,2024,N,其他,資源轉化,化學,C,44.44,-,2003/2559,365/440,90/113,146/211,69.25,44.45,53.46,37.67,310/440,74/113,211/440,56/113,412/440,107/113
8936,國統,2026/06,2026/05/04,2024,Y,其他,資源轉化,工業機械與物品,B-,51.66,-,1375/2559,260/440,82/137,83/211,100,47.19,52.75,54.21,284/440,90/137,223/440,63/137,203/440,57/137
8937,合騏*,2026/06,2026/05/04,2024,N,其他,運輸,汽車,C-,40.75,↓,2288/2559,108/127,7/10,186/211,100,33.3,45.47,43.35,103/127,6/10,82/127,6/10,102/127,7/10
8938,明安,2026/06,2026/05/04,2024,Y,運動休閒,消費品,玩具及體育商品,A+,73.88,-,44/2559,3/223,1/26,1/32,94.14,74.82,78.68,68.25,21/223,8/26,6/223,1/26,11/223,3/26
8940,新天地,2026/06,2026/05/04,2024,Y,觀光餐旅,食品與飲料,餐飲,B-,51.83,-,1360/2559,39/87,8/37,26/67,92.45,57.98,48.9,49.29,27/87,2/37,52/87,13/37,58/87,20/37
8941,關中,2026/06,2026/05/04,2024,N,居家生活,消費品,電器製造,B+,60.35,-,581/2559,49/223,9/27,9/37,100,63.96,68.8,49.49,45/223,6/27,21/223,6/27,145/223,18/27
8942,森鉅,2026/06,2026/05/04,2024,N,其他,資源轉化,化學,C,45.23,-,1940/2559,354/440,88/113,137/211,79.17,38.46,47.1,48.9,369/440,89/113,306/440,82/113,293/440,72/113
8996,高力,2026/06,2026/05/04,2024,Y,電機機械,資源轉化,電氣與電子設備,B+,61.11,-,522/2559,79/440,31/163,24/123,100,63.81,63.65,57.17,102/440,45/163,81/440,33/163,140/440,57/163
9802,鈺齊-KY,2026/06,2026/05/04,2024,N,運動休閒,消費品,服飾、配件與鞋類,B-,49.55,-,1571/2559,139/223,34/61,26/32,100,52.87,43.4,54.55,102/223,22/61,165/223,40/61,98/223,24/61
9902,台火,2026/06,2026/05/04,2024,N,其他,資源轉化,工業機械與物品,B-,49.58,-,1567/2559,289/440,90/137,109/211,100,50.22,43.49,53.67,250/440,80/137,344/440,108/137,211/440,59/137
9904,寶成,2026/06,2026/05/04,2024,Y,運動休閒,消費品,服飾、配件與鞋類,B+,62.43,-,434/2559,31/223,5/61,9/32,90.27,65.4,59.61,64.02,39/223,10/61,64/223,10/61,29/223,6/61
9905,大華,2026/06,2026/05/04,2024,Y,其他,資源轉化,容器與包裝,B,57.77,-,801/2559,144/440,6/17,40/211,100,51.28,61.8,59.61,240/440,8/17,105/440,5/17,109/440,3/17
9906,欣巴巴,2026/06,2026/05/04,2024,Y,建材營造,公共建設,房屋營造,B+,63.4,-,368/2559,22/177,4/84,10/94,100,64.03,65.26,61.69,32/177,13/84,36/177,15/84,34/177,19/84
9907,統一實,2026/06,2026/05/04,2024,Y,其他,資源轉化,容器與包裝,B+,62.99,-,389/2559,48/440,1/17,16/211,100,72.91,64.08,54.74,30/440,1/17,73/440,3/17,193/440,10/17
9908,大台北,2026/06,2026/05/04,2024,Y,油電燃氣業,公共建設,天燃氣公用事業與配送,B+,61.12,-,521/2559,35/177,2/13,3/13,74.67,59.37,78.85,49.84,57/177,5/13,5/177,1/13,115/177,4/13
9910,豐泰,2026/06,2026/05/04,2024,Y,運動休閒,消費品,服飾、配件與鞋類,A,66.73,-,206/2559,10/223,1/61,5/32,100,74.12,53.78,77.07,23/223,7/61,106/223,24/61,1/223,1/61
9911,櫻花,2026/06,2026/05/04,2024,N,居家生活,消費品,電器製造,B+,64.24,-,321/2559,25/223,4/27,3/37,100,59.88,76.32,53.35,67/223,10/27,7/223,1/27,111/223,16/27
9912,偉聯,2026/06,2026/05/04,2024,N,電腦及週邊,科技與通訊,硬體,C,45.16,-,1946/2559,674/907,309/422,110/125,94.79,52.7,43.86,41.7,433/907,222/422,668/907,301/422,780/907,350/422
9914,美利達,2026/06,2026/05/04,2024,Y,運動休閒,消費品,玩具及體育商品,B+,64.2,↓,325/2559,26/223,7/26,7/32,98.38,82.52,64.18,55.3,3/223,1/26,44/223,7/26,92/223,15/26
9917,中保科,2026/06,2026/05/04,2024,Y,其他,服務,專業與商業服務,A,69.43,-,133/2559,6/145,4/24,5/211,96.48,86.66,70.28,55.45,2/145,2/24,14/145,5/24,59/145,13/24
9918,欣天然,2026/06,2026/05/04,2024,Y,油電燃氣業,公共建設,天燃氣公用事業與配送,B+,59.87,-,616/2559,41/177,3/13,5/13,87.08,64.8,61.36,55.75,31/177,2/13,55/177,5/13,74/177,2/13
9919,康那香,2026/06,2026/05/04,2024,N,其他,消費品,家用與個人產品,B+,59.09,↑,678/2559,60/223,7/23,32/211,65.65,31.23,64.25,67.11,213/223,23/23,42/223,7/23,16/223,3/23
9921,巨大,2026/06,2026/05/04,2024,Y,運動休閒,消費品,玩具及體育商品,A,68.8,-,152/2559,7/223,2/26,2/32,76.09,79.85,67.58,64.72,8/223,4/26,26/223,3/26,24/223,6/26
9924,福興,2026/06,2026/05/04,2024,N,居家生活,消費品,裝潢材料與家具,A,65.64,↑,255/2559,16/223,1/25,1/37,100,79.84,63.33,61.21,9/223,1/25,46/223,3/25,52/223,5/25
9925,新保,2026/06,2026/05/04,2024,Y,其他,服務,專業與商業服務,A+,72.38,-,72/2559,4/145,3/24,4/211,95.8,67.15,84.63,56.61,19/145,7/24,2/145,2/24,53/145,11/24
9926,新海,2026/06,2026/05/04,2024,Y,油電燃氣業,公共建設,天燃氣公用事業與配送,B,56.62,-,890/2559,64/177,4/13,6/13,82.12,62.36,76.06,39.44,42/177,3/13,10/177,2/13,161/177,10/13
9927,泰銘,2026/06,2026/05/04,2024,N,其他,提煉與礦產加工,金屬與採礦,B-,51.31,-,1406/2559,18/36,1/4,86/211,100,52.52,40.1,57.8,17/36,2/4,27/36,2/4,11/36,2/4
9928,中視,2026/06,2026/05/04,2024,Y,其他,服務,媒體與娛樂,B+,62.23,-,445/2559,22/145,9/84,18/211,61.99,49.95,71.06,57.3,81/145,48/84,12/145,5/84,43/145,14/84
9929,秋雨,2026/06,2026/05/04,2024,N,其他,服務,專業與商業服務,B-,51.02,↓,1438/2559,82/145,17/24,93/211,89.54,53.19,57.21,39.54,36/145,15/24,41/145,14/24,133/145,23/24
9930,中聯資源,2026/06,2026/05/04,2024,Y,綠能環保,提煉與礦產加工,建築材料,A,65.55,↑,260/2559,3/36,2/17,6/66,69.4,72.55,77.06,49.96,4/36,4/17,1/36,1/17,24/36,11/17
9931,欣高,2026/06,2026/05/04,2024,N,油電燃氣業,公共建設,天燃氣公用事業與配送,B,56.53,-,904/2559,66/177,5/13,7/13,99.94,58.03,64.33,50.16,60/177,6/13,43/177,4/13,109/177,3/13
9933,中鼎,2026/06,2026/05/04,2024,Y,其他,公共建設,工程與建造服務,A+,77.14,-,9/2559,2/177,1/32,2/211,81.76,87.99,86.28,63.94,2/177,2/32,2/177,1/32,21/177,3/32
9934,成霖,2026/06,2026/05/04,2024,N,居家生活,消費品,裝潢材料與家具,B,57.88,↓,790/2559,74/223,8/25,13/37,100,55.18,60.46,56.42,92/223,11/25,58/223,7/25,83/223,10/25
9935,慶豐富,2026/06,2026/05/04,2024,N,居家生活,消費品,裝潢材料與家具,B,57.36,-,833/2559,76/223,9/25,14/37,100,61.4,58.97,53.66,55/223,5/25,69/223,8/25,109/223,12/25
9937,全國,2026/06,2026/05/04,2024,N,油電燃氣業,提煉與礦產加工,石油和天然氣-精煉與行銷,B-,52.12,-,1331/2559,16/36,2/5,9/13,67.55,51.67,49.39,54.52,18/36,3/5,20/36,4/5,16/36,2/5
9938,百和,2026/06,2026/05/04,2024,N,其他,消費品,服飾、配件與鞋類,A,65.77,↑,248/2559,13/223,2/61,12/211,100,73.38,67.4,60.31,26/223,9/61,27/223,4/61,56/223,14/61
9939,宏全,2026/06,2026/05/04,2024,Y,其他,資源轉化,容器與包裝,B+,60.21,-,595/2559,94/440,4/17,27/211,100,63.85,61.42,56.58,101/440,3/17,110/440,6/17,156/440,8/17
9940,信義,2026/06,2026/05/04,2024,Y,其他,公共建設,不動產服務,A+,78.87,-,3/2559,1/177,1/8,1/211,89.4,78.64,79.35,78.68,5/177,1/8,4/177,1/8,1/177,1/8
9941,裕融,2026/06,2026/05/04,2024,Y,其他,金融,消費者金融,B-,50.56,-,1488/2559,54/99,3/5,100/211,100,64.99,43.91,52.87,27/99,2/5,69/99,3/5,51/99,3/5
9942,茂順,2026/06,2026/05/04,2024,N,其他,運輸,汽車零件,B-,52.63,↓,1284/2559,61/127,36/82,75/211,97.93,56.87,56.63,46.18,57/127,34/82,54/127,32/82,93/127,60/82
9943,好樂迪,2026/06,2026/05/04,2024,Y,觀光餐旅,服務,休閒設施,B+,61.77,-,476/2559,24/145,2/10,8/67,75.79,38.53,64.99,73.67,141/145,10/10,27/145,2/10,4/145,1/10
9944,新麗,2026/06,2026/05/04,2024,Y,其他,消費品,服飾、配件與鞋類,B,55.87,-,976/2559,90/223,19/61,53/211,53.41,49.61,54.74,61.72,125/223,32/61,99/223,22/61,48/223,11/61
9945,潤泰新,2026/06,2026/05/04,2024,Y,其他,公共建設,房屋營造,B,58.91,-,695/2559,49/177,17/84,34/211,89.64,68.46,61.31,51.24,21/177,10/84,56/177,23/84,104/177,52/84
9946,三發地產,2026/06,2026/05/04,2024,Y,建材營造,公共建設,房屋營造,B,56.55,-,900/2559,65/177,28/84,37/94,83.72,47.38,64.46,56.8,113/177,48/84,40/177,17/84,70/177,36/84
9949,琉園,2026/06,2026/05/04,2024,N,文化創意業,消費品,家用與個人產品,B,56.5,-,906/2559,84/223,12/23,14/34,100,65.99,41.34,68.21,37/223,3/23,178/223,21/23,12/223,1/23
9950,萬國通,2026/06,2026/05/04,2024,N,塑膠工業,消費品,服飾、配件與鞋類,B,56.23,-,941/2559,86/223,16/61,13/26,84.84,46.24,49.37,68.48,144/223,39/61,131/223,30/61,10/223,2/61
9951,皇田,2026/06,2026/05/04,2024,N,電機機械,運輸,汽車零件,B,53.8,-,1146/2559,56/127,34/82,60/123,100,63.38,54.72,45.26,42/127,22/82,57/127,34/82,96/127,62/82
9955,佳龍,2026/06,2026/05/04,2024,N,綠能環保,公共建設,廢棄物管理,B,54.68,-,1062/2559,80/177,12/30,24/66,100,60.6,43.1,59.05,48/177,6/30,129/177,20/30,52/177,10/30
9958,世紀鋼,2026/06,2026/05/04,2024,Y,鋼鐵工業,可再生資源與替代能源,風力科技與項目開發商,A+,71.11,↑,93/2559,3/55,1/8,2/57,91.81,84.21,78.82,55.97,1/55,1/8,1/55,1/8,21/55,1/8
9960,邁達康,2026/06,2026/05/04,2024,N,運動休閒,消費品,玩具及體育商品,B-,53.05,-,1226/2559,112/223,16/26,20/32,100,47.74,52.86,55.83,133/223,16/26,111/223,15/26,87/223,13/26
9962,有益,2026/06,2026/05/04,2024,Y,鋼鐵工業,資源轉化,工業機械與物品,B+,64.31,-,317/2559,29/440,9/137,6/57,100,68.51,64.75,60.82,63/440,23/137,69/440,22/137,93/440,28/137
